patient_id,target,ml_probability,ml_prediction,rule_state,agreement,confidence,confidence_label,n_evidence_for,n_evidence_against,n_unknown_evidence,recommended_next_tests,fired_rules
P000001,iron_deficiency,0.0008894488792803,0,unknown,insufficient_clinical_evidence,0.84,moderate,0,1,4,ferritin|TSAT|sTfR,IRON_INSUFFICIENT_OR_MIXED
P000001,B12_deficiency,0.8282356325249303,1,unknown,insufficient_clinical_evidence,0.8282356325249303,moderate,0,0,4,,B12_TOTAL_NOT_LOW_BUT_NOT_EXCLUSION
P000001,folate_deficiency,0.1302430452469931,0,supports,conflict_ml_negative_rule_supports,0.64,low,1,0,0,,FOLATE_LOW
P000001,B6_deficiency,0.0033224930043614,0,unknown,insufficient_clinical_evidence,0.84,moderate,0,0,1,vitamin_B6,B6_NO_VALIDATED_RULE
P000001,copper_deficiency,0.0006544648566097,0,unknown,insufficient_clinical_evidence,0.84,moderate,0,0,2,copper|ceruloplasmin,COPPER_NO_VALIDATED_RULE
P000001,inflammation_anemia,0.0001827020410093,0,against,agree_negative,0.9998172979589907,high,0,1,0,ferritin|serum_iron|TIBC|TSAT|sTfR,INFLAMMATION_NO_ANEMIA
P000002,iron_deficiency,5.3753627990054366e-05,0,against,agree_negative,0.9999462463720099,high,0,2,3,ferritin|Ret_He|sTfR,IRON_MULTIPLE_AGAINST
P000002,B12_deficiency,0.0110145527520939,0,unknown,insufficient_clinical_evidence,0.84,moderate,0,0,4,vitamin_B12|active_B12|MMA|homocysteine,B12_NO_TOTAL_B12
P000002,folate_deficiency,0.0812159952131609,0,unknown,insufficient_clinical_evidence,0.84,moderate,0,0,1,folate,FOLATE_MISSING
P000002,B6_deficiency,0.0007475606415367,0,unknown,insufficient_clinical_evidence,0.84,moderate,0,0,1,vitamin_B6,B6_NO_VALIDATED_RULE
P000002,copper_deficiency,0.002414542922889,0,unknown,insufficient_clinical_evidence,0.84,moderate,0,0,2,copper|ceruloplasmin,COPPER_NO_VALIDATED_RULE
P000002,inflammation_anemia,0.0001860471794838,0,against,agree_negative,0.9998139528205162,high,0,1,0,ferritin|sTfR,INFLAMMATION_NO_ANEMIA
P000003,iron_deficiency,0.9999527477385052,1,supports,agree_positive,0.9999527477385052,high,4,1,0,,IRON_MULTIPLE_SUPPORT
P000003,B12_deficiency,4.384697244596035e-05,0,unknown,insufficient_clinical_evidence,0.84,moderate,0,0,4,homocysteine,B12_TOTAL_NOT_LOW_BUT_NOT_EXCLUSION
P000003,folate_deficiency,0.0220203600627618,0,unknown,insufficient_clinical_evidence,0.84,moderate,0,0,1,folate,FOLATE_MISSING
P000003,B6_deficiency,0.0007363242724577,0,unknown,insufficient_clinical_evidence,0.84,moderate,0,0,1,,B6_NO_VALIDATED_RULE
P000003,copper_deficiency,0.0007090951113765,0,unknown,insufficient_clinical_evidence,0.84,moderate,0,0,2,ceruloplasmin,COPPER_NO_VALIDATED_RULE
P000003,inflammation_anemia,0.0001075281814197,0,against,agree_negative,0.9998924718185803,high,0,1,0,CRP,INFLAMMATION_NO_ANEMIA
P000004,iron_deficiency,0.0048149787806898,0,unknown,insufficient_clinical_evidence,0.84,moderate,0,1,4,TSAT|Ret_He|sTfR,IRON_INSUFFICIENT_OR_MIXED
P000004,B12_deficiency,0.997843913657222,1,supports,agree_positive,0.997843913657222,high,1,0,3,MMA,B12_LOW_TOTAL
P000004,folate_deficiency,0.0235112340575135,0,unknown,insufficient_clinical_evidence,0.84,moderate,0,0,1,folate,FOLATE_MISSING
P000004,B6_deficiency,0.0048955307850663,0,unknown,insufficient_clinical_evidence,0.84,moderate,0,0,1,vitamin_B6,B6_NO_VALIDATED_RULE
P000004,copper_deficiency,0.0001193210227481,0,unknown,insufficient_clinical_evidence,0.84,moderate,0,0,2,copper|ceruloplasmin,COPPER_NO_VALIDATED_RULE
P000004,inflammation_anemia,0.0001530750103486,0,against,agree_negative,0.9998469249896514,high,0,1,0,CRP|serum_iron|TIBC|TSAT|sTfR,INFLAMMATION_NO_ANEMIA
P000005,iron_deficiency,5.554907447288202e-05,0,against,agree_negative,0.9999444509255271,high,0,2,3,TSAT|sTfR,IRON_MULTIPLE_AGAINST
P000005,B12_deficiency,0.9999539629600216,1,unknown,insufficient_clinical_evidence,0.84,moderate,0,0,4,active_B12|homocysteine,B12_TOTAL_NOT_LOW_BUT_NOT_EXCLUSION
P000005,folate_deficiency,0.0126683291322192,0,unknown,insufficient_clinical_evidence,0.84,moderate,0,0,1,,FOLATE_BORDERLINE
P000005,B6_deficiency,0.0011633177276508,0,unknown,insufficient_clinical_evidence,0.84,moderate,0,0,1,vitamin_B6,B6_NO_VALIDATED_RULE
P000005,copper_deficiency,3.231089664497138e-09,0,unknown,insufficient_clinical_evidence,0.84,moderate,0,0,2,copper|ceruloplasmin,COPPER_NO_VALIDATED_RULE
P000005,inflammation_anemia,0.0001221789489586,0,unknown,insufficient_clinical_evidence,0.84,moderate,1,0,3,serum_iron|TIBC|TSAT|sTfR,INFLAMMATION_INCOMPLETE_OR_MIXED
P000006,iron_deficiency,0.0069434801204027,0,unknown,insufficient_clinical_evidence,0.84,moderate,0,0,5,ferritin|TSAT|Ret_He|sTfR,IRON_INSUFFICIENT_OR_MIXED
P000006,B12_deficiency,0.0001529367598707,0,unknown,insufficient_clinical_evidence,0.84,moderate,0,0,4,active_B12|MMA|homocysteine,B12_TOTAL_NOT_LOW_BUT_NOT_EXCLUSION
P000006,folate_deficiency,0.0005145410714655,0,against,agree_negative,0.9994854589285345,high,0,1,0,,FOLATE_NOT_LOW
P000006,B6_deficiency,0.0012725154802455,0,unknown,insufficient_clinical_evidence,0.84,moderate,0,0,1,vitamin_B6,B6_NO_VALIDATED_RULE
P000006,copper_deficiency,0.0004811269487057,0,unknown,insufficient_clinical_evidence,0.84,moderate,0,0,2,copper|ceruloplasmin,COPPER_NO_VALIDATED_RULE
P000006,inflammation_anemia,0.0006108516285535,0,unknown,insufficient_clinical_evidence,0.84,moderate,0,0,4,CRP|ferritin|serum_iron|TIBC|TSAT|sTfR,INFLAMMATION_INCOMPLETE_OR_MIXED
P000007,iron_deficiency,0.0003556666907029,0,unknown,insufficient_clinical_evidence,0.84,moderate,1,2,2,Ret_He|sTfR,IRON_INSUFFICIENT_OR_MIXED
P000007,B12_deficiency,0.1032777229533612,0,unknown,insufficient_clinical_evidence,0.84,moderate,0,0,4,MMA|homocysteine,B12_TOTAL_NOT_LOW_BUT_NOT_EXCLUSION
P000007,folate_deficiency,0.0004716467822206,0,against,agree_negative,0.9995283532177794,high,0,1,0,,FOLATE_NOT_LOW
P000007,B6_deficiency,0.0074345457480454,0,unknown,insufficient_clinical_evidence,0.84,moderate,0,0,1,vitamin_B6,B6_NO_VALIDATED_RULE
P000007,copper_deficiency,0.0002006697771788,0,unknown,insufficient_clinical_evidence,0.84,moderate,0,0,2,copper|ceruloplasmin,COPPER_NO_VALIDATED_RULE
P000007,inflammation_anemia,0.9998649338224592,1,supports,agree_positive,0.9998649338224592,high,3,0,1,sTfR,INFLAMMATION_PATTERN_SUPPORT
P000008,iron_deficiency,0.0038144212987625,0,against,agree_negative,0.9961855787012375,high,0,3,2,Ret_He|sTfR,IRON_MULTIPLE_AGAINST
P000008,B12_deficiency,0.3673909663364074,0,unknown,insufficient_clinical_evidence,0.6326090336635926,low,0,0,4,vitamin_B12|MMA|homocysteine,B12_NO_TOTAL_B12
P000008,folate_deficiency,0.8462971857582422,1,unknown,insufficient_clinical_evidence,0.84,moderate,0,0,1,,FOLATE_BORDERLINE
P000008,B6_deficiency,0.0024116798031372,0,unknown,insufficient_clinical_evidence,0.84,moderate,0,0,1,,B6_NO_VALIDATED_RULE
P000008,copper_deficiency,0.0010213482128898,0,unknown,insufficient_clinical_evidence,0.84,moderate,0,0,2,ceruloplasmin,COPPER_NO_VALIDATED_RULE
P000008,inflammation_anemia,0.0089525271310676,0,unknown,insufficient_clinical_evidence,0.84,moderate,2,1,1,sTfR,INFLAMMATION_INCOMPLETE_OR_MIXED
P000009,iron_deficiency,2.801993245644726e-05,0,against,agree_negative,0.9999719800675435,high,0,2,3,ferritin|Ret_He,IRON_MULTIPLE_AGAINST
P000009,B12_deficiency,0.9995096249790842,1,unknown,insufficient_clinical_evidence,0.84,moderate,0,0,4,,B12_TOTAL_NOT_LOW_BUT_NOT_EXCLUSION
P000009,folate_deficiency,0.0390586476916402,0,unknown,insufficient_clinical_evidence,0.84,moderate,0,0,1,,FOLATE_BORDERLINE
P000009,B6_deficiency,0.0011996372966514,0,unknown,insufficient_clinical_evidence,0.84,moderate,0,0,1,vitamin_B6,B6_NO_VALIDATED_RULE
P000009,copper_deficiency,0.0037647779729821,0,unknown,insufficient_clinical_evidence,0.84,moderate,0,0,2,ceruloplasmin,COPPER_NO_VALIDATED_RULE
P000009,inflammation_anemia,0.0006066244157449,0,unknown,insufficient_clinical_evidence,0.84,moderate,1,1,2,CRP|ferritin,INFLAMMATION_INCOMPLETE_OR_MIXED
P000010,iron_deficiency,0.999965317969324,1,supports,agree_positive,0.999965317969324,high,4,0,1,Ret_He|sTfR,IRON_MULTIPLE_SUPPORT
P000010,B12_deficiency,0.0003835341576099,0,unknown,insufficient_clinical_evidence,0.84,moderate,0,0,4,active_B12|MMA|homocysteine,B12_TOTAL_NOT_LOW_BUT_NOT_EXCLUSION
P000010,folate_deficiency,0.0013353881950092,0,against,agree_negative,0.9986646118049908,high,0,1,0,,FOLATE_NOT_LOW
P000010,B6_deficiency,0.0008633250997212,0,unknown,insufficient_clinical_evidence,0.84,moderate,0,0,1,vitamin_B6,B6_NO_VALIDATED_RULE
P000010,copper_deficiency,1.3450133423012124e-05,0,unknown,insufficient_clinical_evidence,0.84,moderate,0,0,2,copper|ceruloplasmin,COPPER_NO_VALIDATED_RULE
P000010,inflammation_anemia,0.0001093135098671,0,against,agree_negative,0.9998906864901329,high,0,1,0,sTfR,INFLAMMATION_NO_ANEMIA
P000011,iron_deficiency,0.999989028318462,1,supports,agree_positive,0.999989028318462,high,4,0,1,Ret_He|sTfR,IRON_MULTIPLE_SUPPORT
P000011,B12_deficiency,0.0037919489357821,0,unknown,insufficient_clinical_evidence,0.84,moderate,0,0,4,vitamin_B12|active_B12|homocysteine,B12_NO_TOTAL_B12
P000011,folate_deficiency,0.0013594462940251,0,against,agree_negative,0.9986405537059749,high,0,1,0,,FOLATE_NOT_LOW
P000011,B6_deficiency,0.0146059552732275,0,unknown,insufficient_clinical_evidence,0.84,moderate,0,0,1,,B6_NO_VALIDATED_RULE
P000011,copper_deficiency,0.0016225388347368,0,unknown,insufficient_clinical_evidence,0.84,moderate,0,0,2,copper|ceruloplasmin,COPPER_NO_VALIDATED_RULE
P000011,inflammation_anemia,6.869131367726722e-05,0,unknown,insufficient_clinical_evidence,0.84,moderate,1,2,1,CRP|sTfR,INFLAMMATION_INCOMPLETE_OR_MIXED
P000012,iron_deficiency,0.0028180015626454,0,unknown,insufficient_clinical_evidence,0.84,moderate,0,0,5,ferritin|TSAT|Ret_He|sTfR,IRON_INSUFFICIENT_OR_MIXED
P000012,B12_deficiency,0.0069989006567681,0,unknown,insufficient_clinical_evidence,0.84,moderate,0,0,4,vitamin_B12|active_B12|homocysteine,B12_NO_TOTAL_B12
P000012,folate_deficiency,0.0477343211021527,0,unknown,insufficient_clinical_evidence,0.84,moderate,0,0,1,,FOLATE_BORDERLINE
P000012,B6_deficiency,0.0013415571080886,0,unknown,insufficient_clinical_evidence,0.84,moderate,0,0,1,,B6_NO_VALIDATED_RULE
P000012,copper_deficiency,0.0003738682076039,0,unknown,insufficient_clinical_evidence,0.84,moderate,0,0,2,copper|ceruloplasmin,COPPER_NO_VALIDATED_RULE
P000012,inflammation_anemia,0.0011167595950968,0,against,agree_negative,0.9988832404049032,high,0,1,0,CRP|ferritin|serum_iron|TIBC|TSAT|sTfR,INFLAMMATION_NO_ANEMIA
P000013,iron_deficiency,0.998939396018512,1,unknown,insufficient_clinical_evidence,0.84,moderate,0,1,4,TSAT|Ret_He,IRON_INSUFFICIENT_OR_MIXED
P000013,B12_deficiency,0.9993969597781172,1,unknown,insufficient_clinical_evidence,0.84,moderate,0,0,4,vitamin_B12|active_B12,B12_NO_TOTAL_B12
P000013,folate_deficiency,0.0153012935083248,0,against,agree_negative,0.9846987064916752,high,0,1,0,,FOLATE_NOT_LOW
P000013,B6_deficiency,0.0016487382239175,0,unknown,insufficient_clinical_evidence,0.84,moderate,0,0,1,vitamin_B6,B6_NO_VALIDATED_RULE
P000013,copper_deficiency,0.0008578504147458,0,unknown,insufficient_clinical_evidence,0.84,moderate,0,0,2,copper|ceruloplasmin,COPPER_NO_VALIDATED_RULE
P000013,inflammation_anemia,7.003794732583353e-05,0,unknown,insufficient_clinical_evidence,0.84,moderate,1,0,3,CRP|serum_iron|TIBC|TSAT,INFLAMMATION_INCOMPLETE_OR_MIXED
P000014,iron_deficiency,0.0001842220613067,0,supports,conflict_ml_negative_rule_supports,0.64,low,2,2,1,Ret_He|sTfR,IRON_MULTIPLE_SUPPORT
P000014,B12_deficiency,0.0002033895543011,0,unknown,insufficient_clinical_evidence,0.84,moderate,0,0,4,active_B12|MMA|homocysteine,B12_TOTAL_NOT_LOW_BUT_NOT_EXCLUSION
P000014,folate_deficiency,0.0024449779072612,0,unknown,insufficient_clinical_evidence,0.84,moderate,0,0,1,folate,FOLATE_MISSING
P000014,B6_deficiency,0.0139487993595267,0,unknown,insufficient_clinical_evidence,0.84,moderate,0,0,1,vitamin_B6,B6_NO_VALIDATED_RULE
P000014,copper_deficiency,0.0053494821822184,0,unknown,insufficient_clinical_evidence,0.84,moderate,0,0,2,copper,COPPER_NO_VALIDATED_RULE
P000014,inflammation_anemia,0.9999828645226,1,supports,agree_positive,0.9999828645226,high,3,0,1,sTfR,INFLAMMATION_PATTERN_SUPPORT
P000015,iron_deficiency,4.478038974897276e-05,0,unknown,insufficient_clinical_evidence,0.84,moderate,0,1,4,TSAT|Ret_He|sTfR,IRON_INSUFFICIENT_OR_MIXED
P000015,B12_deficiency,0.000533095746706,0,unknown,insufficient_clinical_evidence,0.84,moderate,0,0,4,active_B12|MMA|homocysteine,B12_TOTAL_NOT_LOW_BUT_NOT_EXCLUSION
P000015,folate_deficiency,0.9734716136007988,1,supports,agree_positive,0.9734716136007988,high,1,0,0,,FOLATE_LOW
P000015,B6_deficiency,0.000678534300781,0,unknown,insufficient_clinical_evidence,0.84,moderate,0,0,1,,B6_NO_VALIDATED_RULE
P000015,copper_deficiency,0.0371700340513578,0,unknown,insufficient_clinical_evidence,0.84,moderate,0,0,2,copper|ceruloplasmin,COPPER_NO_VALIDATED_RULE
P000015,inflammation_anemia,4.127806457300572e-05,0,unknown,insufficient_clinical_evidence,0.84,moderate,1,0,3,serum_iron|TIBC|TSAT|sTfR,INFLAMMATION_INCOMPLETE_OR_MIXED
P000016,iron_deficiency,0.7525163246078055,1,unknown,insufficient_clinical_evidence,0.7525163246078055,moderate,0,0,5,TSAT|Ret_He|sTfR,IRON_INSUFFICIENT_OR_MIXED
P000016,B12_deficiency,0.0002772817269271,0,unknown,insufficient_clinical_evidence,0.84,moderate,0,0,4,vitamin_B12|MMA|homocysteine,B12_NO_TOTAL_B12
P000016,folate_deficiency,0.0189191286794055,0,unknown,insufficient_clinical_evidence,0.84,moderate,0,0,1,folate,FOLATE_MISSING
P000016,B6_deficiency,0.0102538199694156,0,unknown,insufficient_clinical_evidence,0.84,moderate,0,0,1,vitamin_B6,B6_NO_VALIDATED_RULE
P000016,copper_deficiency,0.0053933824993624,0,unknown,insufficient_clinical_evidence,0.84,moderate,0,0,2,copper|ceruloplasmin,COPPER_NO_VALIDATED_RULE
P000016,inflammation_anemia,7.351713740020715e-05,0,against,agree_negative,0.9999264828625998,high,0,1,0,CRP|serum_iron|TIBC|TSAT|sTfR,INFLAMMATION_NO_ANEMIA
P000017,iron_deficiency,8.026209234239424e-05,0,against,agree_negative,0.9999197379076576,high,0,3,2,Ret_He|sTfR,IRON_MULTIPLE_AGAINST
P000017,B12_deficiency,0.9999528774637474,1,unknown,insufficient_clinical_evidence,0.84,moderate,0,0,4,,B12_TOTAL_NOT_LOW_BUT_NOT_EXCLUSION
P000017,folate_deficiency,0.0034717290187962,0,against,agree_negative,0.9965282709812038,high,0,1,0,,FOLATE_NOT_LOW
P000017,B6_deficiency,0.0009213176028838,0,unknown,insufficient_clinical_evidence,0.84,moderate,0,0,1,vitamin_B6,B6_NO_VALIDATED_RULE
P000017,copper_deficiency,0.006817649322267,0,unknown,insufficient_clinical_evidence,0.84,moderate,0,0,2,copper|ceruloplasmin,COPPER_NO_VALIDATED_RULE
P000017,inflammation_anemia,0.0001477065540248,0,unknown,insufficient_clinical_evidence,0.84,moderate,2,1,1,sTfR,INFLAMMATION_INCOMPLETE_OR_MIXED
P000018,iron_deficiency,0.999992935295582,1,supports,agree_positive,0.999992935295582,high,2,0,3,Ret_He,IRON_MULTIPLE_SUPPORT
P000018,B12_deficiency,0.0001197016008535,0,unknown,insufficient_clinical_evidence,0.84,moderate,0,0,4,active_B12|MMA|homocysteine,B12_TOTAL_NOT_LOW_BUT_NOT_EXCLUSION
P000018,folate_deficiency,0.602787696852733,1,supports,agree_positive,0.602787696852733,low,1,0,0,,FOLATE_LOW
P000018,B6_deficiency,0.2393723095951707,0,unknown,insufficient_clinical_evidence,0.7606276904048292,moderate,0,0,1,,B6_NO_VALIDATED_RULE
P000018,copper_deficiency,0.0017827261295038,0,unknown,insufficient_clinical_evidence,0.84,moderate,0,0,2,copper|ceruloplasmin,COPPER_NO_VALIDATED_RULE
P000018,inflammation_anemia,0.0026992756684244,0,supports,conflict_ml_negative_rule_supports,0.64,low,3,0,1,,INFLAMMATION_PATTERN_SUPPORT
P000019,iron_deficiency,0.9999314754950136,1,supports,agree_positive,0.9999314754950136,high,3,0,2,Ret_He|sTfR,IRON_MULTIPLE_SUPPORT
P000019,B12_deficiency,0.0003821799910492,0,unknown,insufficient_clinical_evidence,0.84,moderate,0,0,4,vitamin_B12|active_B12|MMA|homocysteine,B12_NO_TOTAL_B12
P000019,folate_deficiency,0.0146966768880318,0,unknown,insufficient_clinical_evidence,0.84,moderate,0,0,1,folate,FOLATE_MISSING
P000019,B6_deficiency,0.0016870633746299,0,unknown,insufficient_clinical_evidence,0.84,moderate,0,0,1,vitamin_B6,B6_NO_VALIDATED_RULE
P000019,copper_deficiency,0.0004613445838082,0,unknown,insufficient_clinical_evidence,0.84,moderate,0,0,2,copper|ceruloplasmin,COPPER_NO_VALIDATED_RULE
P000019,inflammation_anemia,7.095764826386412e-05,0,against,agree_negative,0.9999290423517362,high,0,1,0,sTfR,INFLAMMATION_NO_ANEMIA
P000020,iron_deficiency,0.9867371995277632,1,supports,agree_positive,0.9867371995277632,high,2,0,3,Ret_He|sTfR,IRON_MULTIPLE_SUPPORT
P000020,B12_deficiency,0.0156083972317613,0,unknown,insufficient_clinical_evidence,0.84,moderate,0,0,4,vitamin_B12|active_B12|MMA|homocysteine,B12_NO_TOTAL_B12
P000020,folate_deficiency,0.873544372059292,1,supports,agree_positive,0.873544372059292,high,1,0,0,,FOLATE_LOW
P000020,B6_deficiency,0.0022542133815398,0,unknown,insufficient_clinical_evidence,0.84,moderate,0,0,1,vitamin_B6,B6_NO_VALIDATED_RULE
P000020,copper_deficiency,0.0001888033122891,0,unknown,insufficient_clinical_evidence,0.84,moderate,0,0,2,copper|ceruloplasmin,COPPER_NO_VALIDATED_RULE
P000020,inflammation_anemia,4.23458251387524e-05,0,supports,conflict_ml_negative_rule_supports,0.64,low,3,0,1,sTfR,INFLAMMATION_PATTERN_SUPPORT
P000021,iron_deficiency,0.0005771438371989,0,unknown,insufficient_clinical_evidence,0.84,moderate,0,1,4,ferritin|TSAT|sTfR,IRON_INSUFFICIENT_OR_MIXED
P000021,B12_deficiency,0.000560378972226,0,unknown,insufficient_clinical_evidence,0.84,moderate,0,0,4,vitamin_B12|active_B12|MMA,B12_NO_TOTAL_B12
P000021,folate_deficiency,0.0126917026326113,0,unknown,insufficient_clinical_evidence,0.84,moderate,0,0,1,folate,FOLATE_MISSING
P000021,B6_deficiency,0.0092121630041249,0,unknown,insufficient_clinical_evidence,0.84,moderate,0,0,1,vitamin_B6,B6_NO_VALIDATED_RULE
P000021,copper_deficiency,0.0046258910287706,0,unknown,insufficient_clinical_evidence,0.84,moderate,0,0,2,copper|ceruloplasmin,COPPER_NO_VALIDATED_RULE
P000021,inflammation_anemia,1.4041991393406532e-05,0,against,agree_negative,0.9999859580086066,high,0,1,0,CRP|ferritin|serum_iron|TIBC|TSAT|sTfR,INFLAMMATION_NO_ANEMIA
P000022,iron_deficiency,0.0026506008356136,0,unknown,insufficient_clinical_evidence,0.84,moderate,0,0,5,ferritin|TSAT|Ret_He|sTfR,IRON_INSUFFICIENT_OR_MIXED
P000022,B12_deficiency,0.0025986028790893,0,unknown,insufficient_clinical_evidence,0.84,moderate,0,0,4,vitamin_B12|active_B12|MMA|homocysteine,B12_NO_TOTAL_B12
P000022,folate_deficiency,0.035439199826085,0,unknown,insufficient_clinical_evidence,0.84,moderate,0,0,1,folate,FOLATE_MISSING
P000022,B6_deficiency,0.0094415715369517,0,unknown,insufficient_clinical_evidence,0.84,moderate,0,0,1,vitamin_B6,B6_NO_VALIDATED_RULE
P000022,copper_deficiency,0.00671376526596,0,unknown,insufficient_clinical_evidence,0.84,moderate,0,0,2,copper|ceruloplasmin,COPPER_NO_VALIDATED_RULE
P000022,inflammation_anemia,0.0001567997368603,0,unknown,insufficient_clinical_evidence,0.84,moderate,0,0,4,CRP|ferritin|serum_iron|TIBC|TSAT|sTfR,INFLAMMATION_INCOMPLETE_OR_MIXED
P000023,iron_deficiency,5.766416101556117e-05,0,against,agree_negative,0.9999423358389844,high,0,2,3,ferritin|Ret_He|sTfR,IRON_MULTIPLE_AGAINST
P000023,B12_deficiency,0.0051640895688376,0,unknown,insufficient_clinical_evidence,0.84,moderate,0,0,4,active_B12|MMA,B12_TOTAL_NOT_LOW_BUT_NOT_EXCLUSION
P000023,folate_deficiency,0.9923680752595326,1,supports,agree_positive,0.9923680752595326,high,1,0,0,,FOLATE_LOW
P000023,B6_deficiency,0.0012048052763171,0,unknown,insufficient_clinical_evidence,0.84,moderate,0,0,1,vitamin_B6,B6_NO_VALIDATED_RULE
P000023,copper_deficiency,0.0049766995539079,0,unknown,insufficient_clinical_evidence,0.84,moderate,0,0,2,copper|ceruloplasmin,COPPER_NO_VALIDATED_RULE
P000023,inflammation_anemia,0.0002067619171599,0,against,agree_negative,0.9997932380828402,high,0,1,0,ferritin|sTfR,INFLAMMATION_NO_ANEMIA
P000024,iron_deficiency,0.9983807856937426,1,unknown,insufficient_clinical_evidence,0.84,moderate,1,3,1,sTfR,IRON_INSUFFICIENT_OR_MIXED
P000024,B12_deficiency,0.9994490194247618,1,unknown,insufficient_clinical_evidence,0.84,moderate,0,0,4,homocysteine,B12_TOTAL_NOT_LOW_BUT_NOT_EXCLUSION
P000024,folate_deficiency,0.0001072412350978,0,unknown,insufficient_clinical_evidence,0.84,moderate,0,0,1,,FOLATE_BORDERLINE
P000024,B6_deficiency,0.0123188665681929,0,unknown,insufficient_clinical_evidence,0.84,moderate,0,0,1,vitamin_B6,B6_NO_VALIDATED_RULE
P000024,copper_deficiency,0.0002553030078607,0,unknown,insufficient_clinical_evidence,0.84,moderate,0,0,2,copper|ceruloplasmin,COPPER_NO_VALIDATED_RULE
P000024,inflammation_anemia,3.175071976078317e-05,0,unknown,insufficient_clinical_evidence,0.84,moderate,2,1,1,sTfR,INFLAMMATION_INCOMPLETE_OR_MIXED
P000025,iron_deficiency,0.0007504440811804,0,against,agree_negative,0.9992495559188196,high,0,2,3,ferritin|Ret_He,IRON_MULTIPLE_AGAINST
P000025,B12_deficiency,0.0024162542643344,0,unknown,insufficient_clinical_evidence,0.84,moderate,0,0,4,MMA,B12_TOTAL_NOT_LOW_BUT_NOT_EXCLUSION
P000025,folate_deficiency,0.0379645395599131,0,unknown,insufficient_clinical_evidence,0.84,moderate,0,0,1,folate,FOLATE_MISSING
P000025,B6_deficiency,0.0128331690976074,0,unknown,insufficient_clinical_evidence,0.84,moderate,0,0,1,vitamin_B6,B6_NO_VALIDATED_RULE
P000025,copper_deficiency,0.0091067069339583,0,unknown,insufficient_clinical_evidence,0.84,moderate,0,0,2,copper|ceruloplasmin,COPPER_NO_VALIDATED_RULE
P000025,inflammation_anemia,6.104726320217848e-05,0,unknown,insufficient_clinical_evidence,0.84,moderate,1,1,2,ferritin,INFLAMMATION_INCOMPLETE_OR_MIXED
P000026,iron_deficiency,0.9991362931127036,1,unknown,insufficient_clinical_evidence,0.84,moderate,0,0,5,TSAT|Ret_He,IRON_INSUFFICIENT_OR_MIXED
P000026,B12_deficiency,0.0004628104666191,0,unknown,insufficient_clinical_evidence,0.84,moderate,0,0,4,active_B12|MMA|homocysteine,B12_TOTAL_NOT_LOW_BUT_NOT_EXCLUSION
P000026,folate_deficiency,0.0279822831705915,0,unknown,insufficient_clinical_evidence,0.84,moderate,0,0,1,folate,FOLATE_MISSING
P000026,B6_deficiency,0.0168623333655238,0,unknown,insufficient_clinical_evidence,0.84,moderate,0,0,1,,B6_NO_VALIDATED_RULE
P000026,copper_deficiency,0.0066455806497189,0,unknown,insufficient_clinical_evidence,0.84,moderate,0,0,2,copper|ceruloplasmin,COPPER_NO_VALIDATED_RULE
P000026,inflammation_anemia,9.655763397857456e-05,0,against,agree_negative,0.9999034423660215,high,0,1,0,CRP|serum_iron|TIBC|TSAT,INFLAMMATION_NO_ANEMIA
P000027,iron_deficiency,0.9999432819794506,1,supports,agree_positive,0.9999432819794506,high,4,0,1,Ret_He|sTfR,IRON_MULTIPLE_SUPPORT
P000027,B12_deficiency,8.125486862168447e-05,0,unknown,insufficient_clinical_evidence,0.84,moderate,0,0,4,active_B12|homocysteine,B12_TOTAL_NOT_LOW_BUT_NOT_EXCLUSION
P000027,folate_deficiency,0.0177451315603177,0,unknown,insufficient_clinical_evidence,0.84,moderate,0,0,1,folate,FOLATE_MISSING
P000027,B6_deficiency,0.0019407239104404,0,unknown,insufficient_clinical_evidence,0.84,moderate,0,0,1,,B6_NO_VALIDATED_RULE
P000027,copper_deficiency,0.0041724655975834,0,unknown,insufficient_clinical_evidence,0.84,moderate,0,0,2,copper|ceruloplasmin,COPPER_NO_VALIDATED_RULE
P000027,inflammation_anemia,3.238777516437961e-05,0,against,agree_negative,0.9999676122248357,high,0,1,0,sTfR,INFLAMMATION_NO_ANEMIA
P000028,iron_deficiency,0.0001797971792059,0,against,agree_negative,0.9998202028207941,high,0,2,3,TSAT|sTfR,IRON_MULTIPLE_AGAINST
P000028,B12_deficiency,0.9971988142075084,1,unknown,insufficient_clinical_evidence,0.84,moderate,0,0,4,active_B12|homocysteine,B12_TOTAL_NOT_LOW_BUT_NOT_EXCLUSION
P000028,folate_deficiency,0.2901599809171061,0,unknown,insufficient_clinical_evidence,0.709840019082894,moderate,0,0,1,folate,FOLATE_MISSING
P000028,B6_deficiency,0.0017416999891243,0,unknown,insufficient_clinical_evidence,0.84,moderate,0,0,1,vitamin_B6,B6_NO_VALIDATED_RULE
P000028,copper_deficiency,0.0003644507032804,0,unknown,insufficient_clinical_evidence,0.84,moderate,0,0,2,copper|ceruloplasmin,COPPER_NO_VALIDATED_RULE
P000028,inflammation_anemia,0.0291103845997268,0,unknown,insufficient_clinical_evidence,0.84,moderate,1,0,3,serum_iron|TIBC|TSAT|sTfR,INFLAMMATION_INCOMPLETE_OR_MIXED
P000029,iron_deficiency,0.9999599444540516,1,supports,agree_positive,0.9999599444540516,high,4,0,1,Ret_He|sTfR,IRON_MULTIPLE_SUPPORT
P000029,B12_deficiency,7.074925348629415e-05,0,unknown,insufficient_clinical_evidence,0.84,moderate,0,0,4,active_B12|MMA,B12_TOTAL_NOT_LOW_BUT_NOT_EXCLUSION
P000029,folate_deficiency,0.0263315567386228,0,unknown,insufficient_clinical_evidence,0.84,moderate,0,0,1,folate,FOLATE_MISSING
P000029,B6_deficiency,0.0050180964854978,0,unknown,insufficient_clinical_evidence,0.84,moderate,0,0,1,vitamin_B6,B6_NO_VALIDATED_RULE
P000029,copper_deficiency,0.0009321740706855,0,unknown,insufficient_clinical_evidence,0.84,moderate,0,0,2,copper|ceruloplasmin,COPPER_NO_VALIDATED_RULE
P000029,inflammation_anemia,0.000515788761148,0,against,agree_negative,0.999484211238852,high,0,1,0,CRP|sTfR,INFLAMMATION_NO_ANEMIA
P000030,iron_deficiency,0.9999920678602658,1,supports,agree_positive,0.9999920678602658,high,4,0,1,Ret_He|sTfR,IRON_MULTIPLE_SUPPORT
P000030,B12_deficiency,0.0009061080282988,0,unknown,insufficient_clinical_evidence,0.84,moderate,0,0,4,vitamin_B12|active_B12|MMA|homocysteine,B12_NO_TOTAL_B12
P000030,folate_deficiency,0.001807064721311,0,unknown,insufficient_clinical_evidence,0.84,moderate,0,0,1,folate,FOLATE_MISSING
P000030,B6_deficiency,0.0112893493881864,0,unknown,insufficient_clinical_evidence,0.84,moderate,0,0,1,vitamin_B6,B6_NO_VALIDATED_RULE
P000030,copper_deficiency,0.0100859931443019,0,unknown,insufficient_clinical_evidence,0.84,moderate,0,0,2,copper,COPPER_NO_VALIDATED_RULE
P000030,inflammation_anemia,0.0001417243326681,0,unknown,insufficient_clinical_evidence,0.84,moderate,1,2,1,CRP|sTfR,INFLAMMATION_INCOMPLETE_OR_MIXED
P000031,iron_deficiency,0.9999968064154906,1,supports,agree_positive,0.9999968064154906,high,4,0,1,Ret_He|sTfR,IRON_MULTIPLE_SUPPORT
P000031,B12_deficiency,0.000325047155407,0,unknown,insufficient_clinical_evidence,0.84,moderate,0,0,4,active_B12|MMA|homocysteine,B12_TOTAL_NOT_LOW_BUT_NOT_EXCLUSION
P000031,folate_deficiency,0.0333711490787338,0,unknown,insufficient_clinical_evidence,0.84,moderate,0,0,1,folate,FOLATE_MISSING
P000031,B6_deficiency,0.0027123390260947,0,unknown,insufficient_clinical_evidence,0.84,moderate,0,0,1,,B6_NO_VALIDATED_RULE
P000031,copper_deficiency,0.005921281728686,0,unknown,insufficient_clinical_evidence,0.84,moderate,0,0,2,ceruloplasmin,COPPER_NO_VALIDATED_RULE
P000031,inflammation_anemia,0.0423675778348617,0,unknown,insufficient_clinical_evidence,0.84,moderate,1,2,1,sTfR,INFLAMMATION_INCOMPLETE_OR_MIXED
P000032,iron_deficiency,0.9830401697614244,1,supports,agree_positive,0.9830401697614244,high,3,0,2,Ret_He|sTfR,IRON_MULTIPLE_SUPPORT
P000032,B12_deficiency,0.024852630796085,0,unknown,insufficient_clinical_evidence,0.84,moderate,0,0,4,vitamin_B12|active_B12|MMA|homocysteine,B12_NO_TOTAL_B12
P000032,folate_deficiency,0.0197347596234689,0,unknown,insufficient_clinical_evidence,0.84,moderate,0,0,1,,FOLATE_BORDERLINE
P000032,B6_deficiency,0.0005498015420719,0,unknown,insufficient_clinical_evidence,0.84,moderate,0,0,1,vitamin_B6,B6_NO_VALIDATED_RULE
P000032,copper_deficiency,0.0078219427972201,0,unknown,insufficient_clinical_evidence,0.84,moderate,0,0,2,copper|ceruloplasmin,COPPER_NO_VALIDATED_RULE
P000032,inflammation_anemia,4.767726886134007e-05,0,unknown,insufficient_clinical_evidence,0.84,moderate,2,1,1,CRP|sTfR,INFLAMMATION_INCOMPLETE_OR_MIXED
P000033,iron_deficiency,0.0064448373099081,0,unknown,insufficient_clinical_evidence,0.84,moderate,0,1,4,ferritin|TSAT|sTfR,IRON_INSUFFICIENT_OR_MIXED
P000033,B12_deficiency,0.0258591653334404,0,unknown,insufficient_clinical_evidence,0.84,moderate,0,0,4,vitamin_B12|active_B12|MMA,B12_NO_TOTAL_B12
P000033,folate_deficiency,0.983531157269999,1,supports,agree_positive,0.983531157269999,high,1,0,0,,FOLATE_LOW
P000033,B6_deficiency,0.0004545191084,0,unknown,insufficient_clinical_evidence,0.84,moderate,0,0,1,,B6_NO_VALIDATED_RULE
P000033,copper_deficiency,0.0026660587672678,0,unknown,insufficient_clinical_evidence,0.84,moderate,0,0,2,copper|ceruloplasmin,COPPER_NO_VALIDATED_RULE
P000033,inflammation_anemia,8.492373840505047e-05,0,against,agree_negative,0.9999150762615949,high,0,1,0,CRP|ferritin|serum_iron|TIBC|TSAT|sTfR,INFLAMMATION_NO_ANEMIA
P000034,iron_deficiency,0.0001482980990855,0,against,agree_negative,0.9998517019009145,high,0,3,2,Ret_He|sTfR,IRON_MULTIPLE_AGAINST
P000034,B12_deficiency,0.0004605444625011,0,unknown,insufficient_clinical_evidence,0.84,moderate,0,0,4,vitamin_B12|MMA|homocysteine,B12_NO_TOTAL_B12
P000034,folate_deficiency,0.0563792694072612,0,unknown,insufficient_clinical_evidence,0.84,moderate,0,0,1,,FOLATE_BORDERLINE
P000034,B6_deficiency,0.0018279376729348,0,unknown,insufficient_clinical_evidence,0.84,moderate,0,0,1,vitamin_B6,B6_NO_VALIDATED_RULE
P000034,copper_deficiency,0.0124727766219485,0,unknown,insufficient_clinical_evidence,0.84,moderate,0,0,2,copper|ceruloplasmin,COPPER_NO_VALIDATED_RULE
P000034,inflammation_anemia,2.3017223259813855e-05,0,unknown,insufficient_clinical_evidence,0.84,moderate,2,1,1,sTfR,INFLAMMATION_INCOMPLETE_OR_MIXED
P000035,iron_deficiency,6.982519333094151e-05,0,against,agree_negative,0.999930174806669,high,0,3,2,Ret_He|sTfR,IRON_MULTIPLE_AGAINST
P000035,B12_deficiency,7.842507115501681e-05,0,unknown,insufficient_clinical_evidence,0.84,moderate,0,0,4,active_B12|homocysteine,B12_TOTAL_NOT_LOW_BUT_NOT_EXCLUSION
P000035,folate_deficiency,0.0044057757038291,0,against,agree_negative,0.995594224296171,high,0,1,0,,FOLATE_NOT_LOW
P000035,B6_deficiency,0.0125337148401436,0,unknown,insufficient_clinical_evidence,0.84,moderate,0,0,1,vitamin_B6,B6_NO_VALIDATED_RULE
P000035,copper_deficiency,0.0035200710295051,0,unknown,insufficient_clinical_evidence,0.84,moderate,0,0,2,copper,COPPER_NO_VALIDATED_RULE
P000035,inflammation_anemia,0.0001018297087461,0,unknown,insufficient_clinical_evidence,0.84,moderate,2,1,1,sTfR,INFLAMMATION_INCOMPLETE_OR_MIXED
P000036,iron_deficiency,0.0523726779132261,0,unknown,insufficient_clinical_evidence,0.84,moderate,0,1,4,TSAT|Ret_He|sTfR,IRON_INSUFFICIENT_OR_MIXED
P000036,B12_deficiency,0.0003975139599243,0,unknown,insufficient_clinical_evidence,0.84,moderate,0,0,4,vitamin_B12,B12_NO_TOTAL_B12
P000036,folate_deficiency,0.0229939812708995,0,unknown,insufficient_clinical_evidence,0.84,moderate,0,0,1,folate,FOLATE_MISSING
P000036,B6_deficiency,0.0117724550686008,0,unknown,insufficient_clinical_evidence,0.84,moderate,0,0,1,vitamin_B6,B6_NO_VALIDATED_RULE
P000036,copper_deficiency,0.0045935982206389,0,unknown,insufficient_clinical_evidence,0.84,moderate,0,0,2,copper|ceruloplasmin,COPPER_NO_VALIDATED_RULE
P000036,inflammation_anemia,2.4911640840433632e-05,0,against,agree_negative,0.9999750883591596,high,0,1,0,CRP|serum_iron|TIBC|TSAT|sTfR,INFLAMMATION_NO_ANEMIA
P000037,iron_deficiency,0.0001940389627354,0,against,agree_negative,0.9998059610372646,high,0,2,3,ferritin|Ret_He|sTfR,IRON_MULTIPLE_AGAINST
P000037,B12_deficiency,0.0656834244703071,0,unknown,insufficient_clinical_evidence,0.84,moderate,0,0,4,vitamin_B12|active_B12|MMA,B12_NO_TOTAL_B12
P000037,folate_deficiency,0.996462863180418,1,supports,agree_positive,0.996462863180418,high,1,0,0,,FOLATE_LOW
P000037,B6_deficiency,0.0025338117807871,0,unknown,insufficient_clinical_evidence,0.84,moderate,0,0,1,vitamin_B6,B6_NO_VALIDATED_RULE
P000037,copper_deficiency,8.35822901492742e-05,0,unknown,insufficient_clinical_evidence,0.84,moderate,0,0,2,copper|ceruloplasmin,COPPER_NO_VALIDATED_RULE
P000037,inflammation_anemia,8.834340344007631e-06,0,unknown,insufficient_clinical_evidence,0.84,moderate,1,1,2,ferritin|sTfR,INFLAMMATION_INCOMPLETE_OR_MIXED
P000038,iron_deficiency,0.0008409520352076,0,against,agree_negative,0.9991590479647924,high,0,3,2,Ret_He,IRON_MULTIPLE_AGAINST
P000038,B12_deficiency,0.0112507017108532,0,unknown,insufficient_clinical_evidence,0.84,moderate,0,0,4,vitamin_B12|active_B12|MMA,B12_NO_TOTAL_B12
P000038,folate_deficiency,0.9634977120589616,1,supports,agree_positive,0.9634977120589616,high,1,0,0,,FOLATE_LOW
P000038,B6_deficiency,0.0007155859593335,0,unknown,insufficient_clinical_evidence,0.84,moderate,0,0,1,vitamin_B6,B6_NO_VALIDATED_RULE
P000038,copper_deficiency,0.0068954810487563,0,unknown,insufficient_clinical_evidence,0.84,moderate,0,0,2,copper|ceruloplasmin,COPPER_NO_VALIDATED_RULE
P000038,inflammation_anemia,2.163183253480371e-05,0,against,agree_negative,0.9999783681674652,high,0,1,0,,INFLAMMATION_NO_ANEMIA
P000039,iron_deficiency,0.0036725881206492,0,supports,conflict_ml_negative_rule_supports,0.64,low,3,1,1,sTfR|CRP,IRON_MULTIPLE_SUPPORT
P000039,B12_deficiency,0.0001270349457974,0,unknown,insufficient_clinical_evidence,0.84,moderate,0,0,4,active_B12|MMA|homocysteine,B12_TOTAL_NOT_LOW_BUT_NOT_EXCLUSION
P000039,folate_deficiency,0.0344846547232685,0,unknown,insufficient_clinical_evidence,0.84,moderate,0,0,1,folate,FOLATE_MISSING
P000039,B6_deficiency,0.0151631611006257,0,unknown,insufficient_clinical_evidence,0.84,moderate,0,0,1,vitamin_B6,B6_NO_VALIDATED_RULE
P000039,copper_deficiency,0.0120656676339298,0,unknown,insufficient_clinical_evidence,0.84,moderate,0,0,2,copper|ceruloplasmin,COPPER_NO_VALIDATED_RULE
P000039,inflammation_anemia,0.6676416868526703,1,supports,agree_positive,0.6676416868526703,moderate,3,0,1,CRP|sTfR,INFLAMMATION_PATTERN_SUPPORT
P000040,iron_deficiency,0.0002113051981279,0,against,agree_negative,0.999788694801872,high,0,2,3,ferritin|Ret_He,IRON_MULTIPLE_AGAINST
P000040,B12_deficiency,0.9998258506421068,1,unknown,insufficient_clinical_evidence,0.84,moderate,0,0,4,active_B12|MMA,B12_TOTAL_NOT_LOW_BUT_NOT_EXCLUSION
P000040,folate_deficiency,0.503277980811635,1,unknown,insufficient_clinical_evidence,0.503277980811635,low,0,0,1,folate,FOLATE_MISSING
P000040,B6_deficiency,0.0007537079045796,0,unknown,insufficient_clinical_evidence,0.84,moderate,0,0,1,vitamin_B6,B6_NO_VALIDATED_RULE
P000040,copper_deficiency,1.096667886807527e-06,0,unknown,insufficient_clinical_evidence,0.84,moderate,0,0,2,copper,COPPER_NO_VALIDATED_RULE
P000040,inflammation_anemia,3.652259363847437e-05,0,unknown,insufficient_clinical_evidence,0.84,moderate,1,1,2,ferritin,INFLAMMATION_INCOMPLETE_OR_MIXED
P000041,iron_deficiency,0.9999980511358108,1,supports,agree_positive,0.9999980511358108,high,2,1,2,Ret_He|sTfR,IRON_MULTIPLE_SUPPORT
P000041,B12_deficiency,0.0004249175601519,0,unknown,insufficient_clinical_evidence,0.84,moderate,0,0,4,active_B12|MMA|homocysteine,B12_TOTAL_NOT_LOW_BUT_NOT_EXCLUSION
P000041,folate_deficiency,0.0010959202689231,0,against,agree_negative,0.9989040797310769,high,0,1,0,,FOLATE_NOT_LOW
P000041,B6_deficiency,0.0084512709829239,0,unknown,insufficient_clinical_evidence,0.84,moderate,0,0,1,vitamin_B6,B6_NO_VALIDATED_RULE
P000041,copper_deficiency,0.0114611293595872,0,unknown,insufficient_clinical_evidence,0.84,moderate,0,0,2,copper|ceruloplasmin,COPPER_NO_VALIDATED_RULE
P000041,inflammation_anemia,6.807288063068938e-06,0,unknown,insufficient_clinical_evidence,0.84,moderate,1,2,1,sTfR,INFLAMMATION_INCOMPLETE_OR_MIXED
P000042,iron_deficiency,0.1032392048585195,0,unknown,insufficient_clinical_evidence,0.84,moderate,0,0,5,ferritin|TSAT|Ret_He,IRON_INSUFFICIENT_OR_MIXED
P000042,B12_deficiency,0.9999002050168114,1,unknown,insufficient_clinical_evidence,0.84,moderate,0,0,4,,B12_TOTAL_NOT_LOW_BUT_NOT_EXCLUSION
P000042,folate_deficiency,0.0038452507151855,0,against,agree_negative,0.9961547492848145,high,0,1,0,,FOLATE_NOT_LOW
P000042,B6_deficiency,0.0009938535237529,0,unknown,insufficient_clinical_evidence,0.84,moderate,0,0,1,vitamin_B6,B6_NO_VALIDATED_RULE
P000042,copper_deficiency,0.0010796672793312,0,unknown,insufficient_clinical_evidence,0.84,moderate,0,0,2,copper|ceruloplasmin,COPPER_NO_VALIDATED_RULE
P000042,inflammation_anemia,2.4047706373130847e-05,0,unknown,insufficient_clinical_evidence,0.84,moderate,0,0,4,ferritin|serum_iron|TIBC|TSAT,INFLAMMATION_INCOMPLETE_OR_MIXED
P000043,iron_deficiency,0.9999590622892496,1,supports,agree_positive,0.9999590622892496,high,4,0,1,Ret_He|sTfR,IRON_MULTIPLE_SUPPORT
P000043,B12_deficiency,0.0007863543315946,0,unknown,insufficient_clinical_evidence,0.84,moderate,0,0,4,vitamin_B12|MMA|homocysteine,B12_NO_TOTAL_B12
P000043,folate_deficiency,0.0070077050876772,0,unknown,insufficient_clinical_evidence,0.84,moderate,0,0,1,folate,FOLATE_MISSING
P000043,B6_deficiency,0.0004219020934907,0,unknown,insufficient_clinical_evidence,0.84,moderate,0,0,1,vitamin_B6,B6_NO_VALIDATED_RULE
P000043,copper_deficiency,0.0007033739208293,0,unknown,insufficient_clinical_evidence,0.84,moderate,0,0,2,copper,COPPER_NO_VALIDATED_RULE
P000043,inflammation_anemia,4.8810526036587e-05,0,unknown,insufficient_clinical_evidence,0.84,moderate,1,2,1,sTfR,INFLAMMATION_INCOMPLETE_OR_MIXED
P000044,iron_deficiency,0.9999916727261252,1,supports,agree_positive,0.9999916727261252,high,2,0,3,Ret_He|sTfR,IRON_MULTIPLE_SUPPORT
P000044,B12_deficiency,0.001518484603063,0,unknown,insufficient_clinical_evidence,0.84,moderate,0,0,4,active_B12|MMA|homocysteine,B12_TOTAL_NOT_LOW_BUT_NOT_EXCLUSION
P000044,folate_deficiency,0.0191203152242652,0,unknown,insufficient_clinical_evidence,0.84,moderate,0,0,1,folate,FOLATE_MISSING
P000044,B6_deficiency,0.0321058403594257,0,unknown,insufficient_clinical_evidence,0.84,moderate,0,0,1,,B6_NO_VALIDATED_RULE
P000044,copper_deficiency,0.0047966748578431,0,unknown,insufficient_clinical_evidence,0.84,moderate,0,0,2,copper|ceruloplasmin,COPPER_NO_VALIDATED_RULE
P000044,inflammation_anemia,5.406455900433686e-05,0,supports,conflict_ml_negative_rule_supports,0.64,low,3,0,1,sTfR,INFLAMMATION_PATTERN_SUPPORT
P000045,iron_deficiency,0.9982386072039824,1,supports,agree_positive,0.9982386072039824,high,3,0,2,Ret_He|sTfR,IRON_MULTIPLE_SUPPORT
P000045,B12_deficiency,0.000733077822738,0,unknown,insufficient_clinical_evidence,0.84,moderate,0,0,4,vitamin_B12|MMA,B12_NO_TOTAL_B12
P000045,folate_deficiency,0.0057651701099259,0,unknown,insufficient_clinical_evidence,0.84,moderate,0,0,1,folate,FOLATE_MISSING
P000045,B6_deficiency,0.0149576708837796,0,unknown,insufficient_clinical_evidence,0.84,moderate,0,0,1,vitamin_B6,B6_NO_VALIDATED_RULE
P000045,copper_deficiency,2.1704330647760025e-08,0,unknown,insufficient_clinical_evidence,0.84,moderate,0,0,2,copper|ceruloplasmin,COPPER_NO_VALIDATED_RULE
P000045,inflammation_anemia,0.0004150771308366,0,against,agree_negative,0.9995849228691635,high,0,1,0,CRP|sTfR,INFLAMMATION_NO_ANEMIA
P000046,iron_deficiency,0.9999678069582356,1,supports,agree_positive,0.9999678069582356,high,3,0,2,,IRON_MULTIPLE_SUPPORT
P000046,B12_deficiency,0.9770778179775068,1,supports,agree_positive,0.9770778179775068,high,1,0,3,active_B12|MMA|homocysteine,B12_LOW_TOTAL
P000046,folate_deficiency,0.0025340272221493,0,against,agree_negative,0.9974659727778507,high,0,1,0,,FOLATE_NOT_LOW
P000046,B6_deficiency,0.0009919988822309,0,unknown,insufficient_clinical_evidence,0.84,moderate,0,0,1,vitamin_B6,B6_NO_VALIDATED_RULE
P000046,copper_deficiency,0.0035448351152268,0,unknown,insufficient_clinical_evidence,0.84,moderate,0,0,2,copper|ceruloplasmin,COPPER_NO_VALIDATED_RULE
P000046,inflammation_anemia,0.0001717688373952,0,supports,conflict_ml_negative_rule_supports,0.64,low,3,0,1,,INFLAMMATION_PATTERN_SUPPORT
P000047,iron_deficiency,0.9999949679396184,1,supports,agree_positive,0.9999949679396184,high,4,0,1,sTfR,IRON_MULTIPLE_SUPPORT
P000047,B12_deficiency,0.0084235968539268,0,unknown,insufficient_clinical_evidence,0.84,moderate,0,0,4,vitamin_B12|active_B12|MMA,B12_NO_TOTAL_B12
P000047,folate_deficiency,0.9589126464623448,1,supports,agree_positive,0.9589126464623448,high,1,0,0,,FOLATE_LOW
P000047,B6_deficiency,0.0007147731320278,0,unknown,insufficient_clinical_evidence,0.84,moderate,0,0,1,vitamin_B6,B6_NO_VALIDATED_RULE
P000047,copper_deficiency,0.0004913743319726,0,unknown,insufficient_clinical_evidence,0.84,moderate,0,0,2,copper,COPPER_NO_VALIDATED_RULE
P000047,inflammation_anemia,2.31815118779274e-05,0,unknown,insufficient_clinical_evidence,0.84,moderate,2,1,1,sTfR,INFLAMMATION_INCOMPLETE_OR_MIXED
P000048,iron_deficiency,0.0114256957790451,0,supports,conflict_ml_negative_rule_supports,0.64,low,2,0,3,ferritin|Ret_He|sTfR,IRON_MULTIPLE_SUPPORT
P000048,B12_deficiency,0.0002919139847158,0,unknown,insufficient_clinical_evidence,0.84,moderate,0,0,4,active_B12|MMA|homocysteine,B12_TOTAL_NOT_LOW_BUT_NOT_EXCLUSION
P000048,folate_deficiency,0.0021068580048919,0,against,agree_negative,0.9978931419951081,high,0,1,0,,FOLATE_NOT_LOW
P000048,B6_deficiency,0.0008248849068116,0,unknown,insufficient_clinical_evidence,0.84,moderate,0,0,1,vitamin_B6,B6_NO_VALIDATED_RULE
P000048,copper_deficiency,0.0048465497881109,0,unknown,insufficient_clinical_evidence,0.84,moderate,0,0,2,copper|ceruloplasmin,COPPER_NO_VALIDATED_RULE
P000048,inflammation_anemia,0.996506664165388,1,supports,agree_positive,0.996506664165388,high,2,0,2,ferritin|sTfR,INFLAMMATION_PATTERN_SUPPORT
P000049,iron_deficiency,3.620595625529856e-05,0,against,agree_negative,0.9999637940437447,high,0,3,2,Ret_He|sTfR,IRON_MULTIPLE_AGAINST
P000049,B12_deficiency,0.0010120549148573,0,unknown,insufficient_clinical_evidence,0.84,moderate,0,0,4,active_B12|MMA|homocysteine,B12_TOTAL_NOT_LOW_BUT_NOT_EXCLUSION
P000049,folate_deficiency,0.9805785379775556,1,supports,agree_positive,0.9805785379775556,high,1,0,0,,FOLATE_LOW
P000049,B6_deficiency,0.0011359480666765,0,unknown,insufficient_clinical_evidence,0.84,moderate,0,0,1,vitamin_B6,B6_NO_VALIDATED_RULE
P000049,copper_deficiency,0.0109271405043676,0,unknown,insufficient_clinical_evidence,0.84,moderate,0,0,2,copper|ceruloplasmin,COPPER_NO_VALIDATED_RULE
P000049,inflammation_anemia,0.0001741314511965,0,unknown,insufficient_clinical_evidence,0.84,moderate,2,1,1,sTfR,INFLAMMATION_INCOMPLETE_OR_MIXED
P000050,iron_deficiency,0.0003492902750294,0,against,agree_negative,0.9996507097249706,high,0,2,3,TSAT|sTfR,IRON_MULTIPLE_AGAINST
P000050,B12_deficiency,0.0013570548034633,0,unknown,insufficient_clinical_evidence,0.84,moderate,0,0,4,vitamin_B12|active_B12|MMA|homocysteine,B12_NO_TOTAL_B12
P000050,folate_deficiency,0.1103934976851546,0,unknown,insufficient_clinical_evidence,0.84,moderate,0,0,1,folate,FOLATE_MISSING
P000050,B6_deficiency,0.0027462204245288,0,unknown,insufficient_clinical_evidence,0.84,moderate,0,0,1,vitamin_B6,B6_NO_VALIDATED_RULE
P000050,copper_deficiency,0.0003967364571586,0,unknown,insufficient_clinical_evidence,0.84,moderate,0,0,2,copper|ceruloplasmin,COPPER_NO_VALIDATED_RULE
P000050,inflammation_anemia,0.0003734337287731,0,against,agree_negative,0.9996265662712269,high,0,1,0,serum_iron|TIBC|TSAT|sTfR,INFLAMMATION_NO_ANEMIA
P000051,iron_deficiency,0.0041464161019318,0,against,agree_negative,0.9958535838980682,high,0,2,3,ferritin|Ret_He,IRON_MULTIPLE_AGAINST
P000051,B12_deficiency,0.7193231725830672,1,unknown,insufficient_clinical_evidence,0.7193231725830672,moderate,0,0,4,vitamin_B12|active_B12|MMA|homocysteine,B12_NO_TOTAL_B12
P000051,folate_deficiency,0.0061776372245947,0,against,agree_negative,0.9938223627754053,high,0,1,0,,FOLATE_NOT_LOW
P000051,B6_deficiency,0.0053025039421157,0,unknown,insufficient_clinical_evidence,0.84,moderate,0,0,1,vitamin_B6,B6_NO_VALIDATED_RULE
P000051,copper_deficiency,0.0002152343021662,0,unknown,insufficient_clinical_evidence,0.84,moderate,0,0,2,copper|ceruloplasmin,COPPER_NO_VALIDATED_RULE
P000051,inflammation_anemia,0.0316454279469495,0,unknown,insufficient_clinical_evidence,0.84,moderate,1,1,2,ferritin,INFLAMMATION_INCOMPLETE_OR_MIXED
P000052,iron_deficiency,5.673140742712336e-05,0,unknown,insufficient_clinical_evidence,0.84,moderate,0,1,4,TSAT|Ret_He,IRON_INSUFFICIENT_OR_MIXED
P000052,B12_deficiency,0.9987169970455944,1,supports,agree_positive,0.9987169970455944,high,1,0,3,active_B12,B12_LOW_TOTAL
P000052,folate_deficiency,0.0365322049940224,0,unknown,insufficient_clinical_evidence,0.84,moderate,0,0,1,,FOLATE_BORDERLINE
P000052,B6_deficiency,0.000325952205401,0,unknown,insufficient_clinical_evidence,0.84,moderate,0,0,1,vitamin_B6,B6_NO_VALIDATED_RULE
P000052,copper_deficiency,0.0048106818219634,0,unknown,insufficient_clinical_evidence,0.84,moderate,0,0,2,copper|ceruloplasmin,COPPER_NO_VALIDATED_RULE
P000052,inflammation_anemia,0.0018985146704459,0,unknown,insufficient_clinical_evidence,0.84,moderate,1,0,3,CRP|serum_iron|TIBC|TSAT,INFLAMMATION_INCOMPLETE_OR_MIXED
P000053,iron_deficiency,0.000865634369369,0,unknown,insufficient_clinical_evidence,0.84,moderate,1,4,0,sTfR,IRON_INSUFFICIENT_OR_MIXED
P000053,B12_deficiency,0.0005634352046486,0,unknown,insufficient_clinical_evidence,0.84,moderate,0,0,4,active_B12|MMA,B12_TOTAL_NOT_LOW_BUT_NOT_EXCLUSION
P000053,folate_deficiency,0.0070168223293367,0,against,agree_negative,0.9929831776706634,high,0,1,0,,FOLATE_NOT_LOW
P000053,B6_deficiency,0.006152480067603,0,unknown,insufficient_clinical_evidence,0.84,moderate,0,0,1,vitamin_B6,B6_NO_VALIDATED_RULE
P000053,copper_deficiency,0.6173196734008028,1,unknown,insufficient_clinical_evidence,0.6173196734008028,low,0,0,2,ceruloplasmin,COPPER_NO_VALIDATED_RULE
P000053,inflammation_anemia,0.0019192690895601,0,against,agree_negative,0.9980807309104399,high,0,1,0,CRP|sTfR,INFLAMMATION_NO_ANEMIA
P000054,iron_deficiency,0.0001042423009106,0,against,agree_negative,0.9998957576990894,high,0,3,2,Ret_He|sTfR,IRON_MULTIPLE_AGAINST
P000054,B12_deficiency,1.5174920542511556e-05,0,unknown,insufficient_clinical_evidence,0.84,moderate,0,0,4,MMA,B12_TOTAL_NOT_LOW_BUT_NOT_EXCLUSION
P000054,folate_deficiency,0.0096893201479724,0,unknown,insufficient_clinical_evidence,0.84,moderate,0,0,1,folate,FOLATE_MISSING
P000054,B6_deficiency,0.008500471596614,0,unknown,insufficient_clinical_evidence,0.84,moderate,0,0,1,vitamin_B6,B6_NO_VALIDATED_RULE
P000054,copper_deficiency,0.9991627939279776,1,unknown,insufficient_clinical_evidence,0.84,moderate,0,0,2,,COPPER_NO_VALIDATED_RULE
P000054,inflammation_anemia,0.0010979954221777,0,against,agree_negative,0.9989020045778223,high,0,1,0,sTfR,INFLAMMATION_NO_ANEMIA
P000055,iron_deficiency,0.0002053662859509,0,unknown,insufficient_clinical_evidence,0.84,moderate,0,1,4,TSAT|Ret_He,IRON_INSUFFICIENT_OR_MIXED
P000055,B12_deficiency,0.9677718164903146,1,unknown,insufficient_clinical_evidence,0.84,moderate,0,0,4,MMA|homocysteine,B12_TOTAL_NOT_LOW_BUT_NOT_EXCLUSION
P000055,folate_deficiency,0.0037658302035365,0,against,agree_negative,0.9962341697964635,high,0,1,0,,FOLATE_NOT_LOW
P000055,B6_deficiency,0.0013360234450196,0,unknown,insufficient_clinical_evidence,0.84,moderate,0,0,1,vitamin_B6,B6_NO_VALIDATED_RULE
P000055,copper_deficiency,0.0032277615815266,0,unknown,insufficient_clinical_evidence,0.84,moderate,0,0,2,copper,COPPER_NO_VALIDATED_RULE
P000055,inflammation_anemia,0.0001911097424221,0,unknown,insufficient_clinical_evidence,0.84,moderate,1,0,3,serum_iron|TIBC|TSAT,INFLAMMATION_INCOMPLETE_OR_MIXED
P000056,iron_deficiency,0.000297394120322,0,unknown,insufficient_clinical_evidence,0.84,moderate,0,1,4,TSAT|Ret_He,IRON_INSUFFICIENT_OR_MIXED
P000056,B12_deficiency,0.0035121733007268,0,unknown,insufficient_clinical_evidence,0.84,moderate,0,0,4,MMA,B12_TOTAL_NOT_LOW_BUT_NOT_EXCLUSION
P000056,folate_deficiency,0.9755848830888324,1,supports,agree_positive,0.9755848830888324,high,1,0,0,,FOLATE_LOW
P000056,B6_deficiency,0.0019881667585559,0,unknown,insufficient_clinical_evidence,0.84,moderate,0,0,1,vitamin_B6,B6_NO_VALIDATED_RULE
P000056,copper_deficiency,3.716447711852141e-05,0,unknown,insufficient_clinical_evidence,0.84,moderate,0,0,2,copper|ceruloplasmin,COPPER_NO_VALIDATED_RULE
P000056,inflammation_anemia,0.0002204199856489,0,unknown,insufficient_clinical_evidence,0.84,moderate,1,0,3,CRP|serum_iron|TIBC|TSAT,INFLAMMATION_INCOMPLETE_OR_MIXED
P000057,iron_deficiency,0.0001755412661065,0,unknown,insufficient_clinical_evidence,0.84,moderate,0,1,4,TSAT|Ret_He|sTfR,IRON_INSUFFICIENT_OR_MIXED
P000057,B12_deficiency,0.0002666790823199,0,unknown,insufficient_clinical_evidence,0.84,moderate,0,0,4,active_B12|MMA,B12_TOTAL_NOT_LOW_BUT_NOT_EXCLUSION
P000057,folate_deficiency,0.1625331704766883,0,unknown,insufficient_clinical_evidence,0.8374668295233116,moderate,0,0,1,,FOLATE_BORDERLINE
P000057,B6_deficiency,0.0009071894183081,0,unknown,insufficient_clinical_evidence,0.84,moderate,0,0,1,vitamin_B6,B6_NO_VALIDATED_RULE
P000057,copper_deficiency,1.986713056378537e-05,0,unknown,insufficient_clinical_evidence,0.84,moderate,0,0,2,copper|ceruloplasmin,COPPER_NO_VALIDATED_RULE
P000057,inflammation_anemia,0.0003088357644737,0,unknown,insufficient_clinical_evidence,0.84,moderate,1,0,3,CRP|serum_iron|TIBC|TSAT|sTfR,INFLAMMATION_INCOMPLETE_OR_MIXED
P000058,iron_deficiency,7.09902548261882e-05,0,against,agree_negative,0.9999290097451738,high,0,3,2,Ret_He|sTfR,IRON_MULTIPLE_AGAINST
P000058,B12_deficiency,0.0278485192229859,0,unknown,insufficient_clinical_evidence,0.84,moderate,0,0,4,active_B12|MMA|homocysteine,B12_TOTAL_NOT_LOW_BUT_NOT_EXCLUSION
P000058,folate_deficiency,0.007983101101567,0,unknown,insufficient_clinical_evidence,0.84,moderate,0,0,1,folate,FOLATE_MISSING
P000058,B6_deficiency,0.0135463484864341,0,unknown,insufficient_clinical_evidence,0.84,moderate,0,0,1,vitamin_B6,B6_NO_VALIDATED_RULE
P000058,copper_deficiency,0.0004737183539173,0,unknown,insufficient_clinical_evidence,0.84,moderate,0,0,2,copper,COPPER_NO_VALIDATED_RULE
P000058,inflammation_anemia,0.0008704641556711,0,unknown,insufficient_clinical_evidence,0.84,moderate,2,1,1,sTfR,INFLAMMATION_INCOMPLETE_OR_MIXED
P000059,iron_deficiency,6.561611680767644e-05,0,unknown,insufficient_clinical_evidence,0.84,moderate,1,3,1,sTfR,IRON_INSUFFICIENT_OR_MIXED
P000059,B12_deficiency,8.196475948190306e-05,0,unknown,insufficient_clinical_evidence,0.84,moderate,0,0,4,MMA,B12_TOTAL_NOT_LOW_BUT_NOT_EXCLUSION
P000059,folate_deficiency,0.2095237385042737,0,unknown,insufficient_clinical_evidence,0.7904762614957264,moderate,0,0,1,,FOLATE_BORDERLINE
P000059,B6_deficiency,0.003356311342412,0,unknown,insufficient_clinical_evidence,0.84,moderate,0,0,1,vitamin_B6,B6_NO_VALIDATED_RULE
P000059,copper_deficiency,0.0006522044283524,0,unknown,insufficient_clinical_evidence,0.84,moderate,0,0,2,copper|ceruloplasmin,COPPER_NO_VALIDATED_RULE
P000059,inflammation_anemia,6.293571110826587e-05,0,unknown,insufficient_clinical_evidence,0.84,moderate,2,1,1,sTfR,INFLAMMATION_INCOMPLETE_OR_MIXED
P000060,iron_deficiency,1.3174055699557064e-05,0,unknown,insufficient_clinical_evidence,0.84,moderate,1,3,1,,IRON_INSUFFICIENT_OR_MIXED
P000060,B12_deficiency,0.0019489660744472,0,unknown,insufficient_clinical_evidence,0.84,moderate,0,0,4,vitamin_B12|active_B12|MMA|homocysteine,B12_NO_TOTAL_B12
P000060,folate_deficiency,0.517353911679884,1,unknown,insufficient_clinical_evidence,0.517353911679884,low,0,0,1,,FOLATE_BORDERLINE
P000060,B6_deficiency,0.0036267372651291,0,unknown,insufficient_clinical_evidence,0.84,moderate,0,0,1,vitamin_B6,B6_NO_VALIDATED_RULE
P000060,copper_deficiency,0.0077379604980472,0,unknown,insufficient_clinical_evidence,0.84,moderate,0,0,2,copper|ceruloplasmin,COPPER_NO_VALIDATED_RULE
P000060,inflammation_anemia,0.0017796169678339,0,unknown,insufficient_clinical_evidence,0.84,moderate,2,1,1,,INFLAMMATION_INCOMPLETE_OR_MIXED
P000061,iron_deficiency,0.0009142052696337,0,unknown,insufficient_clinical_evidence,0.84,moderate,0,0,5,ferritin|TSAT|Ret_He,IRON_INSUFFICIENT_OR_MIXED
P000061,B12_deficiency,0.0002868881492476,0,unknown,insufficient_clinical_evidence,0.84,moderate,0,0,4,active_B12|MMA|homocysteine,B12_TOTAL_NOT_LOW_BUT_NOT_EXCLUSION
P000061,folate_deficiency,0.0386293285879107,0,unknown,insufficient_clinical_evidence,0.84,moderate,0,0,1,folate,FOLATE_MISSING
P000061,B6_deficiency,0.0345735657417345,0,unknown,insufficient_clinical_evidence,0.84,moderate,0,0,1,vitamin_B6,B6_NO_VALIDATED_RULE
P000061,copper_deficiency,0.0001482726201577,0,unknown,insufficient_clinical_evidence,0.84,moderate,0,0,2,copper|ceruloplasmin,COPPER_NO_VALIDATED_RULE
P000061,inflammation_anemia,1.4044523522464698e-05,0,against,agree_negative,0.9999859554764775,high,0,1,0,ferritin|serum_iron|TIBC|TSAT,INFLAMMATION_NO_ANEMIA
P000062,iron_deficiency,0.0141935916765459,0,unknown,insufficient_clinical_evidence,0.84,moderate,0,0,5,ferritin|TSAT|Ret_He|sTfR,IRON_INSUFFICIENT_OR_MIXED
P000062,B12_deficiency,0.0273983914860666,0,unknown,insufficient_clinical_evidence,0.84,moderate,0,0,4,vitamin_B12|MMA|homocysteine,B12_NO_TOTAL_B12
P000062,folate_deficiency,0.0052814047975774,0,unknown,insufficient_clinical_evidence,0.84,moderate,0,0,1,,FOLATE_BORDERLINE
P000062,B6_deficiency,0.002496515522891,0,unknown,insufficient_clinical_evidence,0.84,moderate,0,0,1,vitamin_B6,B6_NO_VALIDATED_RULE
P000062,copper_deficiency,0.0001426342033764,0,unknown,insufficient_clinical_evidence,0.84,moderate,0,0,2,copper|ceruloplasmin,COPPER_NO_VALIDATED_RULE
P000062,inflammation_anemia,3.7081262878395965e-05,0,against,agree_negative,0.9999629187371216,high,0,1,0,ferritin|serum_iron|TIBC|TSAT|sTfR,INFLAMMATION_NO_ANEMIA
P000063,iron_deficiency,7.991747274885876e-05,0,unknown,insufficient_clinical_evidence,0.84,moderate,1,2,2,ferritin|sTfR,IRON_INSUFFICIENT_OR_MIXED
P000063,B12_deficiency,0.0017753498146295,0,unknown,insufficient_clinical_evidence,0.84,moderate,0,0,4,MMA,B12_TOTAL_NOT_LOW_BUT_NOT_EXCLUSION
P000063,folate_deficiency,0.9968263643854588,1,supports,agree_positive,0.9968263643854588,high,1,0,0,,FOLATE_LOW
P000063,B6_deficiency,0.0026714546180323,0,unknown,insufficient_clinical_evidence,0.84,moderate,0,0,1,vitamin_B6,B6_NO_VALIDATED_RULE
P000063,copper_deficiency,0.0003314769288363,0,unknown,insufficient_clinical_evidence,0.84,moderate,0,0,2,copper|ceruloplasmin,COPPER_NO_VALIDATED_RULE
P000063,inflammation_anemia,0.0001345679685131,0,unknown,insufficient_clinical_evidence,0.84,moderate,1,1,2,ferritin|sTfR,INFLAMMATION_INCOMPLETE_OR_MIXED
P000064,iron_deficiency,0.9999776093150796,1,supports,agree_positive,0.9999776093150796,high,2,1,2,Ret_He|sTfR,IRON_MULTIPLE_SUPPORT
P000064,B12_deficiency,0.0030201452260313,0,unknown,insufficient_clinical_evidence,0.84,moderate,0,0,4,vitamin_B12|active_B12|MMA,B12_NO_TOTAL_B12
P000064,folate_deficiency,0.0059623743667098,0,unknown,insufficient_clinical_evidence,0.84,moderate,0,0,1,folate,FOLATE_MISSING
P000064,B6_deficiency,0.0016411867911432,0,unknown,insufficient_clinical_evidence,0.84,moderate,0,0,1,vitamin_B6,B6_NO_VALIDATED_RULE
P000064,copper_deficiency,0.0016922465094161,0,unknown,insufficient_clinical_evidence,0.84,moderate,0,0,2,copper|ceruloplasmin,COPPER_NO_VALIDATED_RULE
P000064,inflammation_anemia,0.0001827542919624,0,unknown,insufficient_clinical_evidence,0.84,moderate,1,2,1,sTfR,INFLAMMATION_INCOMPLETE_OR_MIXED
P000065,iron_deficiency,0.0014562709166423,0,unknown,insufficient_clinical_evidence,0.84,moderate,0,0,5,ferritin|TSAT|Ret_He|sTfR,IRON_INSUFFICIENT_OR_MIXED
P000065,B12_deficiency,0.000231234223755,0,unknown,insufficient_clinical_evidence,0.84,moderate,0,0,4,,B12_TOTAL_NOT_LOW_BUT_NOT_EXCLUSION
P000065,folate_deficiency,0.1275172678943757,0,unknown,insufficient_clinical_evidence,0.84,moderate,0,0,1,folate,FOLATE_MISSING
P000065,B6_deficiency,0.0007752816863609,0,unknown,insufficient_clinical_evidence,0.84,moderate,0,0,1,vitamin_B6,B6_NO_VALIDATED_RULE
P000065,copper_deficiency,0.9980799573746852,1,unknown,insufficient_clinical_evidence,0.84,moderate,0,0,2,,COPPER_NO_VALIDATED_RULE
P000065,inflammation_anemia,6.654732518683068e-05,0,unknown,insufficient_clinical_evidence,0.84,moderate,0,0,4,CRP|ferritin|serum_iron|TIBC|TSAT|sTfR,INFLAMMATION_INCOMPLETE_OR_MIXED
P000066,iron_deficiency,7.235001257781493e-05,0,unknown,insufficient_clinical_evidence,0.84,moderate,0,1,4,TSAT|Ret_He|sTfR,IRON_INSUFFICIENT_OR_MIXED
P000066,B12_deficiency,0.0479161930618196,0,unknown,insufficient_clinical_evidence,0.84,moderate,0,0,4,vitamin_B12|active_B12|MMA,B12_NO_TOTAL_B12
P000066,folate_deficiency,0.9797886863889144,1,supports,agree_positive,0.9797886863889144,high,1,0,0,,FOLATE_LOW
P000066,B6_deficiency,0.0005968154570572,0,unknown,insufficient_clinical_evidence,0.84,moderate,0,0,1,vitamin_B6,B6_NO_VALIDATED_RULE
P000066,copper_deficiency,0.0069603875467739,0,unknown,insufficient_clinical_evidence,0.84,moderate,0,0,2,copper|ceruloplasmin,COPPER_NO_VALIDATED_RULE
P000066,inflammation_anemia,0.0002432152836358,0,against,agree_negative,0.9997567847163642,high,0,1,0,CRP|serum_iron|TIBC|TSAT|sTfR,INFLAMMATION_NO_ANEMIA
P000067,iron_deficiency,0.9999686588321122,1,supports,agree_positive,0.9999686588321122,high,4,0,1,Ret_He|sTfR,IRON_MULTIPLE_SUPPORT
P000067,B12_deficiency,0.0016126141328169,0,unknown,insufficient_clinical_evidence,0.84,moderate,0,0,4,vitamin_B12|active_B12|MMA,B12_NO_TOTAL_B12
P000067,folate_deficiency,0.0076088459123681,0,unknown,insufficient_clinical_evidence,0.84,moderate,0,0,1,folate,FOLATE_MISSING
P000067,B6_deficiency,0.0003692101525453,0,unknown,insufficient_clinical_evidence,0.84,moderate,0,0,1,vitamin_B6,B6_NO_VALIDATED_RULE
P000067,copper_deficiency,0.0001751296658899,0,unknown,insufficient_clinical_evidence,0.84,moderate,0,0,2,copper|ceruloplasmin,COPPER_NO_VALIDATED_RULE
P000067,inflammation_anemia,0.0001308264505268,0,unknown,insufficient_clinical_evidence,0.84,moderate,1,2,1,sTfR,INFLAMMATION_INCOMPLETE_OR_MIXED
P000068,iron_deficiency,0.999828145703852,1,supports,agree_positive,0.999828145703852,high,3,0,2,ferritin|Ret_He|sTfR,IRON_MULTIPLE_SUPPORT
P000068,B12_deficiency,0.990989527091573,1,supports,agree_positive,0.990989527091573,high,1,0,3,MMA|homocysteine,B12_LOW_TOTAL
P000068,folate_deficiency,0.0006901974301653,0,unknown,insufficient_clinical_evidence,0.84,moderate,0,0,1,folate,FOLATE_MISSING
P000068,B6_deficiency,0.0137865956167614,0,unknown,insufficient_clinical_evidence,0.84,moderate,0,0,1,vitamin_B6,B6_NO_VALIDATED_RULE
P000068,copper_deficiency,0.0006949893514285,0,unknown,insufficient_clinical_evidence,0.84,moderate,0,0,2,ceruloplasmin,COPPER_NO_VALIDATED_RULE
P000068,inflammation_anemia,0.0004570459908342,0,unknown,insufficient_clinical_evidence,0.84,moderate,1,1,2,CRP|ferritin|sTfR,INFLAMMATION_INCOMPLETE_OR_MIXED
P000069,iron_deficiency,8.515009719059337e-05,0,supports,conflict_ml_negative_rule_supports,0.64,low,3,1,1,sTfR,IRON_MULTIPLE_SUPPORT
P000069,B12_deficiency,0.0016290430727317,0,unknown,insufficient_clinical_evidence,0.84,moderate,0,0,4,vitamin_B12|active_B12|MMA,B12_NO_TOTAL_B12
P000069,folate_deficiency,0.0037783242343427,0,against,agree_negative,0.9962216757656573,high,0,1,0,,FOLATE_NOT_LOW
P000069,B6_deficiency,0.007959983062157,0,unknown,insufficient_clinical_evidence,0.84,moderate,0,0,1,vitamin_B6,B6_NO_VALIDATED_RULE
P000069,copper_deficiency,0.0005103779116454,0,unknown,insufficient_clinical_evidence,0.84,moderate,0,0,2,copper|ceruloplasmin,COPPER_NO_VALIDATED_RULE
P000069,inflammation_anemia,0.9548179374203288,1,supports,agree_positive,0.9548179374203288,high,3,0,1,sTfR,INFLAMMATION_PATTERN_SUPPORT
P000070,iron_deficiency,0.999977891462802,1,supports,agree_positive,0.999977891462802,high,2,0,3,Ret_He,IRON_MULTIPLE_SUPPORT
P000070,B12_deficiency,0.0064676195822409,0,unknown,insufficient_clinical_evidence,0.84,moderate,0,0,4,vitamin_B12|active_B12|MMA|homocysteine,B12_NO_TOTAL_B12
P000070,folate_deficiency,0.0114018715937255,0,unknown,insufficient_clinical_evidence,0.84,moderate,0,0,1,folate,FOLATE_MISSING
P000070,B6_deficiency,0.0119263169892983,0,unknown,insufficient_clinical_evidence,0.84,moderate,0,0,1,vitamin_B6,B6_NO_VALIDATED_RULE
P000070,copper_deficiency,9.269793200729096e-05,0,unknown,insufficient_clinical_evidence,0.84,moderate,0,0,2,copper|ceruloplasmin,COPPER_NO_VALIDATED_RULE
P000070,inflammation_anemia,0.0017468532646281,0,against,agree_negative,0.9982531467353719,high,0,1,0,CRP,INFLAMMATION_NO_ANEMIA
P000071,iron_deficiency,0.9999932958278512,1,supports,agree_positive,0.9999932958278512,high,4,0,1,Ret_He|sTfR,IRON_MULTIPLE_SUPPORT
P000071,B12_deficiency,0.0001328052154606,0,unknown,insufficient_clinical_evidence,0.84,moderate,0,0,4,MMA|homocysteine,B12_TOTAL_NOT_LOW_BUT_NOT_EXCLUSION
P000071,folate_deficiency,0.0230216657259109,0,unknown,insufficient_clinical_evidence,0.84,moderate,0,0,1,folate,FOLATE_MISSING
P000071,B6_deficiency,0.0016951108442544,0,unknown,insufficient_clinical_evidence,0.84,moderate,0,0,1,vitamin_B6,B6_NO_VALIDATED_RULE
P000071,copper_deficiency,0.0010540293189789,0,unknown,insufficient_clinical_evidence,0.84,moderate,0,0,2,copper,COPPER_NO_VALIDATED_RULE
P000071,inflammation_anemia,7.777300925673498e-05,0,unknown,insufficient_clinical_evidence,0.84,moderate,1,2,1,sTfR,INFLAMMATION_INCOMPLETE_OR_MIXED
P000072,iron_deficiency,2.2047883693951088e-05,0,against,agree_negative,0.999977952116306,high,0,2,3,TSAT|sTfR,IRON_MULTIPLE_AGAINST
P000072,B12_deficiency,0.0004736817991476,0,unknown,insufficient_clinical_evidence,0.84,moderate,0,0,4,vitamin_B12|active_B12|homocysteine,B12_NO_TOTAL_B12
P000072,folate_deficiency,0.0960862779734549,0,unknown,insufficient_clinical_evidence,0.84,moderate,0,0,1,folate,FOLATE_MISSING
P000072,B6_deficiency,0.0006199203142404,0,unknown,insufficient_clinical_evidence,0.84,moderate,0,0,1,vitamin_B6,B6_NO_VALIDATED_RULE
P000072,copper_deficiency,0.0042821718180531,0,unknown,insufficient_clinical_evidence,0.84,moderate,0,0,2,copper|ceruloplasmin,COPPER_NO_VALIDATED_RULE
P000072,inflammation_anemia,5.335781159526264e-05,0,against,agree_negative,0.9999466421884048,high,0,1,0,CRP|serum_iron|TIBC|TSAT|sTfR,INFLAMMATION_NO_ANEMIA
P000073,iron_deficiency,0.0002519268255114,0,against,agree_negative,0.9997480731744885,high,0,2,3,ferritin|Ret_He|sTfR,IRON_MULTIPLE_AGAINST
P000073,B12_deficiency,0.9993076853067656,1,supports,agree_positive,0.9993076853067656,high,1,0,3,active_B12|MMA|homocysteine,B12_LOW_TOTAL
P000073,folate_deficiency,0.983357500553403,1,supports,agree_positive,0.983357500553403,high,1,0,0,,FOLATE_LOW
P000073,B6_deficiency,0.0023900321264257,0,unknown,insufficient_clinical_evidence,0.84,moderate,0,0,1,,B6_NO_VALIDATED_RULE
P000073,copper_deficiency,0.0078327607410283,0,unknown,insufficient_clinical_evidence,0.84,moderate,0,0,2,copper|ceruloplasmin,COPPER_NO_VALIDATED_RULE
P000073,inflammation_anemia,0.0009848192394377,0,unknown,insufficient_clinical_evidence,0.84,moderate,1,1,2,CRP|ferritin|sTfR,INFLAMMATION_INCOMPLETE_OR_MIXED
P000074,iron_deficiency,0.9997557871136928,1,supports,agree_positive,0.9997557871136928,high,4,0,1,sTfR,IRON_MULTIPLE_SUPPORT
P000074,B12_deficiency,0.0007088841032939,0,unknown,insufficient_clinical_evidence,0.84,moderate,0,0,4,vitamin_B12|active_B12|MMA|homocysteine,B12_NO_TOTAL_B12
P000074,folate_deficiency,0.0187801761487574,0,unknown,insufficient_clinical_evidence,0.84,moderate,0,0,1,,FOLATE_BORDERLINE
P000074,B6_deficiency,0.0005709454308181,0,unknown,insufficient_clinical_evidence,0.84,moderate,0,0,1,vitamin_B6,B6_NO_VALIDATED_RULE
P000074,copper_deficiency,0.0049720357035641,0,unknown,insufficient_clinical_evidence,0.84,moderate,0,0,2,copper|ceruloplasmin,COPPER_NO_VALIDATED_RULE
P000074,inflammation_anemia,7.03412712641754e-05,0,against,agree_negative,0.9999296587287358,high,0,1,0,CRP|sTfR,INFLAMMATION_NO_ANEMIA
P000075,iron_deficiency,0.0004713368002862,0,unknown,insufficient_clinical_evidence,0.84,moderate,1,4,0,sTfR,IRON_INSUFFICIENT_OR_MIXED
P000075,B12_deficiency,0.9998850045663448,1,unknown,insufficient_clinical_evidence,0.84,moderate,0,0,4,active_B12|homocysteine,B12_TOTAL_NOT_LOW_BUT_NOT_EXCLUSION
P000075,folate_deficiency,0.0651575901111889,0,unknown,insufficient_clinical_evidence,0.84,moderate,0,0,1,folate,FOLATE_MISSING
P000075,B6_deficiency,0.0096418542854756,0,unknown,insufficient_clinical_evidence,0.84,moderate,0,0,1,vitamin_B6,B6_NO_VALIDATED_RULE
P000075,copper_deficiency,0.000422936928057,0,unknown,insufficient_clinical_evidence,0.84,moderate,0,0,2,copper|ceruloplasmin,COPPER_NO_VALIDATED_RULE
P000075,inflammation_anemia,0.0086826196000104,0,unknown,insufficient_clinical_evidence,0.84,moderate,1,2,1,sTfR,INFLAMMATION_INCOMPLETE_OR_MIXED
P000076,iron_deficiency,0.999825445102019,1,supports,agree_positive,0.999825445102019,high,3,2,0,sTfR,IRON_MULTIPLE_SUPPORT
P000076,B12_deficiency,0.0003186076340294,0,unknown,insufficient_clinical_evidence,0.84,moderate,0,0,4,active_B12|MMA|homocysteine,B12_TOTAL_NOT_LOW_BUT_NOT_EXCLUSION
P000076,folate_deficiency,0.0037926154329785,0,against,agree_negative,0.9962073845670215,high,0,1,0,,FOLATE_NOT_LOW
P000076,B6_deficiency,0.0034123791118245,0,unknown,insufficient_clinical_evidence,0.84,moderate,0,0,1,vitamin_B6,B6_NO_VALIDATED_RULE
P000076,copper_deficiency,0.0002169207866037,0,unknown,insufficient_clinical_evidence,0.84,moderate,0,0,2,copper|ceruloplasmin,COPPER_NO_VALIDATED_RULE
P000076,inflammation_anemia,8.374622309989645e-05,0,unknown,insufficient_clinical_evidence,0.84,moderate,1,2,1,CRP|sTfR,INFLAMMATION_INCOMPLETE_OR_MIXED
P000077,iron_deficiency,0.9999721576720628,1,supports,agree_positive,0.9999721576720628,high,3,0,2,Ret_He,IRON_MULTIPLE_SUPPORT
P000077,B12_deficiency,0.0034921349195791,0,unknown,insufficient_clinical_evidence,0.84,moderate,0,0,4,vitamin_B12|active_B12|MMA|homocysteine,B12_NO_TOTAL_B12
P000077,folate_deficiency,0.1832706087566257,0,unknown,insufficient_clinical_evidence,0.8167293912433743,moderate,0,0,1,,FOLATE_BORDERLINE
P000077,B6_deficiency,0.0007437379296727,0,unknown,insufficient_clinical_evidence,0.84,moderate,0,0,1,vitamin_B6,B6_NO_VALIDATED_RULE
P000077,copper_deficiency,3.961715714635317e-05,0,unknown,insufficient_clinical_evidence,0.84,moderate,0,0,2,copper|ceruloplasmin,COPPER_NO_VALIDATED_RULE
P000077,inflammation_anemia,2.7551187699013607e-05,0,against,agree_negative,0.999972448812301,high,0,1,0,CRP,INFLAMMATION_NO_ANEMIA
P000078,iron_deficiency,0.0005871267208822,0,against,agree_negative,0.9994128732791178,high,0,3,2,ferritin,IRON_MULTIPLE_AGAINST
P000078,B12_deficiency,0.0029708985227182,0,unknown,insufficient_clinical_evidence,0.84,moderate,0,0,4,active_B12,B12_TOTAL_NOT_LOW_BUT_NOT_EXCLUSION
P000078,folate_deficiency,0.0029363503533572,0,unknown,insufficient_clinical_evidence,0.84,moderate,0,0,1,folate,FOLATE_MISSING
P000078,B6_deficiency,0.0094688412633278,0,unknown,insufficient_clinical_evidence,0.84,moderate,0,0,1,vitamin_B6,B6_NO_VALIDATED_RULE
P000078,copper_deficiency,0.0035004306489737,0,unknown,insufficient_clinical_evidence,0.84,moderate,0,0,2,copper|ceruloplasmin,COPPER_NO_VALIDATED_RULE
P000078,inflammation_anemia,7.443913225567955e-05,0,against,agree_negative,0.9999255608677443,high,0,1,0,ferritin,INFLAMMATION_NO_ANEMIA
P000079,iron_deficiency,0.9999919891698912,1,supports,agree_positive,0.9999919891698912,high,5,0,0,sTfR,IRON_MULTIPLE_SUPPORT
P000079,B12_deficiency,0.9998126229542692,1,supports,agree_positive,0.9998126229542692,high,1,0,3,homocysteine,B12_LOW_TOTAL
P000079,folate_deficiency,0.1524390064844588,0,supports,conflict_ml_negative_rule_supports,0.64,low,1,0,0,homocysteine,FOLATE_LOW
P000079,B6_deficiency,0.0005321674595574,0,unknown,insufficient_clinical_evidence,0.84,moderate,0,0,1,vitamin_B6,B6_NO_VALIDATED_RULE
P000079,copper_deficiency,0.0342113282337062,0,unknown,insufficient_clinical_evidence,0.84,moderate,0,0,2,copper,COPPER_NO_VALIDATED_RULE
P000079,inflammation_anemia,4.9548747813799925e-05,0,unknown,insufficient_clinical_evidence,0.84,moderate,1,2,1,sTfR,INFLAMMATION_INCOMPLETE_OR_MIXED
P000080,iron_deficiency,0.9995695534840088,1,unknown,insufficient_clinical_evidence,0.84,moderate,1,3,1,sTfR,IRON_INSUFFICIENT_OR_MIXED
P000080,B12_deficiency,0.001498292407554,0,unknown,insufficient_clinical_evidence,0.84,moderate,0,0,4,vitamin_B12|MMA|homocysteine,B12_NO_TOTAL_B12
P000080,folate_deficiency,0.0175326074640818,0,unknown,insufficient_clinical_evidence,0.84,moderate,0,0,1,folate,FOLATE_MISSING
P000080,B6_deficiency,0.0041661258159356,0,unknown,insufficient_clinical_evidence,0.84,moderate,0,0,1,vitamin_B6,B6_NO_VALIDATED_RULE
P000080,copper_deficiency,0.0005615050701317,0,unknown,insufficient_clinical_evidence,0.84,moderate,0,0,2,copper|ceruloplasmin,COPPER_NO_VALIDATED_RULE
P000080,inflammation_anemia,4.523782787733873e-05,0,unknown,insufficient_clinical_evidence,0.84,moderate,2,1,1,sTfR,INFLAMMATION_INCOMPLETE_OR_MIXED
P000081,iron_deficiency,0.9999696950968464,1,supports,agree_positive,0.9999696950968464,high,3,0,2,Ret_He|sTfR,IRON_MULTIPLE_SUPPORT
P000081,B12_deficiency,2.075947495783229e-05,0,unknown,insufficient_clinical_evidence,0.84,moderate,0,0,4,MMA|homocysteine,B12_TOTAL_NOT_LOW_BUT_NOT_EXCLUSION
P000081,folate_deficiency,0.0319551173448423,0,unknown,insufficient_clinical_evidence,0.84,moderate,0,0,1,folate,FOLATE_MISSING
P000081,B6_deficiency,0.001827912496425,0,unknown,insufficient_clinical_evidence,0.84,moderate,0,0,1,vitamin_B6,B6_NO_VALIDATED_RULE
P000081,copper_deficiency,0.0001342448777423,0,unknown,insufficient_clinical_evidence,0.84,moderate,0,0,2,copper|ceruloplasmin,COPPER_NO_VALIDATED_RULE
P000081,inflammation_anemia,0.0009563298556382,0,unknown,insufficient_clinical_evidence,0.84,moderate,2,1,1,sTfR,INFLAMMATION_INCOMPLETE_OR_MIXED
P000082,iron_deficiency,0.999962338168517,1,supports,agree_positive,0.999962338168517,high,4,0,1,Ret_He|sTfR,IRON_MULTIPLE_SUPPORT
P000082,B12_deficiency,0.0001682419350525,0,unknown,insufficient_clinical_evidence,0.84,moderate,0,0,4,active_B12|MMA|homocysteine,B12_TOTAL_NOT_LOW_BUT_NOT_EXCLUSION
P000082,folate_deficiency,0.9180968494461146,1,supports,agree_positive,0.9180968494461146,high,1,0,0,,FOLATE_LOW
P000082,B6_deficiency,0.0045022656921905,0,unknown,insufficient_clinical_evidence,0.84,moderate,0,0,1,vitamin_B6,B6_NO_VALIDATED_RULE
P000082,copper_deficiency,0.0056931690425094,0,unknown,insufficient_clinical_evidence,0.84,moderate,0,0,2,copper|ceruloplasmin,COPPER_NO_VALIDATED_RULE
P000082,inflammation_anemia,0.0001422165755352,0,unknown,insufficient_clinical_evidence,0.84,moderate,1,2,1,CRP|sTfR,INFLAMMATION_INCOMPLETE_OR_MIXED
P000083,iron_deficiency,0.999478091513047,1,supports,agree_positive,0.999478091513047,high,3,0,2,ferritin|Ret_He,IRON_MULTIPLE_SUPPORT
P000083,B12_deficiency,0.9054585717830212,1,unknown,insufficient_clinical_evidence,0.84,moderate,0,0,4,active_B12|MMA|homocysteine,B12_TOTAL_NOT_LOW_BUT_NOT_EXCLUSION
P000083,folate_deficiency,0.1131856052776866,0,unknown,insufficient_clinical_evidence,0.84,moderate,0,0,1,folate,FOLATE_MISSING
P000083,B6_deficiency,0.0003474244875284,0,unknown,insufficient_clinical_evidence,0.84,moderate,0,0,1,vitamin_B6,B6_NO_VALIDATED_RULE
P000083,copper_deficiency,0.0006557589058568,0,unknown,insufficient_clinical_evidence,0.84,moderate,0,0,2,copper|ceruloplasmin,COPPER_NO_VALIDATED_RULE
P000083,inflammation_anemia,8.334679108042674e-06,0,unknown,insufficient_clinical_evidence,0.84,moderate,1,1,2,ferritin,INFLAMMATION_INCOMPLETE_OR_MIXED
P000084,iron_deficiency,5.413560873325023e-05,0,against,agree_negative,0.9999458643912668,high,0,3,2,ferritin,IRON_MULTIPLE_AGAINST
P000084,B12_deficiency,0.0001013580026935,0,unknown,insufficient_clinical_evidence,0.84,moderate,0,0,4,active_B12|MMA,B12_TOTAL_NOT_LOW_BUT_NOT_EXCLUSION
P000084,folate_deficiency,0.0250705203428988,0,unknown,insufficient_clinical_evidence,0.84,moderate,0,0,1,folate,FOLATE_MISSING
P000084,B6_deficiency,0.0408985563826367,0,unknown,insufficient_clinical_evidence,0.84,moderate,0,0,1,,B6_NO_VALIDATED_RULE
P000084,copper_deficiency,0.0016435075118217,0,unknown,insufficient_clinical_evidence,0.84,moderate,0,0,2,copper|ceruloplasmin,COPPER_NO_VALIDATED_RULE
P000084,inflammation_anemia,4.800021583393533e-05,0,unknown,insufficient_clinical_evidence,0.84,moderate,1,1,2,ferritin,INFLAMMATION_INCOMPLETE_OR_MIXED
P000085,iron_deficiency,0.0095623038068596,0,unknown,insufficient_clinical_evidence,0.84,moderate,0,0,5,ferritin|TSAT|Ret_He|sTfR,IRON_INSUFFICIENT_OR_MIXED
P000085,B12_deficiency,0.0034302001002501,0,unknown,insufficient_clinical_evidence,0.84,moderate,0,0,4,vitamin_B12|active_B12|MMA|homocysteine,B12_NO_TOTAL_B12
P000085,folate_deficiency,0.001611120768725,0,against,agree_negative,0.998388879231275,high,0,1,0,,FOLATE_NOT_LOW
P000085,B6_deficiency,0.0155480682344621,0,unknown,insufficient_clinical_evidence,0.84,moderate,0,0,1,vitamin_B6,B6_NO_VALIDATED_RULE
P000085,copper_deficiency,0.0001994195729331,0,unknown,insufficient_clinical_evidence,0.84,moderate,0,0,2,copper|ceruloplasmin,COPPER_NO_VALIDATED_RULE
P000085,inflammation_anemia,0.9458273287678338,1,unknown,insufficient_clinical_evidence,0.84,moderate,0,0,4,ferritin|serum_iron|TIBC|TSAT|sTfR,INFLAMMATION_INCOMPLETE_OR_MIXED
P000086,iron_deficiency,0.000482827378707,0,unknown,insufficient_clinical_evidence,0.84,moderate,0,1,4,TSAT|Ret_He|sTfR,IRON_INSUFFICIENT_OR_MIXED
P000086,B12_deficiency,0.0039624249572252,0,unknown,insufficient_clinical_evidence,0.84,moderate,0,0,4,vitamin_B12|active_B12|MMA|homocysteine,B12_NO_TOTAL_B12
P000086,folate_deficiency,0.1208975173103788,0,unknown,insufficient_clinical_evidence,0.84,moderate,0,0,1,,FOLATE_BORDERLINE
P000086,B6_deficiency,0.0006052749106779,0,unknown,insufficient_clinical_evidence,0.84,moderate,0,0,1,vitamin_B6,B6_NO_VALIDATED_RULE
P000086,copper_deficiency,0.0001247474151729,0,unknown,insufficient_clinical_evidence,0.84,moderate,0,0,2,copper|ceruloplasmin,COPPER_NO_VALIDATED_RULE
P000086,inflammation_anemia,0.0003079936784052,0,against,agree_negative,0.9996920063215948,high,0,1,0,CRP|serum_iron|TIBC|TSAT|sTfR,INFLAMMATION_NO_ANEMIA
P000087,iron_deficiency,0.9999305761216348,1,supports,agree_positive,0.9999305761216348,high,3,1,1,,IRON_MULTIPLE_SUPPORT
P000087,B12_deficiency,0.9947156479618032,1,supports,agree_positive,0.9947156479618032,high,1,0,3,MMA,B12_LOW_TOTAL
P000087,folate_deficiency,0.0166386237985788,0,unknown,insufficient_clinical_evidence,0.84,moderate,0,0,1,folate,FOLATE_MISSING
P000087,B6_deficiency,0.0024587372437306,0,unknown,insufficient_clinical_evidence,0.84,moderate,0,0,1,vitamin_B6,B6_NO_VALIDATED_RULE
P000087,copper_deficiency,0.008012778537808,0,unknown,insufficient_clinical_evidence,0.84,moderate,0,0,2,copper|ceruloplasmin,COPPER_NO_VALIDATED_RULE
P000087,inflammation_anemia,9.257474000862552e-05,0,unknown,insufficient_clinical_evidence,0.84,moderate,1,2,1,,INFLAMMATION_INCOMPLETE_OR_MIXED
P000088,iron_deficiency,0.0004551904913803,0,unknown,insufficient_clinical_evidence,0.84,moderate,0,1,4,TSAT|Ret_He|sTfR,IRON_INSUFFICIENT_OR_MIXED
P000088,B12_deficiency,0.0017716626186746,0,unknown,insufficient_clinical_evidence,0.84,moderate,0,0,4,,B12_TOTAL_NOT_LOW_BUT_NOT_EXCLUSION
P000088,folate_deficiency,0.0006119218533095,0,against,agree_negative,0.9993880781466905,high,0,1,0,,FOLATE_NOT_LOW
P000088,B6_deficiency,0.0096489590982172,0,unknown,insufficient_clinical_evidence,0.84,moderate,0,0,1,vitamin_B6,B6_NO_VALIDATED_RULE
P000088,copper_deficiency,0.0114574330398914,0,unknown,insufficient_clinical_evidence,0.84,moderate,0,0,2,copper|ceruloplasmin,COPPER_NO_VALIDATED_RULE
P000088,inflammation_anemia,0.0001971524033895,0,unknown,insufficient_clinical_evidence,0.84,moderate,1,0,3,serum_iron|TIBC|TSAT|sTfR,INFLAMMATION_INCOMPLETE_OR_MIXED
P000089,iron_deficiency,0.9999838208657568,1,supports,agree_positive,0.9999838208657568,high,3,0,2,Ret_He|sTfR,IRON_MULTIPLE_SUPPORT
P000089,B12_deficiency,6.876964820859664e-05,0,unknown,insufficient_clinical_evidence,0.84,moderate,0,0,4,active_B12|MMA|homocysteine,B12_TOTAL_NOT_LOW_BUT_NOT_EXCLUSION
P000089,folate_deficiency,0.0112436350516201,0,unknown,insufficient_clinical_evidence,0.84,moderate,0,0,1,folate,FOLATE_MISSING
P000089,B6_deficiency,0.0042535864728237,0,unknown,insufficient_clinical_evidence,0.84,moderate,0,0,1,vitamin_B6,B6_NO_VALIDATED_RULE
P000089,copper_deficiency,1.312120211067728e-05,0,unknown,insufficient_clinical_evidence,0.84,moderate,0,0,2,copper|ceruloplasmin,COPPER_NO_VALIDATED_RULE
P000089,inflammation_anemia,0.0357606534069552,0,unknown,insufficient_clinical_evidence,0.84,moderate,2,1,1,sTfR,INFLAMMATION_INCOMPLETE_OR_MIXED
P000090,iron_deficiency,0.0075454421878024,0,unknown,insufficient_clinical_evidence,0.84,moderate,0,1,4,TSAT|Ret_He|sTfR,IRON_INSUFFICIENT_OR_MIXED
P000090,B12_deficiency,0.0043973704262016,0,unknown,insufficient_clinical_evidence,0.84,moderate,0,0,4,vitamin_B12|active_B12|MMA|homocysteine,B12_NO_TOTAL_B12
P000090,folate_deficiency,0.0043347918858327,0,unknown,insufficient_clinical_evidence,0.84,moderate,0,0,1,,FOLATE_BORDERLINE
P000090,B6_deficiency,0.0017184835400029,0,unknown,insufficient_clinical_evidence,0.84,moderate,0,0,1,vitamin_B6,B6_NO_VALIDATED_RULE
P000090,copper_deficiency,0.0001230514015954,0,unknown,insufficient_clinical_evidence,0.84,moderate,0,0,2,copper|ceruloplasmin,COPPER_NO_VALIDATED_RULE
P000090,inflammation_anemia,0.0001775020441019,0,against,agree_negative,0.9998224979558981,high,0,1,0,CRP|serum_iron|TIBC|TSAT|sTfR,INFLAMMATION_NO_ANEMIA
P000091,iron_deficiency,0.0230957326696294,0,supports,conflict_ml_negative_rule_supports,0.64,low,2,2,1,Ret_He|sTfR,IRON_MULTIPLE_SUPPORT
P000091,B12_deficiency,0.0003710728445342,0,unknown,insufficient_clinical_evidence,0.84,moderate,0,0,4,vitamin_B12|homocysteine,B12_NO_TOTAL_B12
P000091,folate_deficiency,0.0020469129021555,0,against,agree_negative,0.9979530870978445,high,0,1,0,,FOLATE_NOT_LOW
P000091,B6_deficiency,0.0428192394251757,0,unknown,insufficient_clinical_evidence,0.84,moderate,0,0,1,vitamin_B6,B6_NO_VALIDATED_RULE
P000091,copper_deficiency,0.0029936134956549,0,unknown,insufficient_clinical_evidence,0.84,moderate,0,0,2,copper|ceruloplasmin,COPPER_NO_VALIDATED_RULE
P000091,inflammation_anemia,0.9986070752733084,1,supports,agree_positive,0.9986070752733084,high,3,0,1,sTfR,INFLAMMATION_PATTERN_SUPPORT
P000092,iron_deficiency,0.0001030997736885,0,against,agree_negative,0.9998969002263115,high,0,2,3,ferritin|Ret_He|sTfR,IRON_MULTIPLE_AGAINST
P000092,B12_deficiency,0.0027389992210585,0,unknown,insufficient_clinical_evidence,0.84,moderate,0,0,4,vitamin_B12|active_B12|MMA,B12_NO_TOTAL_B12
P000092,folate_deficiency,0.3371230734921383,0,unknown,insufficient_clinical_evidence,0.6628769265078617,moderate,0,0,1,,FOLATE_BORDERLINE
P000092,B6_deficiency,0.0020207773295109,0,unknown,insufficient_clinical_evidence,0.84,moderate,0,0,1,vitamin_B6,B6_NO_VALIDATED_RULE
P000092,copper_deficiency,0.0014865094929811,0,unknown,insufficient_clinical_evidence,0.84,moderate,0,0,2,copper|ceruloplasmin,COPPER_NO_VALIDATED_RULE
P000092,inflammation_anemia,0.0019469680457854,0,against,agree_negative,0.9980530319542146,high,0,1,0,CRP|ferritin|sTfR,INFLAMMATION_NO_ANEMIA
P000093,iron_deficiency,0.000481577569182,0,against,agree_negative,0.999518422430818,high,0,2,3,ferritin|Ret_He|sTfR,IRON_MULTIPLE_AGAINST
P000093,B12_deficiency,7.567874363395699e-05,0,unknown,insufficient_clinical_evidence,0.84,moderate,0,0,4,vitamin_B12|MMA,B12_NO_TOTAL_B12
P000093,folate_deficiency,0.0023327807274308,0,unknown,insufficient_clinical_evidence,0.84,moderate,0,0,1,folate,FOLATE_MISSING
P000093,B6_deficiency,0.0010631360670419,0,unknown,insufficient_clinical_evidence,0.84,moderate,0,0,1,vitamin_B6,B6_NO_VALIDATED_RULE
P000093,copper_deficiency,6.679156643858672e-11,0,unknown,insufficient_clinical_evidence,0.84,moderate,0,0,2,copper|ceruloplasmin,COPPER_NO_VALIDATED_RULE
P000093,inflammation_anemia,5.9675020949446e-06,0,against,agree_negative,0.9999940324979051,high,0,1,0,CRP|ferritin|sTfR,INFLAMMATION_NO_ANEMIA
P000094,iron_deficiency,0.9999961730609326,1,supports,agree_positive,0.9999961730609326,high,4,0,1,sTfR,IRON_MULTIPLE_SUPPORT
P000094,B12_deficiency,0.1376475993912004,0,unknown,insufficient_clinical_evidence,0.84,moderate,0,0,4,active_B12|MMA,B12_TOTAL_NOT_LOW_BUT_NOT_EXCLUSION
P000094,folate_deficiency,0.9281411192820364,1,supports,agree_positive,0.9281411192820364,high,1,0,0,,FOLATE_LOW
P000094,B6_deficiency,0.0003677289884936,0,unknown,insufficient_clinical_evidence,0.84,moderate,0,0,1,vitamin_B6,B6_NO_VALIDATED_RULE
P000094,copper_deficiency,0.0066627025242153,0,unknown,insufficient_clinical_evidence,0.84,moderate,0,0,2,copper|ceruloplasmin,COPPER_NO_VALIDATED_RULE
P000094,inflammation_anemia,4.795911126251723e-05,0,unknown,insufficient_clinical_evidence,0.84,moderate,2,1,1,sTfR,INFLAMMATION_INCOMPLETE_OR_MIXED
P000095,iron_deficiency,0.0063418093050303,0,against,agree_negative,0.9936581906949697,high,0,2,3,ferritin|Ret_He|sTfR,IRON_MULTIPLE_AGAINST
P000095,B12_deficiency,0.0005514704584636,0,unknown,insufficient_clinical_evidence,0.84,moderate,0,0,4,vitamin_B12|MMA|homocysteine,B12_NO_TOTAL_B12
P000095,folate_deficiency,0.0696594013472716,0,unknown,insufficient_clinical_evidence,0.84,moderate,0,0,1,,FOLATE_BORDERLINE
P000095,B6_deficiency,0.6725364851627063,1,unknown,insufficient_clinical_evidence,0.6725364851627063,moderate,0,0,1,,B6_NO_VALIDATED_RULE
P000095,copper_deficiency,0.0006360196168662,0,unknown,insufficient_clinical_evidence,0.84,moderate,0,0,2,copper|ceruloplasmin,COPPER_NO_VALIDATED_RULE
P000095,inflammation_anemia,0.0010011898946618,0,against,agree_negative,0.9989988101053382,high,0,1,0,CRP|ferritin|sTfR,INFLAMMATION_NO_ANEMIA
P000096,iron_deficiency,0.9999876703537904,1,supports,agree_positive,0.9999876703537904,high,5,0,0,sTfR,IRON_MULTIPLE_SUPPORT
P000096,B12_deficiency,0.9889417501035612,1,unknown,insufficient_clinical_evidence,0.84,moderate,0,0,4,active_B12|MMA,B12_TOTAL_NOT_LOW_BUT_NOT_EXCLUSION
P000096,folate_deficiency,0.0858184200537764,0,unknown,insufficient_clinical_evidence,0.84,moderate,0,0,1,folate,FOLATE_MISSING
P000096,B6_deficiency,0.0029217120996107,0,unknown,insufficient_clinical_evidence,0.84,moderate,0,0,1,vitamin_B6,B6_NO_VALIDATED_RULE
P000096,copper_deficiency,3.625706843623945e-05,0,unknown,insufficient_clinical_evidence,0.84,moderate,0,0,2,copper|ceruloplasmin,COPPER_NO_VALIDATED_RULE
P000096,inflammation_anemia,0.0001555887196595,0,unknown,insufficient_clinical_evidence,0.84,moderate,1,2,1,CRP|sTfR,INFLAMMATION_INCOMPLETE_OR_MIXED
P000097,iron_deficiency,0.999972303406516,1,supports,agree_positive,0.999972303406516,high,4,0,1,Ret_He|sTfR,IRON_MULTIPLE_SUPPORT
P000097,B12_deficiency,0.0062101432094864,0,unknown,insufficient_clinical_evidence,0.84,moderate,0,0,4,vitamin_B12|active_B12|MMA|homocysteine,B12_NO_TOTAL_B12
P000097,folate_deficiency,0.0283445919552723,0,unknown,insufficient_clinical_evidence,0.84,moderate,0,0,1,,FOLATE_BORDERLINE
P000097,B6_deficiency,0.0030304221578588,0,unknown,insufficient_clinical_evidence,0.84,moderate,0,0,1,vitamin_B6,B6_NO_VALIDATED_RULE
P000097,copper_deficiency,0.0021278501559445,0,unknown,insufficient_clinical_evidence,0.84,moderate,0,0,2,copper|ceruloplasmin,COPPER_NO_VALIDATED_RULE
P000097,inflammation_anemia,4.722602623113837e-05,0,unknown,insufficient_clinical_evidence,0.84,moderate,1,2,1,CRP|sTfR,INFLAMMATION_INCOMPLETE_OR_MIXED
P000098,iron_deficiency,0.9999826305985708,1,supports,agree_positive,0.9999826305985708,high,3,0,2,Ret_He|sTfR,IRON_MULTIPLE_SUPPORT
P000098,B12_deficiency,0.0010447047472988,0,unknown,insufficient_clinical_evidence,0.84,moderate,0,0,4,vitamin_B12|MMA|homocysteine,B12_NO_TOTAL_B12
P000098,folate_deficiency,0.0184276402601274,0,unknown,insufficient_clinical_evidence,0.84,moderate,0,0,1,folate,FOLATE_MISSING
P000098,B6_deficiency,0.0006924669848681,0,unknown,insufficient_clinical_evidence,0.84,moderate,0,0,1,vitamin_B6,B6_NO_VALIDATED_RULE
P000098,copper_deficiency,0.0001608070635747,0,unknown,insufficient_clinical_evidence,0.84,moderate,0,0,2,copper|ceruloplasmin,COPPER_NO_VALIDATED_RULE
P000098,inflammation_anemia,1.3154504459393074e-05,0,against,agree_negative,0.9999868454955406,high,0,1,0,CRP|sTfR,INFLAMMATION_NO_ANEMIA
P000099,iron_deficiency,0.9850840607796126,1,unknown,insufficient_clinical_evidence,0.84,moderate,0,1,4,TSAT|Ret_He,IRON_INSUFFICIENT_OR_MIXED
P000099,B12_deficiency,0.0019373254598485,0,unknown,insufficient_clinical_evidence,0.84,moderate,0,0,4,vitamin_B12|active_B12|MMA|homocysteine,B12_NO_TOTAL_B12
P000099,folate_deficiency,0.0455057677056492,0,unknown,insufficient_clinical_evidence,0.84,moderate,0,0,1,folate,FOLATE_MISSING
P000099,B6_deficiency,0.0162390945407224,0,unknown,insufficient_clinical_evidence,0.84,moderate,0,0,1,vitamin_B6,B6_NO_VALIDATED_RULE
P000099,copper_deficiency,9.863583492730966e-15,0,unknown,insufficient_clinical_evidence,0.84,moderate,0,0,2,ceruloplasmin,COPPER_NO_VALIDATED_RULE
P000099,inflammation_anemia,0.0002608132838627,0,unknown,insufficient_clinical_evidence,0.84,moderate,1,0,3,CRP|serum_iron|TIBC|TSAT,INFLAMMATION_INCOMPLETE_OR_MIXED
P000100,iron_deficiency,0.9999952648338116,1,supports,agree_positive,0.9999952648338116,high,4,0,1,sTfR,IRON_MULTIPLE_SUPPORT
P000100,B12_deficiency,1.2402958161686492e-05,0,unknown,insufficient_clinical_evidence,0.84,moderate,0,0,4,MMA|homocysteine,B12_TOTAL_NOT_LOW_BUT_NOT_EXCLUSION
P000100,folate_deficiency,0.0624613844207259,0,unknown,insufficient_clinical_evidence,0.84,moderate,0,0,1,folate,FOLATE_MISSING
P000100,B6_deficiency,0.0054752231644481,0,unknown,insufficient_clinical_evidence,0.84,moderate,0,0,1,vitamin_B6,B6_NO_VALIDATED_RULE
P000100,copper_deficiency,8.481014195753309e-05,0,unknown,insufficient_clinical_evidence,0.84,moderate,0,0,2,copper|ceruloplasmin,COPPER_NO_VALIDATED_RULE
P000100,inflammation_anemia,7.715405499074732e-05,0,unknown,insufficient_clinical_evidence,0.84,moderate,2,1,1,sTfR,INFLAMMATION_INCOMPLETE_OR_MIXED
P000101,iron_deficiency,8.421610696556815e-05,0,against,agree_negative,0.9999157838930345,high,0,3,2,Ret_He,IRON_MULTIPLE_AGAINST
P000101,B12_deficiency,0.0006944474582786,0,unknown,insufficient_clinical_evidence,0.84,moderate,0,0,4,MMA|homocysteine,B12_TOTAL_NOT_LOW_BUT_NOT_EXCLUSION
P000101,folate_deficiency,0.236741238241102,0,unknown,insufficient_clinical_evidence,0.763258761758898,moderate,0,0,1,,FOLATE_BORDERLINE
P000101,B6_deficiency,0.0047347064160167,0,unknown,insufficient_clinical_evidence,0.84,moderate,0,0,1,vitamin_B6,B6_NO_VALIDATED_RULE
P000101,copper_deficiency,0.9993166576461964,1,unknown,insufficient_clinical_evidence,0.84,moderate,0,0,2,,COPPER_NO_VALIDATED_RULE
P000101,inflammation_anemia,4.901212118516754e-05,0,unknown,insufficient_clinical_evidence,0.84,moderate,2,1,1,,INFLAMMATION_INCOMPLETE_OR_MIXED
P000102,iron_deficiency,0.0005383685840412,0,supports,conflict_ml_negative_rule_supports,0.64,low,3,1,1,CRP,IRON_MULTIPLE_SUPPORT
P000102,B12_deficiency,0.0002389291211641,0,unknown,insufficient_clinical_evidence,0.84,moderate,0,0,4,active_B12|MMA,B12_TOTAL_NOT_LOW_BUT_NOT_EXCLUSION
P000102,folate_deficiency,0.0023138116539958,0,against,agree_negative,0.9976861883460042,high,0,1,0,,FOLATE_NOT_LOW
P000102,B6_deficiency,0.0031885904807964,0,unknown,insufficient_clinical_evidence,0.84,moderate,0,0,1,vitamin_B6,B6_NO_VALIDATED_RULE
P000102,copper_deficiency,0.0304649910672129,0,unknown,insufficient_clinical_evidence,0.84,moderate,0,0,2,copper,COPPER_NO_VALIDATED_RULE
P000102,inflammation_anemia,0.0412225150805364,0,supports,conflict_ml_negative_rule_supports,0.64,low,3,0,1,CRP,INFLAMMATION_PATTERN_SUPPORT
P000103,iron_deficiency,0.9998592589153762,1,supports,agree_positive,0.9998592589153762,high,2,2,1,sTfR,IRON_MULTIPLE_SUPPORT
P000103,B12_deficiency,0.0001538400030582,0,unknown,insufficient_clinical_evidence,0.84,moderate,0,0,4,active_B12|MMA|homocysteine,B12_TOTAL_NOT_LOW_BUT_NOT_EXCLUSION
P000103,folate_deficiency,0.0103591995489699,0,unknown,insufficient_clinical_evidence,0.84,moderate,0,0,1,folate,FOLATE_MISSING
P000103,B6_deficiency,0.0075806207506423,0,unknown,insufficient_clinical_evidence,0.84,moderate,0,0,1,vitamin_B6,B6_NO_VALIDATED_RULE
P000103,copper_deficiency,4.527718105278679e-05,0,unknown,insufficient_clinical_evidence,0.84,moderate,0,0,2,copper|ceruloplasmin,COPPER_NO_VALIDATED_RULE
P000103,inflammation_anemia,0.0009927706329878,0,unknown,insufficient_clinical_evidence,0.84,moderate,2,1,1,sTfR,INFLAMMATION_INCOMPLETE_OR_MIXED
P000104,iron_deficiency,0.0001180609476757,0,against,agree_negative,0.9998819390523243,high,0,3,2,Ret_He|sTfR,IRON_MULTIPLE_AGAINST
P000104,B12_deficiency,0.0046692951514061,0,unknown,insufficient_clinical_evidence,0.84,moderate,0,0,4,vitamin_B12|active_B12|MMA|homocysteine,B12_NO_TOTAL_B12
P000104,folate_deficiency,0.2563748374788742,0,unknown,insufficient_clinical_evidence,0.7436251625211259,moderate,0,0,1,,FOLATE_BORDERLINE
P000104,B6_deficiency,0.0005744493097006,0,unknown,insufficient_clinical_evidence,0.84,moderate,0,0,1,vitamin_B6,B6_NO_VALIDATED_RULE
P000104,copper_deficiency,0.0002600770927818,0,unknown,insufficient_clinical_evidence,0.84,moderate,0,0,2,copper|ceruloplasmin,COPPER_NO_VALIDATED_RULE
P000104,inflammation_anemia,0.0001535701208708,0,against,agree_negative,0.9998464298791292,high,0,1,0,sTfR,INFLAMMATION_NO_ANEMIA
P000105,iron_deficiency,7.080172722514869e-05,0,unknown,insufficient_clinical_evidence,0.84,moderate,0,1,4,TSAT|Ret_He|sTfR,IRON_INSUFFICIENT_OR_MIXED
P000105,B12_deficiency,0.9997921520007524,1,unknown,insufficient_clinical_evidence,0.84,moderate,0,0,4,vitamin_B12|active_B12,B12_NO_TOTAL_B12
P000105,folate_deficiency,0.1716464289143873,0,unknown,insufficient_clinical_evidence,0.8283535710856127,moderate,0,0,1,folate,FOLATE_MISSING
P000105,B6_deficiency,0.0001867848004455,0,unknown,insufficient_clinical_evidence,0.84,moderate,0,0,1,vitamin_B6,B6_NO_VALIDATED_RULE
P000105,copper_deficiency,0.0003154446934864,0,unknown,insufficient_clinical_evidence,0.84,moderate,0,0,2,copper|ceruloplasmin,COPPER_NO_VALIDATED_RULE
P000105,inflammation_anemia,0.0005016714955395,0,unknown,insufficient_clinical_evidence,0.84,moderate,1,0,3,serum_iron|TIBC|TSAT|sTfR,INFLAMMATION_INCOMPLETE_OR_MIXED
P000106,iron_deficiency,0.000784320532514,0,unknown,insufficient_clinical_evidence,0.84,moderate,0,0,5,ferritin|TSAT|Ret_He|sTfR,IRON_INSUFFICIENT_OR_MIXED
P000106,B12_deficiency,0.2416323688028615,0,unknown,insufficient_clinical_evidence,0.7583676311971385,moderate,0,0,4,active_B12|MMA,B12_TOTAL_NOT_LOW_BUT_NOT_EXCLUSION
P000106,folate_deficiency,0.002919816682693,0,against,agree_negative,0.997080183317307,high,0,1,0,,FOLATE_NOT_LOW
P000106,B6_deficiency,0.0028329800055616,0,unknown,insufficient_clinical_evidence,0.84,moderate,0,0,1,vitamin_B6,B6_NO_VALIDATED_RULE
P000106,copper_deficiency,0.9997628798604116,1,unknown,insufficient_clinical_evidence,0.84,moderate,0,0,2,,COPPER_NO_VALIDATED_RULE
P000106,inflammation_anemia,2.3634870336184355e-05,0,against,agree_negative,0.9999763651296638,high,0,1,0,CRP|ferritin|serum_iron|TIBC|TSAT|sTfR,INFLAMMATION_NO_ANEMIA
P000107,iron_deficiency,0.0007865769692566,0,unknown,insufficient_clinical_evidence,0.84,moderate,0,0,5,ferritin|TSAT|Ret_He|sTfR,IRON_INSUFFICIENT_OR_MIXED
P000107,B12_deficiency,0.0505450641423426,0,unknown,insufficient_clinical_evidence,0.84,moderate,0,0,4,MMA|homocysteine,B12_TOTAL_NOT_LOW_BUT_NOT_EXCLUSION
P000107,folate_deficiency,0.1474466180881253,0,unknown,insufficient_clinical_evidence,0.84,moderate,0,0,1,folate,FOLATE_MISSING
P000107,B6_deficiency,0.0006164713815118,0,unknown,insufficient_clinical_evidence,0.84,moderate,0,0,1,vitamin_B6,B6_NO_VALIDATED_RULE
P000107,copper_deficiency,0.1985182506159116,1,unknown,insufficient_clinical_evidence,0.1985182506159116,low,0,0,2,copper,COPPER_NO_VALIDATED_RULE
P000107,inflammation_anemia,0.0052871298707515,0,unknown,insufficient_clinical_evidence,0.84,moderate,0,0,4,CRP|ferritin|serum_iron|TIBC|TSAT|sTfR,INFLAMMATION_INCOMPLETE_OR_MIXED
P000108,iron_deficiency,0.0001116523359054,0,against,agree_negative,0.9998883476640946,high,0,3,2,Ret_He|sTfR,IRON_MULTIPLE_AGAINST
P000108,B12_deficiency,0.005964425373414,0,unknown,insufficient_clinical_evidence,0.84,moderate,0,0,4,active_B12|MMA,B12_TOTAL_NOT_LOW_BUT_NOT_EXCLUSION
P000108,folate_deficiency,0.9779234301439284,1,supports,agree_positive,0.9779234301439284,high,1,0,0,,FOLATE_LOW
P000108,B6_deficiency,0.0113354266595729,0,unknown,insufficient_clinical_evidence,0.84,moderate,0,0,1,vitamin_B6,B6_NO_VALIDATED_RULE
P000108,copper_deficiency,0.0093563435702275,0,unknown,insufficient_clinical_evidence,0.84,moderate,0,0,2,copper|ceruloplasmin,COPPER_NO_VALIDATED_RULE
P000108,inflammation_anemia,7.386934284556789e-05,0,unknown,insufficient_clinical_evidence,0.84,moderate,2,1,1,sTfR,INFLAMMATION_INCOMPLETE_OR_MIXED
P000109,iron_deficiency,0.0056447808930405,0,unknown,insufficient_clinical_evidence,0.84,moderate,0,0,5,ferritin|TSAT|Ret_He|sTfR,IRON_INSUFFICIENT_OR_MIXED
P000109,B12_deficiency,0.0003115493363379,0,unknown,insufficient_clinical_evidence,0.84,moderate,0,0,4,active_B12|MMA|homocysteine,B12_TOTAL_NOT_LOW_BUT_NOT_EXCLUSION
P000109,folate_deficiency,0.0355580959516254,0,unknown,insufficient_clinical_evidence,0.84,moderate,0,0,1,folate,FOLATE_MISSING
P000109,B6_deficiency,0.0009786980789361,0,unknown,insufficient_clinical_evidence,0.84,moderate,0,0,1,vitamin_B6,B6_NO_VALIDATED_RULE
P000109,copper_deficiency,0.0001421694609139,0,unknown,insufficient_clinical_evidence,0.84,moderate,0,0,2,copper|ceruloplasmin,COPPER_NO_VALIDATED_RULE
P000109,inflammation_anemia,0.0011267680278811,0,against,agree_negative,0.9988732319721189,high,0,1,0,CRP|ferritin|serum_iron|TIBC|TSAT|sTfR,INFLAMMATION_NO_ANEMIA
P000110,iron_deficiency,0.0373982129710866,0,unknown,insufficient_clinical_evidence,0.84,moderate,0,0,5,ferritin|TSAT|Ret_He|sTfR,IRON_INSUFFICIENT_OR_MIXED
P000110,B12_deficiency,0.0452269590669063,0,unknown,insufficient_clinical_evidence,0.84,moderate,0,0,4,MMA|homocysteine,B12_TOTAL_NOT_LOW_BUT_NOT_EXCLUSION
P000110,folate_deficiency,0.0025292744873986,0,unknown,insufficient_clinical_evidence,0.84,moderate,0,0,1,folate,FOLATE_MISSING
P000110,B6_deficiency,0.0129269951908316,0,unknown,insufficient_clinical_evidence,0.84,moderate,0,0,1,vitamin_B6,B6_NO_VALIDATED_RULE
P000110,copper_deficiency,0.0037257399872989,0,unknown,insufficient_clinical_evidence,0.84,moderate,0,0,2,copper|ceruloplasmin,COPPER_NO_VALIDATED_RULE
P000110,inflammation_anemia,1.193967270876393e-05,0,against,agree_negative,0.9999880603272913,high,0,1,0,CRP|ferritin|serum_iron|TIBC|TSAT|sTfR,INFLAMMATION_NO_ANEMIA
P000111,iron_deficiency,0.0005961751106484,0,unknown,insufficient_clinical_evidence,0.84,moderate,0,0,5,ferritin|TSAT|Ret_He|sTfR,IRON_INSUFFICIENT_OR_MIXED
P000111,B12_deficiency,0.0001350995871148,0,unknown,insufficient_clinical_evidence,0.84,moderate,0,0,4,MMA|homocysteine,B12_TOTAL_NOT_LOW_BUT_NOT_EXCLUSION
P000111,folate_deficiency,0.1263248855869696,0,unknown,insufficient_clinical_evidence,0.84,moderate,0,0,1,folate,FOLATE_MISSING
P000111,B6_deficiency,0.0026047381590608,0,unknown,insufficient_clinical_evidence,0.84,moderate,0,0,1,vitamin_B6,B6_NO_VALIDATED_RULE
P000111,copper_deficiency,3.08959205241333e-10,0,unknown,insufficient_clinical_evidence,0.84,moderate,0,0,2,copper|ceruloplasmin,COPPER_NO_VALIDATED_RULE
P000111,inflammation_anemia,4.723810272497151e-05,0,against,agree_negative,0.999952761897275,high,0,1,0,CRP|ferritin|serum_iron|TIBC|TSAT|sTfR,INFLAMMATION_NO_ANEMIA
P000112,iron_deficiency,0.9134315577978276,1,unknown,insufficient_clinical_evidence,0.84,moderate,1,1,3,TSAT,IRON_INSUFFICIENT_OR_MIXED
P000112,B12_deficiency,0.0009538450912212,0,unknown,insufficient_clinical_evidence,0.84,moderate,0,0,4,active_B12|MMA|homocysteine,B12_TOTAL_NOT_LOW_BUT_NOT_EXCLUSION
P000112,folate_deficiency,0.014793472870929,0,against,agree_negative,0.985206527129071,high,0,1,0,,FOLATE_NOT_LOW
P000112,B6_deficiency,0.000675373399928,0,unknown,insufficient_clinical_evidence,0.84,moderate,0,0,1,vitamin_B6,B6_NO_VALIDATED_RULE
P000112,copper_deficiency,0.0101393811032842,0,unknown,insufficient_clinical_evidence,0.84,moderate,0,0,2,copper|ceruloplasmin,COPPER_NO_VALIDATED_RULE
P000112,inflammation_anemia,0.0015037345407541,0,unknown,insufficient_clinical_evidence,0.84,moderate,1,0,3,CRP|serum_iron|TIBC|TSAT,INFLAMMATION_INCOMPLETE_OR_MIXED
P000113,iron_deficiency,0.999939996512968,1,supports,agree_positive,0.999939996512968,high,3,2,0,,IRON_MULTIPLE_SUPPORT
P000113,B12_deficiency,0.0024869091047886,0,unknown,insufficient_clinical_evidence,0.84,moderate,0,0,4,vitamin_B12|active_B12|homocysteine,B12_NO_TOTAL_B12
P000113,folate_deficiency,0.1663549884315846,0,unknown,insufficient_clinical_evidence,0.8336450115684154,moderate,0,0,1,,FOLATE_BORDERLINE
P000113,B6_deficiency,0.0007977467418107,0,unknown,insufficient_clinical_evidence,0.84,moderate,0,0,1,vitamin_B6,B6_NO_VALIDATED_RULE
P000113,copper_deficiency,0.0012847232391834,0,unknown,insufficient_clinical_evidence,0.84,moderate,0,0,2,copper|ceruloplasmin,COPPER_NO_VALIDATED_RULE
P000113,inflammation_anemia,3.706269392327602e-05,0,unknown,insufficient_clinical_evidence,0.84,moderate,1,2,1,CRP,INFLAMMATION_INCOMPLETE_OR_MIXED
P000114,iron_deficiency,0.0001644088678726,0,against,agree_negative,0.9998355911321274,high,0,3,2,Ret_He|sTfR,IRON_MULTIPLE_AGAINST
P000114,B12_deficiency,0.0077000951826058,0,unknown,insufficient_clinical_evidence,0.84,moderate,0,0,4,vitamin_B12|active_B12|MMA|homocysteine,B12_NO_TOTAL_B12
P000114,folate_deficiency,0.0004355745595041,0,against,agree_negative,0.999564425440496,high,0,1,0,,FOLATE_NOT_LOW
P000114,B6_deficiency,0.0049998199417002,0,unknown,insufficient_clinical_evidence,0.84,moderate,0,0,1,vitamin_B6,B6_NO_VALIDATED_RULE
P000114,copper_deficiency,0.0010440061042887,0,unknown,insufficient_clinical_evidence,0.84,moderate,0,0,2,copper|ceruloplasmin,COPPER_NO_VALIDATED_RULE
P000114,inflammation_anemia,0.0002050204109664,0,against,agree_negative,0.9997949795890336,high,0,1,0,sTfR,INFLAMMATION_NO_ANEMIA
P000115,iron_deficiency,0.0022215316421844,0,against,agree_negative,0.9977784683578156,high,0,2,3,Ret_He|sTfR,IRON_MULTIPLE_AGAINST
P000115,B12_deficiency,0.999915349197779,1,supports,agree_positive,0.999915349197779,high,1,0,3,active_B12,B12_LOW_TOTAL
P000115,folate_deficiency,0.004059749134492,0,against,agree_negative,0.995940250865508,high,0,1,0,,FOLATE_NOT_LOW
P000115,B6_deficiency,0.000174943597247,0,unknown,insufficient_clinical_evidence,0.84,moderate,0,0,1,vitamin_B6,B6_NO_VALIDATED_RULE
P000115,copper_deficiency,0.0380587990247768,0,unknown,insufficient_clinical_evidence,0.84,moderate,0,0,2,copper,COPPER_NO_VALIDATED_RULE
P000115,inflammation_anemia,0.0553875174636659,0,unknown,insufficient_clinical_evidence,0.84,moderate,2,1,1,sTfR,INFLAMMATION_INCOMPLETE_OR_MIXED
P000116,iron_deficiency,0.9999743223278352,1,supports,agree_positive,0.9999743223278352,high,5,0,0,sTfR,IRON_MULTIPLE_SUPPORT
P000116,B12_deficiency,0.9997474839550076,1,supports,agree_positive,0.9997474839550076,high,1,0,3,active_B12|MMA,B12_LOW_TOTAL
P000116,folate_deficiency,0.0032779792909533,0,against,agree_negative,0.9967220207090467,high,0,1,0,,FOLATE_NOT_LOW
P000116,B6_deficiency,0.0004733530593932,0,unknown,insufficient_clinical_evidence,0.84,moderate,0,0,1,vitamin_B6,B6_NO_VALIDATED_RULE
P000116,copper_deficiency,2.1754218281502117e-13,0,unknown,insufficient_clinical_evidence,0.84,moderate,0,0,2,copper|ceruloplasmin,COPPER_NO_VALIDATED_RULE
P000116,inflammation_anemia,0.0002766977189855,0,unknown,insufficient_clinical_evidence,0.84,moderate,1,2,1,CRP|sTfR,INFLAMMATION_INCOMPLETE_OR_MIXED
P000117,iron_deficiency,0.9984685522165644,1,supports,agree_positive,0.9984685522165644,high,3,2,0,sTfR,IRON_MULTIPLE_SUPPORT
P000117,B12_deficiency,0.0011263336492952,0,unknown,insufficient_clinical_evidence,0.84,moderate,0,0,4,MMA|homocysteine,B12_TOTAL_NOT_LOW_BUT_NOT_EXCLUSION
P000117,folate_deficiency,0.0078954703712216,0,against,agree_negative,0.9921045296287784,high,0,1,0,,FOLATE_NOT_LOW
P000117,B6_deficiency,0.0005625758412987,0,unknown,insufficient_clinical_evidence,0.84,moderate,0,0,1,vitamin_B6,B6_NO_VALIDATED_RULE
P000117,copper_deficiency,0.0042243447302263,0,unknown,insufficient_clinical_evidence,0.84,moderate,0,0,2,copper|ceruloplasmin,COPPER_NO_VALIDATED_RULE
P000117,inflammation_anemia,0.0002765690895609,0,against,agree_negative,0.9997234309104391,high,0,1,0,CRP|sTfR,INFLAMMATION_NO_ANEMIA
P000118,iron_deficiency,0.0002310278396765,0,unknown,insufficient_clinical_evidence,0.84,moderate,0,1,4,TSAT|Ret_He|sTfR,IRON_INSUFFICIENT_OR_MIXED
P000118,B12_deficiency,0.0011765195064896,0,unknown,insufficient_clinical_evidence,0.84,moderate,0,0,4,vitamin_B12|active_B12|MMA|homocysteine,B12_NO_TOTAL_B12
P000118,folate_deficiency,0.1463494328938649,0,unknown,insufficient_clinical_evidence,0.84,moderate,0,0,1,,FOLATE_BORDERLINE
P000118,B6_deficiency,0.0112065627877903,0,unknown,insufficient_clinical_evidence,0.84,moderate,0,0,1,vitamin_B6,B6_NO_VALIDATED_RULE
P000118,copper_deficiency,0.0001480766222903,0,unknown,insufficient_clinical_evidence,0.84,moderate,0,0,2,copper|ceruloplasmin,COPPER_NO_VALIDATED_RULE
P000118,inflammation_anemia,1.8250236198099104e-05,0,against,agree_negative,0.9999817497638019,high,0,1,0,serum_iron|TIBC|TSAT|sTfR,INFLAMMATION_NO_ANEMIA
P000119,iron_deficiency,2.2346538619756536e-05,0,supports,conflict_ml_negative_rule_supports,0.64,low,3,2,0,,IRON_MULTIPLE_SUPPORT
P000119,B12_deficiency,5.599841706954329e-05,0,unknown,insufficient_clinical_evidence,0.84,moderate,0,0,4,homocysteine,B12_TOTAL_NOT_LOW_BUT_NOT_EXCLUSION
P000119,folate_deficiency,0.1097171296738367,0,unknown,insufficient_clinical_evidence,0.84,moderate,0,0,1,,FOLATE_BORDERLINE
P000119,B6_deficiency,0.014029678556167,0,unknown,insufficient_clinical_evidence,0.84,moderate,0,0,1,vitamin_B6,B6_NO_VALIDATED_RULE
P000119,copper_deficiency,0.000970068725288,0,unknown,insufficient_clinical_evidence,0.84,moderate,0,0,2,copper|ceruloplasmin,COPPER_NO_VALIDATED_RULE
P000119,inflammation_anemia,0.999689066359302,1,supports,agree_positive,0.999689066359302,high,3,0,1,,INFLAMMATION_PATTERN_SUPPORT
P000120,iron_deficiency,0.1497767473016711,0,unknown,insufficient_clinical_evidence,0.84,moderate,0,1,4,TSAT|Ret_He|sTfR,IRON_INSUFFICIENT_OR_MIXED
P000120,B12_deficiency,2.5152531329133176e-05,0,unknown,insufficient_clinical_evidence,0.84,moderate,0,0,4,homocysteine,B12_TOTAL_NOT_LOW_BUT_NOT_EXCLUSION
P000120,folate_deficiency,0.0015642149905289,0,against,agree_negative,0.998435785009471,high,0,1,0,,FOLATE_NOT_LOW
P000120,B6_deficiency,0.0038148593001357,0,unknown,insufficient_clinical_evidence,0.84,moderate,0,0,1,vitamin_B6,B6_NO_VALIDATED_RULE
P000120,copper_deficiency,0.0006693359824845,0,unknown,insufficient_clinical_evidence,0.84,moderate,0,0,2,copper|ceruloplasmin,COPPER_NO_VALIDATED_RULE
P000120,inflammation_anemia,0.0148619684742241,0,unknown,insufficient_clinical_evidence,0.84,moderate,1,0,3,serum_iron|TIBC|TSAT|sTfR,INFLAMMATION_INCOMPLETE_OR_MIXED
P000121,iron_deficiency,0.0001756736359027,0,against,agree_negative,0.9998243263640973,high,0,2,3,ferritin|Ret_He|sTfR,IRON_MULTIPLE_AGAINST
P000121,B12_deficiency,0.0002398469004104,0,unknown,insufficient_clinical_evidence,0.84,moderate,0,0,4,vitamin_B12|active_B12|homocysteine,B12_NO_TOTAL_B12
P000121,folate_deficiency,0.0251932648501406,0,unknown,insufficient_clinical_evidence,0.84,moderate,0,0,1,folate,FOLATE_MISSING
P000121,B6_deficiency,0.0026953867541696,0,unknown,insufficient_clinical_evidence,0.84,moderate,0,0,1,vitamin_B6,B6_NO_VALIDATED_RULE
P000121,copper_deficiency,0.0006387099350451,0,unknown,insufficient_clinical_evidence,0.84,moderate,0,0,2,copper|ceruloplasmin,COPPER_NO_VALIDATED_RULE
P000121,inflammation_anemia,5.976601352717138e-05,0,against,agree_negative,0.9999402339864728,high,0,1,0,CRP|ferritin|sTfR,INFLAMMATION_NO_ANEMIA
P000122,iron_deficiency,0.9999744315329068,1,supports,agree_positive,0.9999744315329068,high,3,0,2,Ret_He|sTfR,IRON_MULTIPLE_SUPPORT
P000122,B12_deficiency,0.9998694699554772,1,supports,agree_positive,0.9998694699554772,high,1,0,3,MMA,B12_LOW_TOTAL
P000122,folate_deficiency,0.0042304080435439,0,against,agree_negative,0.9957695919564561,high,0,1,0,,FOLATE_NOT_LOW
P000122,B6_deficiency,0.0135860641216464,0,unknown,insufficient_clinical_evidence,0.84,moderate,0,0,1,vitamin_B6,B6_NO_VALIDATED_RULE
P000122,copper_deficiency,0.0019938283546233,0,unknown,insufficient_clinical_evidence,0.84,moderate,0,0,2,copper,COPPER_NO_VALIDATED_RULE
P000122,inflammation_anemia,6.064360327444748e-05,0,unknown,insufficient_clinical_evidence,0.84,moderate,2,1,1,CRP|sTfR,INFLAMMATION_INCOMPLETE_OR_MIXED
P000123,iron_deficiency,0.0001593653800204,0,unknown,insufficient_clinical_evidence,0.84,moderate,1,2,2,ferritin|sTfR,IRON_INSUFFICIENT_OR_MIXED
P000123,B12_deficiency,1.1123081833704023e-05,0,unknown,insufficient_clinical_evidence,0.84,moderate,0,0,4,MMA|homocysteine,B12_TOTAL_NOT_LOW_BUT_NOT_EXCLUSION
P000123,folate_deficiency,0.0083639900421347,0,unknown,insufficient_clinical_evidence,0.84,moderate,0,0,1,,FOLATE_BORDERLINE
P000123,B6_deficiency,0.007544829111597,0,unknown,insufficient_clinical_evidence,0.84,moderate,0,0,1,vitamin_B6,B6_NO_VALIDATED_RULE
P000123,copper_deficiency,0.0087033693813889,0,unknown,insufficient_clinical_evidence,0.84,moderate,0,0,2,copper|ceruloplasmin,COPPER_NO_VALIDATED_RULE
P000123,inflammation_anemia,0.000150567924132,0,unknown,insufficient_clinical_evidence,0.84,moderate,1,1,2,CRP|ferritin|sTfR,INFLAMMATION_INCOMPLETE_OR_MIXED
P000124,iron_deficiency,0.9999486846833514,1,supports,agree_positive,0.9999486846833514,high,4,0,1,Ret_He|sTfR,IRON_MULTIPLE_SUPPORT
P000124,B12_deficiency,0.0002528327847828,0,unknown,insufficient_clinical_evidence,0.84,moderate,0,0,4,active_B12|MMA|homocysteine,B12_TOTAL_NOT_LOW_BUT_NOT_EXCLUSION
P000124,folate_deficiency,0.0059928235271683,0,unknown,insufficient_clinical_evidence,0.84,moderate,0,0,1,,FOLATE_BORDERLINE
P000124,B6_deficiency,0.0016430880952819,0,unknown,insufficient_clinical_evidence,0.84,moderate,0,0,1,vitamin_B6,B6_NO_VALIDATED_RULE
P000124,copper_deficiency,0.0073121078911781,0,unknown,insufficient_clinical_evidence,0.84,moderate,0,0,2,copper|ceruloplasmin,COPPER_NO_VALIDATED_RULE
P000124,inflammation_anemia,0.0001073253298602,0,against,agree_negative,0.9998926746701398,high,0,1,0,CRP|sTfR,INFLAMMATION_NO_ANEMIA
P000125,iron_deficiency,0.9999449965885476,1,supports,agree_positive,0.9999449965885476,high,3,0,2,ferritin|Ret_He|sTfR,IRON_MULTIPLE_SUPPORT
P000125,B12_deficiency,0.0015913167547194,0,unknown,insufficient_clinical_evidence,0.84,moderate,0,0,4,vitamin_B12|active_B12|MMA,B12_NO_TOTAL_B12
P000125,folate_deficiency,0.0012925187511985,0,against,agree_negative,0.9987074812488015,high,0,1,0,,FOLATE_NOT_LOW
P000125,B6_deficiency,0.0025874387374789,0,unknown,insufficient_clinical_evidence,0.84,moderate,0,0,1,vitamin_B6,B6_NO_VALIDATED_RULE
P000125,copper_deficiency,0.006912049564362,0,unknown,insufficient_clinical_evidence,0.84,moderate,0,0,2,copper,COPPER_NO_VALIDATED_RULE
P000125,inflammation_anemia,5.062503511938549e-05,0,unknown,insufficient_clinical_evidence,0.84,moderate,1,1,2,CRP|ferritin|sTfR,INFLAMMATION_INCOMPLETE_OR_MIXED
P000126,iron_deficiency,0.9999877090493232,1,supports,agree_positive,0.9999877090493232,high,4,0,1,sTfR,IRON_MULTIPLE_SUPPORT
P000126,B12_deficiency,0.0105021896740087,0,unknown,insufficient_clinical_evidence,0.84,moderate,0,0,4,active_B12,B12_TOTAL_NOT_LOW_BUT_NOT_EXCLUSION
P000126,folate_deficiency,0.0023178944654546,0,unknown,insufficient_clinical_evidence,0.84,moderate,0,0,1,folate,FOLATE_MISSING
P000126,B6_deficiency,0.0026947547016965,0,unknown,insufficient_clinical_evidence,0.84,moderate,0,0,1,vitamin_B6,B6_NO_VALIDATED_RULE
P000126,copper_deficiency,0.0021889920652408,0,unknown,insufficient_clinical_evidence,0.84,moderate,0,0,2,copper|ceruloplasmin,COPPER_NO_VALIDATED_RULE
P000126,inflammation_anemia,0.0001382396814955,0,unknown,insufficient_clinical_evidence,0.84,moderate,2,1,1,sTfR,INFLAMMATION_INCOMPLETE_OR_MIXED
P000127,iron_deficiency,4.273323481174879e-05,0,against,agree_negative,0.9999572667651883,high,0,3,2,Ret_He|sTfR,IRON_MULTIPLE_AGAINST
P000127,B12_deficiency,2.427622596432812e-05,0,unknown,insufficient_clinical_evidence,0.84,moderate,0,0,4,active_B12,B12_TOTAL_NOT_LOW_BUT_NOT_EXCLUSION
P000127,folate_deficiency,0.0029813321733426,0,unknown,insufficient_clinical_evidence,0.84,moderate,0,0,1,,FOLATE_BORDERLINE
P000127,B6_deficiency,0.0029799109795673,0,unknown,insufficient_clinical_evidence,0.84,moderate,0,0,1,vitamin_B6,B6_NO_VALIDATED_RULE
P000127,copper_deficiency,0.0004113399862371,0,unknown,insufficient_clinical_evidence,0.84,moderate,0,0,2,copper,COPPER_NO_VALIDATED_RULE
P000127,inflammation_anemia,0.0002413170967804,0,unknown,insufficient_clinical_evidence,0.84,moderate,2,1,1,CRP|sTfR,INFLAMMATION_INCOMPLETE_OR_MIXED
P000128,iron_deficiency,0.006402454224947,0,supports,conflict_ml_negative_rule_supports,0.64,low,3,1,1,sTfR|CRP,IRON_MULTIPLE_SUPPORT
P000128,B12_deficiency,0.0004516460354465,0,unknown,insufficient_clinical_evidence,0.84,moderate,0,0,4,active_B12|MMA|homocysteine,B12_TOTAL_NOT_LOW_BUT_NOT_EXCLUSION
P000128,folate_deficiency,0.008569841878126,0,unknown,insufficient_clinical_evidence,0.84,moderate,0,0,1,folate,FOLATE_MISSING
P000128,B6_deficiency,0.0687252017313658,0,unknown,insufficient_clinical_evidence,0.84,moderate,0,0,1,vitamin_B6,B6_NO_VALIDATED_RULE
P000128,copper_deficiency,0.0016997032931517,0,unknown,insufficient_clinical_evidence,0.84,moderate,0,0,2,ceruloplasmin,COPPER_NO_VALIDATED_RULE
P000128,inflammation_anemia,0.9801540828987516,1,supports,agree_positive,0.9801540828987516,high,3,0,1,CRP|sTfR,INFLAMMATION_PATTERN_SUPPORT
P000129,iron_deficiency,0.99996418355184,1,supports,agree_positive,0.99996418355184,high,3,0,2,Ret_He|sTfR,IRON_MULTIPLE_SUPPORT
P000129,B12_deficiency,0.0006440030952974,0,unknown,insufficient_clinical_evidence,0.84,moderate,0,0,4,vitamin_B12|MMA|homocysteine,B12_NO_TOTAL_B12
P000129,folate_deficiency,0.0027444807788256,0,against,agree_negative,0.9972555192211744,high,0,1,0,,FOLATE_NOT_LOW
P000129,B6_deficiency,0.0110362031276961,0,unknown,insufficient_clinical_evidence,0.84,moderate,0,0,1,vitamin_B6,B6_NO_VALIDATED_RULE
P000129,copper_deficiency,0.0012911155074857,0,unknown,insufficient_clinical_evidence,0.84,moderate,0,0,2,copper,COPPER_NO_VALIDATED_RULE
P000129,inflammation_anemia,0.0021586166951276,0,unknown,insufficient_clinical_evidence,0.84,moderate,2,1,1,sTfR,INFLAMMATION_INCOMPLETE_OR_MIXED
P000130,iron_deficiency,0.999859369804362,1,supports,agree_positive,0.999859369804362,high,2,0,3,Ret_He|sTfR,IRON_MULTIPLE_SUPPORT
P000130,B12_deficiency,0.0156214751104534,0,unknown,insufficient_clinical_evidence,0.84,moderate,0,0,4,MMA,B12_TOTAL_NOT_LOW_BUT_NOT_EXCLUSION
P000130,folate_deficiency,0.0002906432304444,0,unknown,insufficient_clinical_evidence,0.84,moderate,0,0,1,,FOLATE_BORDERLINE
P000130,B6_deficiency,0.0007597108651938,0,unknown,insufficient_clinical_evidence,0.84,moderate,0,0,1,vitamin_B6,B6_NO_VALIDATED_RULE
P000130,copper_deficiency,0.0213162369327361,0,unknown,insufficient_clinical_evidence,0.84,moderate,0,0,2,copper|ceruloplasmin,COPPER_NO_VALIDATED_RULE
P000130,inflammation_anemia,0.0004463008913136,0,supports,conflict_ml_negative_rule_supports,0.64,low,3,0,1,CRP|sTfR,INFLAMMATION_PATTERN_SUPPORT
P000131,iron_deficiency,0.0010575963966056,0,supports,conflict_ml_negative_rule_supports,0.64,low,3,1,1,sTfR,IRON_MULTIPLE_SUPPORT
P000131,B12_deficiency,0.0005936335000067,0,unknown,insufficient_clinical_evidence,0.84,moderate,0,0,4,vitamin_B12|active_B12|homocysteine,B12_NO_TOTAL_B12
P000131,folate_deficiency,0.0033198919628103,0,unknown,insufficient_clinical_evidence,0.84,moderate,0,0,1,folate,FOLATE_MISSING
P000131,B6_deficiency,0.0098877617876971,0,unknown,insufficient_clinical_evidence,0.84,moderate,0,0,1,vitamin_B6,B6_NO_VALIDATED_RULE
P000131,copper_deficiency,0.0261765252655613,0,unknown,insufficient_clinical_evidence,0.84,moderate,0,0,2,copper|ceruloplasmin,COPPER_NO_VALIDATED_RULE
P000131,inflammation_anemia,0.999993484300778,1,supports,agree_positive,0.999993484300778,high,3,0,1,sTfR,INFLAMMATION_PATTERN_SUPPORT
P000132,iron_deficiency,0.0001295600491036,0,unknown,insufficient_clinical_evidence,0.84,moderate,0,1,4,TSAT|Ret_He|sTfR,IRON_INSUFFICIENT_OR_MIXED
P000132,B12_deficiency,5.957465416853097e-05,0,unknown,insufficient_clinical_evidence,0.84,moderate,0,0,4,MMA|homocysteine,B12_TOTAL_NOT_LOW_BUT_NOT_EXCLUSION
P000132,folate_deficiency,0.1000953112074393,0,unknown,insufficient_clinical_evidence,0.84,moderate,0,0,1,folate,FOLATE_MISSING
P000132,B6_deficiency,0.0173995804772131,0,unknown,insufficient_clinical_evidence,0.84,moderate,0,0,1,vitamin_B6,B6_NO_VALIDATED_RULE
P000132,copper_deficiency,0.3157551199405665,1,unknown,insufficient_clinical_evidence,0.3157551199405665,low,0,0,2,copper,COPPER_NO_VALIDATED_RULE
P000132,inflammation_anemia,0.0008713686466144,0,unknown,insufficient_clinical_evidence,0.84,moderate,1,0,3,CRP|serum_iron|TIBC|TSAT|sTfR,INFLAMMATION_INCOMPLETE_OR_MIXED
P000133,iron_deficiency,0.000148864882382,0,unknown,insufficient_clinical_evidence,0.84,moderate,0,1,4,TSAT|Ret_He|sTfR,IRON_INSUFFICIENT_OR_MIXED
P000133,B12_deficiency,0.9946473031158938,1,unknown,insufficient_clinical_evidence,0.84,moderate,0,0,4,MMA,B12_TOTAL_NOT_LOW_BUT_NOT_EXCLUSION
P000133,folate_deficiency,0.0089865203803111,0,against,agree_negative,0.9910134796196889,high,0,1,0,,FOLATE_NOT_LOW
P000133,B6_deficiency,0.0013965897553108,0,unknown,insufficient_clinical_evidence,0.84,moderate,0,0,1,vitamin_B6,B6_NO_VALIDATED_RULE
P000133,copper_deficiency,0.0068576399084146,0,unknown,insufficient_clinical_evidence,0.84,moderate,0,0,2,copper|ceruloplasmin,COPPER_NO_VALIDATED_RULE
P000133,inflammation_anemia,0.000158376641777,0,against,agree_negative,0.999841623358223,high,0,1,0,serum_iron|TIBC|TSAT|sTfR,INFLAMMATION_NO_ANEMIA
P000134,iron_deficiency,0.0850896136634943,0,unknown,insufficient_clinical_evidence,0.84,moderate,1,2,2,ferritin,IRON_INSUFFICIENT_OR_MIXED
P000134,B12_deficiency,0.0048453199593372,0,unknown,insufficient_clinical_evidence,0.84,moderate,0,0,4,active_B12|homocysteine,B12_TOTAL_NOT_LOW_BUT_NOT_EXCLUSION
P000134,folate_deficiency,0.0007617176614339,0,against,agree_negative,0.9992382823385662,high,0,1,0,,FOLATE_NOT_LOW
P000134,B6_deficiency,0.0128661841046759,0,unknown,insufficient_clinical_evidence,0.84,moderate,0,0,1,vitamin_B6,B6_NO_VALIDATED_RULE
P000134,copper_deficiency,0.0073437566789639,0,unknown,insufficient_clinical_evidence,0.84,moderate,0,0,2,copper|ceruloplasmin,COPPER_NO_VALIDATED_RULE
P000134,inflammation_anemia,5.094749633965988e-05,0,against,agree_negative,0.9999490525036603,high,0,1,0,CRP|ferritin,INFLAMMATION_NO_ANEMIA
P000135,iron_deficiency,0.9998989205330444,1,supports,agree_positive,0.9998989205330444,high,3,0,2,Ret_He,IRON_MULTIPLE_SUPPORT
P000135,B12_deficiency,0.0057243081203807,0,unknown,insufficient_clinical_evidence,0.84,moderate,0,0,4,active_B12|MMA|homocysteine,B12_TOTAL_NOT_LOW_BUT_NOT_EXCLUSION
P000135,folate_deficiency,0.0004050301731837,0,against,agree_negative,0.9995949698268163,high,0,1,0,,FOLATE_NOT_LOW
P000135,B6_deficiency,0.0025790852048488,0,unknown,insufficient_clinical_evidence,0.84,moderate,0,0,1,vitamin_B6,B6_NO_VALIDATED_RULE
P000135,copper_deficiency,0.0001073087763137,0,unknown,insufficient_clinical_evidence,0.84,moderate,0,0,2,copper|ceruloplasmin,COPPER_NO_VALIDATED_RULE
P000135,inflammation_anemia,2.520449747338136e-05,0,against,agree_negative,0.9999747955025267,high,0,1,0,,INFLAMMATION_NO_ANEMIA
P000136,iron_deficiency,2.485695464071969e-05,0,against,agree_negative,0.9999751430453593,high,0,2,3,ferritin|Ret_He,IRON_MULTIPLE_AGAINST
P000136,B12_deficiency,0.0021106883878391,0,unknown,insufficient_clinical_evidence,0.84,moderate,0,0,4,vitamin_B12|active_B12|MMA|homocysteine,B12_NO_TOTAL_B12
P000136,folate_deficiency,0.0248824857789587,0,unknown,insufficient_clinical_evidence,0.84,moderate,0,0,1,folate,FOLATE_MISSING
P000136,B6_deficiency,0.0006087155743076,0,unknown,insufficient_clinical_evidence,0.84,moderate,0,0,1,vitamin_B6,B6_NO_VALIDATED_RULE
P000136,copper_deficiency,8.955281098607816e-05,0,unknown,insufficient_clinical_evidence,0.84,moderate,0,0,2,copper|ceruloplasmin,COPPER_NO_VALIDATED_RULE
P000136,inflammation_anemia,0.0007313865638681,0,against,agree_negative,0.9992686134361319,high,0,1,0,CRP|ferritin,INFLAMMATION_NO_ANEMIA
P000137,iron_deficiency,0.0019939728930287,0,unknown,insufficient_clinical_evidence,0.84,moderate,0,1,4,TSAT|Ret_He|sTfR,IRON_INSUFFICIENT_OR_MIXED
P000137,B12_deficiency,0.005712912622436,0,unknown,insufficient_clinical_evidence,0.84,moderate,0,0,4,active_B12|homocysteine,B12_TOTAL_NOT_LOW_BUT_NOT_EXCLUSION
P000137,folate_deficiency,0.1093905376938968,0,unknown,insufficient_clinical_evidence,0.84,moderate,0,0,1,,FOLATE_BORDERLINE
P000137,B6_deficiency,0.0026132782429136,0,unknown,insufficient_clinical_evidence,0.84,moderate,0,0,1,vitamin_B6,B6_NO_VALIDATED_RULE
P000137,copper_deficiency,0.0169629750407929,0,unknown,insufficient_clinical_evidence,0.84,moderate,0,0,2,copper,COPPER_NO_VALIDATED_RULE
P000137,inflammation_anemia,0.0013697966826392,0,against,agree_negative,0.9986302033173609,high,0,1,0,CRP|serum_iron|TIBC|TSAT|sTfR,INFLAMMATION_NO_ANEMIA
P000138,iron_deficiency,9.553813180698309e-05,0,against,agree_negative,0.999904461868193,high,0,2,3,TSAT|sTfR,IRON_MULTIPLE_AGAINST
P000138,B12_deficiency,0.0063874119122912,0,unknown,insufficient_clinical_evidence,0.84,moderate,0,0,4,vitamin_B12|active_B12|MMA|homocysteine,B12_NO_TOTAL_B12
P000138,folate_deficiency,0.0008342179485387,0,against,agree_negative,0.9991657820514613,high,0,1,0,,FOLATE_NOT_LOW
P000138,B6_deficiency,0.0036922215797888,0,unknown,insufficient_clinical_evidence,0.84,moderate,0,0,1,vitamin_B6,B6_NO_VALIDATED_RULE
P000138,copper_deficiency,0.0017315554981367,0,unknown,insufficient_clinical_evidence,0.84,moderate,0,0,2,copper|ceruloplasmin,COPPER_NO_VALIDATED_RULE
P000138,inflammation_anemia,0.0001540624431224,0,against,agree_negative,0.9998459375568776,high,0,1,0,CRP|serum_iron|TIBC|TSAT|sTfR,INFLAMMATION_NO_ANEMIA
P000139,iron_deficiency,0.0001324896870478,0,supports,conflict_ml_negative_rule_supports,0.64,low,2,1,2,Ret_He,IRON_MULTIPLE_SUPPORT
P000139,B12_deficiency,0.0001766486700461,0,unknown,insufficient_clinical_evidence,0.84,moderate,0,0,4,vitamin_B12|MMA,B12_NO_TOTAL_B12
P000139,folate_deficiency,0.0509843154026246,0,supports,conflict_ml_negative_rule_supports,0.64,low,1,0,0,vitamin_B12,FOLATE_LOW
P000139,B6_deficiency,0.0017289504529772,0,unknown,insufficient_clinical_evidence,0.84,moderate,0,0,1,vitamin_B6,B6_NO_VALIDATED_RULE
P000139,copper_deficiency,0.0460630382854949,0,unknown,insufficient_clinical_evidence,0.84,moderate,0,0,2,copper|ceruloplasmin,COPPER_NO_VALIDATED_RULE
P000139,inflammation_anemia,0.9999913449357984,1,supports,agree_positive,0.9999913449357984,high,3,0,1,,INFLAMMATION_PATTERN_SUPPORT
P000140,iron_deficiency,0.0005248458893608,0,against,agree_negative,0.9994751541106393,high,0,3,2,Ret_He|sTfR,IRON_MULTIPLE_AGAINST
P000140,B12_deficiency,0.0001821864465726,0,unknown,insufficient_clinical_evidence,0.84,moderate,0,0,4,active_B12,B12_TOTAL_NOT_LOW_BUT_NOT_EXCLUSION
P000140,folate_deficiency,0.4935833501390781,1,supports,agree_positive,0.4935833501390781,low,1,0,0,,FOLATE_LOW
P000140,B6_deficiency,0.9735304683373648,1,unknown,insufficient_clinical_evidence,0.84,moderate,0,0,1,,B6_NO_VALIDATED_RULE
P000140,copper_deficiency,0.0002698787187088,0,unknown,insufficient_clinical_evidence,0.84,moderate,0,0,2,copper|ceruloplasmin,COPPER_NO_VALIDATED_RULE
P000140,inflammation_anemia,0.0005076354089214,0,unknown,insufficient_clinical_evidence,0.84,moderate,2,1,1,CRP|sTfR,INFLAMMATION_INCOMPLETE_OR_MIXED
P000141,iron_deficiency,0.0007927526263707,0,against,agree_negative,0.9992072473736293,high,0,3,2,Ret_He|sTfR,IRON_MULTIPLE_AGAINST
P000141,B12_deficiency,0.1933318899021247,0,unknown,insufficient_clinical_evidence,0.8066681100978753,moderate,0,0,4,,B12_TOTAL_NOT_LOW_BUT_NOT_EXCLUSION
P000141,folate_deficiency,0.9166198699883016,1,supports,agree_positive,0.9166198699883016,high,1,0,0,,FOLATE_LOW
P000141,B6_deficiency,0.0005124355525316,0,unknown,insufficient_clinical_evidence,0.84,moderate,0,0,1,vitamin_B6,B6_NO_VALIDATED_RULE
P000141,copper_deficiency,0.0009714669699837,0,unknown,insufficient_clinical_evidence,0.84,moderate,0,0,2,copper|ceruloplasmin,COPPER_NO_VALIDATED_RULE
P000141,inflammation_anemia,0.0001444586796689,0,unknown,insufficient_clinical_evidence,0.84,moderate,2,1,1,sTfR,INFLAMMATION_INCOMPLETE_OR_MIXED
P000142,iron_deficiency,0.0006119704012522,0,against,agree_negative,0.9993880295987478,high,0,4,1,sTfR,IRON_MULTIPLE_AGAINST
P000142,B12_deficiency,0.002770884316494,0,unknown,insufficient_clinical_evidence,0.84,moderate,0,0,4,vitamin_B12|active_B12|MMA|homocysteine,B12_NO_TOTAL_B12
P000142,folate_deficiency,0.5020588069790928,1,unknown,insufficient_clinical_evidence,0.5020588069790928,low,0,0,1,folate,FOLATE_MISSING
P000142,B6_deficiency,0.0003280048881692,0,unknown,insufficient_clinical_evidence,0.84,moderate,0,0,1,,B6_NO_VALIDATED_RULE
P000142,copper_deficiency,0.0047140904695035,0,unknown,insufficient_clinical_evidence,0.84,moderate,0,0,2,copper|ceruloplasmin,COPPER_NO_VALIDATED_RULE
P000142,inflammation_anemia,0.0055857526423932,0,unknown,insufficient_clinical_evidence,0.84,moderate,2,1,1,sTfR,INFLAMMATION_INCOMPLETE_OR_MIXED
P000143,iron_deficiency,0.9999063401309758,1,supports,agree_positive,0.9999063401309758,high,3,0,2,Ret_He|sTfR,IRON_MULTIPLE_SUPPORT
P000143,B12_deficiency,0.9986773653439036,1,unknown,insufficient_clinical_evidence,0.84,moderate,0,0,4,MMA|homocysteine,B12_TOTAL_NOT_LOW_BUT_NOT_EXCLUSION
P000143,folate_deficiency,0.0039685596275018,0,unknown,insufficient_clinical_evidence,0.84,moderate,0,0,1,folate,FOLATE_MISSING
P000143,B6_deficiency,0.0005788504779068,0,unknown,insufficient_clinical_evidence,0.84,moderate,0,0,1,vitamin_B6,B6_NO_VALIDATED_RULE
P000143,copper_deficiency,0.0001040455660071,0,unknown,insufficient_clinical_evidence,0.84,moderate,0,0,2,copper|ceruloplasmin,COPPER_NO_VALIDATED_RULE
P000143,inflammation_anemia,0.0004606412253752,0,unknown,insufficient_clinical_evidence,0.84,moderate,2,1,1,sTfR,INFLAMMATION_INCOMPLETE_OR_MIXED
P000144,iron_deficiency,0.9999874670310632,1,supports,agree_positive,0.9999874670310632,high,2,0,3,Ret_He,IRON_MULTIPLE_SUPPORT
P000144,B12_deficiency,0.9949616276019448,1,unknown,insufficient_clinical_evidence,0.84,moderate,0,0,4,active_B12|MMA,B12_TOTAL_NOT_LOW_BUT_NOT_EXCLUSION
P000144,folate_deficiency,0.0064799012447918,0,against,agree_negative,0.9935200987552082,high,0,1,0,,FOLATE_NOT_LOW
P000144,B6_deficiency,0.000298859096293,0,unknown,insufficient_clinical_evidence,0.84,moderate,0,0,1,vitamin_B6,B6_NO_VALIDATED_RULE
P000144,copper_deficiency,0.006719197193706,0,unknown,insufficient_clinical_evidence,0.84,moderate,0,0,2,copper|ceruloplasmin,COPPER_NO_VALIDATED_RULE
P000144,inflammation_anemia,0.0004948003927103,0,supports,conflict_ml_negative_rule_supports,0.64,low,3,0,1,,INFLAMMATION_PATTERN_SUPPORT
P000145,iron_deficiency,0.999971043494294,1,supports,agree_positive,0.999971043494294,high,4,0,1,sTfR,IRON_MULTIPLE_SUPPORT
P000145,B12_deficiency,0.2296219943766432,0,unknown,insufficient_clinical_evidence,0.7703780056233568,moderate,0,0,4,active_B12|MMA,B12_TOTAL_NOT_LOW_BUT_NOT_EXCLUSION
P000145,folate_deficiency,0.8965081689004479,1,supports,agree_positive,0.8965081689004479,high,1,0,0,,FOLATE_LOW
P000145,B6_deficiency,0.0028611910957281,0,unknown,insufficient_clinical_evidence,0.84,moderate,0,0,1,vitamin_B6,B6_NO_VALIDATED_RULE
P000145,copper_deficiency,2.1172194719386455e-07,0,unknown,insufficient_clinical_evidence,0.84,moderate,0,0,2,copper|ceruloplasmin,COPPER_NO_VALIDATED_RULE
P000145,inflammation_anemia,4.918698976464395e-05,0,unknown,insufficient_clinical_evidence,0.84,moderate,2,1,1,sTfR,INFLAMMATION_INCOMPLETE_OR_MIXED
P000146,iron_deficiency,0.9945064182362526,1,unknown,insufficient_clinical_evidence,0.84,moderate,1,2,2,sTfR,IRON_INSUFFICIENT_OR_MIXED
P000146,B12_deficiency,0.0009991478559433,0,unknown,insufficient_clinical_evidence,0.84,moderate,0,0,4,vitamin_B12|active_B12|MMA|homocysteine,B12_NO_TOTAL_B12
P000146,folate_deficiency,0.0147351915560294,0,unknown,insufficient_clinical_evidence,0.84,moderate,0,0,1,,FOLATE_BORDERLINE
P000146,B6_deficiency,0.0006755277824568,0,unknown,insufficient_clinical_evidence,0.84,moderate,0,0,1,vitamin_B6,B6_NO_VALIDATED_RULE
P000146,copper_deficiency,2.1603059527087674e-11,0,unknown,insufficient_clinical_evidence,0.84,moderate,0,0,2,copper|ceruloplasmin,COPPER_NO_VALIDATED_RULE
P000146,inflammation_anemia,0.000207250294647,0,against,agree_negative,0.999792749705353,high,0,1,0,sTfR,INFLAMMATION_NO_ANEMIA
P000147,iron_deficiency,0.9999917977696484,1,supports,agree_positive,0.9999917977696484,high,4,0,1,Ret_He|sTfR,IRON_MULTIPLE_SUPPORT
P000147,B12_deficiency,0.0008878216668266,0,unknown,insufficient_clinical_evidence,0.84,moderate,0,0,4,vitamin_B12|active_B12|homocysteine,B12_NO_TOTAL_B12
P000147,folate_deficiency,0.007542884263596,0,unknown,insufficient_clinical_evidence,0.84,moderate,0,0,1,folate,FOLATE_MISSING
P000147,B6_deficiency,0.0016327735979449,0,unknown,insufficient_clinical_evidence,0.84,moderate,0,0,1,vitamin_B6,B6_NO_VALIDATED_RULE
P000147,copper_deficiency,0.0012933585776139,0,unknown,insufficient_clinical_evidence,0.84,moderate,0,0,2,copper|ceruloplasmin,COPPER_NO_VALIDATED_RULE
P000147,inflammation_anemia,0.0003856457571221,0,unknown,insufficient_clinical_evidence,0.84,moderate,1,2,1,sTfR,INFLAMMATION_INCOMPLETE_OR_MIXED
P000148,iron_deficiency,0.0035663585389839,0,unknown,insufficient_clinical_evidence,0.84,moderate,0,1,4,TSAT|Ret_He|sTfR,IRON_INSUFFICIENT_OR_MIXED
P000148,B12_deficiency,0.022200166816042,0,unknown,insufficient_clinical_evidence,0.84,moderate,0,0,4,active_B12|MMA|homocysteine,B12_TOTAL_NOT_LOW_BUT_NOT_EXCLUSION
P000148,folate_deficiency,0.0229177524940864,0,unknown,insufficient_clinical_evidence,0.84,moderate,0,0,1,folate,FOLATE_MISSING
P000148,B6_deficiency,0.0015903396092824,0,unknown,insufficient_clinical_evidence,0.84,moderate,0,0,1,vitamin_B6,B6_NO_VALIDATED_RULE
P000148,copper_deficiency,8.217490311046794e-07,0,unknown,insufficient_clinical_evidence,0.84,moderate,0,0,2,copper|ceruloplasmin,COPPER_NO_VALIDATED_RULE
P000148,inflammation_anemia,0.0002940221437327,0,against,agree_negative,0.9997059778562672,high,0,1,0,serum_iron|TIBC|TSAT|sTfR,INFLAMMATION_NO_ANEMIA
P000149,iron_deficiency,0.0006073753652719,0,against,agree_negative,0.9993926246347281,high,0,3,2,Ret_He|sTfR,IRON_MULTIPLE_AGAINST
P000149,B12_deficiency,9.97201889941251e-05,0,unknown,insufficient_clinical_evidence,0.84,moderate,0,0,4,homocysteine,B12_TOTAL_NOT_LOW_BUT_NOT_EXCLUSION
P000149,folate_deficiency,0.0038349516505153,0,unknown,insufficient_clinical_evidence,0.84,moderate,0,0,1,folate,FOLATE_MISSING
P000149,B6_deficiency,0.0492459501513976,0,unknown,insufficient_clinical_evidence,0.84,moderate,0,0,1,vitamin_B6,B6_NO_VALIDATED_RULE
P000149,copper_deficiency,0.0009370114162942,0,unknown,insufficient_clinical_evidence,0.84,moderate,0,0,2,ceruloplasmin,COPPER_NO_VALIDATED_RULE
P000149,inflammation_anemia,0.9996661025750436,1,unknown,insufficient_clinical_evidence,0.84,moderate,2,1,1,sTfR,INFLAMMATION_INCOMPLETE_OR_MIXED
P000150,iron_deficiency,5.591714438577525e-05,0,against,agree_negative,0.9999440828556142,high,0,2,3,ferritin|Ret_He|sTfR,IRON_MULTIPLE_AGAINST
P000150,B12_deficiency,0.9999513869393446,1,supports,agree_positive,0.9999513869393446,high,1,0,3,active_B12,B12_LOW_TOTAL
P000150,folate_deficiency,0.0049908972755937,0,against,agree_negative,0.9950091027244063,high,0,1,0,,FOLATE_NOT_LOW
P000150,B6_deficiency,0.0131962111484804,0,unknown,insufficient_clinical_evidence,0.84,moderate,0,0,1,vitamin_B6,B6_NO_VALIDATED_RULE
P000150,copper_deficiency,1.6360099872647545e-05,0,unknown,insufficient_clinical_evidence,0.84,moderate,0,0,2,copper|ceruloplasmin,COPPER_NO_VALIDATED_RULE
P000150,inflammation_anemia,1.928059132813192e-05,0,unknown,insufficient_clinical_evidence,0.84,moderate,1,1,2,CRP|ferritin|sTfR,INFLAMMATION_INCOMPLETE_OR_MIXED
P000151,iron_deficiency,0.1266959552998983,0,unknown,insufficient_clinical_evidence,0.84,moderate,0,0,5,ferritin|TSAT|Ret_He|sTfR,IRON_INSUFFICIENT_OR_MIXED
P000151,B12_deficiency,0.5939310066929805,1,unknown,insufficient_clinical_evidence,0.5939310066929805,low,0,0,4,MMA,B12_TOTAL_NOT_LOW_BUT_NOT_EXCLUSION
P000151,folate_deficiency,0.0064723829583974,0,unknown,insufficient_clinical_evidence,0.84,moderate,0,0,1,folate,FOLATE_MISSING
P000151,B6_deficiency,0.9378082114389384,1,unknown,insufficient_clinical_evidence,0.84,moderate,0,0,1,,B6_NO_VALIDATED_RULE
P000151,copper_deficiency,0.0023475943515855,0,unknown,insufficient_clinical_evidence,0.84,moderate,0,0,2,copper|ceruloplasmin,COPPER_NO_VALIDATED_RULE
P000151,inflammation_anemia,9.917600806837782e-05,0,against,agree_negative,0.9999008239919316,high,0,1,0,CRP|ferritin|serum_iron|TIBC|TSAT|sTfR,INFLAMMATION_NO_ANEMIA
P000152,iron_deficiency,0.999014414207642,1,unknown,insufficient_clinical_evidence,0.84,moderate,1,0,4,TSAT|Ret_He|sTfR,IRON_INSUFFICIENT_OR_MIXED
P000152,B12_deficiency,0.0017260693660578,0,unknown,insufficient_clinical_evidence,0.84,moderate,0,0,4,vitamin_B12|active_B12|MMA|homocysteine,B12_NO_TOTAL_B12
P000152,folate_deficiency,0.0214096471785173,0,unknown,insufficient_clinical_evidence,0.84,moderate,0,0,1,folate,FOLATE_MISSING
P000152,B6_deficiency,0.0244491416590418,0,unknown,insufficient_clinical_evidence,0.84,moderate,0,0,1,,B6_NO_VALIDATED_RULE
P000152,copper_deficiency,0.0016595014819081,0,unknown,insufficient_clinical_evidence,0.84,moderate,0,0,2,copper|ceruloplasmin,COPPER_NO_VALIDATED_RULE
P000152,inflammation_anemia,7.684389436240434e-05,0,unknown,insufficient_clinical_evidence,0.84,moderate,0,1,3,serum_iron|TIBC|TSAT|sTfR,INFLAMMATION_INCOMPLETE_OR_MIXED
P000153,iron_deficiency,0.0025282389209349,0,supports,conflict_ml_negative_rule_supports,0.64,low,2,0,3,ferritin|Ret_He|sTfR,IRON_MULTIPLE_SUPPORT
P000153,B12_deficiency,3.76370689005114e-05,0,unknown,insufficient_clinical_evidence,0.84,moderate,0,0,4,MMA,B12_TOTAL_NOT_LOW_BUT_NOT_EXCLUSION
P000153,folate_deficiency,0.0210596011957376,0,unknown,insufficient_clinical_evidence,0.84,moderate,0,0,1,folate,FOLATE_MISSING
P000153,B6_deficiency,0.0102639079648765,0,unknown,insufficient_clinical_evidence,0.84,moderate,0,0,1,vitamin_B6,B6_NO_VALIDATED_RULE
P000153,copper_deficiency,0.0062830075605853,0,unknown,insufficient_clinical_evidence,0.84,moderate,0,0,2,copper|ceruloplasmin,COPPER_NO_VALIDATED_RULE
P000153,inflammation_anemia,0.927695936484742,1,supports,agree_positive,0.927695936484742,high,2,0,2,ferritin|sTfR,INFLAMMATION_PATTERN_SUPPORT
P000154,iron_deficiency,0.0004148271655354,0,against,agree_negative,0.9995851728344646,high,0,3,2,Ret_He,IRON_MULTIPLE_AGAINST
P000154,B12_deficiency,0.0011252951735042,0,unknown,insufficient_clinical_evidence,0.84,moderate,0,0,4,,B12_TOTAL_NOT_LOW_BUT_NOT_EXCLUSION
P000154,folate_deficiency,0.9189521196733283,1,supports,agree_positive,0.9189521196733283,high,1,0,0,,FOLATE_LOW
P000154,B6_deficiency,0.0004907890679873,0,unknown,insufficient_clinical_evidence,0.84,moderate,0,0,1,vitamin_B6,B6_NO_VALIDATED_RULE
P000154,copper_deficiency,0.0058192279965458,0,unknown,insufficient_clinical_evidence,0.84,moderate,0,0,2,copper,COPPER_NO_VALIDATED_RULE
P000154,inflammation_anemia,0.0041719022293226,0,unknown,insufficient_clinical_evidence,0.84,moderate,2,1,1,,INFLAMMATION_INCOMPLETE_OR_MIXED
P000155,iron_deficiency,0.0007804209356635,0,unknown,insufficient_clinical_evidence,0.84,moderate,0,0,5,ferritin|TSAT|Ret_He|sTfR,IRON_INSUFFICIENT_OR_MIXED
P000155,B12_deficiency,0.9857235197811532,1,unknown,insufficient_clinical_evidence,0.84,moderate,0,0,4,,B12_TOTAL_NOT_LOW_BUT_NOT_EXCLUSION
P000155,folate_deficiency,0.0670883821400247,0,unknown,insufficient_clinical_evidence,0.84,moderate,0,0,1,folate,FOLATE_MISSING
P000155,B6_deficiency,0.0005379218061873,0,unknown,insufficient_clinical_evidence,0.84,moderate,0,0,1,vitamin_B6,B6_NO_VALIDATED_RULE
P000155,copper_deficiency,0.0001563807417415,0,unknown,insufficient_clinical_evidence,0.84,moderate,0,0,2,copper|ceruloplasmin,COPPER_NO_VALIDATED_RULE
P000155,inflammation_anemia,0.0006542450132713,0,against,agree_negative,0.9993457549867287,high,0,1,0,ferritin|serum_iron|TIBC|TSAT|sTfR,INFLAMMATION_NO_ANEMIA
P000156,iron_deficiency,0.0001648506530432,0,against,agree_negative,0.9998351493469568,high,0,3,2,Ret_He|sTfR,IRON_MULTIPLE_AGAINST
P000156,B12_deficiency,0.1201159602734283,0,unknown,insufficient_clinical_evidence,0.84,moderate,0,0,4,,B12_TOTAL_NOT_LOW_BUT_NOT_EXCLUSION
P000156,folate_deficiency,0.9821331335067198,1,supports,agree_positive,0.9821331335067198,high,1,0,0,,FOLATE_LOW
P000156,B6_deficiency,0.0038663192884071,0,unknown,insufficient_clinical_evidence,0.84,moderate,0,0,1,vitamin_B6,B6_NO_VALIDATED_RULE
P000156,copper_deficiency,0.0088814354533985,0,unknown,insufficient_clinical_evidence,0.84,moderate,0,0,2,copper|ceruloplasmin,COPPER_NO_VALIDATED_RULE
P000156,inflammation_anemia,0.0003529211820717,0,unknown,insufficient_clinical_evidence,0.84,moderate,2,1,1,sTfR,INFLAMMATION_INCOMPLETE_OR_MIXED
P000157,iron_deficiency,0.0001885255663102,0,against,agree_negative,0.9998114744336898,high,0,2,3,TSAT,IRON_MULTIPLE_AGAINST
P000157,B12_deficiency,0.0009764780004394,0,unknown,insufficient_clinical_evidence,0.84,moderate,0,0,4,vitamin_B12|active_B12|homocysteine,B12_NO_TOTAL_B12
P000157,folate_deficiency,0.0218318809068256,0,unknown,insufficient_clinical_evidence,0.84,moderate,0,0,1,folate,FOLATE_MISSING
P000157,B6_deficiency,0.0009976281647485,0,unknown,insufficient_clinical_evidence,0.84,moderate,0,0,1,vitamin_B6,B6_NO_VALIDATED_RULE
P000157,copper_deficiency,0.0051405105080766,0,unknown,insufficient_clinical_evidence,0.84,moderate,0,0,2,copper|ceruloplasmin,COPPER_NO_VALIDATED_RULE
P000157,inflammation_anemia,0.0005895585102533,0,against,agree_negative,0.9994104414897467,high,0,1,0,CRP|serum_iron|TIBC|TSAT,INFLAMMATION_NO_ANEMIA
P000158,iron_deficiency,0.0001481837531946,0,supports,conflict_ml_negative_rule_supports,0.64,low,2,1,2,Ret_He,IRON_MULTIPLE_SUPPORT
P000158,B12_deficiency,0.0001135899679865,0,unknown,insufficient_clinical_evidence,0.84,moderate,0,0,4,active_B12|MMA|homocysteine,B12_TOTAL_NOT_LOW_BUT_NOT_EXCLUSION
P000158,folate_deficiency,0.0237013033683717,0,unknown,insufficient_clinical_evidence,0.84,moderate,0,0,1,folate,FOLATE_MISSING
P000158,B6_deficiency,0.0092051147538816,0,unknown,insufficient_clinical_evidence,0.84,moderate,0,0,1,vitamin_B6,B6_NO_VALIDATED_RULE
P000158,copper_deficiency,0.0004705821018348,0,unknown,insufficient_clinical_evidence,0.84,moderate,0,0,2,copper|ceruloplasmin,COPPER_NO_VALIDATED_RULE
P000158,inflammation_anemia,0.9999848185141678,1,supports,agree_positive,0.9999848185141678,high,3,0,1,,INFLAMMATION_PATTERN_SUPPORT
P000159,iron_deficiency,0.0001650561275351,0,against,agree_negative,0.9998349438724649,high,0,3,2,Ret_He|sTfR,IRON_MULTIPLE_AGAINST
P000159,B12_deficiency,1.645138418547864e-05,0,unknown,insufficient_clinical_evidence,0.84,moderate,0,0,4,homocysteine,B12_TOTAL_NOT_LOW_BUT_NOT_EXCLUSION
P000159,folate_deficiency,0.034712318729287,0,unknown,insufficient_clinical_evidence,0.84,moderate,0,0,1,folate,FOLATE_MISSING
P000159,B6_deficiency,0.7836256203849841,1,unknown,insufficient_clinical_evidence,0.7836256203849841,moderate,0,0,1,,B6_NO_VALIDATED_RULE
P000159,copper_deficiency,0.0007376295056614,0,unknown,insufficient_clinical_evidence,0.84,moderate,0,0,2,copper|ceruloplasmin,COPPER_NO_VALIDATED_RULE
P000159,inflammation_anemia,0.0004322824097797,0,unknown,insufficient_clinical_evidence,0.84,moderate,2,1,1,sTfR,INFLAMMATION_INCOMPLETE_OR_MIXED
P000160,iron_deficiency,0.0005312778395327,0,against,agree_negative,0.9994687221604673,high,0,3,2,Ret_He|sTfR,IRON_MULTIPLE_AGAINST
P000160,B12_deficiency,0.0001279239204048,0,unknown,insufficient_clinical_evidence,0.84,moderate,0,0,4,active_B12|MMA|homocysteine,B12_TOTAL_NOT_LOW_BUT_NOT_EXCLUSION
P000160,folate_deficiency,0.1746155202289621,0,unknown,insufficient_clinical_evidence,0.8253844797710379,moderate,0,0,1,,FOLATE_BORDERLINE
P000160,B6_deficiency,0.0027647732668678,0,unknown,insufficient_clinical_evidence,0.84,moderate,0,0,1,vitamin_B6,B6_NO_VALIDATED_RULE
P000160,copper_deficiency,1.979139298500705e-12,0,unknown,insufficient_clinical_evidence,0.84,moderate,0,0,2,copper,COPPER_NO_VALIDATED_RULE
P000160,inflammation_anemia,0.0039424570471469,0,against,agree_negative,0.9960575429528531,high,0,1,0,sTfR,INFLAMMATION_NO_ANEMIA
P000161,iron_deficiency,0.0006599081468204,0,against,agree_negative,0.9993400918531796,high,0,2,3,ferritin|Ret_He,IRON_MULTIPLE_AGAINST
P000161,B12_deficiency,0.0005989901648606,0,unknown,insufficient_clinical_evidence,0.84,moderate,0,0,4,vitamin_B12|active_B12|MMA,B12_NO_TOTAL_B12
P000161,folate_deficiency,0.0045871137220583,0,unknown,insufficient_clinical_evidence,0.84,moderate,0,0,1,folate,FOLATE_MISSING
P000161,B6_deficiency,0.0014651761431432,0,unknown,insufficient_clinical_evidence,0.84,moderate,0,0,1,vitamin_B6,B6_NO_VALIDATED_RULE
P000161,copper_deficiency,2.169967960695731e-07,0,unknown,insufficient_clinical_evidence,0.84,moderate,0,0,2,,COPPER_NO_VALIDATED_RULE
P000161,inflammation_anemia,2.9629889576236083e-05,0,unknown,insufficient_clinical_evidence,0.84,moderate,1,1,2,ferritin,INFLAMMATION_INCOMPLETE_OR_MIXED
P000162,iron_deficiency,0.382160999861568,0,against,agree_negative,0.617839000138432,low,0,2,3,Ret_He|sTfR,IRON_MULTIPLE_AGAINST
P000162,B12_deficiency,0.0044846631354409,0,unknown,insufficient_clinical_evidence,0.84,moderate,0,0,4,active_B12|homocysteine,B12_TOTAL_NOT_LOW_BUT_NOT_EXCLUSION
P000162,folate_deficiency,0.0016628034096146,0,unknown,insufficient_clinical_evidence,0.84,moderate,0,0,1,,FOLATE_BORDERLINE
P000162,B6_deficiency,0.0075650497366492,0,unknown,insufficient_clinical_evidence,0.84,moderate,0,0,1,vitamin_B6,B6_NO_VALIDATED_RULE
P000162,copper_deficiency,0.0006921390819821,0,unknown,insufficient_clinical_evidence,0.84,moderate,0,0,2,copper,COPPER_NO_VALIDATED_RULE
P000162,inflammation_anemia,0.0013457044017614,0,unknown,insufficient_clinical_evidence,0.84,moderate,2,1,1,sTfR,INFLAMMATION_INCOMPLETE_OR_MIXED
P000163,iron_deficiency,0.0943993600710072,0,unknown,insufficient_clinical_evidence,0.84,moderate,0,1,4,ferritin|TSAT|sTfR,IRON_INSUFFICIENT_OR_MIXED
P000163,B12_deficiency,0.0046600471029221,0,unknown,insufficient_clinical_evidence,0.84,moderate,0,0,4,vitamin_B12|active_B12|MMA,B12_NO_TOTAL_B12
P000163,folate_deficiency,0.0005905944229754,0,against,agree_negative,0.9994094055770246,high,0,1,0,,FOLATE_NOT_LOW
P000163,B6_deficiency,0.011628413341595,0,unknown,insufficient_clinical_evidence,0.84,moderate,0,0,1,vitamin_B6,B6_NO_VALIDATED_RULE
P000163,copper_deficiency,0.767133980593693,1,unknown,insufficient_clinical_evidence,0.767133980593693,moderate,0,0,2,,COPPER_NO_VALIDATED_RULE
P000163,inflammation_anemia,0.0001792156444859,0,unknown,insufficient_clinical_evidence,0.84,moderate,0,0,4,ferritin|serum_iron|TIBC|TSAT|sTfR,INFLAMMATION_INCOMPLETE_OR_MIXED
P000164,iron_deficiency,0.0008551487360697,0,unknown,insufficient_clinical_evidence,0.84,moderate,1,2,2,Ret_He|sTfR,IRON_INSUFFICIENT_OR_MIXED
P000164,B12_deficiency,0.0005708214743729,0,unknown,insufficient_clinical_evidence,0.84,moderate,0,0,4,vitamin_B12|active_B12|MMA|homocysteine,B12_NO_TOTAL_B12
P000164,folate_deficiency,0.0141017445133609,0,unknown,insufficient_clinical_evidence,0.84,moderate,0,0,1,folate,FOLATE_MISSING
P000164,B6_deficiency,0.0121933340931554,0,unknown,insufficient_clinical_evidence,0.84,moderate,0,0,1,vitamin_B6,B6_NO_VALIDATED_RULE
P000164,copper_deficiency,0.0001460675354323,0,unknown,insufficient_clinical_evidence,0.84,moderate,0,0,2,copper|ceruloplasmin,COPPER_NO_VALIDATED_RULE
P000164,inflammation_anemia,0.9987639590529376,1,supports,agree_positive,0.9987639590529376,high,3,0,1,sTfR,INFLAMMATION_PATTERN_SUPPORT
P000165,iron_deficiency,8.999669861371021e-05,0,unknown,insufficient_clinical_evidence,0.84,moderate,0,1,4,TSAT|Ret_He|sTfR,IRON_INSUFFICIENT_OR_MIXED
P000165,B12_deficiency,0.008773229730827,0,unknown,insufficient_clinical_evidence,0.84,moderate,0,0,4,vitamin_B12|active_B12|MMA|homocysteine,B12_NO_TOTAL_B12
P000165,folate_deficiency,0.0286946535656619,0,unknown,insufficient_clinical_evidence,0.84,moderate,0,0,1,,FOLATE_BORDERLINE
P000165,B6_deficiency,0.0015938403606358,0,unknown,insufficient_clinical_evidence,0.84,moderate,0,0,1,vitamin_B6,B6_NO_VALIDATED_RULE
P000165,copper_deficiency,0.0006978393005158,0,unknown,insufficient_clinical_evidence,0.84,moderate,0,0,2,copper|ceruloplasmin,COPPER_NO_VALIDATED_RULE
P000165,inflammation_anemia,0.0001406998137,0,against,agree_negative,0.9998593001863,high,0,1,0,CRP|serum_iron|TIBC|TSAT|sTfR,INFLAMMATION_NO_ANEMIA
P000166,iron_deficiency,0.009859102543986,0,unknown,insufficient_clinical_evidence,0.84,moderate,1,0,4,ferritin|TSAT|sTfR,IRON_INSUFFICIENT_OR_MIXED
P000166,B12_deficiency,5.889706959407728e-05,0,unknown,insufficient_clinical_evidence,0.84,moderate,0,0,4,MMA|homocysteine,B12_TOTAL_NOT_LOW_BUT_NOT_EXCLUSION
P000166,folate_deficiency,0.0014875898291554,0,unknown,insufficient_clinical_evidence,0.84,moderate,0,0,1,,FOLATE_BORDERLINE
P000166,B6_deficiency,0.831320710229172,1,unknown,insufficient_clinical_evidence,0.831320710229172,moderate,0,0,1,,B6_NO_VALIDATED_RULE
P000166,copper_deficiency,0.0021449124512485,0,unknown,insufficient_clinical_evidence,0.84,moderate,0,0,2,ceruloplasmin,COPPER_NO_VALIDATED_RULE
P000166,inflammation_anemia,0.0028781259709986,0,against,agree_negative,0.9971218740290014,high,0,1,0,CRP|ferritin|serum_iron|TIBC|TSAT|sTfR,INFLAMMATION_NO_ANEMIA
P000167,iron_deficiency,0.9999599786687368,1,supports,agree_positive,0.9999599786687368,high,3,0,2,Ret_He,IRON_MULTIPLE_SUPPORT
P000167,B12_deficiency,0.0194185855907396,0,unknown,insufficient_clinical_evidence,0.84,moderate,0,0,4,,B12_TOTAL_NOT_LOW_BUT_NOT_EXCLUSION
P000167,folate_deficiency,0.035582176278376,0,unknown,insufficient_clinical_evidence,0.84,moderate,0,0,1,folate,FOLATE_MISSING
P000167,B6_deficiency,0.0087236901630959,0,unknown,insufficient_clinical_evidence,0.84,moderate,0,0,1,vitamin_B6,B6_NO_VALIDATED_RULE
P000167,copper_deficiency,7.192233907597486e-07,0,unknown,insufficient_clinical_evidence,0.84,moderate,0,0,2,copper|ceruloplasmin,COPPER_NO_VALIDATED_RULE
P000167,inflammation_anemia,9.949766822775072e-05,0,unknown,insufficient_clinical_evidence,0.84,moderate,2,1,1,,INFLAMMATION_INCOMPLETE_OR_MIXED
P000168,iron_deficiency,0.000499726231615,0,unknown,insufficient_clinical_evidence,0.84,moderate,0,1,4,ferritin|TSAT|sTfR,IRON_INSUFFICIENT_OR_MIXED
P000168,B12_deficiency,0.0055403979152442,0,unknown,insufficient_clinical_evidence,0.84,moderate,0,0,4,vitamin_B12|active_B12|MMA,B12_NO_TOTAL_B12
P000168,folate_deficiency,0.0595356458487215,0,unknown,insufficient_clinical_evidence,0.84,moderate,0,0,1,folate,FOLATE_MISSING
P000168,B6_deficiency,0.0025929876716375,0,unknown,insufficient_clinical_evidence,0.84,moderate,0,0,1,,B6_NO_VALIDATED_RULE
P000168,copper_deficiency,0.0005795379442988,0,unknown,insufficient_clinical_evidence,0.84,moderate,0,0,2,copper|ceruloplasmin,COPPER_NO_VALIDATED_RULE
P000168,inflammation_anemia,7.069647312354471e-05,0,against,agree_negative,0.9999293035268765,high,0,1,0,CRP|ferritin|serum_iron|TIBC|TSAT|sTfR,INFLAMMATION_NO_ANEMIA
P000169,iron_deficiency,0.0007874240049265,0,supports,conflict_ml_negative_rule_supports,0.64,low,2,1,2,Ret_He,IRON_MULTIPLE_SUPPORT
P000169,B12_deficiency,7.844853054385548e-05,0,unknown,insufficient_clinical_evidence,0.84,moderate,0,0,4,MMA|homocysteine,B12_TOTAL_NOT_LOW_BUT_NOT_EXCLUSION
P000169,folate_deficiency,0.0065062367759159,0,unknown,insufficient_clinical_evidence,0.84,moderate,0,0,1,folate,FOLATE_MISSING
P000169,B6_deficiency,0.0127083505267622,0,unknown,insufficient_clinical_evidence,0.84,moderate,0,0,1,vitamin_B6,B6_NO_VALIDATED_RULE
P000169,copper_deficiency,0.0012389593003691,0,unknown,insufficient_clinical_evidence,0.84,moderate,0,0,2,,COPPER_NO_VALIDATED_RULE
P000169,inflammation_anemia,0.999981456345552,1,supports,agree_positive,0.999981456345552,high,3,0,1,,INFLAMMATION_PATTERN_SUPPORT
P000170,iron_deficiency,0.0002290311571092,0,against,agree_negative,0.9997709688428909,high,0,3,2,Ret_He|sTfR,IRON_MULTIPLE_AGAINST
P000170,B12_deficiency,0.0315622562244248,0,unknown,insufficient_clinical_evidence,0.84,moderate,0,0,4,vitamin_B12|active_B12|MMA,B12_NO_TOTAL_B12
P000170,folate_deficiency,0.98928479863537,1,supports,agree_positive,0.98928479863537,high,1,0,0,,FOLATE_LOW
P000170,B6_deficiency,0.0009900314913068,0,unknown,insufficient_clinical_evidence,0.84,moderate,0,0,1,vitamin_B6,B6_NO_VALIDATED_RULE
P000170,copper_deficiency,0.0016524628125577,0,unknown,insufficient_clinical_evidence,0.84,moderate,0,0,2,copper|ceruloplasmin,COPPER_NO_VALIDATED_RULE
P000170,inflammation_anemia,6.26477255975758e-05,0,unknown,insufficient_clinical_evidence,0.84,moderate,2,1,1,sTfR,INFLAMMATION_INCOMPLETE_OR_MIXED
P000171,iron_deficiency,0.999977957699104,1,supports,agree_positive,0.999977957699104,high,3,2,0,sTfR,IRON_MULTIPLE_SUPPORT
P000171,B12_deficiency,0.0028803591122438,0,unknown,insufficient_clinical_evidence,0.84,moderate,0,0,4,vitamin_B12|active_B12|MMA|homocysteine,B12_NO_TOTAL_B12
P000171,folate_deficiency,0.0549431478521479,0,unknown,insufficient_clinical_evidence,0.84,moderate,0,0,1,folate,FOLATE_MISSING
P000171,B6_deficiency,7.066963194168741e-05,0,unknown,insufficient_clinical_evidence,0.84,moderate,0,0,1,vitamin_B6,B6_NO_VALIDATED_RULE
P000171,copper_deficiency,0.0054145747185293,0,unknown,insufficient_clinical_evidence,0.84,moderate,0,0,2,copper|ceruloplasmin,COPPER_NO_VALIDATED_RULE
P000171,inflammation_anemia,9.682484640520649e-06,0,against,agree_negative,0.9999903175153595,high,0,1,0,sTfR,INFLAMMATION_NO_ANEMIA
P000172,iron_deficiency,0.9999783052628848,1,supports,agree_positive,0.9999783052628848,high,4,0,1,sTfR,IRON_MULTIPLE_SUPPORT
P000172,B12_deficiency,0.1645141736618868,0,unknown,insufficient_clinical_evidence,0.8354858263381132,moderate,0,0,4,MMA,B12_TOTAL_NOT_LOW_BUT_NOT_EXCLUSION
P000172,folate_deficiency,0.9411894946384196,1,supports,agree_positive,0.9411894946384196,high,1,0,0,,FOLATE_LOW
P000172,B6_deficiency,0.0007111602822043,0,unknown,insufficient_clinical_evidence,0.84,moderate,0,0,1,vitamin_B6,B6_NO_VALIDATED_RULE
P000172,copper_deficiency,0.0007015736436009,0,unknown,insufficient_clinical_evidence,0.84,moderate,0,0,2,ceruloplasmin,COPPER_NO_VALIDATED_RULE
P000172,inflammation_anemia,4.136801394823671e-05,0,unknown,insufficient_clinical_evidence,0.84,moderate,2,1,1,sTfR,INFLAMMATION_INCOMPLETE_OR_MIXED
P000173,iron_deficiency,0.0011056921016471,0,against,agree_negative,0.9988943078983529,high,0,4,1,Ret_He|sTfR,IRON_MULTIPLE_AGAINST
P000173,B12_deficiency,0.0003146261631985,0,unknown,insufficient_clinical_evidence,0.84,moderate,0,0,4,vitamin_B12|active_B12|MMA,B12_NO_TOTAL_B12
P000173,folate_deficiency,0.3069663021256037,0,supports,conflict_ml_negative_rule_supports,0.64,low,1,0,0,vitamin_B12,FOLATE_LOW
P000173,B6_deficiency,0.9760554387370196,1,unknown,insufficient_clinical_evidence,0.84,moderate,0,0,1,,B6_NO_VALIDATED_RULE
P000173,copper_deficiency,2.1222526129372597e-05,0,unknown,insufficient_clinical_evidence,0.84,moderate,0,0,2,ceruloplasmin,COPPER_NO_VALIDATED_RULE
P000173,inflammation_anemia,0.002619548482435,0,unknown,insufficient_clinical_evidence,0.84,moderate,2,1,1,sTfR,INFLAMMATION_INCOMPLETE_OR_MIXED
P000174,iron_deficiency,0.000233994564556,0,unknown,insufficient_clinical_evidence,0.84,moderate,1,1,3,TSAT|sTfR,IRON_INSUFFICIENT_OR_MIXED
P000174,B12_deficiency,0.0054834027143021,0,unknown,insufficient_clinical_evidence,0.84,moderate,0,0,4,homocysteine,B12_TOTAL_NOT_LOW_BUT_NOT_EXCLUSION
P000174,folate_deficiency,0.0017020722074336,0,against,agree_negative,0.9982979277925664,high,0,1,0,,FOLATE_NOT_LOW
P000174,B6_deficiency,0.0020125239849729,0,unknown,insufficient_clinical_evidence,0.84,moderate,0,0,1,vitamin_B6,B6_NO_VALIDATED_RULE
P000174,copper_deficiency,0.0010201508274846,0,unknown,insufficient_clinical_evidence,0.84,moderate,0,0,2,copper|ceruloplasmin,COPPER_NO_VALIDATED_RULE
P000174,inflammation_anemia,0.0111136276036213,0,unknown,insufficient_clinical_evidence,0.84,moderate,1,0,3,serum_iron|TIBC|TSAT|sTfR,INFLAMMATION_INCOMPLETE_OR_MIXED
P000175,iron_deficiency,0.0013344231808955,0,supports,conflict_ml_negative_rule_supports,0.64,low,2,2,1,Ret_He|sTfR,IRON_MULTIPLE_SUPPORT
P000175,B12_deficiency,0.0004225733457526,0,unknown,insufficient_clinical_evidence,0.84,moderate,0,0,4,active_B12|MMA|homocysteine,B12_TOTAL_NOT_LOW_BUT_NOT_EXCLUSION
P000175,folate_deficiency,0.048029800997937,0,unknown,insufficient_clinical_evidence,0.84,moderate,0,0,1,folate,FOLATE_MISSING
P000175,B6_deficiency,0.0234521689001277,0,unknown,insufficient_clinical_evidence,0.84,moderate,0,0,1,vitamin_B6,B6_NO_VALIDATED_RULE
P000175,copper_deficiency,0.0051818955876423,0,unknown,insufficient_clinical_evidence,0.84,moderate,0,0,2,copper|ceruloplasmin,COPPER_NO_VALIDATED_RULE
P000175,inflammation_anemia,0.94186721347832,1,supports,agree_positive,0.94186721347832,high,3,0,1,sTfR,INFLAMMATION_PATTERN_SUPPORT
P000176,iron_deficiency,0.9651438577906378,1,unknown,insufficient_clinical_evidence,0.84,moderate,0,0,5,ferritin|TSAT|Ret_He,IRON_INSUFFICIENT_OR_MIXED
P000176,B12_deficiency,0.0188651724030492,0,unknown,insufficient_clinical_evidence,0.84,moderate,0,0,4,active_B12|homocysteine,B12_TOTAL_NOT_LOW_BUT_NOT_EXCLUSION
P000176,folate_deficiency,0.4859968864227481,1,unknown,insufficient_clinical_evidence,0.4859968864227481,low,0,0,1,,FOLATE_BORDERLINE
P000176,B6_deficiency,0.0084081414784138,0,unknown,insufficient_clinical_evidence,0.84,moderate,0,0,1,vitamin_B6,B6_NO_VALIDATED_RULE
P000176,copper_deficiency,0.0124329992557013,0,unknown,insufficient_clinical_evidence,0.84,moderate,0,0,2,copper|ceruloplasmin,COPPER_NO_VALIDATED_RULE
P000176,inflammation_anemia,2.799193561089089e-05,0,unknown,insufficient_clinical_evidence,0.84,moderate,0,0,4,CRP|ferritin|serum_iron|TIBC|TSAT,INFLAMMATION_INCOMPLETE_OR_MIXED
P000177,iron_deficiency,5.370836975711143e-05,0,unknown,insufficient_clinical_evidence,0.84,moderate,0,1,4,ferritin|TSAT,IRON_INSUFFICIENT_OR_MIXED
P000177,B12_deficiency,0.0017240882911798,0,unknown,insufficient_clinical_evidence,0.84,moderate,0,0,4,vitamin_B12|active_B12|MMA|homocysteine,B12_NO_TOTAL_B12
P000177,folate_deficiency,0.0558460358864909,0,unknown,insufficient_clinical_evidence,0.84,moderate,0,0,1,folate,FOLATE_MISSING
P000177,B6_deficiency,0.0002233218104351,0,unknown,insufficient_clinical_evidence,0.84,moderate,0,0,1,vitamin_B6,B6_NO_VALIDATED_RULE
P000177,copper_deficiency,0.005972333506154,0,unknown,insufficient_clinical_evidence,0.84,moderate,0,0,2,copper|ceruloplasmin,COPPER_NO_VALIDATED_RULE
P000177,inflammation_anemia,5.377039159728064e-05,0,against,agree_negative,0.9999462296084027,high,0,1,0,CRP|ferritin|serum_iron|TIBC|TSAT,INFLAMMATION_NO_ANEMIA
P000178,iron_deficiency,6.527990321468589e-05,0,against,agree_negative,0.9999347200967853,high,0,3,2,Ret_He,IRON_MULTIPLE_AGAINST
P000178,B12_deficiency,0.0028367616225167,0,unknown,insufficient_clinical_evidence,0.84,moderate,0,0,4,active_B12|MMA,B12_TOTAL_NOT_LOW_BUT_NOT_EXCLUSION
P000178,folate_deficiency,0.1663637969361597,0,unknown,insufficient_clinical_evidence,0.8336362030638402,moderate,0,0,1,folate,FOLATE_MISSING
P000178,B6_deficiency,0.0019519226140944,0,unknown,insufficient_clinical_evidence,0.84,moderate,0,0,1,vitamin_B6,B6_NO_VALIDATED_RULE
P000178,copper_deficiency,0.999182998535298,1,unknown,insufficient_clinical_evidence,0.84,moderate,0,0,2,,COPPER_NO_VALIDATED_RULE
P000178,inflammation_anemia,0.0007354000964131,0,against,agree_negative,0.9992645999035868,high,0,1,0,CRP,INFLAMMATION_NO_ANEMIA
P000179,iron_deficiency,0.9985320814119334,1,supports,agree_positive,0.9985320814119334,high,2,0,3,ferritin|Ret_He|sTfR,IRON_MULTIPLE_SUPPORT
P000179,B12_deficiency,0.0168200722969693,0,unknown,insufficient_clinical_evidence,0.84,moderate,0,0,4,MMA|homocysteine,B12_TOTAL_NOT_LOW_BUT_NOT_EXCLUSION
P000179,folate_deficiency,0.0073520810238105,0,unknown,insufficient_clinical_evidence,0.84,moderate,0,0,1,folate,FOLATE_MISSING
P000179,B6_deficiency,0.0246435654956762,0,unknown,insufficient_clinical_evidence,0.84,moderate,0,0,1,vitamin_B6,B6_NO_VALIDATED_RULE
P000179,copper_deficiency,0.0048203016543373,0,unknown,insufficient_clinical_evidence,0.84,moderate,0,0,2,copper|ceruloplasmin,COPPER_NO_VALIDATED_RULE
P000179,inflammation_anemia,1.5038936414318068e-05,0,supports,conflict_ml_negative_rule_supports,0.64,low,2,0,2,ferritin|sTfR,INFLAMMATION_PATTERN_SUPPORT
P000180,iron_deficiency,0.6044668741317425,1,unknown,insufficient_clinical_evidence,0.6044668741317425,low,0,0,5,TSAT|Ret_He,IRON_INSUFFICIENT_OR_MIXED
P000180,B12_deficiency,0.1150772184117135,0,unknown,insufficient_clinical_evidence,0.84,moderate,0,0,4,active_B12|homocysteine,B12_TOTAL_NOT_LOW_BUT_NOT_EXCLUSION
P000180,folate_deficiency,0.0026241020208943,0,against,agree_negative,0.9973758979791058,high,0,1,0,,FOLATE_NOT_LOW
P000180,B6_deficiency,0.0010926509472533,0,unknown,insufficient_clinical_evidence,0.84,moderate,0,0,1,vitamin_B6,B6_NO_VALIDATED_RULE
P000180,copper_deficiency,0.0001155837160627,0,unknown,insufficient_clinical_evidence,0.84,moderate,0,0,2,copper|ceruloplasmin,COPPER_NO_VALIDATED_RULE
P000180,inflammation_anemia,8.207811104411776e-05,0,unknown,insufficient_clinical_evidence,0.84,moderate,1,0,3,CRP|serum_iron|TIBC|TSAT,INFLAMMATION_INCOMPLETE_OR_MIXED
P000181,iron_deficiency,0.9999642045227888,1,supports,agree_positive,0.9999642045227888,high,4,0,1,Ret_He|sTfR,IRON_MULTIPLE_SUPPORT
P000181,B12_deficiency,0.0001993092807408,0,unknown,insufficient_clinical_evidence,0.84,moderate,0,0,4,vitamin_B12|MMA,B12_NO_TOTAL_B12
P000181,folate_deficiency,0.0240437835418371,0,unknown,insufficient_clinical_evidence,0.84,moderate,0,0,1,,FOLATE_BORDERLINE
P000181,B6_deficiency,0.0008815730795636,0,unknown,insufficient_clinical_evidence,0.84,moderate,0,0,1,vitamin_B6,B6_NO_VALIDATED_RULE
P000181,copper_deficiency,0.0050862632357832,0,unknown,insufficient_clinical_evidence,0.84,moderate,0,0,2,ceruloplasmin,COPPER_NO_VALIDATED_RULE
P000181,inflammation_anemia,0.0001232783875095,0,unknown,insufficient_clinical_evidence,0.84,moderate,1,2,1,CRP|sTfR,INFLAMMATION_INCOMPLETE_OR_MIXED
P000182,iron_deficiency,0.0001137703452062,0,against,agree_negative,0.9998862296547938,high,0,3,2,Ret_He|sTfR,IRON_MULTIPLE_AGAINST
P000182,B12_deficiency,0.0003257554727695,0,unknown,insufficient_clinical_evidence,0.84,moderate,0,0,4,vitamin_B12|active_B12|MMA|homocysteine,B12_NO_TOTAL_B12
P000182,folate_deficiency,0.0032658113504795,0,unknown,insufficient_clinical_evidence,0.84,moderate,0,0,1,folate,FOLATE_MISSING
P000182,B6_deficiency,0.0265226779864716,0,unknown,insufficient_clinical_evidence,0.84,moderate,0,0,1,vitamin_B6,B6_NO_VALIDATED_RULE
P000182,copper_deficiency,0.0089429469562509,0,unknown,insufficient_clinical_evidence,0.84,moderate,0,0,2,copper|ceruloplasmin,COPPER_NO_VALIDATED_RULE
P000182,inflammation_anemia,0.000873831938826,0,unknown,insufficient_clinical_evidence,0.84,moderate,2,1,1,sTfR,INFLAMMATION_INCOMPLETE_OR_MIXED
P000183,iron_deficiency,3.661593897802757e-05,0,unknown,insufficient_clinical_evidence,0.84,moderate,1,3,1,Ret_He,IRON_INSUFFICIENT_OR_MIXED
P000183,B12_deficiency,0.0088763177095297,0,unknown,insufficient_clinical_evidence,0.84,moderate,0,0,4,vitamin_B12|active_B12|MMA,B12_NO_TOTAL_B12
P000183,folate_deficiency,0.8513723078253546,1,supports,agree_positive,0.8513723078253546,high,1,0,0,,FOLATE_LOW
P000183,B6_deficiency,0.0098317060756744,0,unknown,insufficient_clinical_evidence,0.84,moderate,0,0,1,vitamin_B6,B6_NO_VALIDATED_RULE
P000183,copper_deficiency,0.0027940152511906,0,unknown,insufficient_clinical_evidence,0.84,moderate,0,0,2,copper|ceruloplasmin,COPPER_NO_VALIDATED_RULE
P000183,inflammation_anemia,0.0001501185193667,0,against,agree_negative,0.9998498814806333,high,0,1,0,CRP,INFLAMMATION_NO_ANEMIA
P000184,iron_deficiency,4.608913303153717e-05,0,against,agree_negative,0.9999539108669685,high,0,3,2,Ret_He|sTfR,IRON_MULTIPLE_AGAINST
P000184,B12_deficiency,0.9997627232251104,1,unknown,insufficient_clinical_evidence,0.84,moderate,0,0,4,active_B12|MMA,B12_TOTAL_NOT_LOW_BUT_NOT_EXCLUSION
P000184,folate_deficiency,0.9534622486880008,1,supports,agree_positive,0.9534622486880008,high,1,0,0,,FOLATE_LOW
P000184,B6_deficiency,0.0005895449869669,0,unknown,insufficient_clinical_evidence,0.84,moderate,0,0,1,vitamin_B6,B6_NO_VALIDATED_RULE
P000184,copper_deficiency,7.652242251155951e-11,0,unknown,insufficient_clinical_evidence,0.84,moderate,0,0,2,copper|ceruloplasmin,COPPER_NO_VALIDATED_RULE
P000184,inflammation_anemia,6.072022634439791e-05,0,unknown,insufficient_clinical_evidence,0.84,moderate,2,1,1,sTfR,INFLAMMATION_INCOMPLETE_OR_MIXED
P000185,iron_deficiency,0.000417165824562,0,supports,conflict_ml_negative_rule_supports,0.64,low,2,1,2,Ret_He|sTfR,IRON_MULTIPLE_SUPPORT
P000185,B12_deficiency,0.0001476788511911,0,unknown,insufficient_clinical_evidence,0.84,moderate,0,0,4,active_B12|MMA|homocysteine,B12_TOTAL_NOT_LOW_BUT_NOT_EXCLUSION
P000185,folate_deficiency,0.0002108005446938,0,against,agree_negative,0.9997891994553062,high,0,1,0,,FOLATE_NOT_LOW
P000185,B6_deficiency,0.0127880156592134,0,unknown,insufficient_clinical_evidence,0.84,moderate,0,0,1,vitamin_B6,B6_NO_VALIDATED_RULE
P000185,copper_deficiency,0.000845750446697,0,unknown,insufficient_clinical_evidence,0.84,moderate,0,0,2,copper,COPPER_NO_VALIDATED_RULE
P000185,inflammation_anemia,0.9982268430288852,1,supports,agree_positive,0.9982268430288852,high,3,0,1,sTfR,INFLAMMATION_PATTERN_SUPPORT
P000186,iron_deficiency,0.9851616703875103,1,supports,agree_positive,0.9851616703875103,high,3,1,1,sTfR,IRON_MULTIPLE_SUPPORT
P000186,B12_deficiency,0.0045127910043654,0,unknown,insufficient_clinical_evidence,0.84,moderate,0,0,4,vitamin_B12|active_B12|MMA|homocysteine,B12_NO_TOTAL_B12
P000186,folate_deficiency,0.0147672176141999,0,unknown,insufficient_clinical_evidence,0.84,moderate,0,0,1,folate,FOLATE_MISSING
P000186,B6_deficiency,0.0044590414495632,0,unknown,insufficient_clinical_evidence,0.84,moderate,0,0,1,vitamin_B6,B6_NO_VALIDATED_RULE
P000186,copper_deficiency,0.0043903249857233,0,unknown,insufficient_clinical_evidence,0.84,moderate,0,0,2,copper|ceruloplasmin,COPPER_NO_VALIDATED_RULE
P000186,inflammation_anemia,0.0001349726533086,0,against,agree_negative,0.9998650273466914,high,0,1,0,sTfR,INFLAMMATION_NO_ANEMIA
P000187,iron_deficiency,0.9999622066839342,1,supports,agree_positive,0.9999622066839342,high,3,0,2,Ret_He,IRON_MULTIPLE_SUPPORT
P000187,B12_deficiency,0.0032105651728168,0,unknown,insufficient_clinical_evidence,0.84,moderate,0,0,4,vitamin_B12|active_B12|MMA|homocysteine,B12_NO_TOTAL_B12
P000187,folate_deficiency,0.0175748191983868,0,unknown,insufficient_clinical_evidence,0.84,moderate,0,0,1,folate,FOLATE_MISSING
P000187,B6_deficiency,0.0692028830114245,0,unknown,insufficient_clinical_evidence,0.84,moderate,0,0,1,,B6_NO_VALIDATED_RULE
P000187,copper_deficiency,0.0009111553228287,0,unknown,insufficient_clinical_evidence,0.84,moderate,0,0,2,copper|ceruloplasmin,COPPER_NO_VALIDATED_RULE
P000187,inflammation_anemia,0.0034019935788518,0,against,agree_negative,0.9965980064211482,high,0,1,0,CRP,INFLAMMATION_NO_ANEMIA
P000188,iron_deficiency,0.9999656350596232,1,supports,agree_positive,0.9999656350596232,high,2,1,2,Ret_He,IRON_MULTIPLE_SUPPORT
P000188,B12_deficiency,0.0003443901647318,0,unknown,insufficient_clinical_evidence,0.84,moderate,0,0,4,active_B12|MMA|homocysteine,B12_TOTAL_NOT_LOW_BUT_NOT_EXCLUSION
P000188,folate_deficiency,0.1666187698379432,0,unknown,insufficient_clinical_evidence,0.8333812301620568,moderate,0,0,1,folate,FOLATE_MISSING
P000188,B6_deficiency,0.0020192247487149,0,unknown,insufficient_clinical_evidence,0.84,moderate,0,0,1,vitamin_B6,B6_NO_VALIDATED_RULE
P000188,copper_deficiency,0.0001900639239238,0,unknown,insufficient_clinical_evidence,0.84,moderate,0,0,2,copper,COPPER_NO_VALIDATED_RULE
P000188,inflammation_anemia,1.3855059631606424e-05,0,unknown,insufficient_clinical_evidence,0.84,moderate,1,2,1,,INFLAMMATION_INCOMPLETE_OR_MIXED
P000189,iron_deficiency,0.0001062469742723,0,against,agree_negative,0.9998937530257277,high,0,3,2,Ret_He|sTfR,IRON_MULTIPLE_AGAINST
P000189,B12_deficiency,0.0008990203240412,0,unknown,insufficient_clinical_evidence,0.84,moderate,0,0,4,vitamin_B12|MMA,B12_NO_TOTAL_B12
P000189,folate_deficiency,0.0006096715166644,0,against,agree_negative,0.9993903284833356,high,0,1,0,,FOLATE_NOT_LOW
P000189,B6_deficiency,0.0014943153410928,0,unknown,insufficient_clinical_evidence,0.84,moderate,0,0,1,vitamin_B6,B6_NO_VALIDATED_RULE
P000189,copper_deficiency,0.0024286662637192,0,unknown,insufficient_clinical_evidence,0.84,moderate,0,0,2,ceruloplasmin,COPPER_NO_VALIDATED_RULE
P000189,inflammation_anemia,0.0018087657547964,0,unknown,insufficient_clinical_evidence,0.84,moderate,2,1,1,sTfR,INFLAMMATION_INCOMPLETE_OR_MIXED
P000190,iron_deficiency,0.000615572292392,0,unknown,insufficient_clinical_evidence,0.84,moderate,0,1,4,TSAT|Ret_He|sTfR,IRON_INSUFFICIENT_OR_MIXED
P000190,B12_deficiency,0.0034674847561641,0,unknown,insufficient_clinical_evidence,0.84,moderate,0,0,4,vitamin_B12|MMA|homocysteine,B12_NO_TOTAL_B12
P000190,folate_deficiency,0.2202606142541719,0,unknown,insufficient_clinical_evidence,0.7797393857458281,moderate,0,0,1,folate,FOLATE_MISSING
P000190,B6_deficiency,0.0020105951080706,0,unknown,insufficient_clinical_evidence,0.84,moderate,0,0,1,vitamin_B6,B6_NO_VALIDATED_RULE
P000190,copper_deficiency,0.0717385382117395,0,unknown,insufficient_clinical_evidence,0.84,moderate,0,0,2,copper,COPPER_NO_VALIDATED_RULE
P000190,inflammation_anemia,0.0001536724597615,0,unknown,insufficient_clinical_evidence,0.84,moderate,1,0,3,serum_iron|TIBC|TSAT|sTfR,INFLAMMATION_INCOMPLETE_OR_MIXED
P000191,iron_deficiency,0.0213152547383752,0,unknown,insufficient_clinical_evidence,0.84,moderate,0,0,5,ferritin|TSAT|Ret_He|sTfR,IRON_INSUFFICIENT_OR_MIXED
P000191,B12_deficiency,0.0081492542581683,0,unknown,insufficient_clinical_evidence,0.84,moderate,0,0,4,vitamin_B12|homocysteine,B12_NO_TOTAL_B12
P000191,folate_deficiency,0.0067592567068689,0,unknown,insufficient_clinical_evidence,0.84,moderate,0,0,1,folate,FOLATE_MISSING
P000191,B6_deficiency,0.003719003035489,0,unknown,insufficient_clinical_evidence,0.84,moderate,0,0,1,vitamin_B6,B6_NO_VALIDATED_RULE
P000191,copper_deficiency,0.0002648362559453,0,unknown,insufficient_clinical_evidence,0.84,moderate,0,0,2,copper,COPPER_NO_VALIDATED_RULE
P000191,inflammation_anemia,0.0001890740298684,0,against,agree_negative,0.9998109259701315,high,0,1,0,ferritin|serum_iron|TIBC|TSAT|sTfR,INFLAMMATION_NO_ANEMIA
P000192,iron_deficiency,0.9997918672955796,1,unknown,insufficient_clinical_evidence,0.84,moderate,0,0,5,TSAT|Ret_He,IRON_INSUFFICIENT_OR_MIXED
P000192,B12_deficiency,0.0863196158172086,0,unknown,insufficient_clinical_evidence,0.84,moderate,0,0,4,vitamin_B12|active_B12|MMA|homocysteine,B12_NO_TOTAL_B12
P000192,folate_deficiency,0.0008850968017104,0,against,agree_negative,0.9991149031982896,high,0,1,0,,FOLATE_NOT_LOW
P000192,B6_deficiency,0.0065899511816919,0,unknown,insufficient_clinical_evidence,0.84,moderate,0,0,1,vitamin_B6,B6_NO_VALIDATED_RULE
P000192,copper_deficiency,4.291037393273214e-12,0,unknown,insufficient_clinical_evidence,0.84,moderate,0,0,2,copper|ceruloplasmin,COPPER_NO_VALIDATED_RULE
P000192,inflammation_anemia,0.0015285129040311,0,unknown,insufficient_clinical_evidence,0.84,moderate,1,0,3,CRP|serum_iron|TIBC|TSAT,INFLAMMATION_INCOMPLETE_OR_MIXED
P000193,iron_deficiency,0.006599443882874,0,against,agree_negative,0.993400556117126,high,0,3,2,Ret_He|sTfR,IRON_MULTIPLE_AGAINST
P000193,B12_deficiency,0.0091343324629106,0,unknown,insufficient_clinical_evidence,0.84,moderate,0,0,4,vitamin_B12|active_B12|MMA|homocysteine,B12_NO_TOTAL_B12
P000193,folate_deficiency,0.0007346029354883,0,against,agree_negative,0.9992653970645117,high,0,1,0,,FOLATE_NOT_LOW
P000193,B6_deficiency,0.0062104217561438,0,unknown,insufficient_clinical_evidence,0.84,moderate,0,0,1,vitamin_B6,B6_NO_VALIDATED_RULE
P000193,copper_deficiency,0.0006163950514749,0,unknown,insufficient_clinical_evidence,0.84,moderate,0,0,2,copper|ceruloplasmin,COPPER_NO_VALIDATED_RULE
P000193,inflammation_anemia,7.10927128291443e-05,0,against,agree_negative,0.9999289072871709,high,0,1,0,CRP|sTfR,INFLAMMATION_NO_ANEMIA
P000194,iron_deficiency,0.0031782851502955,0,unknown,insufficient_clinical_evidence,0.84,moderate,0,1,4,ferritin|TSAT|sTfR,IRON_INSUFFICIENT_OR_MIXED
P000194,B12_deficiency,0.2729254460730883,1,unknown,insufficient_clinical_evidence,0.2729254460730883,low,0,0,4,active_B12|MMA,B12_TOTAL_NOT_LOW_BUT_NOT_EXCLUSION
P000194,folate_deficiency,0.0034903678044969,0,against,agree_negative,0.9965096321955031,high,0,1,0,,FOLATE_NOT_LOW
P000194,B6_deficiency,0.0010491974621037,0,unknown,insufficient_clinical_evidence,0.84,moderate,0,0,1,vitamin_B6,B6_NO_VALIDATED_RULE
P000194,copper_deficiency,7.65767905495414e-10,0,unknown,insufficient_clinical_evidence,0.84,moderate,0,0,2,copper|ceruloplasmin,COPPER_NO_VALIDATED_RULE
P000194,inflammation_anemia,8.476584053413796e-05,0,against,agree_negative,0.9999152341594658,high,0,1,0,ferritin|serum_iron|TIBC|TSAT|sTfR,INFLAMMATION_NO_ANEMIA
P000195,iron_deficiency,0.9999798600113456,1,supports,agree_positive,0.9999798600113456,high,3,0,2,Ret_He|sTfR,IRON_MULTIPLE_SUPPORT
P000195,B12_deficiency,0.00120782768524,0,unknown,insufficient_clinical_evidence,0.84,moderate,0,0,4,vitamin_B12|active_B12|MMA|homocysteine,B12_NO_TOTAL_B12
P000195,folate_deficiency,0.0038164038811588,0,unknown,insufficient_clinical_evidence,0.84,moderate,0,0,1,folate,FOLATE_MISSING
P000195,B6_deficiency,0.0008380924795166,0,unknown,insufficient_clinical_evidence,0.84,moderate,0,0,1,vitamin_B6,B6_NO_VALIDATED_RULE
P000195,copper_deficiency,0.0001792249301717,0,unknown,insufficient_clinical_evidence,0.84,moderate,0,0,2,copper|ceruloplasmin,COPPER_NO_VALIDATED_RULE
P000195,inflammation_anemia,0.0001486923061364,0,against,agree_negative,0.9998513076938635,high,0,1,0,sTfR,INFLAMMATION_NO_ANEMIA
P000196,iron_deficiency,0.9999336818067476,1,supports,agree_positive,0.9999336818067476,high,3,0,2,Ret_He|sTfR,IRON_MULTIPLE_SUPPORT
P000196,B12_deficiency,0.9980111873171048,1,unknown,insufficient_clinical_evidence,0.84,moderate,0,0,4,vitamin_B12|active_B12|homocysteine,B12_NO_TOTAL_B12
P000196,folate_deficiency,0.0025455628101972,0,against,agree_negative,0.9974544371898028,high,0,1,0,,FOLATE_NOT_LOW
P000196,B6_deficiency,0.0114472121886116,0,unknown,insufficient_clinical_evidence,0.84,moderate,0,0,1,vitamin_B6,B6_NO_VALIDATED_RULE
P000196,copper_deficiency,0.0010076485983705,0,unknown,insufficient_clinical_evidence,0.84,moderate,0,0,2,copper,COPPER_NO_VALIDATED_RULE
P000196,inflammation_anemia,4.227922570500448e-05,0,unknown,insufficient_clinical_evidence,0.84,moderate,2,1,1,sTfR,INFLAMMATION_INCOMPLETE_OR_MIXED
P000197,iron_deficiency,6.168612875977353e-05,0,against,agree_negative,0.9999383138712402,high,0,2,3,ferritin|Ret_He|sTfR,IRON_MULTIPLE_AGAINST
P000197,B12_deficiency,0.0036350844125716,0,unknown,insufficient_clinical_evidence,0.84,moderate,0,0,4,vitamin_B12|active_B12|MMA|homocysteine,B12_NO_TOTAL_B12
P000197,folate_deficiency,0.0021263423290124,0,against,agree_negative,0.9978736576709876,high,0,1,0,,FOLATE_NOT_LOW
P000197,B6_deficiency,0.0051594586135626,0,unknown,insufficient_clinical_evidence,0.84,moderate,0,0,1,vitamin_B6,B6_NO_VALIDATED_RULE
P000197,copper_deficiency,0.0038454556106014,0,unknown,insufficient_clinical_evidence,0.84,moderate,0,0,2,copper|ceruloplasmin,COPPER_NO_VALIDATED_RULE
P000197,inflammation_anemia,0.0003380772522562,0,unknown,insufficient_clinical_evidence,0.84,moderate,1,1,2,CRP|ferritin|sTfR,INFLAMMATION_INCOMPLETE_OR_MIXED
P000198,iron_deficiency,0.0027848254412299,0,unknown,insufficient_clinical_evidence,0.84,moderate,0,1,4,ferritin|TSAT|sTfR,IRON_INSUFFICIENT_OR_MIXED
P000198,B12_deficiency,0.9984249257459228,1,supports,agree_positive,0.9984249257459228,high,1,0,3,active_B12|MMA,B12_LOW_TOTAL
P000198,folate_deficiency,0.0073714636244455,0,against,agree_negative,0.9926285363755545,high,0,1,0,,FOLATE_NOT_LOW
P000198,B6_deficiency,0.0008138726000487,0,unknown,insufficient_clinical_evidence,0.84,moderate,0,0,1,vitamin_B6,B6_NO_VALIDATED_RULE
P000198,copper_deficiency,0.0014381290781375,0,unknown,insufficient_clinical_evidence,0.84,moderate,0,0,2,copper|ceruloplasmin,COPPER_NO_VALIDATED_RULE
P000198,inflammation_anemia,3.448229754796425e-05,0,against,agree_negative,0.999965517702452,high,0,1,0,CRP|ferritin|serum_iron|TIBC|TSAT|sTfR,INFLAMMATION_NO_ANEMIA
P000199,iron_deficiency,0.9999850892780664,1,supports,agree_positive,0.9999850892780664,high,2,0,3,Ret_He|sTfR,IRON_MULTIPLE_SUPPORT
P000199,B12_deficiency,0.0026001088243693,0,unknown,insufficient_clinical_evidence,0.84,moderate,0,0,4,vitamin_B12|active_B12,B12_NO_TOTAL_B12
P000199,folate_deficiency,0.0027327780216289,0,against,agree_negative,0.9972672219783711,high,0,1,0,,FOLATE_NOT_LOW
P000199,B6_deficiency,0.00213581597854,0,unknown,insufficient_clinical_evidence,0.84,moderate,0,0,1,vitamin_B6,B6_NO_VALIDATED_RULE
P000199,copper_deficiency,7.964423585012688e-06,0,unknown,insufficient_clinical_evidence,0.84,moderate,0,0,2,copper|ceruloplasmin,COPPER_NO_VALIDATED_RULE
P000199,inflammation_anemia,0.0017729256227262,0,supports,conflict_ml_negative_rule_supports,0.64,low,3,0,1,CRP|sTfR,INFLAMMATION_PATTERN_SUPPORT
P000200,iron_deficiency,0.0001753761007203,0,against,agree_negative,0.9998246238992797,high,0,2,3,ferritin|Ret_He|sTfR,IRON_MULTIPLE_AGAINST
P000200,B12_deficiency,0.0007906415584437,0,unknown,insufficient_clinical_evidence,0.84,moderate,0,0,4,vitamin_B12|active_B12|homocysteine,B12_NO_TOTAL_B12
P000200,folate_deficiency,0.0322765151097349,0,unknown,insufficient_clinical_evidence,0.84,moderate,0,0,1,folate,FOLATE_MISSING
P000200,B6_deficiency,0.0055099550955546,0,unknown,insufficient_clinical_evidence,0.84,moderate,0,0,1,vitamin_B6,B6_NO_VALIDATED_RULE
P000200,copper_deficiency,4.6985768770127656e-08,0,unknown,insufficient_clinical_evidence,0.84,moderate,0,0,2,copper|ceruloplasmin,COPPER_NO_VALIDATED_RULE
P000200,inflammation_anemia,5.550946408667088e-05,0,against,agree_negative,0.9999444905359133,high,0,1,0,CRP|ferritin|sTfR,INFLAMMATION_NO_ANEMIA
P000201,iron_deficiency,0.9999424324066426,1,supports,agree_positive,0.9999424324066426,high,2,0,3,Ret_He|sTfR,IRON_MULTIPLE_SUPPORT
P000201,B12_deficiency,0.0015010167420109,0,unknown,insufficient_clinical_evidence,0.84,moderate,0,0,4,vitamin_B12|active_B12|homocysteine,B12_NO_TOTAL_B12
P000201,folate_deficiency,0.0026909076642626,0,unknown,insufficient_clinical_evidence,0.84,moderate,0,0,1,,FOLATE_BORDERLINE
P000201,B6_deficiency,0.00239846704731,0,unknown,insufficient_clinical_evidence,0.84,moderate,0,0,1,vitamin_B6,B6_NO_VALIDATED_RULE
P000201,copper_deficiency,3.442434215978875e-09,0,unknown,insufficient_clinical_evidence,0.84,moderate,0,0,2,ceruloplasmin,COPPER_NO_VALIDATED_RULE
P000201,inflammation_anemia,0.0004091171558872,0,against,agree_negative,0.9995908828441128,high,0,1,0,CRP|sTfR,INFLAMMATION_NO_ANEMIA
P000202,iron_deficiency,0.9999753151527708,1,supports,agree_positive,0.9999753151527708,high,3,0,2,Ret_He|sTfR,IRON_MULTIPLE_SUPPORT
P000202,B12_deficiency,0.0003265784136356,0,unknown,insufficient_clinical_evidence,0.84,moderate,0,0,4,active_B12,B12_TOTAL_NOT_LOW_BUT_NOT_EXCLUSION
P000202,folate_deficiency,0.0219576024275452,0,unknown,insufficient_clinical_evidence,0.84,moderate,0,0,1,folate,FOLATE_MISSING
P000202,B6_deficiency,0.0093451574981143,0,unknown,insufficient_clinical_evidence,0.84,moderate,0,0,1,vitamin_B6,B6_NO_VALIDATED_RULE
P000202,copper_deficiency,2.039587086366566e-07,0,unknown,insufficient_clinical_evidence,0.84,moderate,0,0,2,copper|ceruloplasmin,COPPER_NO_VALIDATED_RULE
P000202,inflammation_anemia,0.0001577884496431,0,unknown,insufficient_clinical_evidence,0.84,moderate,2,1,1,CRP|sTfR,INFLAMMATION_INCOMPLETE_OR_MIXED
P000203,iron_deficiency,0.0001417140217404,0,unknown,insufficient_clinical_evidence,0.84,moderate,0,1,4,TSAT|Ret_He,IRON_INSUFFICIENT_OR_MIXED
P000203,B12_deficiency,0.002659232572637,0,unknown,insufficient_clinical_evidence,0.84,moderate,0,0,4,active_B12|homocysteine,B12_TOTAL_NOT_LOW_BUT_NOT_EXCLUSION
P000203,folate_deficiency,0.003088529781565,0,unknown,insufficient_clinical_evidence,0.84,moderate,0,0,1,folate,FOLATE_MISSING
P000203,B6_deficiency,0.6467833910073882,1,unknown,insufficient_clinical_evidence,0.6467833910073882,low,0,0,1,,B6_NO_VALIDATED_RULE
P000203,copper_deficiency,0.0007134444744207,0,unknown,insufficient_clinical_evidence,0.84,moderate,0,0,2,copper|ceruloplasmin,COPPER_NO_VALIDATED_RULE
P000203,inflammation_anemia,0.0874737902932104,0,unknown,insufficient_clinical_evidence,0.84,moderate,1,0,3,serum_iron|TIBC|TSAT,INFLAMMATION_INCOMPLETE_OR_MIXED
P000204,iron_deficiency,0.9999277560044812,1,supports,agree_positive,0.9999277560044812,high,3,0,2,Ret_He|sTfR,IRON_MULTIPLE_SUPPORT
P000204,B12_deficiency,0.994652618463464,1,supports,agree_positive,0.994652618463464,high,1,0,3,active_B12|MMA,B12_LOW_TOTAL
P000204,folate_deficiency,0.983477055492794,1,supports,agree_positive,0.983477055492794,high,1,0,0,,FOLATE_LOW
P000204,B6_deficiency,0.0039485742692442,0,unknown,insufficient_clinical_evidence,0.84,moderate,0,0,1,,B6_NO_VALIDATED_RULE
P000204,copper_deficiency,1.2672930018231373e-08,0,unknown,insufficient_clinical_evidence,0.84,moderate,0,0,2,copper|ceruloplasmin,COPPER_NO_VALIDATED_RULE
P000204,inflammation_anemia,0.0001689375703925,0,unknown,insufficient_clinical_evidence,0.84,moderate,2,1,1,sTfR,INFLAMMATION_INCOMPLETE_OR_MIXED
P000205,iron_deficiency,0.9999607014305796,1,supports,agree_positive,0.9999607014305796,high,3,1,1,Ret_He|sTfR,IRON_MULTIPLE_SUPPORT
P000205,B12_deficiency,0.0078241838242721,0,unknown,insufficient_clinical_evidence,0.84,moderate,0,0,4,vitamin_B12|active_B12|homocysteine,B12_NO_TOTAL_B12
P000205,folate_deficiency,0.0003015342955133,0,against,agree_negative,0.9996984657044867,high,0,1,0,,FOLATE_NOT_LOW
P000205,B6_deficiency,0.0029818960880737,0,unknown,insufficient_clinical_evidence,0.84,moderate,0,0,1,vitamin_B6,B6_NO_VALIDATED_RULE
P000205,copper_deficiency,7.084689633327035e-05,0,unknown,insufficient_clinical_evidence,0.84,moderate,0,0,2,copper|ceruloplasmin,COPPER_NO_VALIDATED_RULE
P000205,inflammation_anemia,4.080402970216968e-05,0,against,agree_negative,0.9999591959702978,high,0,1,0,sTfR,INFLAMMATION_NO_ANEMIA
P000206,iron_deficiency,0.0476543561476555,0,unknown,insufficient_clinical_evidence,0.84,moderate,0,1,4,ferritin|TSAT,IRON_INSUFFICIENT_OR_MIXED
P000206,B12_deficiency,0.0031068956617288,0,unknown,insufficient_clinical_evidence,0.84,moderate,0,0,4,vitamin_B12|active_B12|MMA|homocysteine,B12_NO_TOTAL_B12
P000206,folate_deficiency,0.0327595158057387,0,unknown,insufficient_clinical_evidence,0.84,moderate,0,0,1,folate,FOLATE_MISSING
P000206,B6_deficiency,0.8101882511317088,1,unknown,insufficient_clinical_evidence,0.8101882511317088,moderate,0,0,1,,B6_NO_VALIDATED_RULE
P000206,copper_deficiency,0.0011543038784505,0,unknown,insufficient_clinical_evidence,0.84,moderate,0,0,2,copper|ceruloplasmin,COPPER_NO_VALIDATED_RULE
P000206,inflammation_anemia,1.754214084918475e-05,0,against,agree_negative,0.9999824578591509,high,0,1,0,CRP|ferritin|serum_iron|TIBC|TSAT,INFLAMMATION_NO_ANEMIA
P000207,iron_deficiency,0.0009193088313787,0,against,agree_negative,0.9990806911686213,high,0,3,2,ferritin,IRON_MULTIPLE_AGAINST
P000207,B12_deficiency,0.0029848855470185,0,unknown,insufficient_clinical_evidence,0.84,moderate,0,0,4,active_B12,B12_TOTAL_NOT_LOW_BUT_NOT_EXCLUSION
P000207,folate_deficiency,0.9855803907042342,1,supports,agree_positive,0.9855803907042342,high,1,0,0,,FOLATE_LOW
P000207,B6_deficiency,0.0117473547940348,0,unknown,insufficient_clinical_evidence,0.84,moderate,0,0,1,vitamin_B6,B6_NO_VALIDATED_RULE
P000207,copper_deficiency,1.9540920709773863e-05,0,unknown,insufficient_clinical_evidence,0.84,moderate,0,0,2,copper|ceruloplasmin,COPPER_NO_VALIDATED_RULE
P000207,inflammation_anemia,1.5184530333231574e-05,0,unknown,insufficient_clinical_evidence,0.84,moderate,1,1,2,CRP|ferritin,INFLAMMATION_INCOMPLETE_OR_MIXED
P000208,iron_deficiency,0.0003300399934151,0,against,agree_negative,0.9996699600065849,high,0,2,3,TSAT|sTfR,IRON_MULTIPLE_AGAINST
P000208,B12_deficiency,0.000963078595619,0,unknown,insufficient_clinical_evidence,0.84,moderate,0,0,4,active_B12,B12_TOTAL_NOT_LOW_BUT_NOT_EXCLUSION
P000208,folate_deficiency,0.0096000018313912,0,unknown,insufficient_clinical_evidence,0.84,moderate,0,0,1,folate,FOLATE_MISSING
P000208,B6_deficiency,0.038904184270509,0,unknown,insufficient_clinical_evidence,0.84,moderate,0,0,1,vitamin_B6,B6_NO_VALIDATED_RULE
P000208,copper_deficiency,0.822731064337224,1,unknown,insufficient_clinical_evidence,0.822731064337224,moderate,0,0,2,ceruloplasmin,COPPER_NO_VALIDATED_RULE
P000208,inflammation_anemia,0.0014623814146054,0,against,agree_negative,0.9985376185853946,high,0,1,0,CRP|serum_iron|TIBC|TSAT|sTfR,INFLAMMATION_NO_ANEMIA
P000209,iron_deficiency,0.9996755527538508,1,supports,agree_positive,0.9996755527538508,high,3,0,2,ferritin|Ret_He|sTfR,IRON_MULTIPLE_SUPPORT
P000209,B12_deficiency,0.0148899097735363,0,unknown,insufficient_clinical_evidence,0.84,moderate,0,0,4,vitamin_B12|active_B12|MMA|homocysteine,B12_NO_TOTAL_B12
P000209,folate_deficiency,0.0680017619872587,0,unknown,insufficient_clinical_evidence,0.84,moderate,0,0,1,folate,FOLATE_MISSING
P000209,B6_deficiency,0.0109722122327549,0,unknown,insufficient_clinical_evidence,0.84,moderate,0,0,1,vitamin_B6,B6_NO_VALIDATED_RULE
P000209,copper_deficiency,0.0011101947473804,0,unknown,insufficient_clinical_evidence,0.84,moderate,0,0,2,copper|ceruloplasmin,COPPER_NO_VALIDATED_RULE
P000209,inflammation_anemia,0.0002723799838825,0,unknown,insufficient_clinical_evidence,0.84,moderate,1,1,2,ferritin|sTfR,INFLAMMATION_INCOMPLETE_OR_MIXED
P000210,iron_deficiency,9.221347635746742e-05,0,against,agree_negative,0.9999077865236425,high,0,3,2,Ret_He|sTfR,IRON_MULTIPLE_AGAINST
P000210,B12_deficiency,0.0329261172926704,0,unknown,insufficient_clinical_evidence,0.84,moderate,0,0,4,active_B12|MMA,B12_TOTAL_NOT_LOW_BUT_NOT_EXCLUSION
P000210,folate_deficiency,0.9936321469971874,1,supports,agree_positive,0.9936321469971874,high,1,0,0,,FOLATE_LOW
P000210,B6_deficiency,0.0031639769786885,0,unknown,insufficient_clinical_evidence,0.84,moderate,0,0,1,vitamin_B6,B6_NO_VALIDATED_RULE
P000210,copper_deficiency,0.0059094337394079,0,unknown,insufficient_clinical_evidence,0.84,moderate,0,0,2,copper|ceruloplasmin,COPPER_NO_VALIDATED_RULE
P000210,inflammation_anemia,0.0002968402499734,0,unknown,insufficient_clinical_evidence,0.84,moderate,2,1,1,sTfR,INFLAMMATION_INCOMPLETE_OR_MIXED
P000211,iron_deficiency,0.9999846029810298,1,supports,agree_positive,0.9999846029810298,high,4,0,1,Ret_He|sTfR,IRON_MULTIPLE_SUPPORT
P000211,B12_deficiency,0.0009570746553789,0,unknown,insufficient_clinical_evidence,0.84,moderate,0,0,4,MMA|homocysteine,B12_TOTAL_NOT_LOW_BUT_NOT_EXCLUSION
P000211,folate_deficiency,0.025437100989581,0,unknown,insufficient_clinical_evidence,0.84,moderate,0,0,1,folate,FOLATE_MISSING
P000211,B6_deficiency,0.0010784273725768,0,unknown,insufficient_clinical_evidence,0.84,moderate,0,0,1,vitamin_B6,B6_NO_VALIDATED_RULE
P000211,copper_deficiency,0.0019819780794426,0,unknown,insufficient_clinical_evidence,0.84,moderate,0,0,2,copper|ceruloplasmin,COPPER_NO_VALIDATED_RULE
P000211,inflammation_anemia,1.2952836129960573e-05,0,unknown,insufficient_clinical_evidence,0.84,moderate,1,2,1,CRP|sTfR,INFLAMMATION_INCOMPLETE_OR_MIXED
P000212,iron_deficiency,0.0038100998663764,0,unknown,insufficient_clinical_evidence,0.84,moderate,0,0,5,ferritin|TSAT|Ret_He|sTfR,IRON_INSUFFICIENT_OR_MIXED
P000212,B12_deficiency,0.0061863251527138,0,unknown,insufficient_clinical_evidence,0.84,moderate,0,0,4,vitamin_B12|active_B12|homocysteine,B12_NO_TOTAL_B12
P000212,folate_deficiency,0.0875572589762226,0,unknown,insufficient_clinical_evidence,0.84,moderate,0,0,1,folate,FOLATE_MISSING
P000212,B6_deficiency,0.0020705563757507,0,unknown,insufficient_clinical_evidence,0.84,moderate,0,0,1,vitamin_B6,B6_NO_VALIDATED_RULE
P000212,copper_deficiency,0.999295438935472,1,unknown,insufficient_clinical_evidence,0.84,moderate,0,0,2,,COPPER_NO_VALIDATED_RULE
P000212,inflammation_anemia,6.396634042302162e-05,0,unknown,insufficient_clinical_evidence,0.84,moderate,0,0,4,CRP|ferritin|serum_iron|TIBC|TSAT|sTfR,INFLAMMATION_INCOMPLETE_OR_MIXED
P000213,iron_deficiency,0.0002097885071891,0,against,agree_negative,0.9997902114928109,high,0,2,3,ferritin|Ret_He|sTfR,IRON_MULTIPLE_AGAINST
P000213,B12_deficiency,0.0191929680816922,0,unknown,insufficient_clinical_evidence,0.84,moderate,0,0,4,vitamin_B12|active_B12,B12_NO_TOTAL_B12
P000213,folate_deficiency,0.2946623131424524,0,unknown,insufficient_clinical_evidence,0.7053376868575476,moderate,0,0,1,,FOLATE_BORDERLINE
P000213,B6_deficiency,0.0009504014171198,0,unknown,insufficient_clinical_evidence,0.84,moderate,0,0,1,,B6_NO_VALIDATED_RULE
P000213,copper_deficiency,0.9999954349076032,1,unknown,insufficient_clinical_evidence,0.84,moderate,0,0,2,,COPPER_NO_VALIDATED_RULE
P000213,inflammation_anemia,0.0006617067660363,0,against,agree_negative,0.9993382932339637,high,0,1,0,CRP|ferritin|sTfR,INFLAMMATION_NO_ANEMIA
P000214,iron_deficiency,0.0103960212853082,0,unknown,insufficient_clinical_evidence,0.84,moderate,0,0,5,ferritin|TSAT|Ret_He|sTfR,IRON_INSUFFICIENT_OR_MIXED
P000214,B12_deficiency,0.999976004098164,1,supports,agree_positive,0.999976004098164,high,1,0,3,homocysteine,B12_LOW_TOTAL
P000214,folate_deficiency,0.0492994340261841,0,unknown,insufficient_clinical_evidence,0.84,moderate,0,0,1,folate,FOLATE_MISSING
P000214,B6_deficiency,0.0007028379003887,0,unknown,insufficient_clinical_evidence,0.84,moderate,0,0,1,vitamin_B6,B6_NO_VALIDATED_RULE
P000214,copper_deficiency,0.0452772464897399,0,unknown,insufficient_clinical_evidence,0.84,moderate,0,0,2,ceruloplasmin,COPPER_NO_VALIDATED_RULE
P000214,inflammation_anemia,0.0001048252482124,0,unknown,insufficient_clinical_evidence,0.84,moderate,0,0,4,ferritin|serum_iron|TIBC|TSAT|sTfR,INFLAMMATION_INCOMPLETE_OR_MIXED
P000215,iron_deficiency,0.9999587857051409,1,supports,agree_positive,0.9999587857051409,high,2,0,3,Ret_He|sTfR,IRON_MULTIPLE_SUPPORT
P000215,B12_deficiency,0.0011433961873529,0,unknown,insufficient_clinical_evidence,0.84,moderate,0,0,4,,B12_TOTAL_NOT_LOW_BUT_NOT_EXCLUSION
P000215,folate_deficiency,0.0344592486022281,0,unknown,insufficient_clinical_evidence,0.84,moderate,0,0,1,folate,FOLATE_MISSING
P000215,B6_deficiency,0.0128008496656447,0,unknown,insufficient_clinical_evidence,0.84,moderate,0,0,1,,B6_NO_VALIDATED_RULE
P000215,copper_deficiency,0.00120420819641,0,unknown,insufficient_clinical_evidence,0.84,moderate,0,0,2,copper|ceruloplasmin,COPPER_NO_VALIDATED_RULE
P000215,inflammation_anemia,0.0001135764661407,0,supports,conflict_ml_negative_rule_supports,0.64,low,3,0,1,sTfR,INFLAMMATION_PATTERN_SUPPORT
P000216,iron_deficiency,0.9461423351483382,1,unknown,insufficient_clinical_evidence,0.84,moderate,0,1,4,TSAT|Ret_He|sTfR,IRON_INSUFFICIENT_OR_MIXED
P000216,B12_deficiency,0.0012243049245756,0,unknown,insufficient_clinical_evidence,0.84,moderate,0,0,4,vitamin_B12|active_B12|MMA,B12_NO_TOTAL_B12
P000216,folate_deficiency,0.0156328594430498,0,unknown,insufficient_clinical_evidence,0.84,moderate,0,0,1,folate,FOLATE_MISSING
P000216,B6_deficiency,0.0303967549001118,0,unknown,insufficient_clinical_evidence,0.84,moderate,0,0,1,vitamin_B6,B6_NO_VALIDATED_RULE
P000216,copper_deficiency,0.0009254938016596,0,unknown,insufficient_clinical_evidence,0.84,moderate,0,0,2,copper|ceruloplasmin,COPPER_NO_VALIDATED_RULE
P000216,inflammation_anemia,0.0001094253498518,0,unknown,insufficient_clinical_evidence,0.84,moderate,1,0,3,serum_iron|TIBC|TSAT|sTfR,INFLAMMATION_INCOMPLETE_OR_MIXED
P000217,iron_deficiency,0.0001672501347709,0,unknown,insufficient_clinical_evidence,0.84,moderate,1,1,3,TSAT,IRON_INSUFFICIENT_OR_MIXED
P000217,B12_deficiency,0.019504988454006,0,unknown,insufficient_clinical_evidence,0.84,moderate,0,0,4,MMA,B12_TOTAL_NOT_LOW_BUT_NOT_EXCLUSION
P000217,folate_deficiency,0.0009291597798135,0,against,agree_negative,0.9990708402201866,high,0,1,0,,FOLATE_NOT_LOW
P000217,B6_deficiency,0.0010567750288727,0,unknown,insufficient_clinical_evidence,0.84,moderate,0,0,1,vitamin_B6,B6_NO_VALIDATED_RULE
P000217,copper_deficiency,0.0005768900657579,0,unknown,insufficient_clinical_evidence,0.84,moderate,0,0,2,copper|ceruloplasmin,COPPER_NO_VALIDATED_RULE
P000217,inflammation_anemia,0.0026063179850051,0,unknown,insufficient_clinical_evidence,0.84,moderate,1,0,3,serum_iron|TIBC|TSAT,INFLAMMATION_INCOMPLETE_OR_MIXED
P000218,iron_deficiency,3.947133219590179e-05,0,unknown,insufficient_clinical_evidence,0.84,moderate,1,3,1,,IRON_INSUFFICIENT_OR_MIXED
P000218,B12_deficiency,4.174045456735104e-05,0,unknown,insufficient_clinical_evidence,0.84,moderate,0,0,4,MMA|homocysteine,B12_TOTAL_NOT_LOW_BUT_NOT_EXCLUSION
P000218,folate_deficiency,0.9862392216980168,1,supports,agree_positive,0.9862392216980168,high,1,0,0,,FOLATE_LOW
P000218,B6_deficiency,0.0138645257620565,0,unknown,insufficient_clinical_evidence,0.84,moderate,0,0,1,vitamin_B6,B6_NO_VALIDATED_RULE
P000218,copper_deficiency,0.0007155755372734,0,unknown,insufficient_clinical_evidence,0.84,moderate,0,0,2,copper|ceruloplasmin,COPPER_NO_VALIDATED_RULE
P000218,inflammation_anemia,0.0005256226713268,0,unknown,insufficient_clinical_evidence,0.84,moderate,2,1,1,CRP,INFLAMMATION_INCOMPLETE_OR_MIXED
P000219,iron_deficiency,0.0001447354277167,0,unknown,insufficient_clinical_evidence,0.84,moderate,0,1,4,ferritin|TSAT|sTfR,IRON_INSUFFICIENT_OR_MIXED
P000219,B12_deficiency,0.9998922433606356,1,unknown,insufficient_clinical_evidence,0.84,moderate,0,0,4,,B12_TOTAL_NOT_LOW_BUT_NOT_EXCLUSION
P000219,folate_deficiency,0.1418095407022828,0,unknown,insufficient_clinical_evidence,0.84,moderate,0,0,1,folate,FOLATE_MISSING
P000219,B6_deficiency,0.009273904677379,0,unknown,insufficient_clinical_evidence,0.84,moderate,0,0,1,vitamin_B6,B6_NO_VALIDATED_RULE
P000219,copper_deficiency,5.269412503535926e-05,0,unknown,insufficient_clinical_evidence,0.84,moderate,0,0,2,ceruloplasmin,COPPER_NO_VALIDATED_RULE
P000219,inflammation_anemia,0.0001215148859112,0,unknown,insufficient_clinical_evidence,0.84,moderate,0,0,4,ferritin|serum_iron|TIBC|TSAT|sTfR,INFLAMMATION_INCOMPLETE_OR_MIXED
P000220,iron_deficiency,0.0005095901653677,0,against,agree_negative,0.9994904098346323,high,0,2,3,ferritin|Ret_He,IRON_MULTIPLE_AGAINST
P000220,B12_deficiency,0.0026298718389829,0,unknown,insufficient_clinical_evidence,0.84,moderate,0,0,4,active_B12|MMA,B12_TOTAL_NOT_LOW_BUT_NOT_EXCLUSION
P000220,folate_deficiency,0.9943350325196588,1,supports,agree_positive,0.9943350325196588,high,1,0,0,,FOLATE_LOW
P000220,B6_deficiency,0.096939899145898,0,unknown,insufficient_clinical_evidence,0.84,moderate,0,0,1,,B6_NO_VALIDATED_RULE
P000220,copper_deficiency,0.1522717661855772,0,unknown,insufficient_clinical_evidence,0.84,moderate,0,0,2,ceruloplasmin,COPPER_NO_VALIDATED_RULE
P000220,inflammation_anemia,9.124058676781844e-05,0,unknown,insufficient_clinical_evidence,0.84,moderate,1,1,2,ferritin,INFLAMMATION_INCOMPLETE_OR_MIXED
P000221,iron_deficiency,5.818443949700155e-05,0,unknown,insufficient_clinical_evidence,0.84,moderate,0,1,4,TSAT|Ret_He,IRON_INSUFFICIENT_OR_MIXED
P000221,B12_deficiency,0.7254092267877315,1,unknown,insufficient_clinical_evidence,0.7254092267877315,moderate,0,0,4,active_B12|MMA|homocysteine,B12_TOTAL_NOT_LOW_BUT_NOT_EXCLUSION
P000221,folate_deficiency,0.562749737941189,1,supports,agree_positive,0.562749737941189,low,1,0,0,,FOLATE_LOW
P000221,B6_deficiency,0.0006755964265806,0,unknown,insufficient_clinical_evidence,0.84,moderate,0,0,1,vitamin_B6,B6_NO_VALIDATED_RULE
P000221,copper_deficiency,0.0621505890608532,0,unknown,insufficient_clinical_evidence,0.84,moderate,0,0,2,ceruloplasmin,COPPER_NO_VALIDATED_RULE
P000221,inflammation_anemia,0.0909561885743792,0,unknown,insufficient_clinical_evidence,0.84,moderate,1,0,3,serum_iron|TIBC|TSAT,INFLAMMATION_INCOMPLETE_OR_MIXED
P000222,iron_deficiency,0.0217293153118003,0,unknown,insufficient_clinical_evidence,0.84,moderate,0,0,5,ferritin|TSAT|Ret_He|sTfR,IRON_INSUFFICIENT_OR_MIXED
P000222,B12_deficiency,0.3491546045710683,0,unknown,insufficient_clinical_evidence,0.6508453954289317,moderate,0,0,4,MMA,B12_TOTAL_NOT_LOW_BUT_NOT_EXCLUSION
P000222,folate_deficiency,0.1523589698331371,0,unknown,insufficient_clinical_evidence,0.84,moderate,0,0,1,folate,FOLATE_MISSING
P000222,B6_deficiency,0.0022048856880657,0,unknown,insufficient_clinical_evidence,0.84,moderate,0,0,1,vitamin_B6,B6_NO_VALIDATED_RULE
P000222,copper_deficiency,0.0061569759640479,0,unknown,insufficient_clinical_evidence,0.84,moderate,0,0,2,copper|ceruloplasmin,COPPER_NO_VALIDATED_RULE
P000222,inflammation_anemia,2.800334333524312e-05,0,against,agree_negative,0.9999719966566648,high,0,1,0,CRP|ferritin|serum_iron|TIBC|TSAT|sTfR,INFLAMMATION_NO_ANEMIA
P000223,iron_deficiency,0.9997884490648128,1,supports,agree_positive,0.9997884490648128,high,3,1,1,Ret_He|sTfR,IRON_MULTIPLE_SUPPORT
P000223,B12_deficiency,6.523653521369992e-05,0,unknown,insufficient_clinical_evidence,0.84,moderate,0,0,4,active_B12|homocysteine,B12_TOTAL_NOT_LOW_BUT_NOT_EXCLUSION
P000223,folate_deficiency,0.0001859163068424,0,against,agree_negative,0.9998140836931576,high,0,1,0,,FOLATE_NOT_LOW
P000223,B6_deficiency,0.7649877792428277,1,unknown,insufficient_clinical_evidence,0.7649877792428277,moderate,0,0,1,,B6_NO_VALIDATED_RULE
P000223,copper_deficiency,0.0014409082882118,0,unknown,insufficient_clinical_evidence,0.84,moderate,0,0,2,ceruloplasmin,COPPER_NO_VALIDATED_RULE
P000223,inflammation_anemia,0.0010783623755439,0,against,agree_negative,0.9989216376244561,high,0,3,1,sTfR,INFLAMMATION_PATTERN_AGAINST
P000224,iron_deficiency,0.0042228638180906,0,supports,conflict_ml_negative_rule_supports,0.64,low,2,1,2,Ret_He|sTfR,IRON_MULTIPLE_SUPPORT
P000224,B12_deficiency,0.0021370679685103,0,unknown,insufficient_clinical_evidence,0.84,moderate,0,0,4,active_B12|MMA,B12_TOTAL_NOT_LOW_BUT_NOT_EXCLUSION
P000224,folate_deficiency,0.0019645510374187,0,unknown,insufficient_clinical_evidence,0.84,moderate,0,0,1,folate,FOLATE_MISSING
P000224,B6_deficiency,0.0055482264798796,0,unknown,insufficient_clinical_evidence,0.84,moderate,0,0,1,vitamin_B6,B6_NO_VALIDATED_RULE
P000224,copper_deficiency,0.00230523357618,0,unknown,insufficient_clinical_evidence,0.84,moderate,0,0,2,copper|ceruloplasmin,COPPER_NO_VALIDATED_RULE
P000224,inflammation_anemia,0.9999894342955556,1,supports,agree_positive,0.9999894342955556,high,3,0,1,sTfR,INFLAMMATION_PATTERN_SUPPORT
P000225,iron_deficiency,0.0001633126206329,0,against,agree_negative,0.9998366873793672,high,0,2,3,ferritin|Ret_He,IRON_MULTIPLE_AGAINST
P000225,B12_deficiency,3.096385323905216e-05,0,unknown,insufficient_clinical_evidence,0.84,moderate,0,0,4,active_B12|MMA|homocysteine,B12_TOTAL_NOT_LOW_BUT_NOT_EXCLUSION
P000225,folate_deficiency,0.289901293817319,0,supports,conflict_ml_negative_rule_supports,0.64,low,1,0,0,homocysteine,FOLATE_LOW
P000225,B6_deficiency,0.0243023753282794,0,unknown,insufficient_clinical_evidence,0.84,moderate,0,0,1,,B6_NO_VALIDATED_RULE
P000225,copper_deficiency,0.0035246458427755,0,unknown,insufficient_clinical_evidence,0.84,moderate,0,0,2,copper|ceruloplasmin,COPPER_NO_VALIDATED_RULE
P000225,inflammation_anemia,4.592320463090293e-05,0,unknown,insufficient_clinical_evidence,0.84,moderate,1,1,2,ferritin,INFLAMMATION_INCOMPLETE_OR_MIXED
P000226,iron_deficiency,0.0003398869628467,0,unknown,insufficient_clinical_evidence,0.84,moderate,1,3,1,,IRON_INSUFFICIENT_OR_MIXED
P000226,B12_deficiency,0.999566267942524,1,unknown,insufficient_clinical_evidence,0.84,moderate,0,0,4,,B12_TOTAL_NOT_LOW_BUT_NOT_EXCLUSION
P000226,folate_deficiency,0.1648461591315293,0,unknown,insufficient_clinical_evidence,0.8351538408684707,moderate,0,0,1,folate,FOLATE_MISSING
P000226,B6_deficiency,0.0165240899945558,0,unknown,insufficient_clinical_evidence,0.84,moderate,0,0,1,vitamin_B6,B6_NO_VALIDATED_RULE
P000226,copper_deficiency,0.0037512107960386,0,unknown,insufficient_clinical_evidence,0.84,moderate,0,0,2,copper|ceruloplasmin,COPPER_NO_VALIDATED_RULE
P000226,inflammation_anemia,0.001202842483851,0,unknown,insufficient_clinical_evidence,0.84,moderate,2,1,1,CRP,INFLAMMATION_INCOMPLETE_OR_MIXED
P000227,iron_deficiency,3.722120458334409e-05,0,against,agree_negative,0.9999627787954166,high,0,2,3,ferritin|Ret_He|sTfR,IRON_MULTIPLE_AGAINST
P000227,B12_deficiency,0.0197979855253911,0,unknown,insufficient_clinical_evidence,0.84,moderate,0,0,4,vitamin_B12|active_B12|MMA|homocysteine,B12_NO_TOTAL_B12
P000227,folate_deficiency,0.9871731791223384,1,supports,agree_positive,0.9871731791223384,high,1,0,0,,FOLATE_LOW
P000227,B6_deficiency,0.0015668313206658,0,unknown,insufficient_clinical_evidence,0.84,moderate,0,0,1,vitamin_B6,B6_NO_VALIDATED_RULE
P000227,copper_deficiency,0.0003242220769372,0,unknown,insufficient_clinical_evidence,0.84,moderate,0,0,2,copper|ceruloplasmin,COPPER_NO_VALIDATED_RULE
P000227,inflammation_anemia,0.0200767466715969,0,unknown,insufficient_clinical_evidence,0.84,moderate,1,1,2,ferritin|sTfR,INFLAMMATION_INCOMPLETE_OR_MIXED
P000228,iron_deficiency,0.999975933820746,1,supports,agree_positive,0.999975933820746,high,4,0,1,Ret_He,IRON_MULTIPLE_SUPPORT
P000228,B12_deficiency,0.0045721784761766,0,unknown,insufficient_clinical_evidence,0.84,moderate,0,0,4,MMA|homocysteine,B12_TOTAL_NOT_LOW_BUT_NOT_EXCLUSION
P000228,folate_deficiency,0.0057423635409148,0,against,agree_negative,0.9942576364590852,high,0,1,0,,FOLATE_NOT_LOW
P000228,B6_deficiency,0.000681970062462,0,unknown,insufficient_clinical_evidence,0.84,moderate,0,0,1,vitamin_B6,B6_NO_VALIDATED_RULE
P000228,copper_deficiency,0.0022995047722133,0,unknown,insufficient_clinical_evidence,0.84,moderate,0,0,2,copper|ceruloplasmin,COPPER_NO_VALIDATED_RULE
P000228,inflammation_anemia,1.3270334611469333e-05,0,unknown,insufficient_clinical_evidence,0.84,moderate,1,2,1,,INFLAMMATION_INCOMPLETE_OR_MIXED
P000229,iron_deficiency,0.0009469353144126,0,unknown,insufficient_clinical_evidence,0.84,moderate,1,3,1,Ret_He|sTfR,IRON_INSUFFICIENT_OR_MIXED
P000229,B12_deficiency,0.0013939434843373,0,unknown,insufficient_clinical_evidence,0.84,moderate,0,0,4,active_B12|homocysteine,B12_TOTAL_NOT_LOW_BUT_NOT_EXCLUSION
P000229,folate_deficiency,0.005719941044894,0,unknown,insufficient_clinical_evidence,0.84,moderate,0,0,1,folate,FOLATE_MISSING
P000229,B6_deficiency,0.0039657557267834,0,unknown,insufficient_clinical_evidence,0.84,moderate,0,0,1,vitamin_B6,B6_NO_VALIDATED_RULE
P000229,copper_deficiency,0.0010912427363145,0,unknown,insufficient_clinical_evidence,0.84,moderate,0,0,2,ceruloplasmin,COPPER_NO_VALIDATED_RULE
P000229,inflammation_anemia,0.8961396920166609,1,supports,agree_positive,0.8961396920166609,high,3,0,1,CRP|sTfR,INFLAMMATION_PATTERN_SUPPORT
P000230,iron_deficiency,0.0005260035549046,0,supports,conflict_ml_negative_rule_supports,0.64,low,2,1,2,Ret_He,IRON_MULTIPLE_SUPPORT
P000230,B12_deficiency,0.0007636141433122,0,unknown,insufficient_clinical_evidence,0.84,moderate,0,0,4,active_B12|MMA|homocysteine,B12_TOTAL_NOT_LOW_BUT_NOT_EXCLUSION
P000230,folate_deficiency,0.0008397829416469,0,against,agree_negative,0.9991602170583531,high,0,1,0,,FOLATE_NOT_LOW
P000230,B6_deficiency,0.0048111003193257,0,unknown,insufficient_clinical_evidence,0.84,moderate,0,0,1,vitamin_B6,B6_NO_VALIDATED_RULE
P000230,copper_deficiency,0.0011397252258843,0,unknown,insufficient_clinical_evidence,0.84,moderate,0,0,2,copper|ceruloplasmin,COPPER_NO_VALIDATED_RULE
P000230,inflammation_anemia,0.9999852650414368,1,supports,agree_positive,0.9999852650414368,high,3,0,1,,INFLAMMATION_PATTERN_SUPPORT
P000231,iron_deficiency,5.616403413501328e-05,0,against,agree_negative,0.999943835965865,high,0,3,2,ferritin,IRON_MULTIPLE_AGAINST
P000231,B12_deficiency,0.1722883998200639,0,unknown,insufficient_clinical_evidence,0.8277116001799361,moderate,0,0,4,active_B12,B12_TOTAL_NOT_LOW_BUT_NOT_EXCLUSION
P000231,folate_deficiency,0.0015005805364422,0,against,agree_negative,0.9984994194635578,high,0,1,0,,FOLATE_NOT_LOW
P000231,B6_deficiency,0.0195769169148624,0,unknown,insufficient_clinical_evidence,0.84,moderate,0,0,1,vitamin_B6,B6_NO_VALIDATED_RULE
P000231,copper_deficiency,0.003738263842498,0,unknown,insufficient_clinical_evidence,0.84,moderate,0,0,2,copper|ceruloplasmin,COPPER_NO_VALIDATED_RULE
P000231,inflammation_anemia,0.000169559574833,0,unknown,insufficient_clinical_evidence,0.84,moderate,1,1,2,ferritin,INFLAMMATION_INCOMPLETE_OR_MIXED
P000232,iron_deficiency,0.0004012431035757,0,against,agree_negative,0.9995987568964243,high,0,4,1,sTfR,IRON_MULTIPLE_AGAINST
P000232,B12_deficiency,0.9556233101427754,1,supports,agree_positive,0.9556233101427754,high,1,0,3,active_B12|homocysteine,B12_LOW_TOTAL
P000232,folate_deficiency,0.0015794721292726,0,unknown,insufficient_clinical_evidence,0.84,moderate,0,0,1,,FOLATE_BORDERLINE
P000232,B6_deficiency,0.0006352243759151,0,unknown,insufficient_clinical_evidence,0.84,moderate,0,0,1,vitamin_B6,B6_NO_VALIDATED_RULE
P000232,copper_deficiency,0.0012481779831732,0,unknown,insufficient_clinical_evidence,0.84,moderate,0,0,2,copper|ceruloplasmin,COPPER_NO_VALIDATED_RULE
P000232,inflammation_anemia,0.0002843612048049,0,against,agree_negative,0.9997156387951951,high,0,1,0,sTfR,INFLAMMATION_NO_ANEMIA
P000233,iron_deficiency,0.8927450384839504,1,supports,agree_positive,0.8927450384839504,high,2,2,1,,IRON_MULTIPLE_SUPPORT
P000233,B12_deficiency,0.0037013389569046,0,unknown,insufficient_clinical_evidence,0.84,moderate,0,0,4,vitamin_B12|active_B12|MMA|homocysteine,B12_NO_TOTAL_B12
P000233,folate_deficiency,0.0129177052454368,0,unknown,insufficient_clinical_evidence,0.84,moderate,0,0,1,folate,FOLATE_MISSING
P000233,B6_deficiency,0.019890975698893,0,unknown,insufficient_clinical_evidence,0.84,moderate,0,0,1,,B6_NO_VALIDATED_RULE
P000233,copper_deficiency,0.0006387315139563,0,unknown,insufficient_clinical_evidence,0.84,moderate,0,0,2,copper|ceruloplasmin,COPPER_NO_VALIDATED_RULE
P000233,inflammation_anemia,0.0001147430125138,0,against,agree_negative,0.9998852569874862,high,0,1,0,CRP,INFLAMMATION_NO_ANEMIA
P000234,iron_deficiency,0.9994640563098676,1,supports,agree_positive,0.9994640563098676,high,3,0,2,ferritin|Ret_He|sTfR,IRON_MULTIPLE_SUPPORT
P000234,B12_deficiency,0.0001046626450211,0,unknown,insufficient_clinical_evidence,0.84,moderate,0,0,4,vitamin_B12|MMA|homocysteine,B12_NO_TOTAL_B12
P000234,folate_deficiency,0.3828020922219602,0,supports,conflict_ml_negative_rule_supports,0.6171979077780398,low,1,0,0,vitamin_B12|homocysteine,FOLATE_LOW
P000234,B6_deficiency,0.0030269902193223,0,unknown,insufficient_clinical_evidence,0.84,moderate,0,0,1,,B6_NO_VALIDATED_RULE
P000234,copper_deficiency,0.0030680047522206,0,unknown,insufficient_clinical_evidence,0.84,moderate,0,0,2,copper,COPPER_NO_VALIDATED_RULE
P000234,inflammation_anemia,0.0004489045363466,0,unknown,insufficient_clinical_evidence,0.84,moderate,1,1,2,ferritin|sTfR,INFLAMMATION_INCOMPLETE_OR_MIXED
P000235,iron_deficiency,0.0001972693052559,0,against,agree_negative,0.9998027306947441,high,0,2,3,ferritin|Ret_He|sTfR,IRON_MULTIPLE_AGAINST
P000235,B12_deficiency,0.0004716079375607,0,unknown,insufficient_clinical_evidence,0.84,moderate,0,0,4,vitamin_B12|active_B12|MMA|homocysteine,B12_NO_TOTAL_B12
P000235,folate_deficiency,0.6659607925961646,1,supports,agree_positive,0.6659607925961646,moderate,1,0,0,,FOLATE_LOW
P000235,B6_deficiency,0.0100288746543456,0,unknown,insufficient_clinical_evidence,0.84,moderate,0,0,1,,B6_NO_VALIDATED_RULE
P000235,copper_deficiency,0.0077952742915465,0,unknown,insufficient_clinical_evidence,0.84,moderate,0,0,2,copper|ceruloplasmin,COPPER_NO_VALIDATED_RULE
P000235,inflammation_anemia,0.0003618859234166,0,against,agree_negative,0.9996381140765834,high,0,1,0,ferritin|sTfR,INFLAMMATION_NO_ANEMIA
P000236,iron_deficiency,0.0156446140541385,0,unknown,insufficient_clinical_evidence,0.84,moderate,0,0,5,ferritin|TSAT|Ret_He|sTfR,IRON_INSUFFICIENT_OR_MIXED
P000236,B12_deficiency,2.1877392933403264e-05,0,unknown,insufficient_clinical_evidence,0.84,moderate,0,0,4,MMA|homocysteine,B12_TOTAL_NOT_LOW_BUT_NOT_EXCLUSION
P000236,folate_deficiency,0.0089855742751547,0,unknown,insufficient_clinical_evidence,0.84,moderate,0,0,1,folate,FOLATE_MISSING
P000236,B6_deficiency,0.9928344696722112,1,unknown,insufficient_clinical_evidence,0.84,moderate,0,0,1,,B6_NO_VALIDATED_RULE
P000236,copper_deficiency,0.0003090784202742,0,unknown,insufficient_clinical_evidence,0.84,moderate,0,0,2,copper|ceruloplasmin,COPPER_NO_VALIDATED_RULE
P000236,inflammation_anemia,0.0045195922647635,0,unknown,insufficient_clinical_evidence,0.84,moderate,0,0,4,ferritin|serum_iron|TIBC|TSAT|sTfR,INFLAMMATION_INCOMPLETE_OR_MIXED
P000237,iron_deficiency,9.07178339114436e-05,0,against,agree_negative,0.9999092821660885,high,0,2,3,ferritin|Ret_He,IRON_MULTIPLE_AGAINST
P000237,B12_deficiency,0.9998618442306758,1,supports,agree_positive,0.9998618442306758,high,1,0,3,,B12_LOW_TOTAL
P000237,folate_deficiency,0.0196333357739992,0,unknown,insufficient_clinical_evidence,0.84,moderate,0,0,1,folate,FOLATE_MISSING
P000237,B6_deficiency,0.0004727848557764,0,unknown,insufficient_clinical_evidence,0.84,moderate,0,0,1,vitamin_B6,B6_NO_VALIDATED_RULE
P000237,copper_deficiency,0.011970695546546,0,unknown,insufficient_clinical_evidence,0.84,moderate,0,0,2,copper,COPPER_NO_VALIDATED_RULE
P000237,inflammation_anemia,9.673550028690349e-05,0,against,agree_negative,0.9999032644997131,high,0,1,0,ferritin,INFLAMMATION_NO_ANEMIA
P000238,iron_deficiency,0.9997094217269578,1,against,conflict_ml_positive_rule_against,0.64,low,0,3,2,Ret_He,IRON_MULTIPLE_AGAINST
P000238,B12_deficiency,0.0037505016185503,0,unknown,insufficient_clinical_evidence,0.84,moderate,0,0,4,active_B12|MMA,B12_TOTAL_NOT_LOW_BUT_NOT_EXCLUSION
P000238,folate_deficiency,0.0248496998830038,0,unknown,insufficient_clinical_evidence,0.84,moderate,0,0,1,folate,FOLATE_MISSING
P000238,B6_deficiency,0.0081010767959203,0,unknown,insufficient_clinical_evidence,0.84,moderate,0,0,1,,B6_NO_VALIDATED_RULE
P000238,copper_deficiency,0.0132798369726227,0,unknown,insufficient_clinical_evidence,0.84,moderate,0,0,2,copper|ceruloplasmin,COPPER_NO_VALIDATED_RULE
P000238,inflammation_anemia,0.0020668292729635,0,unknown,insufficient_clinical_evidence,0.84,moderate,2,1,1,,INFLAMMATION_INCOMPLETE_OR_MIXED
P000239,iron_deficiency,0.9969871962213936,1,supports,agree_positive,0.9969871962213936,high,2,0,3,Ret_He|sTfR,IRON_MULTIPLE_SUPPORT
P000239,B12_deficiency,0.8223493259516024,1,unknown,insufficient_clinical_evidence,0.8223493259516024,moderate,0,0,4,vitamin_B12|active_B12|homocysteine,B12_NO_TOTAL_B12
P000239,folate_deficiency,0.0595612731508764,0,unknown,insufficient_clinical_evidence,0.84,moderate,0,0,1,,FOLATE_BORDERLINE
P000239,B6_deficiency,0.0086391036391057,0,unknown,insufficient_clinical_evidence,0.84,moderate,0,0,1,vitamin_B6,B6_NO_VALIDATED_RULE
P000239,copper_deficiency,0.0192016225478601,0,unknown,insufficient_clinical_evidence,0.84,moderate,0,0,2,,COPPER_NO_VALIDATED_RULE
P000239,inflammation_anemia,0.000243818879181,0,supports,conflict_ml_negative_rule_supports,0.64,low,3,0,1,sTfR,INFLAMMATION_PATTERN_SUPPORT
P000240,iron_deficiency,0.0014469901317154,0,unknown,insufficient_clinical_evidence,0.84,moderate,0,0,5,ferritin|TSAT|Ret_He|sTfR,IRON_INSUFFICIENT_OR_MIXED
P000240,B12_deficiency,0.0026260021420279,0,unknown,insufficient_clinical_evidence,0.84,moderate,0,0,4,vitamin_B12|active_B12|MMA|homocysteine,B12_NO_TOTAL_B12
P000240,folate_deficiency,0.3185734392199474,0,supports,conflict_ml_negative_rule_supports,0.64,low,1,0,0,vitamin_B12|homocysteine,FOLATE_LOW
P000240,B6_deficiency,0.001000232261107,0,unknown,insufficient_clinical_evidence,0.84,moderate,0,0,1,,B6_NO_VALIDATED_RULE
P000240,copper_deficiency,0.0056470851987213,0,unknown,insufficient_clinical_evidence,0.84,moderate,0,0,2,copper|ceruloplasmin,COPPER_NO_VALIDATED_RULE
P000240,inflammation_anemia,0.0005549897885333,0,against,agree_negative,0.9994450102114667,high,0,1,0,ferritin|serum_iron|TIBC|TSAT|sTfR,INFLAMMATION_NO_ANEMIA
P000241,iron_deficiency,0.9999529298175354,1,supports,agree_positive,0.9999529298175354,high,2,0,3,Ret_He|sTfR,IRON_MULTIPLE_SUPPORT
P000241,B12_deficiency,0.0029374962054408,0,unknown,insufficient_clinical_evidence,0.84,moderate,0,0,4,active_B12,B12_TOTAL_NOT_LOW_BUT_NOT_EXCLUSION
P000241,folate_deficiency,0.0842173947963705,0,unknown,insufficient_clinical_evidence,0.84,moderate,0,0,1,folate,FOLATE_MISSING
P000241,B6_deficiency,0.003502589659799,0,unknown,insufficient_clinical_evidence,0.84,moderate,0,0,1,vitamin_B6,B6_NO_VALIDATED_RULE
P000241,copper_deficiency,3.1003710124377334e-06,0,unknown,insufficient_clinical_evidence,0.84,moderate,0,0,2,copper,COPPER_NO_VALIDATED_RULE
P000241,inflammation_anemia,6.20696293379268e-05,0,supports,conflict_ml_negative_rule_supports,0.64,low,3,0,1,CRP|sTfR,INFLAMMATION_PATTERN_SUPPORT
P000242,iron_deficiency,0.999610284856592,1,supports,agree_positive,0.999610284856592,high,4,0,1,Ret_He|sTfR,IRON_MULTIPLE_SUPPORT
P000242,B12_deficiency,0.0031639699783843,0,unknown,insufficient_clinical_evidence,0.84,moderate,0,0,4,active_B12,B12_TOTAL_NOT_LOW_BUT_NOT_EXCLUSION
P000242,folate_deficiency,0.9733222643296308,1,supports,agree_positive,0.9733222643296308,high,1,0,0,,FOLATE_LOW
P000242,B6_deficiency,0.0041689592591287,0,unknown,insufficient_clinical_evidence,0.84,moderate,0,0,1,vitamin_B6,B6_NO_VALIDATED_RULE
P000242,copper_deficiency,2.1496525460807782e-08,0,unknown,insufficient_clinical_evidence,0.84,moderate,0,0,2,copper|ceruloplasmin,COPPER_NO_VALIDATED_RULE
P000242,inflammation_anemia,6.687486131620499e-05,0,unknown,insufficient_clinical_evidence,0.84,moderate,1,2,1,sTfR,INFLAMMATION_INCOMPLETE_OR_MIXED
P000243,iron_deficiency,0.0537675682759828,0,unknown,insufficient_clinical_evidence,0.84,moderate,0,0,5,ferritin|TSAT|Ret_He,IRON_INSUFFICIENT_OR_MIXED
P000243,B12_deficiency,0.0023806868103941,0,unknown,insufficient_clinical_evidence,0.84,moderate,0,0,4,vitamin_B12|active_B12|MMA|homocysteine,B12_NO_TOTAL_B12
P000243,folate_deficiency,0.0015250546233849,0,against,agree_negative,0.9984749453766151,high,0,1,0,,FOLATE_NOT_LOW
P000243,B6_deficiency,0.0011273240110925,0,unknown,insufficient_clinical_evidence,0.84,moderate,0,0,1,vitamin_B6,B6_NO_VALIDATED_RULE
P000243,copper_deficiency,0.0060808864708537,0,unknown,insufficient_clinical_evidence,0.84,moderate,0,0,2,copper|ceruloplasmin,COPPER_NO_VALIDATED_RULE
P000243,inflammation_anemia,0.0002475500379436,0,against,agree_negative,0.9997524499620564,high,0,1,0,CRP|ferritin|serum_iron|TIBC|TSAT,INFLAMMATION_NO_ANEMIA
P000244,iron_deficiency,0.9999785493149278,1,supports,agree_positive,0.9999785493149278,high,3,0,2,Ret_He,IRON_MULTIPLE_SUPPORT
P000244,B12_deficiency,0.0002980713135457,0,unknown,insufficient_clinical_evidence,0.84,moderate,0,0,4,active_B12|MMA|homocysteine,B12_TOTAL_NOT_LOW_BUT_NOT_EXCLUSION
P000244,folate_deficiency,0.4459791976678396,1,supports,agree_positive,0.4459791976678396,low,1,0,0,,FOLATE_LOW
P000244,B6_deficiency,0.0056772398631653,0,unknown,insufficient_clinical_evidence,0.84,moderate,0,0,1,vitamin_B6,B6_NO_VALIDATED_RULE
P000244,copper_deficiency,0.0002851974131778,0,unknown,insufficient_clinical_evidence,0.84,moderate,0,0,2,copper|ceruloplasmin,COPPER_NO_VALIDATED_RULE
P000244,inflammation_anemia,0.0001956807657775,0,unknown,insufficient_clinical_evidence,0.84,moderate,2,1,1,CRP,INFLAMMATION_INCOMPLETE_OR_MIXED
P000245,iron_deficiency,0.0029919398572289,0,against,agree_negative,0.9970080601427711,high,0,2,3,TSAT|sTfR,IRON_MULTIPLE_AGAINST
P000245,B12_deficiency,0.9999033681995648,1,unknown,insufficient_clinical_evidence,0.84,moderate,0,0,4,,B12_TOTAL_NOT_LOW_BUT_NOT_EXCLUSION
P000245,folate_deficiency,0.1986296068759214,0,unknown,insufficient_clinical_evidence,0.8013703931240785,moderate,0,0,1,folate,FOLATE_MISSING
P000245,B6_deficiency,0.0085955052067472,0,unknown,insufficient_clinical_evidence,0.84,moderate,0,0,1,vitamin_B6,B6_NO_VALIDATED_RULE
P000245,copper_deficiency,0.0071744630526786,0,unknown,insufficient_clinical_evidence,0.84,moderate,0,0,2,,COPPER_NO_VALIDATED_RULE
P000245,inflammation_anemia,5.548024392783908e-05,0,unknown,insufficient_clinical_evidence,0.84,moderate,1,0,3,serum_iron|TIBC|TSAT|sTfR,INFLAMMATION_INCOMPLETE_OR_MIXED
P000246,iron_deficiency,0.0007384846063966,0,supports,conflict_ml_negative_rule_supports,0.64,low,2,2,1,Ret_He|sTfR|CRP,IRON_MULTIPLE_SUPPORT
P000246,B12_deficiency,7.517690253035511e-05,0,unknown,insufficient_clinical_evidence,0.84,moderate,0,0,4,MMA|homocysteine,B12_TOTAL_NOT_LOW_BUT_NOT_EXCLUSION
P000246,folate_deficiency,0.0087277055185929,0,unknown,insufficient_clinical_evidence,0.84,moderate,0,0,1,folate,FOLATE_MISSING
P000246,B6_deficiency,0.0269883161603741,0,unknown,insufficient_clinical_evidence,0.84,moderate,0,0,1,,B6_NO_VALIDATED_RULE
P000246,copper_deficiency,0.0006935683140076,0,unknown,insufficient_clinical_evidence,0.84,moderate,0,0,2,copper,COPPER_NO_VALIDATED_RULE
P000246,inflammation_anemia,0.977571170613094,1,supports,agree_positive,0.977571170613094,high,3,0,1,CRP|sTfR,INFLAMMATION_PATTERN_SUPPORT
P000247,iron_deficiency,0.9999697980861488,1,supports,agree_positive,0.9999697980861488,high,4,0,1,,IRON_MULTIPLE_SUPPORT
P000247,B12_deficiency,0.0001381645356277,0,unknown,insufficient_clinical_evidence,0.84,moderate,0,0,4,homocysteine,B12_TOTAL_NOT_LOW_BUT_NOT_EXCLUSION
P000247,folate_deficiency,0.046634896861422,0,unknown,insufficient_clinical_evidence,0.84,moderate,0,0,1,folate,FOLATE_MISSING
P000247,B6_deficiency,0.0005969848215728,0,unknown,insufficient_clinical_evidence,0.84,moderate,0,0,1,vitamin_B6,B6_NO_VALIDATED_RULE
P000247,copper_deficiency,0.00625221975746,0,unknown,insufficient_clinical_evidence,0.84,moderate,0,0,2,copper|ceruloplasmin,COPPER_NO_VALIDATED_RULE
P000247,inflammation_anemia,3.013851952992665e-05,0,unknown,insufficient_clinical_evidence,0.84,moderate,2,1,1,CRP,INFLAMMATION_INCOMPLETE_OR_MIXED
P000248,iron_deficiency,0.0001962566266502,0,unknown,insufficient_clinical_evidence,0.84,moderate,1,3,1,,IRON_INSUFFICIENT_OR_MIXED
P000248,B12_deficiency,0.9966144497844664,1,unknown,insufficient_clinical_evidence,0.84,moderate,0,0,4,MMA,B12_TOTAL_NOT_LOW_BUT_NOT_EXCLUSION
P000248,folate_deficiency,0.3390623504918587,0,unknown,insufficient_clinical_evidence,0.6609376495081414,moderate,0,0,1,folate,FOLATE_MISSING
P000248,B6_deficiency,0.0087869722634011,0,unknown,insufficient_clinical_evidence,0.84,moderate,0,0,1,vitamin_B6,B6_NO_VALIDATED_RULE
P000248,copper_deficiency,0.0011908568624027,0,unknown,insufficient_clinical_evidence,0.84,moderate,0,0,2,copper|ceruloplasmin,COPPER_NO_VALIDATED_RULE
P000248,inflammation_anemia,0.0003704546009813,0,unknown,insufficient_clinical_evidence,0.84,moderate,2,1,1,,INFLAMMATION_INCOMPLETE_OR_MIXED
P000249,iron_deficiency,0.0003606847918936,0,against,agree_negative,0.9996393152081064,high,0,2,3,ferritin|Ret_He|sTfR,IRON_MULTIPLE_AGAINST
P000249,B12_deficiency,0.0094520669107755,0,unknown,insufficient_clinical_evidence,0.84,moderate,0,0,4,active_B12|MMA,B12_TOTAL_NOT_LOW_BUT_NOT_EXCLUSION
P000249,folate_deficiency,0.0011260411210158,0,against,agree_negative,0.9988739588789842,high,0,1,0,,FOLATE_NOT_LOW
P000249,B6_deficiency,0.0781252203798644,0,unknown,insufficient_clinical_evidence,0.84,moderate,0,0,1,vitamin_B6,B6_NO_VALIDATED_RULE
P000249,copper_deficiency,0.0080250631962511,0,unknown,insufficient_clinical_evidence,0.84,moderate,0,0,2,copper|ceruloplasmin,COPPER_NO_VALIDATED_RULE
P000249,inflammation_anemia,8.373625005615522e-05,0,unknown,insufficient_clinical_evidence,0.84,moderate,1,1,2,ferritin|sTfR,INFLAMMATION_INCOMPLETE_OR_MIXED
P000250,iron_deficiency,0.0001920217137892,0,unknown,insufficient_clinical_evidence,0.84,moderate,0,1,4,TSAT|Ret_He,IRON_INSUFFICIENT_OR_MIXED
P000250,B12_deficiency,0.0067414507121501,0,unknown,insufficient_clinical_evidence,0.84,moderate,0,0,4,active_B12|MMA,B12_TOTAL_NOT_LOW_BUT_NOT_EXCLUSION
P000250,folate_deficiency,0.0651123211511349,0,unknown,insufficient_clinical_evidence,0.84,moderate,0,0,1,folate,FOLATE_MISSING
P000250,B6_deficiency,0.0041095580757868,0,unknown,insufficient_clinical_evidence,0.84,moderate,0,0,1,vitamin_B6,B6_NO_VALIDATED_RULE
P000250,copper_deficiency,0.0014297189205351,0,unknown,insufficient_clinical_evidence,0.84,moderate,0,0,2,,COPPER_NO_VALIDATED_RULE
P000250,inflammation_anemia,0.000234282232243,0,against,agree_negative,0.999765717767757,high,0,1,0,CRP|serum_iron|TIBC|TSAT,INFLAMMATION_NO_ANEMIA
P000251,iron_deficiency,0.0439839872730064,0,against,agree_negative,0.9560160127269937,high,0,2,3,ferritin|Ret_He|sTfR,IRON_MULTIPLE_AGAINST
P000251,B12_deficiency,0.0001996005341753,0,unknown,insufficient_clinical_evidence,0.84,moderate,0,0,4,active_B12|MMA|homocysteine,B12_TOTAL_NOT_LOW_BUT_NOT_EXCLUSION
P000251,folate_deficiency,0.2401909935650688,0,supports,conflict_ml_negative_rule_supports,0.64,low,1,0,0,homocysteine,FOLATE_LOW
P000251,B6_deficiency,0.0073892679422209,0,unknown,insufficient_clinical_evidence,0.84,moderate,0,0,1,vitamin_B6,B6_NO_VALIDATED_RULE
P000251,copper_deficiency,0.0015133971556234,0,unknown,insufficient_clinical_evidence,0.84,moderate,0,0,2,copper|ceruloplasmin,COPPER_NO_VALIDATED_RULE
P000251,inflammation_anemia,0.0003971563274479,0,against,agree_negative,0.9996028436725521,high,0,1,0,ferritin|sTfR,INFLAMMATION_NO_ANEMIA
P000252,iron_deficiency,0.0001183251978324,0,against,agree_negative,0.9998816748021676,high,0,2,3,ferritin|Ret_He|sTfR,IRON_MULTIPLE_AGAINST
P000252,B12_deficiency,0.0002325402962645,0,unknown,insufficient_clinical_evidence,0.84,moderate,0,0,4,vitamin_B12|MMA|homocysteine,B12_NO_TOTAL_B12
P000252,folate_deficiency,0.0035629721100905,0,against,agree_negative,0.9964370278899095,high,0,1,0,,FOLATE_NOT_LOW
P000252,B6_deficiency,0.0108068199770992,0,unknown,insufficient_clinical_evidence,0.84,moderate,0,0,1,vitamin_B6,B6_NO_VALIDATED_RULE
P000252,copper_deficiency,0.0097892454131678,0,unknown,insufficient_clinical_evidence,0.84,moderate,0,0,2,copper|ceruloplasmin,COPPER_NO_VALIDATED_RULE
P000252,inflammation_anemia,9.05705640936302e-05,0,against,agree_negative,0.9999094294359063,high,0,1,0,CRP|ferritin|sTfR,INFLAMMATION_NO_ANEMIA
P000253,iron_deficiency,0.0001215783418181,0,against,agree_negative,0.9998784216581819,high,0,3,2,Ret_He|sTfR,IRON_MULTIPLE_AGAINST
P000253,B12_deficiency,0.2056463574338328,0,unknown,insufficient_clinical_evidence,0.7943536425661673,moderate,0,0,4,,B12_TOTAL_NOT_LOW_BUT_NOT_EXCLUSION
P000253,folate_deficiency,0.995749780817006,1,supports,agree_positive,0.995749780817006,high,1,0,0,,FOLATE_LOW
P000253,B6_deficiency,0.0022656148057139,0,unknown,insufficient_clinical_evidence,0.84,moderate,0,0,1,vitamin_B6,B6_NO_VALIDATED_RULE
P000253,copper_deficiency,0.0007540574199998,0,unknown,insufficient_clinical_evidence,0.84,moderate,0,0,2,copper|ceruloplasmin,COPPER_NO_VALIDATED_RULE
P000253,inflammation_anemia,0.0023463489290371,0,unknown,insufficient_clinical_evidence,0.84,moderate,2,1,1,sTfR,INFLAMMATION_INCOMPLETE_OR_MIXED
P000254,iron_deficiency,0.9999203081935888,1,supports,agree_positive,0.9999203081935888,high,4,0,1,Ret_He|sTfR,IRON_MULTIPLE_SUPPORT
P000254,B12_deficiency,6.98138537074735e-05,0,unknown,insufficient_clinical_evidence,0.84,moderate,0,0,4,vitamin_B12|MMA|homocysteine,B12_NO_TOTAL_B12
P000254,folate_deficiency,0.0235291233386677,0,unknown,insufficient_clinical_evidence,0.84,moderate,0,0,1,folate,FOLATE_MISSING
P000254,B6_deficiency,0.0084481462921657,0,unknown,insufficient_clinical_evidence,0.84,moderate,0,0,1,vitamin_B6,B6_NO_VALIDATED_RULE
P000254,copper_deficiency,5.100103522822685e-05,0,unknown,insufficient_clinical_evidence,0.84,moderate,0,0,2,copper|ceruloplasmin,COPPER_NO_VALIDATED_RULE
P000254,inflammation_anemia,7.708271569937762e-05,0,against,agree_negative,0.9999229172843006,high,0,1,0,CRP|sTfR,INFLAMMATION_NO_ANEMIA
P000255,iron_deficiency,0.9967526245372073,1,unknown,insufficient_clinical_evidence,0.84,moderate,1,0,4,TSAT|Ret_He|sTfR,IRON_INSUFFICIENT_OR_MIXED
P000255,B12_deficiency,0.0004317570479735,0,unknown,insufficient_clinical_evidence,0.84,moderate,0,0,4,active_B12|MMA|homocysteine,B12_TOTAL_NOT_LOW_BUT_NOT_EXCLUSION
P000255,folate_deficiency,0.0576965832774296,0,unknown,insufficient_clinical_evidence,0.84,moderate,0,0,1,folate,FOLATE_MISSING
P000255,B6_deficiency,0.0049405233396484,0,unknown,insufficient_clinical_evidence,0.84,moderate,0,0,1,,B6_NO_VALIDATED_RULE
P000255,copper_deficiency,0.0140275022113567,0,unknown,insufficient_clinical_evidence,0.84,moderate,0,0,2,copper|ceruloplasmin,COPPER_NO_VALIDATED_RULE
P000255,inflammation_anemia,0.001132000862431,0,unknown,insufficient_clinical_evidence,0.84,moderate,0,1,3,serum_iron|TIBC|TSAT|sTfR,INFLAMMATION_INCOMPLETE_OR_MIXED
P000256,iron_deficiency,0.0002790030354574,0,unknown,insufficient_clinical_evidence,0.84,moderate,0,0,5,ferritin|TSAT|Ret_He|sTfR,IRON_INSUFFICIENT_OR_MIXED
P000256,B12_deficiency,0.9999256017478628,1,unknown,insufficient_clinical_evidence,0.84,moderate,0,0,4,active_B12|homocysteine,B12_TOTAL_NOT_LOW_BUT_NOT_EXCLUSION
P000256,folate_deficiency,0.1992584259821727,0,unknown,insufficient_clinical_evidence,0.8007415740178273,moderate,0,0,1,,FOLATE_BORDERLINE
P000256,B6_deficiency,0.0013146984350086,0,unknown,insufficient_clinical_evidence,0.84,moderate,0,0,1,vitamin_B6,B6_NO_VALIDATED_RULE
P000256,copper_deficiency,0.006067450744327,0,unknown,insufficient_clinical_evidence,0.84,moderate,0,0,2,copper|ceruloplasmin,COPPER_NO_VALIDATED_RULE
P000256,inflammation_anemia,7.117515768815432e-05,0,unknown,insufficient_clinical_evidence,0.84,moderate,0,0,4,ferritin|serum_iron|TIBC|TSAT|sTfR,INFLAMMATION_INCOMPLETE_OR_MIXED
P000257,iron_deficiency,0.9999910587427524,1,supports,agree_positive,0.9999910587427524,high,3,0,2,Ret_He,IRON_MULTIPLE_SUPPORT
P000257,B12_deficiency,0.989331187902158,1,unknown,insufficient_clinical_evidence,0.84,moderate,0,0,4,,B12_TOTAL_NOT_LOW_BUT_NOT_EXCLUSION
P000257,folate_deficiency,0.0351607004215995,0,unknown,insufficient_clinical_evidence,0.84,moderate,0,0,1,folate,FOLATE_MISSING
P000257,B6_deficiency,0.0004753279957047,0,unknown,insufficient_clinical_evidence,0.84,moderate,0,0,1,vitamin_B6,B6_NO_VALIDATED_RULE
P000257,copper_deficiency,0.0024324969314507,0,unknown,insufficient_clinical_evidence,0.84,moderate,0,0,2,copper|ceruloplasmin,COPPER_NO_VALIDATED_RULE
P000257,inflammation_anemia,0.0001848313445407,0,unknown,insufficient_clinical_evidence,0.84,moderate,2,1,1,CRP,INFLAMMATION_INCOMPLETE_OR_MIXED
P000258,iron_deficiency,0.0006628160586313,0,unknown,insufficient_clinical_evidence,0.84,moderate,0,1,4,TSAT|Ret_He|sTfR,IRON_INSUFFICIENT_OR_MIXED
P000258,B12_deficiency,0.0048929152025092,0,unknown,insufficient_clinical_evidence,0.84,moderate,0,0,4,vitamin_B12|MMA|homocysteine,B12_NO_TOTAL_B12
P000258,folate_deficiency,0.0685334083086652,0,unknown,insufficient_clinical_evidence,0.84,moderate,0,0,1,folate,FOLATE_MISSING
P000258,B6_deficiency,0.0007887426890015,0,unknown,insufficient_clinical_evidence,0.84,moderate,0,0,1,vitamin_B6,B6_NO_VALIDATED_RULE
P000258,copper_deficiency,0.2798391037300419,0,unknown,insufficient_clinical_evidence,0.7201608962699582,moderate,0,0,2,ceruloplasmin,COPPER_NO_VALIDATED_RULE
P000258,inflammation_anemia,0.0002615788729699,0,unknown,insufficient_clinical_evidence,0.84,moderate,1,0,3,CRP|serum_iron|TIBC|TSAT|sTfR,INFLAMMATION_INCOMPLETE_OR_MIXED
P000259,iron_deficiency,0.0001375979922383,0,against,agree_negative,0.9998624020077617,high,0,3,2,Ret_He,IRON_MULTIPLE_AGAINST
P000259,B12_deficiency,0.0067148290540621,0,unknown,insufficient_clinical_evidence,0.84,moderate,0,0,4,vitamin_B12|active_B12|MMA|homocysteine,B12_NO_TOTAL_B12
P000259,folate_deficiency,0.0398108900153646,0,unknown,insufficient_clinical_evidence,0.84,moderate,0,0,1,folate,FOLATE_MISSING
P000259,B6_deficiency,0.0013070247459615,0,unknown,insufficient_clinical_evidence,0.84,moderate,0,0,1,vitamin_B6,B6_NO_VALIDATED_RULE
P000259,copper_deficiency,0.0013303692276576,0,unknown,insufficient_clinical_evidence,0.84,moderate,0,0,2,copper|ceruloplasmin,COPPER_NO_VALIDATED_RULE
P000259,inflammation_anemia,0.0001252192566415,0,against,agree_negative,0.9998747807433584,high,0,1,0,,INFLAMMATION_NO_ANEMIA
P000260,iron_deficiency,0.0001467892744063,0,against,agree_negative,0.9998532107255937,high,0,3,2,Ret_He,IRON_MULTIPLE_AGAINST
P000260,B12_deficiency,0.999941577531514,1,unknown,insufficient_clinical_evidence,0.84,moderate,0,0,4,active_B12|homocysteine,B12_TOTAL_NOT_LOW_BUT_NOT_EXCLUSION
P000260,folate_deficiency,0.1197373607875013,0,unknown,insufficient_clinical_evidence,0.84,moderate,0,0,1,folate,FOLATE_MISSING
P000260,B6_deficiency,0.3035318024595951,0,unknown,insufficient_clinical_evidence,0.6964681975404049,moderate,0,0,1,,B6_NO_VALIDATED_RULE
P000260,copper_deficiency,0.0005907748978986,0,unknown,insufficient_clinical_evidence,0.84,moderate,0,0,2,copper|ceruloplasmin,COPPER_NO_VALIDATED_RULE
P000260,inflammation_anemia,0.0001608076524657,0,unknown,insufficient_clinical_evidence,0.84,moderate,2,1,1,CRP,INFLAMMATION_INCOMPLETE_OR_MIXED
P000261,iron_deficiency,2.999249316781814e-05,0,against,agree_negative,0.9999700075068322,high,0,3,2,Ret_He|sTfR,IRON_MULTIPLE_AGAINST
P000261,B12_deficiency,0.0237278981286193,0,unknown,insufficient_clinical_evidence,0.84,moderate,0,0,4,vitamin_B12|active_B12|MMA,B12_NO_TOTAL_B12
P000261,folate_deficiency,0.4634154115909122,1,unknown,insufficient_clinical_evidence,0.4634154115909122,low,0,0,1,folate,FOLATE_MISSING
P000261,B6_deficiency,0.0023889284021786,0,unknown,insufficient_clinical_evidence,0.84,moderate,0,0,1,vitamin_B6,B6_NO_VALIDATED_RULE
P000261,copper_deficiency,0.009251238356827,0,unknown,insufficient_clinical_evidence,0.84,moderate,0,0,2,copper|ceruloplasmin,COPPER_NO_VALIDATED_RULE
P000261,inflammation_anemia,0.0015462906249955,0,unknown,insufficient_clinical_evidence,0.84,moderate,2,1,1,sTfR,INFLAMMATION_INCOMPLETE_OR_MIXED
P000262,iron_deficiency,0.9986498358979752,1,supports,agree_positive,0.9986498358979752,high,3,0,2,ferritin|Ret_He|sTfR,IRON_MULTIPLE_SUPPORT
P000262,B12_deficiency,0.9998648949147771,1,supports,agree_positive,0.9998648949147771,high,1,0,3,homocysteine,B12_LOW_TOTAL
P000262,folate_deficiency,0.0073506933635774,0,unknown,insufficient_clinical_evidence,0.84,moderate,0,0,1,folate,FOLATE_MISSING
P000262,B6_deficiency,0.0126119767116992,0,unknown,insufficient_clinical_evidence,0.84,moderate,0,0,1,vitamin_B6,B6_NO_VALIDATED_RULE
P000262,copper_deficiency,0.0043513041811861,0,unknown,insufficient_clinical_evidence,0.84,moderate,0,0,2,copper|ceruloplasmin,COPPER_NO_VALIDATED_RULE
P000262,inflammation_anemia,1.978503135780372e-05,0,unknown,insufficient_clinical_evidence,0.84,moderate,1,1,2,ferritin|sTfR,INFLAMMATION_INCOMPLETE_OR_MIXED
P000263,iron_deficiency,0.999349235681671,1,supports,agree_positive,0.999349235681671,high,3,1,1,Ret_He|sTfR,IRON_MULTIPLE_SUPPORT
P000263,B12_deficiency,0.9999724021736892,1,supports,agree_positive,0.9999724021736892,high,1,0,3,,B12_LOW_TOTAL
P000263,folate_deficiency,0.0416926014827353,0,unknown,insufficient_clinical_evidence,0.84,moderate,0,0,1,,FOLATE_BORDERLINE
P000263,B6_deficiency,0.0001836120467963,0,unknown,insufficient_clinical_evidence,0.84,moderate,0,0,1,vitamin_B6,B6_NO_VALIDATED_RULE
P000263,copper_deficiency,8.924361924289292e-05,0,unknown,insufficient_clinical_evidence,0.84,moderate,0,0,2,copper|ceruloplasmin,COPPER_NO_VALIDATED_RULE
P000263,inflammation_anemia,1.8726013965618446e-05,0,against,agree_negative,0.9999812739860344,high,0,3,1,sTfR,INFLAMMATION_PATTERN_AGAINST
P000264,iron_deficiency,0.0002846329976564,0,against,agree_negative,0.9997153670023436,high,0,3,2,Ret_He,IRON_MULTIPLE_AGAINST
P000264,B12_deficiency,0.9988213589340252,1,unknown,insufficient_clinical_evidence,0.84,moderate,0,0,4,active_B12|homocysteine,B12_TOTAL_NOT_LOW_BUT_NOT_EXCLUSION
P000264,folate_deficiency,0.8973220632610235,1,supports,agree_positive,0.8973220632610235,high,1,0,0,,FOLATE_LOW
P000264,B6_deficiency,0.0229790651693769,0,unknown,insufficient_clinical_evidence,0.84,moderate,0,0,1,,B6_NO_VALIDATED_RULE
P000264,copper_deficiency,0.0078726925389476,0,unknown,insufficient_clinical_evidence,0.84,moderate,0,0,2,copper|ceruloplasmin,COPPER_NO_VALIDATED_RULE
P000264,inflammation_anemia,0.0002949745433095,0,unknown,insufficient_clinical_evidence,0.84,moderate,2,1,1,,INFLAMMATION_INCOMPLETE_OR_MIXED
P000265,iron_deficiency,0.0023357012173535,0,unknown,insufficient_clinical_evidence,0.84,moderate,0,1,4,TSAT|Ret_He|sTfR,IRON_INSUFFICIENT_OR_MIXED
P000265,B12_deficiency,0.0019965468689304,0,unknown,insufficient_clinical_evidence,0.84,moderate,0,0,4,vitamin_B12|active_B12|MMA|homocysteine,B12_NO_TOTAL_B12
P000265,folate_deficiency,0.0057810567642593,0,unknown,insufficient_clinical_evidence,0.84,moderate,0,0,1,folate,FOLATE_MISSING
P000265,B6_deficiency,0.0073668213336827,0,unknown,insufficient_clinical_evidence,0.84,moderate,0,0,1,vitamin_B6,B6_NO_VALIDATED_RULE
P000265,copper_deficiency,0.0049253291452968,0,unknown,insufficient_clinical_evidence,0.84,moderate,0,0,2,copper|ceruloplasmin,COPPER_NO_VALIDATED_RULE
P000265,inflammation_anemia,7.644462534792782e-05,0,against,agree_negative,0.999923555374652,high,0,1,0,CRP|serum_iron|TIBC|TSAT|sTfR,INFLAMMATION_NO_ANEMIA
P000266,iron_deficiency,0.0357663679429799,0,unknown,insufficient_clinical_evidence,0.84,moderate,0,0,5,ferritin|TSAT|Ret_He|sTfR,IRON_INSUFFICIENT_OR_MIXED
P000266,B12_deficiency,0.9758950685840088,1,supports,agree_positive,0.9758950685840088,high,1,0,3,active_B12|MMA|homocysteine,B12_LOW_TOTAL
P000266,folate_deficiency,0.9776255546788516,1,supports,agree_positive,0.9776255546788516,high,1,0,0,,FOLATE_LOW
P000266,B6_deficiency,0.0003311433211705,0,unknown,insufficient_clinical_evidence,0.84,moderate,0,0,1,vitamin_B6,B6_NO_VALIDATED_RULE
P000266,copper_deficiency,0.0037412119665973,0,unknown,insufficient_clinical_evidence,0.84,moderate,0,0,2,copper|ceruloplasmin,COPPER_NO_VALIDATED_RULE
P000266,inflammation_anemia,9.761779780802988e-05,0,unknown,insufficient_clinical_evidence,0.84,moderate,0,0,4,ferritin|serum_iron|TIBC|TSAT|sTfR,INFLAMMATION_INCOMPLETE_OR_MIXED
P000267,iron_deficiency,0.0207621473567328,0,unknown,insufficient_clinical_evidence,0.84,moderate,0,0,5,ferritin|TSAT|Ret_He|sTfR,IRON_INSUFFICIENT_OR_MIXED
P000267,B12_deficiency,0.0003036170442599,0,unknown,insufficient_clinical_evidence,0.84,moderate,0,0,4,active_B12,B12_TOTAL_NOT_LOW_BUT_NOT_EXCLUSION
P000267,folate_deficiency,0.0191503539574264,0,unknown,insufficient_clinical_evidence,0.84,moderate,0,0,1,,FOLATE_BORDERLINE
P000267,B6_deficiency,0.0057671138527133,0,unknown,insufficient_clinical_evidence,0.84,moderate,0,0,1,vitamin_B6,B6_NO_VALIDATED_RULE
P000267,copper_deficiency,0.9997904635513508,1,unknown,insufficient_clinical_evidence,0.84,moderate,0,0,2,,COPPER_NO_VALIDATED_RULE
P000267,inflammation_anemia,6.115443476463525e-05,0,unknown,insufficient_clinical_evidence,0.84,moderate,0,0,4,ferritin|serum_iron|TIBC|TSAT|sTfR,INFLAMMATION_INCOMPLETE_OR_MIXED
P000268,iron_deficiency,0.9999925820549398,1,supports,agree_positive,0.9999925820549398,high,4,0,1,Ret_He|sTfR,IRON_MULTIPLE_SUPPORT
P000268,B12_deficiency,0.0053411498987247,0,unknown,insufficient_clinical_evidence,0.84,moderate,0,0,4,vitamin_B12|active_B12|MMA|homocysteine,B12_NO_TOTAL_B12
P000268,folate_deficiency,0.0052551226354343,0,unknown,insufficient_clinical_evidence,0.84,moderate,0,0,1,folate,FOLATE_MISSING
P000268,B6_deficiency,0.0092607279905471,0,unknown,insufficient_clinical_evidence,0.84,moderate,0,0,1,vitamin_B6,B6_NO_VALIDATED_RULE
P000268,copper_deficiency,0.0004104286097172,0,unknown,insufficient_clinical_evidence,0.84,moderate,0,0,2,ceruloplasmin,COPPER_NO_VALIDATED_RULE
P000268,inflammation_anemia,0.0001849392644755,0,unknown,insufficient_clinical_evidence,0.84,moderate,1,2,1,CRP|sTfR,INFLAMMATION_INCOMPLETE_OR_MIXED
P000269,iron_deficiency,0.999840997417953,1,supports,agree_positive,0.999840997417953,high,3,0,2,,IRON_MULTIPLE_SUPPORT
P000269,B12_deficiency,0.0033908071343612,0,unknown,insufficient_clinical_evidence,0.84,moderate,0,0,4,vitamin_B12|MMA|homocysteine,B12_NO_TOTAL_B12
P000269,folate_deficiency,0.0056252172959269,0,unknown,insufficient_clinical_evidence,0.84,moderate,0,0,1,,FOLATE_BORDERLINE
P000269,B6_deficiency,0.0049255001571706,0,unknown,insufficient_clinical_evidence,0.84,moderate,0,0,1,,B6_NO_VALIDATED_RULE
P000269,copper_deficiency,9.77430582099763e-05,0,unknown,insufficient_clinical_evidence,0.84,moderate,0,0,2,copper|ceruloplasmin,COPPER_NO_VALIDATED_RULE
P000269,inflammation_anemia,0.000961409378555,0,against,agree_negative,0.999038590621445,high,0,1,0,CRP,INFLAMMATION_NO_ANEMIA
P000270,iron_deficiency,0.0003201364324319,0,unknown,insufficient_clinical_evidence,0.84,moderate,0,1,4,TSAT|Ret_He|sTfR,IRON_INSUFFICIENT_OR_MIXED
P000270,B12_deficiency,0.0019741907266038,0,unknown,insufficient_clinical_evidence,0.84,moderate,0,0,4,vitamin_B12|active_B12|homocysteine,B12_NO_TOTAL_B12
P000270,folate_deficiency,0.0057144326962928,0,unknown,insufficient_clinical_evidence,0.84,moderate,0,0,1,folate,FOLATE_MISSING
P000270,B6_deficiency,0.0040012894757287,0,unknown,insufficient_clinical_evidence,0.84,moderate,0,0,1,vitamin_B6,B6_NO_VALIDATED_RULE
P000270,copper_deficiency,0.0052764864558753,0,unknown,insufficient_clinical_evidence,0.84,moderate,0,0,2,copper|ceruloplasmin,COPPER_NO_VALIDATED_RULE
P000270,inflammation_anemia,0.0001711651471451,0,against,agree_negative,0.9998288348528549,high,0,1,0,serum_iron|TIBC|TSAT|sTfR,INFLAMMATION_NO_ANEMIA
P000271,iron_deficiency,0.000733196608127,0,supports,conflict_ml_negative_rule_supports,0.64,low,2,1,2,Ret_He|sTfR|CRP,IRON_MULTIPLE_SUPPORT
P000271,B12_deficiency,0.0002201287600802,0,unknown,insufficient_clinical_evidence,0.84,moderate,0,0,4,vitamin_B12|active_B12,B12_NO_TOTAL_B12
P000271,folate_deficiency,0.0011459870583933,0,unknown,insufficient_clinical_evidence,0.84,moderate,0,0,1,,FOLATE_BORDERLINE
P000271,B6_deficiency,0.0077921089246903,0,unknown,insufficient_clinical_evidence,0.84,moderate,0,0,1,vitamin_B6,B6_NO_VALIDATED_RULE
P000271,copper_deficiency,0.0121811921833391,0,unknown,insufficient_clinical_evidence,0.84,moderate,0,0,2,copper|ceruloplasmin,COPPER_NO_VALIDATED_RULE
P000271,inflammation_anemia,0.97154183196491,1,supports,agree_positive,0.97154183196491,high,3,0,1,CRP|sTfR,INFLAMMATION_PATTERN_SUPPORT
P000272,iron_deficiency,5.360528935734041e-05,0,unknown,insufficient_clinical_evidence,0.84,moderate,0,1,4,TSAT|Ret_He,IRON_INSUFFICIENT_OR_MIXED
P000272,B12_deficiency,0.0115622637938387,0,unknown,insufficient_clinical_evidence,0.84,moderate,0,0,4,vitamin_B12|active_B12|MMA,B12_NO_TOTAL_B12
P000272,folate_deficiency,0.1060783639884854,0,unknown,insufficient_clinical_evidence,0.84,moderate,0,0,1,folate,FOLATE_MISSING
P000272,B6_deficiency,0.0026165277931278,0,unknown,insufficient_clinical_evidence,0.84,moderate,0,0,1,vitamin_B6,B6_NO_VALIDATED_RULE
P000272,copper_deficiency,0.005131368737706,0,unknown,insufficient_clinical_evidence,0.84,moderate,0,0,2,copper|ceruloplasmin,COPPER_NO_VALIDATED_RULE
P000272,inflammation_anemia,0.000531271781649,0,against,agree_negative,0.999468728218351,high,0,1,0,CRP|serum_iron|TIBC|TSAT,INFLAMMATION_NO_ANEMIA
P000273,iron_deficiency,0.0023512911535172,0,unknown,insufficient_clinical_evidence,0.84,moderate,0,0,5,ferritin|TSAT|Ret_He|sTfR,IRON_INSUFFICIENT_OR_MIXED
P000273,B12_deficiency,0.9998139630755564,1,unknown,insufficient_clinical_evidence,0.84,moderate,0,0,4,MMA|homocysteine,B12_TOTAL_NOT_LOW_BUT_NOT_EXCLUSION
P000273,folate_deficiency,0.7370832500701088,1,unknown,insufficient_clinical_evidence,0.7370832500701088,moderate,0,0,1,,FOLATE_BORDERLINE
P000273,B6_deficiency,0.0002040730372843,0,unknown,insufficient_clinical_evidence,0.84,moderate,0,0,1,vitamin_B6,B6_NO_VALIDATED_RULE
P000273,copper_deficiency,0.001097830918267,0,unknown,insufficient_clinical_evidence,0.84,moderate,0,0,2,ceruloplasmin,COPPER_NO_VALIDATED_RULE
P000273,inflammation_anemia,9.170550324885516e-05,0,unknown,insufficient_clinical_evidence,0.84,moderate,0,0,4,CRP|ferritin|serum_iron|TIBC|TSAT|sTfR,INFLAMMATION_INCOMPLETE_OR_MIXED
P000274,iron_deficiency,0.9999800329624412,1,supports,agree_positive,0.9999800329624412,high,4,0,1,Ret_He,IRON_MULTIPLE_SUPPORT
P000274,B12_deficiency,0.0002288947837492,0,unknown,insufficient_clinical_evidence,0.84,moderate,0,0,4,vitamin_B12|active_B12|MMA,B12_NO_TOTAL_B12
P000274,folate_deficiency,0.0003114225129749,0,unknown,insufficient_clinical_evidence,0.84,moderate,0,0,1,folate,FOLATE_MISSING
P000274,B6_deficiency,0.0002466587042702,0,unknown,insufficient_clinical_evidence,0.84,moderate,0,0,1,vitamin_B6,B6_NO_VALIDATED_RULE
P000274,copper_deficiency,1.3710379490559971e-09,0,unknown,insufficient_clinical_evidence,0.84,moderate,0,0,2,copper|ceruloplasmin,COPPER_NO_VALIDATED_RULE
P000274,inflammation_anemia,1.86607649776992e-05,0,against,agree_negative,0.9999813392350223,high,0,1,0,CRP,INFLAMMATION_NO_ANEMIA
P000275,iron_deficiency,0.9998610370777172,1,supports,agree_positive,0.9998610370777172,high,3,0,2,sTfR,IRON_MULTIPLE_SUPPORT
P000275,B12_deficiency,9.962087660812228e-05,0,unknown,insufficient_clinical_evidence,0.84,moderate,0,0,4,active_B12|MMA|homocysteine,B12_TOTAL_NOT_LOW_BUT_NOT_EXCLUSION
P000275,folate_deficiency,0.9705301790578345,1,supports,agree_positive,0.9705301790578345,high,1,0,0,,FOLATE_LOW
P000275,B6_deficiency,0.0018150408214498,0,unknown,insufficient_clinical_evidence,0.84,moderate,0,0,1,vitamin_B6,B6_NO_VALIDATED_RULE
P000275,copper_deficiency,0.0127887763345088,0,unknown,insufficient_clinical_evidence,0.84,moderate,0,0,2,copper,COPPER_NO_VALIDATED_RULE
P000275,inflammation_anemia,0.0137175564633574,0,supports,conflict_ml_negative_rule_supports,0.64,low,3,0,1,sTfR,INFLAMMATION_PATTERN_SUPPORT
P000276,iron_deficiency,0.9998208058709288,1,supports,agree_positive,0.9998208058709288,high,2,2,1,Ret_He,IRON_MULTIPLE_SUPPORT
P000276,B12_deficiency,0.0038687689795269,0,unknown,insufficient_clinical_evidence,0.84,moderate,0,0,4,vitamin_B12|active_B12|homocysteine,B12_NO_TOTAL_B12
P000276,folate_deficiency,0.0025592761390552,0,against,agree_negative,0.9974407238609448,high,0,1,0,,FOLATE_NOT_LOW
P000276,B6_deficiency,0.0012061680114407,0,unknown,insufficient_clinical_evidence,0.84,moderate,0,0,1,vitamin_B6,B6_NO_VALIDATED_RULE
P000276,copper_deficiency,0.0049567057484466,0,unknown,insufficient_clinical_evidence,0.84,moderate,0,0,2,copper|ceruloplasmin,COPPER_NO_VALIDATED_RULE
P000276,inflammation_anemia,1.80872987623953e-05,0,against,agree_negative,0.9999819127012376,high,0,1,0,,INFLAMMATION_NO_ANEMIA
P000277,iron_deficiency,0.8193500631359145,1,unknown,insufficient_clinical_evidence,0.8193500631359145,moderate,1,0,4,TSAT|Ret_He|sTfR,IRON_INSUFFICIENT_OR_MIXED
P000277,B12_deficiency,0.000762107655977,0,unknown,insufficient_clinical_evidence,0.84,moderate,0,0,4,active_B12|MMA|homocysteine,B12_TOTAL_NOT_LOW_BUT_NOT_EXCLUSION
P000277,folate_deficiency,0.0115056796523324,0,unknown,insufficient_clinical_evidence,0.84,moderate,0,0,1,folate,FOLATE_MISSING
P000277,B6_deficiency,0.0249785147215996,0,unknown,insufficient_clinical_evidence,0.84,moderate,0,0,1,vitamin_B6,B6_NO_VALIDATED_RULE
P000277,copper_deficiency,1.2316834245366544e-14,0,unknown,insufficient_clinical_evidence,0.84,moderate,0,0,2,ceruloplasmin,COPPER_NO_VALIDATED_RULE
P000277,inflammation_anemia,0.0005881792562326,0,against,agree_negative,0.9994118207437674,high,0,1,0,serum_iron|TIBC|TSAT|sTfR,INFLAMMATION_NO_ANEMIA
P000278,iron_deficiency,0.1722400718661166,0,unknown,insufficient_clinical_evidence,0.8277599281338834,moderate,0,0,5,ferritin|TSAT|Ret_He|sTfR,IRON_INSUFFICIENT_OR_MIXED
P000278,B12_deficiency,0.0355393373273358,0,unknown,insufficient_clinical_evidence,0.84,moderate,0,0,4,vitamin_B12|active_B12,B12_NO_TOTAL_B12
P000278,folate_deficiency,0.2361069500111794,0,unknown,insufficient_clinical_evidence,0.7638930499888206,moderate,0,0,1,,FOLATE_BORDERLINE
P000278,B6_deficiency,0.0095224177218714,0,unknown,insufficient_clinical_evidence,0.84,moderate,0,0,1,vitamin_B6,B6_NO_VALIDATED_RULE
P000278,copper_deficiency,0.0013691948290831,0,unknown,insufficient_clinical_evidence,0.84,moderate,0,0,2,ceruloplasmin,COPPER_NO_VALIDATED_RULE
P000278,inflammation_anemia,3.0217998028481997e-05,0,against,agree_negative,0.9999697820019715,high,0,1,0,CRP|ferritin|serum_iron|TIBC|TSAT|sTfR,INFLAMMATION_NO_ANEMIA
P000279,iron_deficiency,0.9999335554632636,1,supports,agree_positive,0.9999335554632636,high,4,0,1,sTfR,IRON_MULTIPLE_SUPPORT
P000279,B12_deficiency,3.302257985214797e-05,0,unknown,insufficient_clinical_evidence,0.84,moderate,0,0,4,active_B12|MMA,B12_TOTAL_NOT_LOW_BUT_NOT_EXCLUSION
P000279,folate_deficiency,0.0026042824512643,0,unknown,insufficient_clinical_evidence,0.84,moderate,0,0,1,folate,FOLATE_MISSING
P000279,B6_deficiency,0.0031906612424017,0,unknown,insufficient_clinical_evidence,0.84,moderate,0,0,1,vitamin_B6,B6_NO_VALIDATED_RULE
P000279,copper_deficiency,0.0030266098148573,0,unknown,insufficient_clinical_evidence,0.84,moderate,0,0,2,copper|ceruloplasmin,COPPER_NO_VALIDATED_RULE
P000279,inflammation_anemia,0.0007918752344399,0,unknown,insufficient_clinical_evidence,0.84,moderate,2,1,1,CRP|sTfR,INFLAMMATION_INCOMPLETE_OR_MIXED
P000280,iron_deficiency,0.0005395959371108,0,unknown,insufficient_clinical_evidence,0.84,moderate,0,1,4,TSAT|Ret_He|sTfR,IRON_INSUFFICIENT_OR_MIXED
P000280,B12_deficiency,0.9989926536977192,1,unknown,insufficient_clinical_evidence,0.84,moderate,0,0,4,active_B12|MMA|homocysteine,B12_TOTAL_NOT_LOW_BUT_NOT_EXCLUSION
P000280,folate_deficiency,0.2033990862463776,0,unknown,insufficient_clinical_evidence,0.7966009137536224,moderate,0,0,1,folate,FOLATE_MISSING
P000280,B6_deficiency,0.0099381385336248,0,unknown,insufficient_clinical_evidence,0.84,moderate,0,0,1,vitamin_B6,B6_NO_VALIDATED_RULE
P000280,copper_deficiency,0.0009662311604939,0,unknown,insufficient_clinical_evidence,0.84,moderate,0,0,2,copper|ceruloplasmin,COPPER_NO_VALIDATED_RULE
P000280,inflammation_anemia,0.0001426876896254,0,unknown,insufficient_clinical_evidence,0.84,moderate,1,0,3,serum_iron|TIBC|TSAT|sTfR,INFLAMMATION_INCOMPLETE_OR_MIXED
P000281,iron_deficiency,0.0073884471609466,0,unknown,insufficient_clinical_evidence,0.84,moderate,0,0,5,ferritin|TSAT|Ret_He|sTfR,IRON_INSUFFICIENT_OR_MIXED
P000281,B12_deficiency,0.0048623656965185,0,unknown,insufficient_clinical_evidence,0.84,moderate,0,0,4,vitamin_B12|active_B12|MMA|homocysteine,B12_NO_TOTAL_B12
P000281,folate_deficiency,0.0288587128759171,0,unknown,insufficient_clinical_evidence,0.84,moderate,0,0,1,folate,FOLATE_MISSING
P000281,B6_deficiency,0.0014158337683209,0,unknown,insufficient_clinical_evidence,0.84,moderate,0,0,1,,B6_NO_VALIDATED_RULE
P000281,copper_deficiency,0.0064154869399356,0,unknown,insufficient_clinical_evidence,0.84,moderate,0,0,2,copper|ceruloplasmin,COPPER_NO_VALIDATED_RULE
P000281,inflammation_anemia,0.0004427427189735,0,against,agree_negative,0.9995572572810265,high,0,1,0,ferritin|serum_iron|TIBC|TSAT|sTfR,INFLAMMATION_NO_ANEMIA
P000282,iron_deficiency,3.658720096543976e-05,0,unknown,insufficient_clinical_evidence,0.84,moderate,0,1,4,TSAT|Ret_He,IRON_INSUFFICIENT_OR_MIXED
P000282,B12_deficiency,0.0024825234091593,0,unknown,insufficient_clinical_evidence,0.84,moderate,0,0,4,vitamin_B12|active_B12|MMA|homocysteine,B12_NO_TOTAL_B12
P000282,folate_deficiency,0.2107761380205252,0,unknown,insufficient_clinical_evidence,0.7892238619794748,moderate,0,0,1,folate,FOLATE_MISSING
P000282,B6_deficiency,0.0008221402885611,0,unknown,insufficient_clinical_evidence,0.84,moderate,0,0,1,,B6_NO_VALIDATED_RULE
P000282,copper_deficiency,0.0065700131575805,0,unknown,insufficient_clinical_evidence,0.84,moderate,0,0,2,copper|ceruloplasmin,COPPER_NO_VALIDATED_RULE
P000282,inflammation_anemia,0.0007467362311026,0,against,agree_negative,0.9992532637688974,high,0,1,0,CRP|serum_iron|TIBC|TSAT,INFLAMMATION_NO_ANEMIA
P000283,iron_deficiency,0.2914560519552077,0,unknown,insufficient_clinical_evidence,0.7085439480447924,moderate,0,1,4,TSAT|Ret_He|sTfR,IRON_INSUFFICIENT_OR_MIXED
P000283,B12_deficiency,0.0613851515028017,0,unknown,insufficient_clinical_evidence,0.84,moderate,0,0,4,active_B12,B12_TOTAL_NOT_LOW_BUT_NOT_EXCLUSION
P000283,folate_deficiency,0.0014725281459496,0,against,agree_negative,0.9985274718540504,high,0,1,0,,FOLATE_NOT_LOW
P000283,B6_deficiency,0.935751605709665,1,unknown,insufficient_clinical_evidence,0.84,moderate,0,0,1,,B6_NO_VALIDATED_RULE
P000283,copper_deficiency,0.0064664609715296,0,unknown,insufficient_clinical_evidence,0.84,moderate,0,0,2,copper|ceruloplasmin,COPPER_NO_VALIDATED_RULE
P000283,inflammation_anemia,7.43426626585931e-05,0,unknown,insufficient_clinical_evidence,0.84,moderate,1,0,3,serum_iron|TIBC|TSAT|sTfR,INFLAMMATION_INCOMPLETE_OR_MIXED
P000284,iron_deficiency,0.0004740922264201,0,against,agree_negative,0.9995259077735799,high,0,3,2,Ret_He|sTfR,IRON_MULTIPLE_AGAINST
P000284,B12_deficiency,0.0003656209742873,0,unknown,insufficient_clinical_evidence,0.84,moderate,0,0,4,vitamin_B12|active_B12|MMA,B12_NO_TOTAL_B12
P000284,folate_deficiency,0.0109975228120077,0,unknown,insufficient_clinical_evidence,0.84,moderate,0,0,1,folate,FOLATE_MISSING
P000284,B6_deficiency,0.0032564233059605,0,unknown,insufficient_clinical_evidence,0.84,moderate,0,0,1,vitamin_B6,B6_NO_VALIDATED_RULE
P000284,copper_deficiency,0.0002520249128139,0,unknown,insufficient_clinical_evidence,0.84,moderate,0,0,2,copper|ceruloplasmin,COPPER_NO_VALIDATED_RULE
P000284,inflammation_anemia,7.076763359806091e-05,0,against,agree_negative,0.999929232366402,high,0,1,0,CRP|sTfR,INFLAMMATION_NO_ANEMIA
P000285,iron_deficiency,5.853846388395212e-05,0,against,agree_negative,0.9999414615361161,high,0,3,2,Ret_He|sTfR,IRON_MULTIPLE_AGAINST
P000285,B12_deficiency,0.000573218334683,0,unknown,insufficient_clinical_evidence,0.84,moderate,0,0,4,active_B12|MMA|homocysteine,B12_TOTAL_NOT_LOW_BUT_NOT_EXCLUSION
P000285,folate_deficiency,0.9875011322634796,1,supports,agree_positive,0.9875011322634796,high,1,0,0,,FOLATE_LOW
P000285,B6_deficiency,0.0122976875648216,0,unknown,insufficient_clinical_evidence,0.84,moderate,0,0,1,vitamin_B6,B6_NO_VALIDATED_RULE
P000285,copper_deficiency,0.0016225010864262,0,unknown,insufficient_clinical_evidence,0.84,moderate,0,0,2,copper|ceruloplasmin,COPPER_NO_VALIDATED_RULE
P000285,inflammation_anemia,0.0004204075673893,0,unknown,insufficient_clinical_evidence,0.84,moderate,2,1,1,CRP|sTfR,INFLAMMATION_INCOMPLETE_OR_MIXED
P000286,iron_deficiency,0.0027439618910849,0,against,agree_negative,0.997256038108915,high,0,2,3,ferritin|Ret_He|sTfR,IRON_MULTIPLE_AGAINST
P000286,B12_deficiency,0.0059825344663408,0,unknown,insufficient_clinical_evidence,0.84,moderate,0,0,4,vitamin_B12|active_B12|MMA|homocysteine,B12_NO_TOTAL_B12
P000286,folate_deficiency,0.0624938105634605,0,unknown,insufficient_clinical_evidence,0.84,moderate,0,0,1,folate,FOLATE_MISSING
P000286,B6_deficiency,0.0005310412512779,0,unknown,insufficient_clinical_evidence,0.84,moderate,0,0,1,vitamin_B6,B6_NO_VALIDATED_RULE
P000286,copper_deficiency,0.0159039464105779,0,unknown,insufficient_clinical_evidence,0.84,moderate,0,0,2,ceruloplasmin,COPPER_NO_VALIDATED_RULE
P000286,inflammation_anemia,3.676448155984789e-06,0,against,agree_negative,0.999996323551844,high,0,1,0,ferritin|sTfR,INFLAMMATION_NO_ANEMIA
P000287,iron_deficiency,0.9999666736295806,1,supports,agree_positive,0.9999666736295806,high,3,0,2,Ret_He,IRON_MULTIPLE_SUPPORT
P000287,B12_deficiency,0.999943891608706,1,supports,agree_positive,0.999943891608706,high,1,0,3,,B12_LOW_TOTAL
P000287,folate_deficiency,0.003065466127964,0,unknown,insufficient_clinical_evidence,0.84,moderate,0,0,1,,FOLATE_BORDERLINE
P000287,B6_deficiency,0.0031453002316933,0,unknown,insufficient_clinical_evidence,0.84,moderate,0,0,1,vitamin_B6,B6_NO_VALIDATED_RULE
P000287,copper_deficiency,0.0053969188824208,0,unknown,insufficient_clinical_evidence,0.84,moderate,0,0,2,copper|ceruloplasmin,COPPER_NO_VALIDATED_RULE
P000287,inflammation_anemia,8.86940707442951e-05,0,unknown,insufficient_clinical_evidence,0.84,moderate,2,1,1,,INFLAMMATION_INCOMPLETE_OR_MIXED
P000288,iron_deficiency,0.0110896520430117,0,against,agree_negative,0.9889103479569883,high,0,2,3,Ret_He,IRON_MULTIPLE_AGAINST
P000288,B12_deficiency,0.0003646584124934,0,unknown,insufficient_clinical_evidence,0.84,moderate,0,0,4,active_B12|homocysteine,B12_TOTAL_NOT_LOW_BUT_NOT_EXCLUSION
P000288,folate_deficiency,0.0011149582612795,0,against,agree_negative,0.9988850417387205,high,0,1,0,,FOLATE_NOT_LOW
P000288,B6_deficiency,0.0683908661362378,0,unknown,insufficient_clinical_evidence,0.84,moderate,0,0,1,vitamin_B6,B6_NO_VALIDATED_RULE
P000288,copper_deficiency,0.0038338857092711,0,unknown,insufficient_clinical_evidence,0.84,moderate,0,0,2,copper|ceruloplasmin,COPPER_NO_VALIDATED_RULE
P000288,inflammation_anemia,0.0001226691032785,0,unknown,insufficient_clinical_evidence,0.84,moderate,2,1,1,,INFLAMMATION_INCOMPLETE_OR_MIXED
P000289,iron_deficiency,5.31186654549672e-05,0,unknown,insufficient_clinical_evidence,0.84,moderate,1,2,2,Ret_He|sTfR,IRON_INSUFFICIENT_OR_MIXED
P000289,B12_deficiency,0.0001135752522597,0,unknown,insufficient_clinical_evidence,0.84,moderate,0,0,4,active_B12|MMA|homocysteine,B12_TOTAL_NOT_LOW_BUT_NOT_EXCLUSION
P000289,folate_deficiency,0.0026403828171249,0,unknown,insufficient_clinical_evidence,0.84,moderate,0,0,1,folate,FOLATE_MISSING
P000289,B6_deficiency,0.0253788076997074,0,unknown,insufficient_clinical_evidence,0.84,moderate,0,0,1,vitamin_B6,B6_NO_VALIDATED_RULE
P000289,copper_deficiency,0.0001077317594924,0,unknown,insufficient_clinical_evidence,0.84,moderate,0,0,2,copper|ceruloplasmin,COPPER_NO_VALIDATED_RULE
P000289,inflammation_anemia,0.9999822518882888,1,supports,agree_positive,0.9999822518882888,high,3,0,1,sTfR,INFLAMMATION_PATTERN_SUPPORT
P000290,iron_deficiency,0.0002394429837614,0,unknown,insufficient_clinical_evidence,0.84,moderate,1,1,3,TSAT|sTfR,IRON_INSUFFICIENT_OR_MIXED
P000290,B12_deficiency,0.0003274743398212,0,unknown,insufficient_clinical_evidence,0.84,moderate,0,0,4,vitamin_B12,B12_NO_TOTAL_B12
P000290,folate_deficiency,0.0011596957845632,0,against,agree_negative,0.9988403042154368,high,0,1,0,,FOLATE_NOT_LOW
P000290,B6_deficiency,0.0038557906756072,0,unknown,insufficient_clinical_evidence,0.84,moderate,0,0,1,vitamin_B6,B6_NO_VALIDATED_RULE
P000290,copper_deficiency,0.0009888188759639,0,unknown,insufficient_clinical_evidence,0.84,moderate,0,0,2,copper|ceruloplasmin,COPPER_NO_VALIDATED_RULE
P000290,inflammation_anemia,0.9998760779272692,1,unknown,insufficient_clinical_evidence,0.84,moderate,1,0,3,serum_iron|TIBC|TSAT|sTfR,INFLAMMATION_INCOMPLETE_OR_MIXED
P000291,iron_deficiency,0.0012298785672036,0,against,agree_negative,0.9987701214327964,high,0,3,2,Ret_He|sTfR,IRON_MULTIPLE_AGAINST
P000291,B12_deficiency,0.0016380230347632,0,unknown,insufficient_clinical_evidence,0.84,moderate,0,0,4,vitamin_B12|active_B12|MMA|homocysteine,B12_NO_TOTAL_B12
P000291,folate_deficiency,0.0010457265341412,0,against,agree_negative,0.9989542734658589,high,0,1,0,,FOLATE_NOT_LOW
P000291,B6_deficiency,0.0028783945946541,0,unknown,insufficient_clinical_evidence,0.84,moderate,0,0,1,vitamin_B6,B6_NO_VALIDATED_RULE
P000291,copper_deficiency,0.0054231805305683,0,unknown,insufficient_clinical_evidence,0.84,moderate,0,0,2,copper,COPPER_NO_VALIDATED_RULE
P000291,inflammation_anemia,3.901648030048505e-05,0,unknown,insufficient_clinical_evidence,0.84,moderate,2,1,1,CRP|sTfR,INFLAMMATION_INCOMPLETE_OR_MIXED
P000292,iron_deficiency,0.9999821860602284,1,supports,agree_positive,0.9999821860602284,high,3,0,2,Ret_He,IRON_MULTIPLE_SUPPORT
P000292,B12_deficiency,0.0098372268820346,0,unknown,insufficient_clinical_evidence,0.84,moderate,0,0,4,active_B12|MMA|homocysteine,B12_TOTAL_NOT_LOW_BUT_NOT_EXCLUSION
P000292,folate_deficiency,0.005225840357445,0,unknown,insufficient_clinical_evidence,0.84,moderate,0,0,1,folate,FOLATE_MISSING
P000292,B6_deficiency,0.0002052861366788,0,unknown,insufficient_clinical_evidence,0.84,moderate,0,0,1,vitamin_B6,B6_NO_VALIDATED_RULE
P000292,copper_deficiency,0.0064175046414992,0,unknown,insufficient_clinical_evidence,0.84,moderate,0,0,2,copper|ceruloplasmin,COPPER_NO_VALIDATED_RULE
P000292,inflammation_anemia,1.915612202349713e-05,0,against,agree_negative,0.9999808438779765,high,0,1,0,CRP,INFLAMMATION_NO_ANEMIA
P000293,iron_deficiency,0.0001715229380729,0,against,agree_negative,0.9998284770619271,high,0,3,2,Ret_He,IRON_MULTIPLE_AGAINST
P000293,B12_deficiency,0.9923925731440102,1,unknown,insufficient_clinical_evidence,0.84,moderate,0,0,4,active_B12|MMA|homocysteine,B12_TOTAL_NOT_LOW_BUT_NOT_EXCLUSION
P000293,folate_deficiency,0.0081084622477894,0,against,agree_negative,0.9918915377522106,high,0,1,0,,FOLATE_NOT_LOW
P000293,B6_deficiency,0.0001766451490275,0,unknown,insufficient_clinical_evidence,0.84,moderate,0,0,1,vitamin_B6,B6_NO_VALIDATED_RULE
P000293,copper_deficiency,0.0012004814513835,0,unknown,insufficient_clinical_evidence,0.84,moderate,0,0,2,copper|ceruloplasmin,COPPER_NO_VALIDATED_RULE
P000293,inflammation_anemia,0.0001959118483413,0,unknown,insufficient_clinical_evidence,0.84,moderate,2,1,1,CRP,INFLAMMATION_INCOMPLETE_OR_MIXED
P000294,iron_deficiency,0.9997871003254596,1,unknown,insufficient_clinical_evidence,0.84,moderate,1,2,2,Ret_He,IRON_INSUFFICIENT_OR_MIXED
P000294,B12_deficiency,0.0001117071555781,0,unknown,insufficient_clinical_evidence,0.84,moderate,0,0,4,active_B12|homocysteine,B12_TOTAL_NOT_LOW_BUT_NOT_EXCLUSION
P000294,folate_deficiency,0.0210878026707993,0,unknown,insufficient_clinical_evidence,0.84,moderate,0,0,1,folate,FOLATE_MISSING
P000294,B6_deficiency,0.0063750774128931,0,unknown,insufficient_clinical_evidence,0.84,moderate,0,0,1,vitamin_B6,B6_NO_VALIDATED_RULE
P000294,copper_deficiency,7.382533495542672e-06,0,unknown,insufficient_clinical_evidence,0.84,moderate,0,0,2,copper|ceruloplasmin,COPPER_NO_VALIDATED_RULE
P000294,inflammation_anemia,0.0009783076515197,0,unknown,insufficient_clinical_evidence,0.84,moderate,2,1,1,,INFLAMMATION_INCOMPLETE_OR_MIXED
P000295,iron_deficiency,0.0019176179294068,0,unknown,insufficient_clinical_evidence,0.84,moderate,0,0,5,ferritin|TSAT|Ret_He|sTfR,IRON_INSUFFICIENT_OR_MIXED
P000295,B12_deficiency,0.9215488332186152,1,unknown,insufficient_clinical_evidence,0.84,moderate,0,0,4,vitamin_B12|active_B12|MMA,B12_NO_TOTAL_B12
P000295,folate_deficiency,0.4854509367566682,0,unknown,insufficient_clinical_evidence,0.5145490632433318,low,0,0,1,,FOLATE_BORDERLINE
P000295,B6_deficiency,0.000139528577952,0,unknown,insufficient_clinical_evidence,0.84,moderate,0,0,1,vitamin_B6,B6_NO_VALIDATED_RULE
P000295,copper_deficiency,0.0011366924483672,0,unknown,insufficient_clinical_evidence,0.84,moderate,0,0,2,copper|ceruloplasmin,COPPER_NO_VALIDATED_RULE
P000295,inflammation_anemia,1.44877394476225e-05,0,unknown,insufficient_clinical_evidence,0.84,moderate,0,0,4,ferritin|serum_iron|TIBC|TSAT|sTfR,INFLAMMATION_INCOMPLETE_OR_MIXED
P000296,iron_deficiency,0.0081040071986732,0,unknown,insufficient_clinical_evidence,0.84,moderate,1,4,0,sTfR,IRON_INSUFFICIENT_OR_MIXED
P000296,B12_deficiency,0.995538753636078,1,unknown,insufficient_clinical_evidence,0.84,moderate,0,0,4,vitamin_B12,B12_NO_TOTAL_B12
P000296,folate_deficiency,0.4270543711852129,0,unknown,insufficient_clinical_evidence,0.5729456288147872,low,0,0,1,,FOLATE_BORDERLINE
P000296,B6_deficiency,0.001668193860022,0,unknown,insufficient_clinical_evidence,0.84,moderate,0,0,1,vitamin_B6,B6_NO_VALIDATED_RULE
P000296,copper_deficiency,0.0010374698531076,0,unknown,insufficient_clinical_evidence,0.84,moderate,0,0,2,ceruloplasmin,COPPER_NO_VALIDATED_RULE
P000296,inflammation_anemia,0.0018399542106333,0,unknown,insufficient_clinical_evidence,0.84,moderate,1,2,1,sTfR,INFLAMMATION_INCOMPLETE_OR_MIXED
P000297,iron_deficiency,0.0002749820796094,0,unknown,insufficient_clinical_evidence,0.84,moderate,0,1,4,ferritin|TSAT|sTfR,IRON_INSUFFICIENT_OR_MIXED
P000297,B12_deficiency,0.990580072151379,1,unknown,insufficient_clinical_evidence,0.84,moderate,0,0,4,active_B12|MMA,B12_TOTAL_NOT_LOW_BUT_NOT_EXCLUSION
P000297,folate_deficiency,0.041779858749847,0,unknown,insufficient_clinical_evidence,0.84,moderate,0,0,1,,FOLATE_BORDERLINE
P000297,B6_deficiency,0.0003530766856085,0,unknown,insufficient_clinical_evidence,0.84,moderate,0,0,1,vitamin_B6,B6_NO_VALIDATED_RULE
P000297,copper_deficiency,0.0272504613983111,0,unknown,insufficient_clinical_evidence,0.84,moderate,0,0,2,copper,COPPER_NO_VALIDATED_RULE
P000297,inflammation_anemia,8.648822837374544e-05,0,against,agree_negative,0.9999135117716262,high,0,1,0,ferritin|serum_iron|TIBC|TSAT|sTfR,INFLAMMATION_NO_ANEMIA
P000298,iron_deficiency,0.0013874231172931,0,unknown,insufficient_clinical_evidence,0.84,moderate,0,0,5,ferritin|TSAT|Ret_He,IRON_INSUFFICIENT_OR_MIXED
P000298,B12_deficiency,0.0005505509090894,0,unknown,insufficient_clinical_evidence,0.84,moderate,0,0,4,MMA|homocysteine,B12_TOTAL_NOT_LOW_BUT_NOT_EXCLUSION
P000298,folate_deficiency,0.1183062787401233,0,unknown,insufficient_clinical_evidence,0.84,moderate,0,0,1,folate,FOLATE_MISSING
P000298,B6_deficiency,0.0078623779172891,0,unknown,insufficient_clinical_evidence,0.84,moderate,0,0,1,vitamin_B6,B6_NO_VALIDATED_RULE
P000298,copper_deficiency,0.0885291433204965,0,unknown,insufficient_clinical_evidence,0.84,moderate,0,0,2,copper,COPPER_NO_VALIDATED_RULE
P000298,inflammation_anemia,0.0046663479697797,0,against,agree_negative,0.9953336520302203,high,0,1,0,ferritin|serum_iron|TIBC|TSAT,INFLAMMATION_NO_ANEMIA
P000299,iron_deficiency,0.0001192295495913,0,against,agree_negative,0.9998807704504087,high,0,2,3,TSAT|sTfR,IRON_MULTIPLE_AGAINST
P000299,B12_deficiency,5.031730597293094e-05,0,unknown,insufficient_clinical_evidence,0.84,moderate,0,0,4,MMA|homocysteine,B12_TOTAL_NOT_LOW_BUT_NOT_EXCLUSION
P000299,folate_deficiency,0.0275860496637001,0,unknown,insufficient_clinical_evidence,0.84,moderate,0,0,1,folate,FOLATE_MISSING
P000299,B6_deficiency,0.6472006083532612,0,unknown,insufficient_clinical_evidence,0.3527993916467388,low,0,0,1,,B6_NO_VALIDATED_RULE
P000299,copper_deficiency,0.1176797764903293,0,unknown,insufficient_clinical_evidence,0.84,moderate,0,0,2,,COPPER_NO_VALIDATED_RULE
P000299,inflammation_anemia,0.0023537211578536,0,unknown,insufficient_clinical_evidence,0.84,moderate,1,0,3,serum_iron|TIBC|TSAT|sTfR,INFLAMMATION_INCOMPLETE_OR_MIXED
P000300,iron_deficiency,0.9987583664970638,1,supports,agree_positive,0.9987583664970638,high,2,2,1,Ret_He|sTfR,IRON_MULTIPLE_SUPPORT
P000300,B12_deficiency,3.375987150288569e-05,0,unknown,insufficient_clinical_evidence,0.84,moderate,0,0,4,MMA|homocysteine,B12_TOTAL_NOT_LOW_BUT_NOT_EXCLUSION
P000300,folate_deficiency,0.0360026396452261,0,unknown,insufficient_clinical_evidence,0.84,moderate,0,0,1,folate,FOLATE_MISSING
P000300,B6_deficiency,0.002932043394665,0,unknown,insufficient_clinical_evidence,0.84,moderate,0,0,1,,B6_NO_VALIDATED_RULE
P000300,copper_deficiency,6.588785646059667e-05,0,unknown,insufficient_clinical_evidence,0.84,moderate,0,0,2,copper|ceruloplasmin,COPPER_NO_VALIDATED_RULE
P000300,inflammation_anemia,0.0001640153072781,0,against,agree_negative,0.999835984692722,high,0,1,0,sTfR,INFLAMMATION_NO_ANEMIA
P000301,iron_deficiency,0.0218030703218308,0,unknown,insufficient_clinical_evidence,0.84,moderate,1,3,1,Ret_He,IRON_INSUFFICIENT_OR_MIXED
P000301,B12_deficiency,0.0024042007600525,0,unknown,insufficient_clinical_evidence,0.84,moderate,0,0,4,vitamin_B12|active_B12|MMA,B12_NO_TOTAL_B12
P000301,folate_deficiency,0.0861299136207165,0,supports,conflict_ml_negative_rule_supports,0.64,low,1,0,0,vitamin_B12,FOLATE_LOW
P000301,B6_deficiency,0.9034976801647268,1,unknown,insufficient_clinical_evidence,0.84,moderate,0,0,1,,B6_NO_VALIDATED_RULE
P000301,copper_deficiency,0.0016357187321277,0,unknown,insufficient_clinical_evidence,0.84,moderate,0,0,2,copper|ceruloplasmin,COPPER_NO_VALIDATED_RULE
P000301,inflammation_anemia,3.076885316783671e-05,0,unknown,insufficient_clinical_evidence,0.84,moderate,1,2,1,,INFLAMMATION_INCOMPLETE_OR_MIXED
P000302,iron_deficiency,0.8157302955054807,1,unknown,insufficient_clinical_evidence,0.8157302955054807,moderate,0,0,5,TSAT|Ret_He|sTfR,IRON_INSUFFICIENT_OR_MIXED
P000302,B12_deficiency,0.0030249328771548,0,unknown,insufficient_clinical_evidence,0.84,moderate,0,0,4,vitamin_B12|active_B12|MMA|homocysteine,B12_NO_TOTAL_B12
P000302,folate_deficiency,0.0047975252984876,0,unknown,insufficient_clinical_evidence,0.84,moderate,0,0,1,,FOLATE_BORDERLINE
P000302,B6_deficiency,0.0117760692799267,0,unknown,insufficient_clinical_evidence,0.84,moderate,0,0,1,vitamin_B6,B6_NO_VALIDATED_RULE
P000302,copper_deficiency,8.108254482729893e-08,0,unknown,insufficient_clinical_evidence,0.84,moderate,0,0,2,copper,COPPER_NO_VALIDATED_RULE
P000302,inflammation_anemia,9.860613589614926e-05,0,against,agree_negative,0.9999013938641038,high,0,1,0,CRP|serum_iron|TIBC|TSAT|sTfR,INFLAMMATION_NO_ANEMIA
P000303,iron_deficiency,0.0001950359225222,0,against,agree_negative,0.9998049640774778,high,0,3,2,Ret_He|sTfR,IRON_MULTIPLE_AGAINST
P000303,B12_deficiency,0.0373733044830781,0,unknown,insufficient_clinical_evidence,0.84,moderate,0,0,4,vitamin_B12|active_B12|MMA|homocysteine,B12_NO_TOTAL_B12
P000303,folate_deficiency,0.0014192961311797,0,against,agree_negative,0.9985807038688203,high,0,1,0,,FOLATE_NOT_LOW
P000303,B6_deficiency,0.0015235853876768,0,unknown,insufficient_clinical_evidence,0.84,moderate,0,0,1,vitamin_B6,B6_NO_VALIDATED_RULE
P000303,copper_deficiency,0.0078470181740671,0,unknown,insufficient_clinical_evidence,0.84,moderate,0,0,2,copper|ceruloplasmin,COPPER_NO_VALIDATED_RULE
P000303,inflammation_anemia,0.0001831719878037,0,against,agree_negative,0.9998168280121963,high,0,1,0,CRP|sTfR,INFLAMMATION_NO_ANEMIA
P000304,iron_deficiency,0.0039492198269698,0,against,agree_negative,0.9960507801730302,high,0,4,1,,IRON_MULTIPLE_AGAINST
P000304,B12_deficiency,0.997845841813084,1,unknown,insufficient_clinical_evidence,0.84,moderate,0,0,4,homocysteine,B12_TOTAL_NOT_LOW_BUT_NOT_EXCLUSION
P000304,folate_deficiency,0.1536914159611257,0,unknown,insufficient_clinical_evidence,0.84,moderate,0,0,1,folate,FOLATE_MISSING
P000304,B6_deficiency,0.0021903048020569,0,unknown,insufficient_clinical_evidence,0.84,moderate,0,0,1,vitamin_B6,B6_NO_VALIDATED_RULE
P000304,copper_deficiency,5.7043126023370026e-05,0,unknown,insufficient_clinical_evidence,0.84,moderate,0,0,2,copper|ceruloplasmin,COPPER_NO_VALIDATED_RULE
P000304,inflammation_anemia,0.0005103497020809,0,unknown,insufficient_clinical_evidence,0.84,moderate,2,1,1,CRP,INFLAMMATION_INCOMPLETE_OR_MIXED
P000305,iron_deficiency,0.0003277463417543,0,unknown,insufficient_clinical_evidence,0.84,moderate,0,1,4,TSAT|Ret_He,IRON_INSUFFICIENT_OR_MIXED
P000305,B12_deficiency,0.0003983569651472,0,unknown,insufficient_clinical_evidence,0.84,moderate,0,0,4,active_B12|MMA|homocysteine,B12_TOTAL_NOT_LOW_BUT_NOT_EXCLUSION
P000305,folate_deficiency,0.0504232536475029,0,unknown,insufficient_clinical_evidence,0.84,moderate,0,0,1,,FOLATE_BORDERLINE
P000305,B6_deficiency,0.9885704045110122,1,unknown,insufficient_clinical_evidence,0.84,moderate,0,0,1,,B6_NO_VALIDATED_RULE
P000305,copper_deficiency,0.0015151968839918,0,unknown,insufficient_clinical_evidence,0.84,moderate,0,0,2,copper|ceruloplasmin,COPPER_NO_VALIDATED_RULE
P000305,inflammation_anemia,0.0057687530818316,0,unknown,insufficient_clinical_evidence,0.84,moderate,1,0,3,serum_iron|TIBC|TSAT,INFLAMMATION_INCOMPLETE_OR_MIXED
P000306,iron_deficiency,0.0126036804448289,0,unknown,insufficient_clinical_evidence,0.84,moderate,0,0,5,ferritin|TSAT|Ret_He|sTfR,IRON_INSUFFICIENT_OR_MIXED
P000306,B12_deficiency,0.0013824498595839,0,unknown,insufficient_clinical_evidence,0.84,moderate,0,0,4,active_B12|MMA|homocysteine,B12_TOTAL_NOT_LOW_BUT_NOT_EXCLUSION
P000306,folate_deficiency,0.0008374621400683,0,against,agree_negative,0.9991625378599317,high,0,1,0,,FOLATE_NOT_LOW
P000306,B6_deficiency,0.0035622981888875,0,unknown,insufficient_clinical_evidence,0.84,moderate,0,0,1,vitamin_B6,B6_NO_VALIDATED_RULE
P000306,copper_deficiency,7.193685885500068e-05,0,unknown,insufficient_clinical_evidence,0.84,moderate,0,0,2,copper|ceruloplasmin,COPPER_NO_VALIDATED_RULE
P000306,inflammation_anemia,0.0012486369578304,0,against,agree_negative,0.9987513630421696,high,0,1,0,ferritin|serum_iron|TIBC|TSAT|sTfR,INFLAMMATION_NO_ANEMIA
P000307,iron_deficiency,0.9997749521145776,1,supports,agree_positive,0.9997749521145776,high,3,1,1,Ret_He|sTfR,IRON_MULTIPLE_SUPPORT
P000307,B12_deficiency,0.9985603034649038,1,supports,agree_positive,0.9985603034649038,high,1,0,3,active_B12|MMA,B12_LOW_TOTAL
P000307,folate_deficiency,0.1485011800239514,0,unknown,insufficient_clinical_evidence,0.84,moderate,0,0,1,folate,FOLATE_MISSING
P000307,B6_deficiency,0.0004224638856526,0,unknown,insufficient_clinical_evidence,0.84,moderate,0,0,1,vitamin_B6,B6_NO_VALIDATED_RULE
P000307,copper_deficiency,0.0009016341830994,0,unknown,insufficient_clinical_evidence,0.84,moderate,0,0,2,ceruloplasmin,COPPER_NO_VALIDATED_RULE
P000307,inflammation_anemia,2.49692164158885e-05,0,against,agree_negative,0.9999750307835841,high,0,3,1,sTfR,INFLAMMATION_PATTERN_AGAINST
P000308,iron_deficiency,4.390705189696268e-05,0,unknown,insufficient_clinical_evidence,0.84,moderate,0,1,4,TSAT|Ret_He|sTfR,IRON_INSUFFICIENT_OR_MIXED
P000308,B12_deficiency,0.0002203683764785,0,unknown,insufficient_clinical_evidence,0.84,moderate,0,0,4,active_B12|homocysteine,B12_TOTAL_NOT_LOW_BUT_NOT_EXCLUSION
P000308,folate_deficiency,0.039174439245433,0,unknown,insufficient_clinical_evidence,0.84,moderate,0,0,1,folate,FOLATE_MISSING
P000308,B6_deficiency,0.0050967740501689,0,unknown,insufficient_clinical_evidence,0.84,moderate,0,0,1,vitamin_B6,B6_NO_VALIDATED_RULE
P000308,copper_deficiency,0.0110765094302526,0,unknown,insufficient_clinical_evidence,0.84,moderate,0,0,2,copper|ceruloplasmin,COPPER_NO_VALIDATED_RULE
P000308,inflammation_anemia,0.003093440314558,0,unknown,insufficient_clinical_evidence,0.84,moderate,1,0,3,serum_iron|TIBC|TSAT|sTfR,INFLAMMATION_INCOMPLETE_OR_MIXED
P000309,iron_deficiency,0.0294582375986289,0,unknown,insufficient_clinical_evidence,0.84,moderate,0,0,5,ferritin|TSAT|Ret_He|sTfR,IRON_INSUFFICIENT_OR_MIXED
P000309,B12_deficiency,0.0003488623857646,0,unknown,insufficient_clinical_evidence,0.84,moderate,0,0,4,active_B12|homocysteine,B12_TOTAL_NOT_LOW_BUT_NOT_EXCLUSION
P000309,folate_deficiency,0.0874541773248332,0,unknown,insufficient_clinical_evidence,0.84,moderate,0,0,1,folate,FOLATE_MISSING
P000309,B6_deficiency,0.0112152430079935,0,unknown,insufficient_clinical_evidence,0.84,moderate,0,0,1,vitamin_B6,B6_NO_VALIDATED_RULE
P000309,copper_deficiency,0.0054556385320898,0,unknown,insufficient_clinical_evidence,0.84,moderate,0,0,2,copper|ceruloplasmin,COPPER_NO_VALIDATED_RULE
P000309,inflammation_anemia,0.2312617109857079,1,unknown,insufficient_clinical_evidence,0.2312617109857079,low,0,0,4,ferritin|serum_iron|TIBC|TSAT|sTfR,INFLAMMATION_INCOMPLETE_OR_MIXED
P000310,iron_deficiency,0.9947593022451818,1,unknown,insufficient_clinical_evidence,0.84,moderate,1,0,4,TSAT|Ret_He|sTfR,IRON_INSUFFICIENT_OR_MIXED
P000310,B12_deficiency,0.0040352223654666,0,unknown,insufficient_clinical_evidence,0.84,moderate,0,0,4,vitamin_B12|active_B12|MMA|homocysteine,B12_NO_TOTAL_B12
P000310,folate_deficiency,0.0079742940580411,0,unknown,insufficient_clinical_evidence,0.84,moderate,0,0,1,folate,FOLATE_MISSING
P000310,B6_deficiency,0.0250130941458314,0,unknown,insufficient_clinical_evidence,0.84,moderate,0,0,1,vitamin_B6,B6_NO_VALIDATED_RULE
P000310,copper_deficiency,0.0054950017047115,0,unknown,insufficient_clinical_evidence,0.84,moderate,0,0,2,copper|ceruloplasmin,COPPER_NO_VALIDATED_RULE
P000310,inflammation_anemia,0.0085412132069231,0,unknown,insufficient_clinical_evidence,0.84,moderate,0,1,3,CRP|serum_iron|TIBC|TSAT|sTfR,INFLAMMATION_INCOMPLETE_OR_MIXED
P000311,iron_deficiency,0.0010343682212313,0,unknown,insufficient_clinical_evidence,0.84,moderate,0,1,4,TSAT|Ret_He|sTfR,IRON_INSUFFICIENT_OR_MIXED
P000311,B12_deficiency,0.9999571956546828,1,supports,agree_positive,0.9999571956546828,high,1,0,3,MMA|homocysteine,B12_LOW_TOTAL
P000311,folate_deficiency,0.1030526980340923,0,unknown,insufficient_clinical_evidence,0.84,moderate,0,0,1,folate,FOLATE_MISSING
P000311,B6_deficiency,0.0007314360157894,0,unknown,insufficient_clinical_evidence,0.84,moderate,0,0,1,vitamin_B6,B6_NO_VALIDATED_RULE
P000311,copper_deficiency,0.006156280953698,0,unknown,insufficient_clinical_evidence,0.84,moderate,0,0,2,,COPPER_NO_VALIDATED_RULE
P000311,inflammation_anemia,4.753216343692642e-05,0,unknown,insufficient_clinical_evidence,0.84,moderate,1,0,3,serum_iron|TIBC|TSAT|sTfR,INFLAMMATION_INCOMPLETE_OR_MIXED
P000312,iron_deficiency,0.99992996682256,1,supports,agree_positive,0.99992996682256,high,2,0,3,Ret_He|sTfR,IRON_MULTIPLE_SUPPORT
P000312,B12_deficiency,0.0010280768885284,0,unknown,insufficient_clinical_evidence,0.84,moderate,0,0,4,active_B12|MMA,B12_TOTAL_NOT_LOW_BUT_NOT_EXCLUSION
P000312,folate_deficiency,0.947300472284232,1,supports,agree_positive,0.947300472284232,high,1,0,0,,FOLATE_LOW
P000312,B6_deficiency,0.0149115192915316,0,unknown,insufficient_clinical_evidence,0.84,moderate,0,0,1,vitamin_B6,B6_NO_VALIDATED_RULE
P000312,copper_deficiency,0.0138760671231478,0,unknown,insufficient_clinical_evidence,0.84,moderate,0,0,2,copper,COPPER_NO_VALIDATED_RULE
P000312,inflammation_anemia,0.002925930432619,0,supports,conflict_ml_negative_rule_supports,0.64,low,3,0,1,sTfR,INFLAMMATION_PATTERN_SUPPORT
P000313,iron_deficiency,0.0003280113135183,0,unknown,insufficient_clinical_evidence,0.84,moderate,0,1,4,ferritin|TSAT,IRON_INSUFFICIENT_OR_MIXED
P000313,B12_deficiency,0.0016897479792603,0,unknown,insufficient_clinical_evidence,0.84,moderate,0,0,4,vitamin_B12|active_B12|MMA,B12_NO_TOTAL_B12
P000313,folate_deficiency,0.0059474659399001,0,unknown,insufficient_clinical_evidence,0.84,moderate,0,0,1,folate,FOLATE_MISSING
P000313,B6_deficiency,0.0081270845684561,0,unknown,insufficient_clinical_evidence,0.84,moderate,0,0,1,,B6_NO_VALIDATED_RULE
P000313,copper_deficiency,0.0001260060479451,0,unknown,insufficient_clinical_evidence,0.84,moderate,0,0,2,copper|ceruloplasmin,COPPER_NO_VALIDATED_RULE
P000313,inflammation_anemia,3.43032153911087e-05,0,against,agree_negative,0.9999656967846089,high,0,1,0,ferritin|serum_iron|TIBC|TSAT,INFLAMMATION_NO_ANEMIA
P000314,iron_deficiency,0.0002026332155277,0,against,agree_negative,0.9997973667844723,high,0,2,3,ferritin|Ret_He|sTfR,IRON_MULTIPLE_AGAINST
P000314,B12_deficiency,0.999205406841962,1,unknown,insufficient_clinical_evidence,0.84,moderate,0,0,4,,B12_TOTAL_NOT_LOW_BUT_NOT_EXCLUSION
P000314,folate_deficiency,0.0249791837908242,0,unknown,insufficient_clinical_evidence,0.84,moderate,0,0,1,,FOLATE_BORDERLINE
P000314,B6_deficiency,0.0014753503890188,0,unknown,insufficient_clinical_evidence,0.84,moderate,0,0,1,vitamin_B6,B6_NO_VALIDATED_RULE
P000314,copper_deficiency,0.0062385842533247,0,unknown,insufficient_clinical_evidence,0.84,moderate,0,0,2,copper|ceruloplasmin,COPPER_NO_VALIDATED_RULE
P000314,inflammation_anemia,0.0020129386612311,0,against,agree_negative,0.9979870613387689,high,0,1,0,CRP|ferritin|sTfR,INFLAMMATION_NO_ANEMIA
P000315,iron_deficiency,0.0593726072905305,0,supports,conflict_ml_negative_rule_supports,0.64,low,2,0,3,ferritin|Ret_He,IRON_MULTIPLE_SUPPORT
P000315,B12_deficiency,3.6814382717220136e-05,0,unknown,insufficient_clinical_evidence,0.84,moderate,0,0,4,homocysteine,B12_TOTAL_NOT_LOW_BUT_NOT_EXCLUSION
P000315,folate_deficiency,0.0003718982668651,0,against,agree_negative,0.9996281017331349,high,0,1,0,,FOLATE_NOT_LOW
P000315,B6_deficiency,0.0101064594958241,0,unknown,insufficient_clinical_evidence,0.84,moderate,0,0,1,vitamin_B6,B6_NO_VALIDATED_RULE
P000315,copper_deficiency,0.0001518667987687,0,unknown,insufficient_clinical_evidence,0.84,moderate,0,0,2,copper|ceruloplasmin,COPPER_NO_VALIDATED_RULE
P000315,inflammation_anemia,0.9997641555625548,1,supports,agree_positive,0.9997641555625548,high,2,0,2,ferritin,INFLAMMATION_PATTERN_SUPPORT
P000316,iron_deficiency,0.9999868600778322,1,supports,agree_positive,0.9999868600778322,high,3,0,2,Ret_He|sTfR,IRON_MULTIPLE_SUPPORT
P000316,B12_deficiency,0.0013984805930542,0,unknown,insufficient_clinical_evidence,0.84,moderate,0,0,4,vitamin_B12|active_B12|MMA,B12_NO_TOTAL_B12
P000316,folate_deficiency,0.0019091253464814,0,against,agree_negative,0.9980908746535186,high,0,1,0,,FOLATE_NOT_LOW
P000316,B6_deficiency,0.008630308252121,0,unknown,insufficient_clinical_evidence,0.84,moderate,0,0,1,vitamin_B6,B6_NO_VALIDATED_RULE
P000316,copper_deficiency,0.0055874096607721,0,unknown,insufficient_clinical_evidence,0.84,moderate,0,0,2,copper|ceruloplasmin,COPPER_NO_VALIDATED_RULE
P000316,inflammation_anemia,0.013880006329314,0,unknown,insufficient_clinical_evidence,0.84,moderate,2,1,1,CRP|sTfR,INFLAMMATION_INCOMPLETE_OR_MIXED
P000317,iron_deficiency,0.00039607655889,0,against,agree_negative,0.99960392344111,high,0,4,1,,IRON_MULTIPLE_AGAINST
P000317,B12_deficiency,0.0142215683084961,0,unknown,insufficient_clinical_evidence,0.84,moderate,0,0,4,vitamin_B12|active_B12|MMA|homocysteine,B12_NO_TOTAL_B12
P000317,folate_deficiency,0.0020830035087848,0,against,agree_negative,0.9979169964912152,high,0,1,0,,FOLATE_NOT_LOW
P000317,B6_deficiency,0.0072527162900859,0,unknown,insufficient_clinical_evidence,0.84,moderate,0,0,1,vitamin_B6,B6_NO_VALIDATED_RULE
P000317,copper_deficiency,1.8177428234076006e-05,0,unknown,insufficient_clinical_evidence,0.84,moderate,0,0,2,ceruloplasmin,COPPER_NO_VALIDATED_RULE
P000317,inflammation_anemia,0.0005244505604344,0,unknown,insufficient_clinical_evidence,0.84,moderate,2,1,1,,INFLAMMATION_INCOMPLETE_OR_MIXED
P000318,iron_deficiency,0.0010175373511749,0,unknown,insufficient_clinical_evidence,0.84,moderate,0,1,4,TSAT|Ret_He|sTfR,IRON_INSUFFICIENT_OR_MIXED
P000318,B12_deficiency,0.0029217145920339,0,unknown,insufficient_clinical_evidence,0.84,moderate,0,0,4,vitamin_B12|active_B12|MMA,B12_NO_TOTAL_B12
P000318,folate_deficiency,0.0178064413606251,0,unknown,insufficient_clinical_evidence,0.84,moderate,0,0,1,folate,FOLATE_MISSING
P000318,B6_deficiency,0.0217382624082776,0,unknown,insufficient_clinical_evidence,0.84,moderate,0,0,1,,B6_NO_VALIDATED_RULE
P000318,copper_deficiency,0.9994799365739826,1,unknown,insufficient_clinical_evidence,0.84,moderate,0,0,2,,COPPER_NO_VALIDATED_RULE
P000318,inflammation_anemia,0.0012780365633355,0,against,agree_negative,0.9987219634366645,high,0,1,0,CRP|serum_iron|TIBC|TSAT|sTfR,INFLAMMATION_NO_ANEMIA
P000319,iron_deficiency,0.0011552566138607,0,unknown,insufficient_clinical_evidence,0.84,moderate,0,1,4,ferritin|TSAT|sTfR,IRON_INSUFFICIENT_OR_MIXED
P000319,B12_deficiency,0.0005100772824959,0,unknown,insufficient_clinical_evidence,0.84,moderate,0,0,4,active_B12|homocysteine,B12_TOTAL_NOT_LOW_BUT_NOT_EXCLUSION
P000319,folate_deficiency,0.0732962729699834,0,unknown,insufficient_clinical_evidence,0.84,moderate,0,0,1,folate,FOLATE_MISSING
P000319,B6_deficiency,0.0026850040556385,0,unknown,insufficient_clinical_evidence,0.84,moderate,0,0,1,vitamin_B6,B6_NO_VALIDATED_RULE
P000319,copper_deficiency,0.0053476358856952,0,unknown,insufficient_clinical_evidence,0.84,moderate,0,0,2,copper|ceruloplasmin,COPPER_NO_VALIDATED_RULE
P000319,inflammation_anemia,0.0002612255005371,0,against,agree_negative,0.9997387744994629,high,0,1,0,ferritin|serum_iron|TIBC|TSAT|sTfR,INFLAMMATION_NO_ANEMIA
P000320,iron_deficiency,8.674700664255833e-05,0,against,agree_negative,0.9999132529933574,high,0,2,3,ferritin|Ret_He|sTfR,IRON_MULTIPLE_AGAINST
P000320,B12_deficiency,0.0314184026674323,0,unknown,insufficient_clinical_evidence,0.84,moderate,0,0,4,homocysteine,B12_TOTAL_NOT_LOW_BUT_NOT_EXCLUSION
P000320,folate_deficiency,0.4140008130131504,0,supports,conflict_ml_negative_rule_supports,0.5859991869868496,low,1,0,0,homocysteine,FOLATE_LOW
P000320,B6_deficiency,0.0044371801816534,0,unknown,insufficient_clinical_evidence,0.84,moderate,0,0,1,vitamin_B6,B6_NO_VALIDATED_RULE
P000320,copper_deficiency,0.0003894671436281,0,unknown,insufficient_clinical_evidence,0.84,moderate,0,0,2,copper|ceruloplasmin,COPPER_NO_VALIDATED_RULE
P000320,inflammation_anemia,4.957161303035949e-05,0,unknown,insufficient_clinical_evidence,0.84,moderate,1,1,2,CRP|ferritin|sTfR,INFLAMMATION_INCOMPLETE_OR_MIXED
P000321,iron_deficiency,0.0001100125569876,0,against,agree_negative,0.9998899874430124,high,0,2,3,TSAT,IRON_MULTIPLE_AGAINST
P000321,B12_deficiency,0.0038279534431833,0,unknown,insufficient_clinical_evidence,0.84,moderate,0,0,4,active_B12|homocysteine,B12_TOTAL_NOT_LOW_BUT_NOT_EXCLUSION
P000321,folate_deficiency,0.9889185812725818,1,supports,agree_positive,0.9889185812725818,high,1,0,0,,FOLATE_LOW
P000321,B6_deficiency,0.0036082705722687,0,unknown,insufficient_clinical_evidence,0.84,moderate,0,0,1,vitamin_B6,B6_NO_VALIDATED_RULE
P000321,copper_deficiency,0.0021316957393822,0,unknown,insufficient_clinical_evidence,0.84,moderate,0,0,2,copper|ceruloplasmin,COPPER_NO_VALIDATED_RULE
P000321,inflammation_anemia,0.0002211814099597,0,unknown,insufficient_clinical_evidence,0.84,moderate,1,0,3,serum_iron|TIBC|TSAT,INFLAMMATION_INCOMPLETE_OR_MIXED
P000322,iron_deficiency,0.0001560155099189,0,against,agree_negative,0.999843984490081,high,0,2,3,TSAT|sTfR,IRON_MULTIPLE_AGAINST
P000322,B12_deficiency,0.0002505132942898,0,unknown,insufficient_clinical_evidence,0.84,moderate,0,0,4,MMA|homocysteine,B12_TOTAL_NOT_LOW_BUT_NOT_EXCLUSION
P000322,folate_deficiency,0.0044982940513188,0,unknown,insufficient_clinical_evidence,0.84,moderate,0,0,1,folate,FOLATE_MISSING
P000322,B6_deficiency,0.0102380022541514,0,unknown,insufficient_clinical_evidence,0.84,moderate,0,0,1,,B6_NO_VALIDATED_RULE
P000322,copper_deficiency,0.0089627010243887,0,unknown,insufficient_clinical_evidence,0.84,moderate,0,0,2,,COPPER_NO_VALIDATED_RULE
P000322,inflammation_anemia,0.0270267430622804,0,unknown,insufficient_clinical_evidence,0.84,moderate,1,0,3,serum_iron|TIBC|TSAT|sTfR,INFLAMMATION_INCOMPLETE_OR_MIXED
P000323,iron_deficiency,0.9999486544313632,1,supports,agree_positive,0.9999486544313632,high,2,0,3,Ret_He|sTfR,IRON_MULTIPLE_SUPPORT
P000323,B12_deficiency,0.0003391371670956,0,unknown,insufficient_clinical_evidence,0.84,moderate,0,0,4,active_B12|MMA,B12_TOTAL_NOT_LOW_BUT_NOT_EXCLUSION
P000323,folate_deficiency,0.0013226018599565,0,against,agree_negative,0.9986773981400435,high,0,1,0,,FOLATE_NOT_LOW
P000323,B6_deficiency,0.0065192689312233,0,unknown,insufficient_clinical_evidence,0.84,moderate,0,0,1,vitamin_B6,B6_NO_VALIDATED_RULE
P000323,copper_deficiency,0.0006898217926545,0,unknown,insufficient_clinical_evidence,0.84,moderate,0,0,2,copper|ceruloplasmin,COPPER_NO_VALIDATED_RULE
P000323,inflammation_anemia,0.001051425091012,0,supports,conflict_ml_negative_rule_supports,0.64,low,3,0,1,sTfR,INFLAMMATION_PATTERN_SUPPORT
P000324,iron_deficiency,0.0003813766453547,0,unknown,insufficient_clinical_evidence,0.84,moderate,0,0,5,ferritin|TSAT|Ret_He|sTfR,IRON_INSUFFICIENT_OR_MIXED
P000324,B12_deficiency,0.0040564702481255,0,unknown,insufficient_clinical_evidence,0.84,moderate,0,0,4,active_B12|MMA,B12_TOTAL_NOT_LOW_BUT_NOT_EXCLUSION
P000324,folate_deficiency,0.0148071901136666,0,unknown,insufficient_clinical_evidence,0.84,moderate,0,0,1,folate,FOLATE_MISSING
P000324,B6_deficiency,0.0272483526039298,0,unknown,insufficient_clinical_evidence,0.84,moderate,0,0,1,,B6_NO_VALIDATED_RULE
P000324,copper_deficiency,0.9952294783358864,1,unknown,insufficient_clinical_evidence,0.84,moderate,0,0,2,,COPPER_NO_VALIDATED_RULE
P000324,inflammation_anemia,0.0001666642525216,0,unknown,insufficient_clinical_evidence,0.84,moderate,0,0,4,ferritin|serum_iron|TIBC|TSAT|sTfR,INFLAMMATION_INCOMPLETE_OR_MIXED
P000325,iron_deficiency,0.9999610230105048,1,supports,agree_positive,0.9999610230105048,high,4,0,1,Ret_He,IRON_MULTIPLE_SUPPORT
P000325,B12_deficiency,0.0009389505871432,0,unknown,insufficient_clinical_evidence,0.84,moderate,0,0,4,active_B12|MMA|homocysteine,B12_TOTAL_NOT_LOW_BUT_NOT_EXCLUSION
P000325,folate_deficiency,0.0025929294765941,0,against,agree_negative,0.9974070705234059,high,0,1,0,,FOLATE_NOT_LOW
P000325,B6_deficiency,0.0025928126125535,0,unknown,insufficient_clinical_evidence,0.84,moderate,0,0,1,vitamin_B6,B6_NO_VALIDATED_RULE
P000325,copper_deficiency,0.0189886843274321,0,unknown,insufficient_clinical_evidence,0.84,moderate,0,0,2,copper,COPPER_NO_VALIDATED_RULE
P000325,inflammation_anemia,5.14419080072826e-05,0,unknown,insufficient_clinical_evidence,0.84,moderate,1,2,1,,INFLAMMATION_INCOMPLETE_OR_MIXED
P000326,iron_deficiency,0.0004130808320824,0,against,agree_negative,0.9995869191679176,high,0,2,3,ferritin|Ret_He|sTfR,IRON_MULTIPLE_AGAINST
P000326,B12_deficiency,0.0027501732796758,0,unknown,insufficient_clinical_evidence,0.84,moderate,0,0,4,vitamin_B12|active_B12|MMA|homocysteine,B12_NO_TOTAL_B12
P000326,folate_deficiency,0.0240732449323665,0,unknown,insufficient_clinical_evidence,0.84,moderate,0,0,1,,FOLATE_BORDERLINE
P000326,B6_deficiency,0.0151570373456314,0,unknown,insufficient_clinical_evidence,0.84,moderate,0,0,1,vitamin_B6,B6_NO_VALIDATED_RULE
P000326,copper_deficiency,0.0056666171336805,0,unknown,insufficient_clinical_evidence,0.84,moderate,0,0,2,copper|ceruloplasmin,COPPER_NO_VALIDATED_RULE
P000326,inflammation_anemia,4.03468856295829e-05,0,against,agree_negative,0.9999596531143704,high,0,1,0,CRP|ferritin|sTfR,INFLAMMATION_NO_ANEMIA
P000327,iron_deficiency,7.619590589419803e-05,0,against,agree_negative,0.9999238040941058,high,0,2,3,TSAT|sTfR,IRON_MULTIPLE_AGAINST
P000327,B12_deficiency,0.999862085150072,1,supports,agree_positive,0.999862085150072,high,1,0,3,active_B12|MMA,B12_LOW_TOTAL
P000327,folate_deficiency,0.341807059537831,0,unknown,insufficient_clinical_evidence,0.6581929404621689,moderate,0,0,1,,FOLATE_BORDERLINE
P000327,B6_deficiency,0.0132325286121454,0,unknown,insufficient_clinical_evidence,0.84,moderate,0,0,1,vitamin_B6,B6_NO_VALIDATED_RULE
P000327,copper_deficiency,0.0099161927154831,0,unknown,insufficient_clinical_evidence,0.84,moderate,0,0,2,copper|ceruloplasmin,COPPER_NO_VALIDATED_RULE
P000327,inflammation_anemia,0.0002215491105721,0,unknown,insufficient_clinical_evidence,0.84,moderate,1,0,3,serum_iron|TIBC|TSAT|sTfR,INFLAMMATION_INCOMPLETE_OR_MIXED
P000328,iron_deficiency,0.0003319805175507,0,against,agree_negative,0.9996680194824493,high,0,3,2,Ret_He|sTfR,IRON_MULTIPLE_AGAINST
P000328,B12_deficiency,0.0507404098696724,0,unknown,insufficient_clinical_evidence,0.84,moderate,0,0,4,active_B12|homocysteine,B12_TOTAL_NOT_LOW_BUT_NOT_EXCLUSION
P000328,folate_deficiency,0.0187591838260528,0,unknown,insufficient_clinical_evidence,0.84,moderate,0,0,1,,FOLATE_BORDERLINE
P000328,B6_deficiency,0.0094070290820042,0,unknown,insufficient_clinical_evidence,0.84,moderate,0,0,1,vitamin_B6,B6_NO_VALIDATED_RULE
P000328,copper_deficiency,0.0062637425203154,0,unknown,insufficient_clinical_evidence,0.84,moderate,0,0,2,copper|ceruloplasmin,COPPER_NO_VALIDATED_RULE
P000328,inflammation_anemia,0.0113199109373173,0,against,agree_negative,0.9886800890626827,high,0,1,0,sTfR,INFLAMMATION_NO_ANEMIA
P000329,iron_deficiency,0.9999850318199384,1,supports,agree_positive,0.9999850318199384,high,4,0,1,Ret_He|sTfR,IRON_MULTIPLE_SUPPORT
P000329,B12_deficiency,0.3845474450700646,1,unknown,insufficient_clinical_evidence,0.3845474450700646,low,0,0,4,vitamin_B12|active_B12|homocysteine,B12_NO_TOTAL_B12
P000329,folate_deficiency,0.0011261259518119,0,against,agree_negative,0.9988738740481881,high,0,1,0,,FOLATE_NOT_LOW
P000329,B6_deficiency,0.0003331795043649,0,unknown,insufficient_clinical_evidence,0.84,moderate,0,0,1,vitamin_B6,B6_NO_VALIDATED_RULE
P000329,copper_deficiency,0.0087603697890346,0,unknown,insufficient_clinical_evidence,0.84,moderate,0,0,2,copper|ceruloplasmin,COPPER_NO_VALIDATED_RULE
P000329,inflammation_anemia,0.0001315252172667,0,unknown,insufficient_clinical_evidence,0.84,moderate,1,2,1,sTfR,INFLAMMATION_INCOMPLETE_OR_MIXED
P000330,iron_deficiency,0.0001119601603126,0,unknown,insufficient_clinical_evidence,0.84,moderate,0,1,4,TSAT|Ret_He|sTfR,IRON_INSUFFICIENT_OR_MIXED
P000330,B12_deficiency,0.8626512123776866,1,unknown,insufficient_clinical_evidence,0.84,moderate,0,0,4,active_B12|MMA|homocysteine,B12_TOTAL_NOT_LOW_BUT_NOT_EXCLUSION
P000330,folate_deficiency,0.6785460298096538,1,unknown,insufficient_clinical_evidence,0.6785460298096538,moderate,0,0,1,,FOLATE_BORDERLINE
P000330,B6_deficiency,0.0018034624219399,0,unknown,insufficient_clinical_evidence,0.84,moderate,0,0,1,vitamin_B6,B6_NO_VALIDATED_RULE
P000330,copper_deficiency,0.0002736829992136,0,unknown,insufficient_clinical_evidence,0.84,moderate,0,0,2,copper|ceruloplasmin,COPPER_NO_VALIDATED_RULE
P000330,inflammation_anemia,0.0001602414363929,0,against,agree_negative,0.9998397585636071,high,0,1,0,serum_iron|TIBC|TSAT|sTfR,INFLAMMATION_NO_ANEMIA
P000331,iron_deficiency,0.1038163255244347,0,supports,conflict_ml_negative_rule_supports,0.64,low,2,0,3,ferritin|Ret_He,IRON_MULTIPLE_SUPPORT
P000331,B12_deficiency,7.786293973777706e-05,0,unknown,insufficient_clinical_evidence,0.84,moderate,0,0,4,active_B12|MMA|homocysteine,B12_TOTAL_NOT_LOW_BUT_NOT_EXCLUSION
P000331,folate_deficiency,0.0001705614670415,0,against,agree_negative,0.9998294385329585,high,0,1,0,,FOLATE_NOT_LOW
P000331,B6_deficiency,0.0343211903188013,0,unknown,insufficient_clinical_evidence,0.84,moderate,0,0,1,vitamin_B6,B6_NO_VALIDATED_RULE
P000331,copper_deficiency,2.6529824622079977e-10,0,unknown,insufficient_clinical_evidence,0.84,moderate,0,0,2,copper|ceruloplasmin,COPPER_NO_VALIDATED_RULE
P000331,inflammation_anemia,0.9998623568757716,1,supports,agree_positive,0.9998623568757716,high,2,0,2,ferritin,INFLAMMATION_PATTERN_SUPPORT
P000332,iron_deficiency,0.0016498264573176,0,against,agree_negative,0.9983501735426824,high,0,3,2,Ret_He,IRON_MULTIPLE_AGAINST
P000332,B12_deficiency,0.000212211144623,0,unknown,insufficient_clinical_evidence,0.84,moderate,0,0,4,active_B12|MMA|homocysteine,B12_TOTAL_NOT_LOW_BUT_NOT_EXCLUSION
P000332,folate_deficiency,0.0398757183585904,0,unknown,insufficient_clinical_evidence,0.84,moderate,0,0,1,folate,FOLATE_MISSING
P000332,B6_deficiency,0.9910986153545522,1,unknown,insufficient_clinical_evidence,0.84,moderate,0,0,1,,B6_NO_VALIDATED_RULE
P000332,copper_deficiency,0.000306602221006,0,unknown,insufficient_clinical_evidence,0.84,moderate,0,0,2,copper|ceruloplasmin,COPPER_NO_VALIDATED_RULE
P000332,inflammation_anemia,0.0281628900605271,0,unknown,insufficient_clinical_evidence,0.84,moderate,2,1,1,,INFLAMMATION_INCOMPLETE_OR_MIXED
P000333,iron_deficiency,0.9999934388358236,1,supports,agree_positive,0.9999934388358236,high,2,0,3,Ret_He|sTfR,IRON_MULTIPLE_SUPPORT
P000333,B12_deficiency,0.003071160187217,0,unknown,insufficient_clinical_evidence,0.84,moderate,0,0,4,vitamin_B12|active_B12,B12_NO_TOTAL_B12
P000333,folate_deficiency,0.0030276181162745,0,unknown,insufficient_clinical_evidence,0.84,moderate,0,0,1,,FOLATE_BORDERLINE
P000333,B6_deficiency,0.0006659752709896,0,unknown,insufficient_clinical_evidence,0.84,moderate,0,0,1,vitamin_B6,B6_NO_VALIDATED_RULE
P000333,copper_deficiency,0.0014696517818791,0,unknown,insufficient_clinical_evidence,0.84,moderate,0,0,2,copper|ceruloplasmin,COPPER_NO_VALIDATED_RULE
P000333,inflammation_anemia,9.371526602211976e-06,0,supports,conflict_ml_negative_rule_supports,0.64,low,3,0,1,sTfR,INFLAMMATION_PATTERN_SUPPORT
P000334,iron_deficiency,0.999720196824012,1,supports,agree_positive,0.999720196824012,high,3,0,2,Ret_He|sTfR,IRON_MULTIPLE_SUPPORT
P000334,B12_deficiency,8.193372834502293e-05,0,unknown,insufficient_clinical_evidence,0.84,moderate,0,0,4,vitamin_B12|MMA|homocysteine,B12_NO_TOTAL_B12
P000334,folate_deficiency,0.0042385229697542,0,unknown,insufficient_clinical_evidence,0.84,moderate,0,0,1,folate,FOLATE_MISSING
P000334,B6_deficiency,0.0042612281684069,0,unknown,insufficient_clinical_evidence,0.84,moderate,0,0,1,vitamin_B6,B6_NO_VALIDATED_RULE
P000334,copper_deficiency,4.304012156530578e-05,0,unknown,insufficient_clinical_evidence,0.84,moderate,0,0,2,copper|ceruloplasmin,COPPER_NO_VALIDATED_RULE
P000334,inflammation_anemia,0.0001483722343808,0,against,agree_negative,0.9998516277656192,high,0,1,0,CRP|sTfR,INFLAMMATION_NO_ANEMIA
P000335,iron_deficiency,0.0001240828895922,0,against,agree_negative,0.9998759171104078,high,0,3,2,Ret_He|sTfR,IRON_MULTIPLE_AGAINST
P000335,B12_deficiency,0.9993713362637222,1,unknown,insufficient_clinical_evidence,0.84,moderate,0,0,4,active_B12|MMA,B12_TOTAL_NOT_LOW_BUT_NOT_EXCLUSION
P000335,folate_deficiency,0.4251527263583177,0,unknown,insufficient_clinical_evidence,0.5748472736416823,low,0,0,1,folate,FOLATE_MISSING
P000335,B6_deficiency,0.0019944478747963,0,unknown,insufficient_clinical_evidence,0.84,moderate,0,0,1,vitamin_B6,B6_NO_VALIDATED_RULE
P000335,copper_deficiency,0.000522528553401,0,unknown,insufficient_clinical_evidence,0.84,moderate,0,0,2,copper|ceruloplasmin,COPPER_NO_VALIDATED_RULE
P000335,inflammation_anemia,0.0001652899321482,0,unknown,insufficient_clinical_evidence,0.84,moderate,2,1,1,sTfR,INFLAMMATION_INCOMPLETE_OR_MIXED
P000336,iron_deficiency,0.0036169268153582,0,unknown,insufficient_clinical_evidence,0.84,moderate,0,1,4,ferritin|TSAT,IRON_INSUFFICIENT_OR_MIXED
P000336,B12_deficiency,0.0053322845236237,0,unknown,insufficient_clinical_evidence,0.84,moderate,0,0,4,vitamin_B12|active_B12|MMA|homocysteine,B12_NO_TOTAL_B12
P000336,folate_deficiency,0.0061956510574133,0,unknown,insufficient_clinical_evidence,0.84,moderate,0,0,1,,FOLATE_BORDERLINE
P000336,B6_deficiency,0.0204232027463514,0,unknown,insufficient_clinical_evidence,0.84,moderate,0,0,1,vitamin_B6,B6_NO_VALIDATED_RULE
P000336,copper_deficiency,0.7023023928752872,1,unknown,insufficient_clinical_evidence,0.7023023928752872,moderate,0,0,2,ceruloplasmin,COPPER_NO_VALIDATED_RULE
P000336,inflammation_anemia,0.0002155015430552,0,unknown,insufficient_clinical_evidence,0.84,moderate,0,0,4,CRP|ferritin|serum_iron|TIBC|TSAT,INFLAMMATION_INCOMPLETE_OR_MIXED
P000337,iron_deficiency,0.0001082968097925,0,against,agree_negative,0.9998917031902075,high,0,3,2,Ret_He|sTfR,IRON_MULTIPLE_AGAINST
P000337,B12_deficiency,0.0674897057438197,0,unknown,insufficient_clinical_evidence,0.84,moderate,0,0,4,vitamin_B12|active_B12|MMA,B12_NO_TOTAL_B12
P000337,folate_deficiency,0.8526300186607751,1,unknown,insufficient_clinical_evidence,0.84,moderate,0,0,1,,FOLATE_BORDERLINE
P000337,B6_deficiency,0.0001886706343757,0,unknown,insufficient_clinical_evidence,0.84,moderate,0,0,1,vitamin_B6,B6_NO_VALIDATED_RULE
P000337,copper_deficiency,0.0017944905611247,0,unknown,insufficient_clinical_evidence,0.84,moderate,0,0,2,copper|ceruloplasmin,COPPER_NO_VALIDATED_RULE
P000337,inflammation_anemia,2.9635775029774773e-05,0,against,agree_negative,0.9999703642249702,high,0,1,0,sTfR,INFLAMMATION_NO_ANEMIA
P000338,iron_deficiency,0.9999089292491258,1,supports,agree_positive,0.9999089292491258,high,2,0,3,Ret_He,IRON_MULTIPLE_SUPPORT
P000338,B12_deficiency,0.998978054649614,1,unknown,insufficient_clinical_evidence,0.84,moderate,0,0,4,vitamin_B12|homocysteine,B12_NO_TOTAL_B12
P000338,folate_deficiency,0.1016679153521735,0,unknown,insufficient_clinical_evidence,0.84,moderate,0,0,1,folate,FOLATE_MISSING
P000338,B6_deficiency,0.0025493633340798,0,unknown,insufficient_clinical_evidence,0.84,moderate,0,0,1,vitamin_B6,B6_NO_VALIDATED_RULE
P000338,copper_deficiency,0.0008190073582932,0,unknown,insufficient_clinical_evidence,0.84,moderate,0,0,2,ceruloplasmin,COPPER_NO_VALIDATED_RULE
P000338,inflammation_anemia,0.000520960888728,0,supports,conflict_ml_negative_rule_supports,0.64,low,3,0,1,CRP,INFLAMMATION_PATTERN_SUPPORT
P000339,iron_deficiency,0.9607916409488728,1,unknown,insufficient_clinical_evidence,0.84,moderate,0,0,5,TSAT|Ret_He,IRON_INSUFFICIENT_OR_MIXED
P000339,B12_deficiency,0.005468579415785,0,unknown,insufficient_clinical_evidence,0.84,moderate,0,0,4,vitamin_B12|active_B12|MMA|homocysteine,B12_NO_TOTAL_B12
P000339,folate_deficiency,0.4546227085374132,1,unknown,insufficient_clinical_evidence,0.4546227085374132,low,0,0,1,,FOLATE_BORDERLINE
P000339,B6_deficiency,0.0008332919340687,0,unknown,insufficient_clinical_evidence,0.84,moderate,0,0,1,vitamin_B6,B6_NO_VALIDATED_RULE
P000339,copper_deficiency,0.0003642800835864,0,unknown,insufficient_clinical_evidence,0.84,moderate,0,0,2,copper,COPPER_NO_VALIDATED_RULE
P000339,inflammation_anemia,0.0002127018408085,0,against,agree_negative,0.9997872981591915,high,0,1,0,CRP|serum_iron|TIBC|TSAT,INFLAMMATION_NO_ANEMIA
P000340,iron_deficiency,0.0003512370730196,0,against,agree_negative,0.9996487629269803,high,0,3,2,Ret_He|sTfR,IRON_MULTIPLE_AGAINST
P000340,B12_deficiency,0.9999102551384722,1,unknown,insufficient_clinical_evidence,0.84,moderate,0,0,4,MMA|homocysteine,B12_TOTAL_NOT_LOW_BUT_NOT_EXCLUSION
P000340,folate_deficiency,0.8611459397782864,1,supports,agree_positive,0.8611459397782864,high,1,0,0,,FOLATE_LOW
P000340,B6_deficiency,0.0010797425596781,0,unknown,insufficient_clinical_evidence,0.84,moderate,0,0,1,vitamin_B6,B6_NO_VALIDATED_RULE
P000340,copper_deficiency,6.844622739762574e-05,0,unknown,insufficient_clinical_evidence,0.84,moderate,0,0,2,copper|ceruloplasmin,COPPER_NO_VALIDATED_RULE
P000340,inflammation_anemia,0.0055160587362845,0,unknown,insufficient_clinical_evidence,0.84,moderate,2,1,1,sTfR,INFLAMMATION_INCOMPLETE_OR_MIXED
P000341,iron_deficiency,0.999991844121198,1,supports,agree_positive,0.999991844121198,high,4,0,1,Ret_He|sTfR,IRON_MULTIPLE_SUPPORT
P000341,B12_deficiency,4.055207600869843e-05,0,unknown,insufficient_clinical_evidence,0.84,moderate,0,0,4,homocysteine,B12_TOTAL_NOT_LOW_BUT_NOT_EXCLUSION
P000341,folate_deficiency,0.001391198642463,0,against,agree_negative,0.998608801357537,high,0,1,0,,FOLATE_NOT_LOW
P000341,B6_deficiency,0.0019467951774654,0,unknown,insufficient_clinical_evidence,0.84,moderate,0,0,1,vitamin_B6,B6_NO_VALIDATED_RULE
P000341,copper_deficiency,0.0103805306965935,0,unknown,insufficient_clinical_evidence,0.84,moderate,0,0,2,ceruloplasmin,COPPER_NO_VALIDATED_RULE
P000341,inflammation_anemia,2.7816099819345927e-05,0,unknown,insufficient_clinical_evidence,0.84,moderate,1,2,1,sTfR,INFLAMMATION_INCOMPLETE_OR_MIXED
P000342,iron_deficiency,0.0008445151038607,0,against,agree_negative,0.9991554848961393,high,0,3,2,Ret_He|sTfR,IRON_MULTIPLE_AGAINST
P000342,B12_deficiency,0.999959404261662,1,supports,agree_positive,0.999959404261662,high,1,0,3,active_B12,B12_LOW_TOTAL
P000342,folate_deficiency,0.2125322793651754,0,unknown,insufficient_clinical_evidence,0.7874677206348246,moderate,0,0,1,folate,FOLATE_MISSING
P000342,B6_deficiency,0.0025486459872735,0,unknown,insufficient_clinical_evidence,0.84,moderate,0,0,1,vitamin_B6,B6_NO_VALIDATED_RULE
P000342,copper_deficiency,0.000950581137051,0,unknown,insufficient_clinical_evidence,0.84,moderate,0,0,2,copper,COPPER_NO_VALIDATED_RULE
P000342,inflammation_anemia,3.9396981710684126e-05,0,unknown,insufficient_clinical_evidence,0.84,moderate,2,1,1,CRP|sTfR,INFLAMMATION_INCOMPLETE_OR_MIXED
P000343,iron_deficiency,0.9999638301809908,1,supports,agree_positive,0.9999638301809908,high,3,1,1,Ret_He|sTfR,IRON_MULTIPLE_SUPPORT
P000343,B12_deficiency,0.0019131051914634,0,unknown,insufficient_clinical_evidence,0.84,moderate,0,0,4,active_B12|MMA,B12_TOTAL_NOT_LOW_BUT_NOT_EXCLUSION
P000343,folate_deficiency,0.998457189733885,1,supports,agree_positive,0.998457189733885,high,1,0,0,,FOLATE_LOW
P000343,B6_deficiency,0.0130971888830694,0,unknown,insufficient_clinical_evidence,0.84,moderate,0,0,1,vitamin_B6,B6_NO_VALIDATED_RULE
P000343,copper_deficiency,0.0027798144880717,0,unknown,insufficient_clinical_evidence,0.84,moderate,0,0,2,copper|ceruloplasmin,COPPER_NO_VALIDATED_RULE
P000343,inflammation_anemia,7.147968908549769e-05,0,against,agree_negative,0.9999285203109145,high,0,3,1,sTfR,INFLAMMATION_PATTERN_AGAINST
P000344,iron_deficiency,0.0014024852175999,0,against,agree_negative,0.9985975147824001,high,0,2,3,ferritin|Ret_He|sTfR,IRON_MULTIPLE_AGAINST
P000344,B12_deficiency,0.0002977941231572,0,unknown,insufficient_clinical_evidence,0.84,moderate,0,0,4,vitamin_B12|MMA,B12_NO_TOTAL_B12
P000344,folate_deficiency,0.0318121143856311,0,unknown,insufficient_clinical_evidence,0.84,moderate,0,0,1,folate,FOLATE_MISSING
P000344,B6_deficiency,0.0117763439910688,0,unknown,insufficient_clinical_evidence,0.84,moderate,0,0,1,vitamin_B6,B6_NO_VALIDATED_RULE
P000344,copper_deficiency,0.0050927281495416,0,unknown,insufficient_clinical_evidence,0.84,moderate,0,0,2,copper|ceruloplasmin,COPPER_NO_VALIDATED_RULE
P000344,inflammation_anemia,0.0001862946498021,0,against,agree_negative,0.9998137053501979,high,0,1,0,ferritin|sTfR,INFLAMMATION_NO_ANEMIA
P000345,iron_deficiency,0.0001685084200324,0,against,agree_negative,0.9998314915799676,high,0,2,3,TSAT|sTfR,IRON_MULTIPLE_AGAINST
P000345,B12_deficiency,0.9997103285988038,1,supports,agree_positive,0.9997103285988038,high,1,0,3,active_B12|MMA|homocysteine,B12_LOW_TOTAL
P000345,folate_deficiency,0.0072217435305382,0,unknown,insufficient_clinical_evidence,0.84,moderate,0,0,1,,FOLATE_BORDERLINE
P000345,B6_deficiency,0.0012817721630625,0,unknown,insufficient_clinical_evidence,0.84,moderate,0,0,1,vitamin_B6,B6_NO_VALIDATED_RULE
P000345,copper_deficiency,2.1718474020945325e-07,0,unknown,insufficient_clinical_evidence,0.84,moderate,0,0,2,copper|ceruloplasmin,COPPER_NO_VALIDATED_RULE
P000345,inflammation_anemia,0.0006420906029678,0,unknown,insufficient_clinical_evidence,0.84,moderate,1,0,3,CRP|serum_iron|TIBC|TSAT|sTfR,INFLAMMATION_INCOMPLETE_OR_MIXED
P000346,iron_deficiency,0.0059046107794585,0,unknown,insufficient_clinical_evidence,0.84,moderate,0,0,5,ferritin|TSAT|Ret_He|sTfR,IRON_INSUFFICIENT_OR_MIXED
P000346,B12_deficiency,0.0019786336510417,0,unknown,insufficient_clinical_evidence,0.84,moderate,0,0,4,vitamin_B12|active_B12|MMA|homocysteine,B12_NO_TOTAL_B12
P000346,folate_deficiency,0.9057349531424104,1,supports,agree_positive,0.9057349531424104,high,1,0,0,,FOLATE_LOW
P000346,B6_deficiency,0.0004199576848893,0,unknown,insufficient_clinical_evidence,0.84,moderate,0,0,1,vitamin_B6,B6_NO_VALIDATED_RULE
P000346,copper_deficiency,0.0007643011962204,0,unknown,insufficient_clinical_evidence,0.84,moderate,0,0,2,copper|ceruloplasmin,COPPER_NO_VALIDATED_RULE
P000346,inflammation_anemia,0.0001031359320301,0,against,agree_negative,0.9998968640679698,high,0,1,0,CRP|ferritin|serum_iron|TIBC|TSAT|sTfR,INFLAMMATION_NO_ANEMIA
P000347,iron_deficiency,0.0036163026418359,0,supports,conflict_ml_negative_rule_supports,0.64,low,2,1,2,Ret_He|sTfR,IRON_MULTIPLE_SUPPORT
P000347,B12_deficiency,0.0011491589445392,0,unknown,insufficient_clinical_evidence,0.84,moderate,0,0,4,vitamin_B12|MMA|homocysteine,B12_NO_TOTAL_B12
P000347,folate_deficiency,0.9524239984563244,1,supports,agree_positive,0.9524239984563244,high,1,0,0,,FOLATE_LOW
P000347,B6_deficiency,0.0019390565287223,0,unknown,insufficient_clinical_evidence,0.84,moderate,0,0,1,,B6_NO_VALIDATED_RULE
P000347,copper_deficiency,0.000118074655986,0,unknown,insufficient_clinical_evidence,0.84,moderate,0,0,2,copper|ceruloplasmin,COPPER_NO_VALIDATED_RULE
P000347,inflammation_anemia,0.0165349678758495,0,supports,conflict_ml_negative_rule_supports,0.64,low,3,0,1,sTfR,INFLAMMATION_PATTERN_SUPPORT
P000348,iron_deficiency,3.478100905164182e-05,0,against,agree_negative,0.9999652189909484,high,0,3,2,Ret_He|sTfR,IRON_MULTIPLE_AGAINST
P000348,B12_deficiency,0.0071656745939011,0,unknown,insufficient_clinical_evidence,0.84,moderate,0,0,4,vitamin_B12|active_B12|MMA|homocysteine,B12_NO_TOTAL_B12
P000348,folate_deficiency,0.0056413918904378,0,unknown,insufficient_clinical_evidence,0.84,moderate,0,0,1,,FOLATE_BORDERLINE
P000348,B6_deficiency,0.0055488092606023,0,unknown,insufficient_clinical_evidence,0.84,moderate,0,0,1,vitamin_B6,B6_NO_VALIDATED_RULE
P000348,copper_deficiency,0.0029418355524129,0,unknown,insufficient_clinical_evidence,0.84,moderate,0,0,2,copper|ceruloplasmin,COPPER_NO_VALIDATED_RULE
P000348,inflammation_anemia,4.757540138312744e-05,0,against,agree_negative,0.9999524245986169,high,0,1,0,sTfR,INFLAMMATION_NO_ANEMIA
P000349,iron_deficiency,0.9999478880557656,1,supports,agree_positive,0.9999478880557656,high,3,0,2,Ret_He|sTfR,IRON_MULTIPLE_SUPPORT
P000349,B12_deficiency,0.0019734396192686,0,unknown,insufficient_clinical_evidence,0.84,moderate,0,0,4,vitamin_B12|active_B12|MMA,B12_NO_TOTAL_B12
P000349,folate_deficiency,0.0176590404125748,0,unknown,insufficient_clinical_evidence,0.84,moderate,0,0,1,folate,FOLATE_MISSING
P000349,B6_deficiency,0.0055470286324058,0,unknown,insufficient_clinical_evidence,0.84,moderate,0,0,1,vitamin_B6,B6_NO_VALIDATED_RULE
P000349,copper_deficiency,0.000121597231572,0,unknown,insufficient_clinical_evidence,0.84,moderate,0,0,2,copper|ceruloplasmin,COPPER_NO_VALIDATED_RULE
P000349,inflammation_anemia,0.0003847229705805,0,unknown,insufficient_clinical_evidence,0.84,moderate,2,1,1,CRP|sTfR,INFLAMMATION_INCOMPLETE_OR_MIXED
P000350,iron_deficiency,0.998240692982688,1,unknown,insufficient_clinical_evidence,0.84,moderate,1,2,2,ferritin,IRON_INSUFFICIENT_OR_MIXED
P000350,B12_deficiency,0.999912806343262,1,unknown,insufficient_clinical_evidence,0.84,moderate,0,0,4,,B12_TOTAL_NOT_LOW_BUT_NOT_EXCLUSION
P000350,folate_deficiency,0.0013016607593907,0,against,agree_negative,0.9986983392406092,high,0,1,0,,FOLATE_NOT_LOW
P000350,B6_deficiency,0.0009700738801799,0,unknown,insufficient_clinical_evidence,0.84,moderate,0,0,1,vitamin_B6,B6_NO_VALIDATED_RULE
P000350,copper_deficiency,1.806526685423435e-09,0,unknown,insufficient_clinical_evidence,0.84,moderate,0,0,2,copper|ceruloplasmin,COPPER_NO_VALIDATED_RULE
P000350,inflammation_anemia,4.869186913541351e-05,0,unknown,insufficient_clinical_evidence,0.84,moderate,1,1,2,ferritin,INFLAMMATION_INCOMPLETE_OR_MIXED
P000351,iron_deficiency,0.0014977773482249,0,supports,conflict_ml_negative_rule_supports,0.64,low,2,2,1,Ret_He|sTfR,IRON_MULTIPLE_SUPPORT
P000351,B12_deficiency,6.407338916962335e-05,0,unknown,insufficient_clinical_evidence,0.84,moderate,0,0,4,homocysteine,B12_TOTAL_NOT_LOW_BUT_NOT_EXCLUSION
P000351,folate_deficiency,0.0103365378255011,0,unknown,insufficient_clinical_evidence,0.84,moderate,0,0,1,folate,FOLATE_MISSING
P000351,B6_deficiency,0.0331275195703831,0,unknown,insufficient_clinical_evidence,0.84,moderate,0,0,1,vitamin_B6,B6_NO_VALIDATED_RULE
P000351,copper_deficiency,0.0036427898683222,0,unknown,insufficient_clinical_evidence,0.84,moderate,0,0,2,copper|ceruloplasmin,COPPER_NO_VALIDATED_RULE
P000351,inflammation_anemia,0.9999547808283428,1,supports,agree_positive,0.9999547808283428,high,3,0,1,sTfR,INFLAMMATION_PATTERN_SUPPORT
P000352,iron_deficiency,0.0160226008751367,0,unknown,insufficient_clinical_evidence,0.84,moderate,0,0,5,ferritin|TSAT|Ret_He|sTfR,IRON_INSUFFICIENT_OR_MIXED
P000352,B12_deficiency,0.9999669696836178,1,unknown,insufficient_clinical_evidence,0.84,moderate,0,0,4,homocysteine,B12_TOTAL_NOT_LOW_BUT_NOT_EXCLUSION
P000352,folate_deficiency,0.0035139624951045,0,unknown,insufficient_clinical_evidence,0.84,moderate,0,0,1,,FOLATE_BORDERLINE
P000352,B6_deficiency,0.0001602726449381,0,unknown,insufficient_clinical_evidence,0.84,moderate,0,0,1,vitamin_B6,B6_NO_VALIDATED_RULE
P000352,copper_deficiency,0.0001959901330765,0,unknown,insufficient_clinical_evidence,0.84,moderate,0,0,2,copper|ceruloplasmin,COPPER_NO_VALIDATED_RULE
P000352,inflammation_anemia,0.0001350480825773,0,unknown,insufficient_clinical_evidence,0.84,moderate,0,0,4,CRP|ferritin|serum_iron|TIBC|TSAT|sTfR,INFLAMMATION_INCOMPLETE_OR_MIXED
P000353,iron_deficiency,0.0009024021403208,0,supports,conflict_ml_negative_rule_supports,0.64,low,2,1,2,Ret_He|sTfR,IRON_MULTIPLE_SUPPORT
P000353,B12_deficiency,0.0015442962079933,0,unknown,insufficient_clinical_evidence,0.84,moderate,0,0,4,active_B12,B12_TOTAL_NOT_LOW_BUT_NOT_EXCLUSION
P000353,folate_deficiency,0.0595886951870402,0,unknown,insufficient_clinical_evidence,0.84,moderate,0,0,1,,FOLATE_BORDERLINE
P000353,B6_deficiency,0.0083650827667218,0,unknown,insufficient_clinical_evidence,0.84,moderate,0,0,1,vitamin_B6,B6_NO_VALIDATED_RULE
P000353,copper_deficiency,0.0012520648129777,0,unknown,insufficient_clinical_evidence,0.84,moderate,0,0,2,ceruloplasmin,COPPER_NO_VALIDATED_RULE
P000353,inflammation_anemia,0.6903324395612517,1,supports,agree_positive,0.6903324395612517,moderate,3,0,1,sTfR,INFLAMMATION_PATTERN_SUPPORT
P000354,iron_deficiency,0.9999970697402418,1,supports,agree_positive,0.9999970697402418,high,4,0,1,Ret_He|sTfR,IRON_MULTIPLE_SUPPORT
P000354,B12_deficiency,0.0003000758393994,0,unknown,insufficient_clinical_evidence,0.84,moderate,0,0,4,vitamin_B12|active_B12|homocysteine,B12_NO_TOTAL_B12
P000354,folate_deficiency,0.0083500914373062,0,unknown,insufficient_clinical_evidence,0.84,moderate,0,0,1,folate,FOLATE_MISSING
P000354,B6_deficiency,0.0043887316170047,0,unknown,insufficient_clinical_evidence,0.84,moderate,0,0,1,vitamin_B6,B6_NO_VALIDATED_RULE
P000354,copper_deficiency,0.004815168854278,0,unknown,insufficient_clinical_evidence,0.84,moderate,0,0,2,copper|ceruloplasmin,COPPER_NO_VALIDATED_RULE
P000354,inflammation_anemia,7.822485340957904e-05,0,against,agree_negative,0.9999217751465904,high,0,1,0,sTfR,INFLAMMATION_NO_ANEMIA
P000355,iron_deficiency,2.372915726913408e-05,0,against,agree_negative,0.9999762708427309,high,0,3,2,ferritin,IRON_MULTIPLE_AGAINST
P000355,B12_deficiency,0.5319019338226874,1,unknown,insufficient_clinical_evidence,0.5319019338226874,low,0,0,4,vitamin_B12|active_B12|MMA,B12_NO_TOTAL_B12
P000355,folate_deficiency,0.5111709857667008,1,unknown,insufficient_clinical_evidence,0.5111709857667008,low,0,0,1,folate,FOLATE_MISSING
P000355,B6_deficiency,0.0115617779291036,0,unknown,insufficient_clinical_evidence,0.84,moderate,0,0,1,vitamin_B6,B6_NO_VALIDATED_RULE
P000355,copper_deficiency,0.0003944652661665,0,unknown,insufficient_clinical_evidence,0.84,moderate,0,0,2,copper|ceruloplasmin,COPPER_NO_VALIDATED_RULE
P000355,inflammation_anemia,8.085837457954925e-05,0,unknown,insufficient_clinical_evidence,0.84,moderate,1,1,2,ferritin,INFLAMMATION_INCOMPLETE_OR_MIXED
P000356,iron_deficiency,0.0001954990399722,0,unknown,insufficient_clinical_evidence,0.84,moderate,0,1,4,TSAT|Ret_He,IRON_INSUFFICIENT_OR_MIXED
P000356,B12_deficiency,0.0029455631024665,0,unknown,insufficient_clinical_evidence,0.84,moderate,0,0,4,vitamin_B12|active_B12|MMA|homocysteine,B12_NO_TOTAL_B12
P000356,folate_deficiency,0.0118622607238004,0,unknown,insufficient_clinical_evidence,0.84,moderate,0,0,1,,FOLATE_BORDERLINE
P000356,B6_deficiency,0.0013584597866656,0,unknown,insufficient_clinical_evidence,0.84,moderate,0,0,1,vitamin_B6,B6_NO_VALIDATED_RULE
P000356,copper_deficiency,0.3728236687065416,1,unknown,insufficient_clinical_evidence,0.3728236687065416,low,0,0,2,,COPPER_NO_VALIDATED_RULE
P000356,inflammation_anemia,2.9734906414910075e-05,0,against,agree_negative,0.9999702650935851,high,0,1,0,serum_iron|TIBC|TSAT,INFLAMMATION_NO_ANEMIA
P000357,iron_deficiency,0.0004709796114158,0,unknown,insufficient_clinical_evidence,0.84,moderate,0,1,4,TSAT|Ret_He|sTfR,IRON_INSUFFICIENT_OR_MIXED
P000357,B12_deficiency,0.0002412313291887,0,unknown,insufficient_clinical_evidence,0.84,moderate,0,0,4,vitamin_B12|active_B12|MMA,B12_NO_TOTAL_B12
P000357,folate_deficiency,0.0199105940560866,0,unknown,insufficient_clinical_evidence,0.84,moderate,0,0,1,folate,FOLATE_MISSING
P000357,B6_deficiency,0.0025975247721657,0,unknown,insufficient_clinical_evidence,0.84,moderate,0,0,1,vitamin_B6,B6_NO_VALIDATED_RULE
P000357,copper_deficiency,0.0019740060126439,0,unknown,insufficient_clinical_evidence,0.84,moderate,0,0,2,copper|ceruloplasmin,COPPER_NO_VALIDATED_RULE
P000357,inflammation_anemia,0.0024669124361946,0,against,agree_negative,0.9975330875638054,high,0,1,0,CRP|serum_iron|TIBC|TSAT|sTfR,INFLAMMATION_NO_ANEMIA
P000358,iron_deficiency,0.0004225852760723,0,against,agree_negative,0.9995774147239277,high,0,2,3,ferritin|Ret_He|sTfR,IRON_MULTIPLE_AGAINST
P000358,B12_deficiency,0.000143938908877,0,unknown,insufficient_clinical_evidence,0.84,moderate,0,0,4,,B12_TOTAL_NOT_LOW_BUT_NOT_EXCLUSION
P000358,folate_deficiency,0.0009083790792829,0,unknown,insufficient_clinical_evidence,0.84,moderate,0,0,1,,FOLATE_BORDERLINE
P000358,B6_deficiency,0.9957063535531808,1,unknown,insufficient_clinical_evidence,0.84,moderate,0,0,1,,B6_NO_VALIDATED_RULE
P000358,copper_deficiency,0.0033211012646621,0,unknown,insufficient_clinical_evidence,0.84,moderate,0,0,2,copper|ceruloplasmin,COPPER_NO_VALIDATED_RULE
P000358,inflammation_anemia,0.0018173067976919,0,unknown,insufficient_clinical_evidence,0.84,moderate,1,1,2,CRP|ferritin|sTfR,INFLAMMATION_INCOMPLETE_OR_MIXED
P000359,iron_deficiency,0.0001904073308934,0,unknown,insufficient_clinical_evidence,0.84,moderate,0,1,4,TSAT|Ret_He|sTfR,IRON_INSUFFICIENT_OR_MIXED
P000359,B12_deficiency,0.0001609760879755,0,unknown,insufficient_clinical_evidence,0.84,moderate,0,0,4,active_B12|MMA|homocysteine,B12_TOTAL_NOT_LOW_BUT_NOT_EXCLUSION
P000359,folate_deficiency,0.0023848380879543,0,unknown,insufficient_clinical_evidence,0.84,moderate,0,0,1,folate,FOLATE_MISSING
P000359,B6_deficiency,0.0023714385467846,0,unknown,insufficient_clinical_evidence,0.84,moderate,0,0,1,vitamin_B6,B6_NO_VALIDATED_RULE
P000359,copper_deficiency,0.0024456125796843,0,unknown,insufficient_clinical_evidence,0.84,moderate,0,0,2,copper|ceruloplasmin,COPPER_NO_VALIDATED_RULE
P000359,inflammation_anemia,0.0014980956625167,0,unknown,insufficient_clinical_evidence,0.84,moderate,1,0,3,CRP|serum_iron|TIBC|TSAT|sTfR,INFLAMMATION_INCOMPLETE_OR_MIXED
P000360,iron_deficiency,0.1396015706633219,0,unknown,insufficient_clinical_evidence,0.84,moderate,0,0,5,ferritin|TSAT|Ret_He|sTfR,IRON_INSUFFICIENT_OR_MIXED
P000360,B12_deficiency,0.0011712835520303,0,unknown,insufficient_clinical_evidence,0.84,moderate,0,0,4,MMA,B12_TOTAL_NOT_LOW_BUT_NOT_EXCLUSION
P000360,folate_deficiency,0.632557424030709,1,unknown,insufficient_clinical_evidence,0.632557424030709,low,0,0,1,,FOLATE_BORDERLINE
P000360,B6_deficiency,0.000369460425154,0,unknown,insufficient_clinical_evidence,0.84,moderate,0,0,1,vitamin_B6,B6_NO_VALIDATED_RULE
P000360,copper_deficiency,0.0002749076090126,0,unknown,insufficient_clinical_evidence,0.84,moderate,0,0,2,copper|ceruloplasmin,COPPER_NO_VALIDATED_RULE
P000360,inflammation_anemia,0.0007564718198717,0,unknown,insufficient_clinical_evidence,0.84,moderate,0,0,4,CRP|ferritin|serum_iron|TIBC|TSAT|sTfR,INFLAMMATION_INCOMPLETE_OR_MIXED
P000361,iron_deficiency,0.0007026442789505,0,unknown,insufficient_clinical_evidence,0.84,moderate,0,0,5,ferritin|TSAT|Ret_He|sTfR,IRON_INSUFFICIENT_OR_MIXED
P000361,B12_deficiency,0.0005659811106097,0,unknown,insufficient_clinical_evidence,0.84,moderate,0,0,4,vitamin_B12|MMA|homocysteine,B12_NO_TOTAL_B12
P000361,folate_deficiency,0.9806080205613604,1,supports,agree_positive,0.9806080205613604,high,1,0,0,,FOLATE_LOW
P000361,B6_deficiency,0.0008275657485654,0,unknown,insufficient_clinical_evidence,0.84,moderate,0,0,1,vitamin_B6,B6_NO_VALIDATED_RULE
P000361,copper_deficiency,0.0071023489870892,0,unknown,insufficient_clinical_evidence,0.84,moderate,0,0,2,copper|ceruloplasmin,COPPER_NO_VALIDATED_RULE
P000361,inflammation_anemia,0.0002112181914961,0,against,agree_negative,0.999788781808504,high,0,1,0,ferritin|serum_iron|TIBC|TSAT|sTfR,INFLAMMATION_NO_ANEMIA
P000362,iron_deficiency,0.0149898570028066,0,against,agree_negative,0.9850101429971934,high,0,3,2,Ret_He,IRON_MULTIPLE_AGAINST
P000362,B12_deficiency,0.0009879822011203,0,unknown,insufficient_clinical_evidence,0.84,moderate,0,0,4,active_B12|homocysteine,B12_TOTAL_NOT_LOW_BUT_NOT_EXCLUSION
P000362,folate_deficiency,0.0192553810726637,0,unknown,insufficient_clinical_evidence,0.84,moderate,0,0,1,folate,FOLATE_MISSING
P000362,B6_deficiency,0.0487625661490724,0,unknown,insufficient_clinical_evidence,0.84,moderate,0,0,1,vitamin_B6,B6_NO_VALIDATED_RULE
P000362,copper_deficiency,0.8883378778624827,1,unknown,insufficient_clinical_evidence,0.84,moderate,0,0,2,,COPPER_NO_VALIDATED_RULE
P000362,inflammation_anemia,8.23060491575132e-06,0,unknown,insufficient_clinical_evidence,0.84,moderate,2,1,1,,INFLAMMATION_INCOMPLETE_OR_MIXED
P000363,iron_deficiency,0.0001861051083177,0,unknown,insufficient_clinical_evidence,0.84,moderate,1,1,3,TSAT,IRON_INSUFFICIENT_OR_MIXED
P000363,B12_deficiency,0.0006261818016325,0,unknown,insufficient_clinical_evidence,0.84,moderate,0,0,4,vitamin_B12|active_B12|MMA,B12_NO_TOTAL_B12
P000363,folate_deficiency,0.004036795090192,0,unknown,insufficient_clinical_evidence,0.84,moderate,0,0,1,folate,FOLATE_MISSING
P000363,B6_deficiency,0.0044537020068376,0,unknown,insufficient_clinical_evidence,0.84,moderate,0,0,1,vitamin_B6,B6_NO_VALIDATED_RULE
P000363,copper_deficiency,0.0011999421498494,0,unknown,insufficient_clinical_evidence,0.84,moderate,0,0,2,copper|ceruloplasmin,COPPER_NO_VALIDATED_RULE
P000363,inflammation_anemia,0.999771665274137,1,unknown,insufficient_clinical_evidence,0.84,moderate,1,0,3,serum_iron|TIBC|TSAT,INFLAMMATION_INCOMPLETE_OR_MIXED
P000364,iron_deficiency,0.0002109693107442,0,against,agree_negative,0.9997890306892558,high,0,2,3,ferritin|Ret_He|sTfR,IRON_MULTIPLE_AGAINST
P000364,B12_deficiency,0.0002384623643158,0,unknown,insufficient_clinical_evidence,0.84,moderate,0,0,4,vitamin_B12|active_B12,B12_NO_TOTAL_B12
P000364,folate_deficiency,0.0039722578782479,0,unknown,insufficient_clinical_evidence,0.84,moderate,0,0,1,folate,FOLATE_MISSING
P000364,B6_deficiency,0.0246633507557104,0,unknown,insufficient_clinical_evidence,0.84,moderate,0,0,1,vitamin_B6,B6_NO_VALIDATED_RULE
P000364,copper_deficiency,0.1772702212639612,1,unknown,insufficient_clinical_evidence,0.1772702212639612,low,0,0,2,ceruloplasmin,COPPER_NO_VALIDATED_RULE
P000364,inflammation_anemia,0.0623717324202739,0,unknown,insufficient_clinical_evidence,0.84,moderate,1,1,2,ferritin|sTfR,INFLAMMATION_INCOMPLETE_OR_MIXED
P000365,iron_deficiency,0.9130250108872956,1,unknown,insufficient_clinical_evidence,0.84,moderate,0,0,5,ferritin|TSAT|Ret_He|sTfR,IRON_INSUFFICIENT_OR_MIXED
P000365,B12_deficiency,0.0005190885828063,0,unknown,insufficient_clinical_evidence,0.84,moderate,0,0,4,active_B12|MMA|homocysteine,B12_TOTAL_NOT_LOW_BUT_NOT_EXCLUSION
P000365,folate_deficiency,0.9373835763089984,1,supports,agree_positive,0.9373835763089984,high,1,0,0,,FOLATE_LOW
P000365,B6_deficiency,0.0120932294457787,0,unknown,insufficient_clinical_evidence,0.84,moderate,0,0,1,vitamin_B6,B6_NO_VALIDATED_RULE
P000365,copper_deficiency,0.0004114189274047,0,unknown,insufficient_clinical_evidence,0.84,moderate,0,0,2,ceruloplasmin,COPPER_NO_VALIDATED_RULE
P000365,inflammation_anemia,0.0004899353497781,0,unknown,insufficient_clinical_evidence,0.84,moderate,0,0,4,ferritin|serum_iron|TIBC|TSAT|sTfR,INFLAMMATION_INCOMPLETE_OR_MIXED
P000366,iron_deficiency,0.0112322595288272,0,against,agree_negative,0.9887677404711728,high,0,2,3,ferritin|Ret_He|sTfR,IRON_MULTIPLE_AGAINST
P000366,B12_deficiency,0.0003259048081428,0,unknown,insufficient_clinical_evidence,0.84,moderate,0,0,4,vitamin_B12|active_B12|MMA|homocysteine,B12_NO_TOTAL_B12
P000366,folate_deficiency,0.0055541934950588,0,unknown,insufficient_clinical_evidence,0.84,moderate,0,0,1,folate,FOLATE_MISSING
P000366,B6_deficiency,0.0790119328307503,0,unknown,insufficient_clinical_evidence,0.84,moderate,0,0,1,vitamin_B6,B6_NO_VALIDATED_RULE
P000366,copper_deficiency,0.0047700961523553,0,unknown,insufficient_clinical_evidence,0.84,moderate,0,0,2,copper|ceruloplasmin,COPPER_NO_VALIDATED_RULE
P000366,inflammation_anemia,4.663861258629453e-05,0,against,agree_negative,0.9999533613874138,high,0,1,0,CRP|ferritin|sTfR,INFLAMMATION_NO_ANEMIA
P000367,iron_deficiency,0.0004021626455547,0,against,agree_negative,0.9995978373544453,high,0,3,2,ferritin,IRON_MULTIPLE_AGAINST
P000367,B12_deficiency,0.9998448644218464,1,unknown,insufficient_clinical_evidence,0.84,moderate,0,0,4,,B12_TOTAL_NOT_LOW_BUT_NOT_EXCLUSION
P000367,folate_deficiency,0.0022002266755316,0,against,agree_negative,0.9977997733244685,high,0,1,0,,FOLATE_NOT_LOW
P000367,B6_deficiency,0.0027140286173734,0,unknown,insufficient_clinical_evidence,0.84,moderate,0,0,1,vitamin_B6,B6_NO_VALIDATED_RULE
P000367,copper_deficiency,0.0003858881916362,0,unknown,insufficient_clinical_evidence,0.84,moderate,0,0,2,copper|ceruloplasmin,COPPER_NO_VALIDATED_RULE
P000367,inflammation_anemia,1.253404107127635e-05,0,unknown,insufficient_clinical_evidence,0.84,moderate,1,1,2,CRP|ferritin,INFLAMMATION_INCOMPLETE_OR_MIXED
P000368,iron_deficiency,5.9890782804071135e-05,0,against,agree_negative,0.9999401092171959,high,0,2,3,TSAT|sTfR,IRON_MULTIPLE_AGAINST
P000368,B12_deficiency,0.0023379996645983,0,unknown,insufficient_clinical_evidence,0.84,moderate,0,0,4,MMA|homocysteine,B12_TOTAL_NOT_LOW_BUT_NOT_EXCLUSION
P000368,folate_deficiency,0.0044919444518958,0,unknown,insufficient_clinical_evidence,0.84,moderate,0,0,1,,FOLATE_BORDERLINE
P000368,B6_deficiency,0.0147398437105225,0,unknown,insufficient_clinical_evidence,0.84,moderate,0,0,1,vitamin_B6,B6_NO_VALIDATED_RULE
P000368,copper_deficiency,0.0016896279018268,0,unknown,insufficient_clinical_evidence,0.84,moderate,0,0,2,copper|ceruloplasmin,COPPER_NO_VALIDATED_RULE
P000368,inflammation_anemia,0.0001786530735536,0,against,agree_negative,0.9998213469264464,high,0,1,0,serum_iron|TIBC|TSAT|sTfR,INFLAMMATION_NO_ANEMIA
P000369,iron_deficiency,0.0026653177085704,0,against,agree_negative,0.9973346822914296,high,0,2,3,Ret_He,IRON_MULTIPLE_AGAINST
P000369,B12_deficiency,0.0001266710763535,0,unknown,insufficient_clinical_evidence,0.84,moderate,0,0,4,active_B12|homocysteine,B12_TOTAL_NOT_LOW_BUT_NOT_EXCLUSION
P000369,folate_deficiency,0.9445253550851912,1,supports,agree_positive,0.9445253550851912,high,1,0,0,,FOLATE_LOW
P000369,B6_deficiency,0.0098680379166734,0,unknown,insufficient_clinical_evidence,0.84,moderate,0,0,1,vitamin_B6,B6_NO_VALIDATED_RULE
P000369,copper_deficiency,0.0035527947253214,0,unknown,insufficient_clinical_evidence,0.84,moderate,0,0,2,copper|ceruloplasmin,COPPER_NO_VALIDATED_RULE
P000369,inflammation_anemia,0.0001039875892753,0,unknown,insufficient_clinical_evidence,0.84,moderate,2,1,1,,INFLAMMATION_INCOMPLETE_OR_MIXED
P000370,iron_deficiency,0.9999563344150562,1,supports,agree_positive,0.9999563344150562,high,3,0,2,Ret_He|sTfR,IRON_MULTIPLE_SUPPORT
P000370,B12_deficiency,0.0002034281297256,0,unknown,insufficient_clinical_evidence,0.84,moderate,0,0,4,active_B12|MMA,B12_TOTAL_NOT_LOW_BUT_NOT_EXCLUSION
P000370,folate_deficiency,0.0017227040097343,0,against,agree_negative,0.9982772959902657,high,0,1,0,,FOLATE_NOT_LOW
P000370,B6_deficiency,0.0155500773744876,0,unknown,insufficient_clinical_evidence,0.84,moderate,0,0,1,vitamin_B6,B6_NO_VALIDATED_RULE
P000370,copper_deficiency,0.0017951716621663,0,unknown,insufficient_clinical_evidence,0.84,moderate,0,0,2,copper,COPPER_NO_VALIDATED_RULE
P000370,inflammation_anemia,0.0018341207985015,0,unknown,insufficient_clinical_evidence,0.84,moderate,2,1,1,sTfR,INFLAMMATION_INCOMPLETE_OR_MIXED
P000371,iron_deficiency,0.0001911985574303,0,against,agree_negative,0.9998088014425697,high,0,3,2,ferritin|sTfR,IRON_MULTIPLE_AGAINST
P000371,B12_deficiency,0.999783382301164,1,supports,agree_positive,0.999783382301164,high,1,0,3,MMA|homocysteine,B12_LOW_TOTAL
P000371,folate_deficiency,0.2289947467524742,0,unknown,insufficient_clinical_evidence,0.7710052532475258,moderate,0,0,1,folate,FOLATE_MISSING
P000371,B6_deficiency,0.0008066639954013,0,unknown,insufficient_clinical_evidence,0.84,moderate,0,0,1,,B6_NO_VALIDATED_RULE
P000371,copper_deficiency,0.0007646130045924,0,unknown,insufficient_clinical_evidence,0.84,moderate,0,0,2,copper|ceruloplasmin,COPPER_NO_VALIDATED_RULE
P000371,inflammation_anemia,4.518145457780231e-05,0,unknown,insufficient_clinical_evidence,0.84,moderate,1,1,2,CRP|ferritin|sTfR,INFLAMMATION_INCOMPLETE_OR_MIXED
P000372,iron_deficiency,0.1135827940652242,0,unknown,insufficient_clinical_evidence,0.84,moderate,0,1,4,TSAT|Ret_He|sTfR,IRON_INSUFFICIENT_OR_MIXED
P000372,B12_deficiency,0.999928518381922,1,unknown,insufficient_clinical_evidence,0.84,moderate,0,0,4,active_B12,B12_TOTAL_NOT_LOW_BUT_NOT_EXCLUSION
P000372,folate_deficiency,0.0940667335566366,0,unknown,insufficient_clinical_evidence,0.84,moderate,0,0,1,,FOLATE_BORDERLINE
P000372,B6_deficiency,0.0001240638052775,0,unknown,insufficient_clinical_evidence,0.84,moderate,0,0,1,vitamin_B6,B6_NO_VALIDATED_RULE
P000372,copper_deficiency,0.0069592290668535,0,unknown,insufficient_clinical_evidence,0.84,moderate,0,0,2,copper|ceruloplasmin,COPPER_NO_VALIDATED_RULE
P000372,inflammation_anemia,8.55506104855669e-05,0,unknown,insufficient_clinical_evidence,0.84,moderate,1,0,3,serum_iron|TIBC|TSAT|sTfR,INFLAMMATION_INCOMPLETE_OR_MIXED
P000373,iron_deficiency,0.9999503859257172,1,supports,agree_positive,0.9999503859257172,high,4,0,1,Ret_He|sTfR,IRON_MULTIPLE_SUPPORT
P000373,B12_deficiency,0.000529660028601,0,unknown,insufficient_clinical_evidence,0.84,moderate,0,0,4,active_B12|MMA,B12_TOTAL_NOT_LOW_BUT_NOT_EXCLUSION
P000373,folate_deficiency,0.9806557564658444,1,supports,agree_positive,0.9806557564658444,high,1,0,0,,FOLATE_LOW
P000373,B6_deficiency,0.0053159623410282,0,unknown,insufficient_clinical_evidence,0.84,moderate,0,0,1,,B6_NO_VALIDATED_RULE
P000373,copper_deficiency,0.005861322051112,0,unknown,insufficient_clinical_evidence,0.84,moderate,0,0,2,,COPPER_NO_VALIDATED_RULE
P000373,inflammation_anemia,4.264984656249953e-05,0,unknown,insufficient_clinical_evidence,0.84,moderate,1,2,1,sTfR,INFLAMMATION_INCOMPLETE_OR_MIXED
P000374,iron_deficiency,0.176528586131883,0,unknown,insufficient_clinical_evidence,0.823471413868117,moderate,0,0,5,ferritin|TSAT|Ret_He|sTfR,IRON_INSUFFICIENT_OR_MIXED
P000374,B12_deficiency,0.0001893830791743,0,unknown,insufficient_clinical_evidence,0.84,moderate,0,0,4,vitamin_B12|active_B12|MMA,B12_NO_TOTAL_B12
P000374,folate_deficiency,0.0054470335017695,0,unknown,insufficient_clinical_evidence,0.84,moderate,0,0,1,folate,FOLATE_MISSING
P000374,B6_deficiency,0.9723508406444265,1,unknown,insufficient_clinical_evidence,0.84,moderate,0,0,1,,B6_NO_VALIDATED_RULE
P000374,copper_deficiency,0.0009410079545148,0,unknown,insufficient_clinical_evidence,0.84,moderate,0,0,2,copper|ceruloplasmin,COPPER_NO_VALIDATED_RULE
P000374,inflammation_anemia,0.0001452701631165,0,against,agree_negative,0.9998547298368835,high,0,1,0,CRP|ferritin|serum_iron|TIBC|TSAT|sTfR,INFLAMMATION_NO_ANEMIA
P000375,iron_deficiency,0.0014851891309358,0,supports,conflict_ml_negative_rule_supports,0.64,low,2,1,2,Ret_He|sTfR,IRON_MULTIPLE_SUPPORT
P000375,B12_deficiency,0.0002325303545675,0,unknown,insufficient_clinical_evidence,0.84,moderate,0,0,4,active_B12|MMA|homocysteine,B12_TOTAL_NOT_LOW_BUT_NOT_EXCLUSION
P000375,folate_deficiency,0.0161111198642799,0,unknown,insufficient_clinical_evidence,0.84,moderate,0,0,1,folate,FOLATE_MISSING
P000375,B6_deficiency,0.0092930606121993,0,unknown,insufficient_clinical_evidence,0.84,moderate,0,0,1,vitamin_B6,B6_NO_VALIDATED_RULE
P000375,copper_deficiency,0.0160392819602188,0,unknown,insufficient_clinical_evidence,0.84,moderate,0,0,2,copper,COPPER_NO_VALIDATED_RULE
P000375,inflammation_anemia,0.9999433879134187,1,supports,agree_positive,0.9999433879134187,high,3,0,1,sTfR,INFLAMMATION_PATTERN_SUPPORT
P000376,iron_deficiency,0.1182244103291036,0,unknown,insufficient_clinical_evidence,0.84,moderate,0,0,5,ferritin|TSAT|Ret_He,IRON_INSUFFICIENT_OR_MIXED
P000376,B12_deficiency,0.0029855909836274,0,unknown,insufficient_clinical_evidence,0.84,moderate,0,0,4,vitamin_B12|active_B12|MMA,B12_NO_TOTAL_B12
P000376,folate_deficiency,0.0026060636764362,0,against,agree_negative,0.9973939363235638,high,0,1,0,,FOLATE_NOT_LOW
P000376,B6_deficiency,0.0024427562905717,0,unknown,insufficient_clinical_evidence,0.84,moderate,0,0,1,,B6_NO_VALIDATED_RULE
P000376,copper_deficiency,0.0051192266889609,0,unknown,insufficient_clinical_evidence,0.84,moderate,0,0,2,ceruloplasmin,COPPER_NO_VALIDATED_RULE
P000376,inflammation_anemia,0.010225355087847,0,unknown,insufficient_clinical_evidence,0.84,moderate,0,0,4,ferritin|serum_iron|TIBC|TSAT,INFLAMMATION_INCOMPLETE_OR_MIXED
P000377,iron_deficiency,4.816785557882196e-05,0,unknown,insufficient_clinical_evidence,0.84,moderate,0,0,5,ferritin|TSAT|Ret_He,IRON_INSUFFICIENT_OR_MIXED
P000377,B12_deficiency,0.9998391248137466,1,supports,agree_positive,0.9998391248137466,high,1,0,3,active_B12|homocysteine,B12_LOW_TOTAL
P000377,folate_deficiency,0.297223416825823,0,unknown,insufficient_clinical_evidence,0.702776583174177,moderate,0,0,1,,FOLATE_BORDERLINE
P000377,B6_deficiency,0.0075202652971155,0,unknown,insufficient_clinical_evidence,0.84,moderate,0,0,1,vitamin_B6,B6_NO_VALIDATED_RULE
P000377,copper_deficiency,0.0063771171439753,0,unknown,insufficient_clinical_evidence,0.84,moderate,0,0,2,copper|ceruloplasmin,COPPER_NO_VALIDATED_RULE
P000377,inflammation_anemia,0.0001389731948299,0,unknown,insufficient_clinical_evidence,0.84,moderate,0,0,4,ferritin|serum_iron|TIBC|TSAT,INFLAMMATION_INCOMPLETE_OR_MIXED
P000378,iron_deficiency,0.0047455916912749,0,supports,conflict_ml_negative_rule_supports,0.64,low,2,1,2,ferritin|Ret_He,IRON_MULTIPLE_SUPPORT
P000378,B12_deficiency,0.0007690361176387,0,unknown,insufficient_clinical_evidence,0.84,moderate,0,0,4,vitamin_B12|active_B12|MMA|homocysteine,B12_NO_TOTAL_B12
P000378,folate_deficiency,0.008253679539933,0,unknown,insufficient_clinical_evidence,0.84,moderate,0,0,1,folate,FOLATE_MISSING
P000378,B6_deficiency,0.0130780940968413,0,unknown,insufficient_clinical_evidence,0.84,moderate,0,0,1,vitamin_B6,B6_NO_VALIDATED_RULE
P000378,copper_deficiency,0.0009516070037898,0,unknown,insufficient_clinical_evidence,0.84,moderate,0,0,2,ceruloplasmin,COPPER_NO_VALIDATED_RULE
P000378,inflammation_anemia,0.9999753255501278,1,supports,agree_positive,0.9999753255501278,high,2,0,2,ferritin,INFLAMMATION_PATTERN_SUPPORT
P000379,iron_deficiency,0.000472081790384,0,supports,conflict_ml_negative_rule_supports,0.64,low,2,1,2,Ret_He|sTfR,IRON_MULTIPLE_SUPPORT
P000379,B12_deficiency,0.0046506227432109,0,unknown,insufficient_clinical_evidence,0.84,moderate,0,0,4,vitamin_B12|active_B12|MMA|homocysteine,B12_NO_TOTAL_B12
P000379,folate_deficiency,0.0052103514806914,0,unknown,insufficient_clinical_evidence,0.84,moderate,0,0,1,folate,FOLATE_MISSING
P000379,B6_deficiency,0.0024411572485366,0,unknown,insufficient_clinical_evidence,0.84,moderate,0,0,1,vitamin_B6,B6_NO_VALIDATED_RULE
P000379,copper_deficiency,0.0046076675425348,0,unknown,insufficient_clinical_evidence,0.84,moderate,0,0,2,copper|ceruloplasmin,COPPER_NO_VALIDATED_RULE
P000379,inflammation_anemia,0.9999669705739748,1,supports,agree_positive,0.9999669705739748,high,3,0,1,sTfR,INFLAMMATION_PATTERN_SUPPORT
P000380,iron_deficiency,6.044618669737704e-05,0,against,agree_negative,0.9999395538133026,high,0,3,2,Ret_He|sTfR,IRON_MULTIPLE_AGAINST
P000380,B12_deficiency,0.9997737984794932,1,unknown,insufficient_clinical_evidence,0.84,moderate,0,0,4,active_B12,B12_TOTAL_NOT_LOW_BUT_NOT_EXCLUSION
P000380,folate_deficiency,0.0014359623193084,0,against,agree_negative,0.9985640376806916,high,0,1,0,,FOLATE_NOT_LOW
P000380,B6_deficiency,0.0373249211465126,0,unknown,insufficient_clinical_evidence,0.84,moderate,0,0,1,vitamin_B6,B6_NO_VALIDATED_RULE
P000380,copper_deficiency,0.0001378542346334,0,unknown,insufficient_clinical_evidence,0.84,moderate,0,0,2,copper|ceruloplasmin,COPPER_NO_VALIDATED_RULE
P000380,inflammation_anemia,0.239998804262866,1,against,conflict_ml_positive_rule_against,0.239998804262866,low,0,1,0,CRP|sTfR,INFLAMMATION_NO_ANEMIA
P000381,iron_deficiency,0.0003803346622308,0,unknown,insufficient_clinical_evidence,0.84,moderate,1,3,1,sTfR,IRON_INSUFFICIENT_OR_MIXED
P000381,B12_deficiency,0.0439829914982985,0,unknown,insufficient_clinical_evidence,0.84,moderate,0,0,4,vitamin_B12|active_B12|MMA,B12_NO_TOTAL_B12
P000381,folate_deficiency,0.8098298935020711,1,unknown,insufficient_clinical_evidence,0.8098298935020711,moderate,0,0,1,,FOLATE_BORDERLINE
P000381,B6_deficiency,0.0016270958143341,0,unknown,insufficient_clinical_evidence,0.84,moderate,0,0,1,vitamin_B6,B6_NO_VALIDATED_RULE
P000381,copper_deficiency,6.168430815798433e-05,0,unknown,insufficient_clinical_evidence,0.84,moderate,0,0,2,copper|ceruloplasmin,COPPER_NO_VALIDATED_RULE
P000381,inflammation_anemia,0.0013373666065405,0,unknown,insufficient_clinical_evidence,0.84,moderate,2,1,1,CRP|sTfR,INFLAMMATION_INCOMPLETE_OR_MIXED
P000382,iron_deficiency,0.999104872930634,1,supports,agree_positive,0.999104872930634,high,3,0,2,ferritin,IRON_MULTIPLE_SUPPORT
P000382,B12_deficiency,0.0046152707253118,0,unknown,insufficient_clinical_evidence,0.84,moderate,0,0,4,vitamin_B12|active_B12|MMA,B12_NO_TOTAL_B12
P000382,folate_deficiency,0.004764687198025,0,unknown,insufficient_clinical_evidence,0.84,moderate,0,0,1,folate,FOLATE_MISSING
P000382,B6_deficiency,0.0164376389410111,0,unknown,insufficient_clinical_evidence,0.84,moderate,0,0,1,vitamin_B6,B6_NO_VALIDATED_RULE
P000382,copper_deficiency,0.0003332453799543,0,unknown,insufficient_clinical_evidence,0.84,moderate,0,0,2,ceruloplasmin,COPPER_NO_VALIDATED_RULE
P000382,inflammation_anemia,0.0010852746821488,0,supports,conflict_ml_negative_rule_supports,0.64,low,2,0,2,CRP|ferritin,INFLAMMATION_PATTERN_SUPPORT
P000383,iron_deficiency,0.0001535769044074,0,unknown,insufficient_clinical_evidence,0.84,moderate,1,1,3,TSAT|sTfR,IRON_INSUFFICIENT_OR_MIXED
P000383,B12_deficiency,0.0007778492022633,0,unknown,insufficient_clinical_evidence,0.84,moderate,0,0,4,active_B12|MMA|homocysteine,B12_TOTAL_NOT_LOW_BUT_NOT_EXCLUSION
P000383,folate_deficiency,0.1553135613715944,0,unknown,insufficient_clinical_evidence,0.84,moderate,0,0,1,folate,FOLATE_MISSING
P000383,B6_deficiency,0.1525582431637116,0,unknown,insufficient_clinical_evidence,0.84,moderate,0,0,1,,B6_NO_VALIDATED_RULE
P000383,copper_deficiency,0.6995565172006725,1,unknown,insufficient_clinical_evidence,0.6995565172006725,moderate,0,0,2,ceruloplasmin,COPPER_NO_VALIDATED_RULE
P000383,inflammation_anemia,0.0001790142425903,0,unknown,insufficient_clinical_evidence,0.84,moderate,1,0,3,serum_iron|TIBC|TSAT|sTfR,INFLAMMATION_INCOMPLETE_OR_MIXED
P000384,iron_deficiency,0.993110614579889,1,supports,agree_positive,0.993110614579889,high,2,0,3,TSAT|sTfR,IRON_MULTIPLE_SUPPORT
P000384,B12_deficiency,0.0003000335002012,0,unknown,insufficient_clinical_evidence,0.84,moderate,0,0,4,active_B12|homocysteine,B12_TOTAL_NOT_LOW_BUT_NOT_EXCLUSION
P000384,folate_deficiency,0.0010512706282446,0,against,agree_negative,0.9989487293717554,high,0,1,0,,FOLATE_NOT_LOW
P000384,B6_deficiency,0.0068208007202888,0,unknown,insufficient_clinical_evidence,0.84,moderate,0,0,1,vitamin_B6,B6_NO_VALIDATED_RULE
P000384,copper_deficiency,0.0039368266786303,0,unknown,insufficient_clinical_evidence,0.84,moderate,0,0,2,ceruloplasmin,COPPER_NO_VALIDATED_RULE
P000384,inflammation_anemia,0.0030995276452491,0,unknown,insufficient_clinical_evidence,0.84,moderate,0,1,3,serum_iron|TIBC|TSAT|sTfR,INFLAMMATION_INCOMPLETE_OR_MIXED
P000385,iron_deficiency,0.1361605742155081,0,supports,conflict_ml_negative_rule_supports,0.64,low,2,1,2,Ret_He|sTfR,IRON_MULTIPLE_SUPPORT
P000385,B12_deficiency,0.0002240705207554,0,unknown,insufficient_clinical_evidence,0.84,moderate,0,0,4,active_B12|MMA|homocysteine,B12_TOTAL_NOT_LOW_BUT_NOT_EXCLUSION
P000385,folate_deficiency,0.0234590944337621,0,unknown,insufficient_clinical_evidence,0.84,moderate,0,0,1,folate,FOLATE_MISSING
P000385,B6_deficiency,0.0283337515512565,0,unknown,insufficient_clinical_evidence,0.84,moderate,0,0,1,vitamin_B6,B6_NO_VALIDATED_RULE
P000385,copper_deficiency,0.0004914400177728,0,unknown,insufficient_clinical_evidence,0.84,moderate,0,0,2,ceruloplasmin,COPPER_NO_VALIDATED_RULE
P000385,inflammation_anemia,0.0910520766720598,0,supports,conflict_ml_negative_rule_supports,0.64,low,3,0,1,sTfR,INFLAMMATION_PATTERN_SUPPORT
P000386,iron_deficiency,0.0008803142514119,0,unknown,insufficient_clinical_evidence,0.84,moderate,0,1,4,TSAT|Ret_He|sTfR,IRON_INSUFFICIENT_OR_MIXED
P000386,B12_deficiency,0.968796012360549,1,unknown,insufficient_clinical_evidence,0.84,moderate,0,0,4,active_B12|MMA|homocysteine,B12_TOTAL_NOT_LOW_BUT_NOT_EXCLUSION
P000386,folate_deficiency,0.304973441680843,0,unknown,insufficient_clinical_evidence,0.695026558319157,moderate,0,0,1,folate,FOLATE_MISSING
P000386,B6_deficiency,0.0013009406334071,0,unknown,insufficient_clinical_evidence,0.84,moderate,0,0,1,,B6_NO_VALIDATED_RULE
P000386,copper_deficiency,0.0134778821447756,0,unknown,insufficient_clinical_evidence,0.84,moderate,0,0,2,copper|ceruloplasmin,COPPER_NO_VALIDATED_RULE
P000386,inflammation_anemia,0.000107256394724,0,against,agree_negative,0.999892743605276,high,0,1,0,CRP|serum_iron|TIBC|TSAT|sTfR,INFLAMMATION_NO_ANEMIA
P000387,iron_deficiency,0.0003696607894508,0,against,agree_negative,0.9996303392105492,high,0,4,1,sTfR,IRON_MULTIPLE_AGAINST
P000387,B12_deficiency,0.0004328770956246,0,unknown,insufficient_clinical_evidence,0.84,moderate,0,0,4,vitamin_B12|MMA|homocysteine,B12_NO_TOTAL_B12
P000387,folate_deficiency,0.0522374012802136,0,unknown,insufficient_clinical_evidence,0.84,moderate,0,0,1,folate,FOLATE_MISSING
P000387,B6_deficiency,0.0291166291427756,0,unknown,insufficient_clinical_evidence,0.84,moderate,0,0,1,vitamin_B6,B6_NO_VALIDATED_RULE
P000387,copper_deficiency,0.0070105475870215,0,unknown,insufficient_clinical_evidence,0.84,moderate,0,0,2,ceruloplasmin,COPPER_NO_VALIDATED_RULE
P000387,inflammation_anemia,0.0026913626131835,0,unknown,insufficient_clinical_evidence,0.84,moderate,2,1,1,sTfR,INFLAMMATION_INCOMPLETE_OR_MIXED
P000388,iron_deficiency,0.0005380488227212,0,against,agree_negative,0.9994619511772788,high,0,2,3,ferritin|Ret_He|sTfR,IRON_MULTIPLE_AGAINST
P000388,B12_deficiency,0.0008854026839683,0,unknown,insufficient_clinical_evidence,0.84,moderate,0,0,4,vitamin_B12|active_B12|MMA|homocysteine,B12_NO_TOTAL_B12
P000388,folate_deficiency,0.0334910529998306,0,unknown,insufficient_clinical_evidence,0.84,moderate,0,0,1,folate,FOLATE_MISSING
P000388,B6_deficiency,0.0079417728655559,0,unknown,insufficient_clinical_evidence,0.84,moderate,0,0,1,,B6_NO_VALIDATED_RULE
P000388,copper_deficiency,0.0047617873253282,0,unknown,insufficient_clinical_evidence,0.84,moderate,0,0,2,copper|ceruloplasmin,COPPER_NO_VALIDATED_RULE
P000388,inflammation_anemia,3.153019954824848e-05,0,unknown,insufficient_clinical_evidence,0.84,moderate,1,1,2,ferritin|sTfR,INFLAMMATION_INCOMPLETE_OR_MIXED
P000389,iron_deficiency,0.0014347360475646,0,unknown,insufficient_clinical_evidence,0.84,moderate,0,0,5,ferritin|TSAT|Ret_He,IRON_INSUFFICIENT_OR_MIXED
P000389,B12_deficiency,0.0007151281156451,0,unknown,insufficient_clinical_evidence,0.84,moderate,0,0,4,active_B12|MMA|homocysteine,B12_TOTAL_NOT_LOW_BUT_NOT_EXCLUSION
P000389,folate_deficiency,0.013086626217713,0,unknown,insufficient_clinical_evidence,0.84,moderate,0,0,1,folate,FOLATE_MISSING
P000389,B6_deficiency,0.01059613353281,0,unknown,insufficient_clinical_evidence,0.84,moderate,0,0,1,vitamin_B6,B6_NO_VALIDATED_RULE
P000389,copper_deficiency,0.0035181662824143,0,unknown,insufficient_clinical_evidence,0.84,moderate,0,0,2,copper|ceruloplasmin,COPPER_NO_VALIDATED_RULE
P000389,inflammation_anemia,0.0004440360564717,0,against,agree_negative,0.9995559639435283,high,0,1,0,CRP|ferritin|serum_iron|TIBC|TSAT,INFLAMMATION_NO_ANEMIA
P000390,iron_deficiency,0.0001851580781686,0,against,agree_negative,0.9998148419218315,high,0,2,3,ferritin|Ret_He|sTfR,IRON_MULTIPLE_AGAINST
P000390,B12_deficiency,0.0012871068437254,0,unknown,insufficient_clinical_evidence,0.84,moderate,0,0,4,vitamin_B12|active_B12|MMA,B12_NO_TOTAL_B12
P000390,folate_deficiency,0.0116927979156939,0,unknown,insufficient_clinical_evidence,0.84,moderate,0,0,1,folate,FOLATE_MISSING
P000390,B6_deficiency,0.0078913651311166,0,unknown,insufficient_clinical_evidence,0.84,moderate,0,0,1,vitamin_B6,B6_NO_VALIDATED_RULE
P000390,copper_deficiency,0.0002028603513377,0,unknown,insufficient_clinical_evidence,0.84,moderate,0,0,2,copper,COPPER_NO_VALIDATED_RULE
P000390,inflammation_anemia,0.0001232195246457,0,against,agree_negative,0.9998767804753543,high,0,1,0,ferritin|sTfR,INFLAMMATION_NO_ANEMIA
P000391,iron_deficiency,0.0003307958734954,0,against,agree_negative,0.9996692041265046,high,0,3,2,sTfR,IRON_MULTIPLE_AGAINST
P000391,B12_deficiency,2.6897059683565395e-05,0,unknown,insufficient_clinical_evidence,0.84,moderate,0,0,4,MMA|homocysteine,B12_TOTAL_NOT_LOW_BUT_NOT_EXCLUSION
P000391,folate_deficiency,0.1955172552093539,0,unknown,insufficient_clinical_evidence,0.8044827447906461,moderate,0,0,1,folate,FOLATE_MISSING
P000391,B6_deficiency,0.0009209419308448,0,unknown,insufficient_clinical_evidence,0.84,moderate,0,0,1,vitamin_B6,B6_NO_VALIDATED_RULE
P000391,copper_deficiency,0.0092598124655028,0,unknown,insufficient_clinical_evidence,0.84,moderate,0,0,2,copper|ceruloplasmin,COPPER_NO_VALIDATED_RULE
P000391,inflammation_anemia,3.173742039387264e-05,0,against,agree_negative,0.9999682625796061,high,0,1,0,CRP|sTfR,INFLAMMATION_NO_ANEMIA
P000392,iron_deficiency,0.000288122364336,0,unknown,insufficient_clinical_evidence,0.84,moderate,1,1,3,TSAT|sTfR,IRON_INSUFFICIENT_OR_MIXED
P000392,B12_deficiency,0.00026669124472,0,unknown,insufficient_clinical_evidence,0.84,moderate,0,0,4,vitamin_B12|MMA|homocysteine,B12_NO_TOTAL_B12
P000392,folate_deficiency,0.0082712636347797,0,unknown,insufficient_clinical_evidence,0.84,moderate,0,0,1,folate,FOLATE_MISSING
P000392,B6_deficiency,0.0189575914075942,0,unknown,insufficient_clinical_evidence,0.84,moderate,0,0,1,vitamin_B6,B6_NO_VALIDATED_RULE
P000392,copper_deficiency,0.0116357585811458,0,unknown,insufficient_clinical_evidence,0.84,moderate,0,0,2,copper|ceruloplasmin,COPPER_NO_VALIDATED_RULE
P000392,inflammation_anemia,0.0004403095437553,0,against,agree_negative,0.9995596904562447,high,0,1,0,serum_iron|TIBC|TSAT|sTfR,INFLAMMATION_NO_ANEMIA
P000393,iron_deficiency,0.0002427960050897,0,against,agree_negative,0.9997572039949103,high,0,2,3,TSAT|sTfR,IRON_MULTIPLE_AGAINST
P000393,B12_deficiency,0.0042252298195639,0,unknown,insufficient_clinical_evidence,0.84,moderate,0,0,4,vitamin_B12|MMA,B12_NO_TOTAL_B12
P000393,folate_deficiency,0.0055044473933067,0,against,agree_negative,0.9944955526066933,high,0,1,0,,FOLATE_NOT_LOW
P000393,B6_deficiency,0.0014187838898388,0,unknown,insufficient_clinical_evidence,0.84,moderate,0,0,1,vitamin_B6,B6_NO_VALIDATED_RULE
P000393,copper_deficiency,0.9999999999996116,1,unknown,insufficient_clinical_evidence,0.84,moderate,0,0,2,,COPPER_NO_VALIDATED_RULE
P000393,inflammation_anemia,0.0002171252232942,0,unknown,insufficient_clinical_evidence,0.84,moderate,1,0,3,serum_iron|TIBC|TSAT|sTfR,INFLAMMATION_INCOMPLETE_OR_MIXED
P000394,iron_deficiency,0.9989823985050444,1,unknown,insufficient_clinical_evidence,0.84,moderate,1,0,4,TSAT|Ret_He,IRON_INSUFFICIENT_OR_MIXED
P000394,B12_deficiency,0.0008892032732922,0,unknown,insufficient_clinical_evidence,0.84,moderate,0,0,4,vitamin_B12|active_B12|MMA|homocysteine,B12_NO_TOTAL_B12
P000394,folate_deficiency,0.002124825284857,0,against,agree_negative,0.997875174715143,high,0,1,0,,FOLATE_NOT_LOW
P000394,B6_deficiency,0.8146851968989774,1,unknown,insufficient_clinical_evidence,0.8146851968989774,moderate,0,0,1,,B6_NO_VALIDATED_RULE
P000394,copper_deficiency,0.0002977475714391,0,unknown,insufficient_clinical_evidence,0.84,moderate,0,0,2,copper|ceruloplasmin,COPPER_NO_VALIDATED_RULE
P000394,inflammation_anemia,0.0001682299166754,0,against,agree_negative,0.9998317700833246,high,0,1,0,serum_iron|TIBC|TSAT,INFLAMMATION_NO_ANEMIA
P000395,iron_deficiency,5.7102295861352585e-05,0,against,agree_negative,0.9999428977041387,high,0,4,1,ferritin|sTfR,IRON_MULTIPLE_AGAINST
P000395,B12_deficiency,0.121864790489586,0,unknown,insufficient_clinical_evidence,0.84,moderate,0,0,4,homocysteine,B12_TOTAL_NOT_LOW_BUT_NOT_EXCLUSION
P000395,folate_deficiency,0.9857032137093538,1,supports,agree_positive,0.9857032137093538,high,1,0,0,,FOLATE_LOW
P000395,B6_deficiency,0.0003915763093915,0,unknown,insufficient_clinical_evidence,0.84,moderate,0,0,1,vitamin_B6,B6_NO_VALIDATED_RULE
P000395,copper_deficiency,0.0668093037561064,0,unknown,insufficient_clinical_evidence,0.84,moderate,0,0,2,copper,COPPER_NO_VALIDATED_RULE
P000395,inflammation_anemia,0.0017793725862441,0,unknown,insufficient_clinical_evidence,0.84,moderate,1,1,2,ferritin|sTfR,INFLAMMATION_INCOMPLETE_OR_MIXED
P000396,iron_deficiency,0.0003590227231478,0,supports,conflict_ml_negative_rule_supports,0.64,low,2,2,1,Ret_He,IRON_MULTIPLE_SUPPORT
P000396,B12_deficiency,9.433462474022375e-05,0,unknown,insufficient_clinical_evidence,0.84,moderate,0,0,4,active_B12|MMA,B12_TOTAL_NOT_LOW_BUT_NOT_EXCLUSION
P000396,folate_deficiency,0.0008106038786828,0,against,agree_negative,0.9991893961213172,high,0,1,0,,FOLATE_NOT_LOW
P000396,B6_deficiency,0.0218887811053524,0,unknown,insufficient_clinical_evidence,0.84,moderate,0,0,1,vitamin_B6,B6_NO_VALIDATED_RULE
P000396,copper_deficiency,0.0038975775247064,0,unknown,insufficient_clinical_evidence,0.84,moderate,0,0,2,copper|ceruloplasmin,COPPER_NO_VALIDATED_RULE
P000396,inflammation_anemia,0.9999900641495304,1,supports,agree_positive,0.9999900641495304,high,3,0,1,,INFLAMMATION_PATTERN_SUPPORT
P000397,iron_deficiency,0.9928604343485378,1,supports,agree_positive,0.9928604343485378,high,2,1,2,ferritin,IRON_MULTIPLE_SUPPORT
P000397,B12_deficiency,0.0007582800561217,0,unknown,insufficient_clinical_evidence,0.84,moderate,0,0,4,active_B12|homocysteine,B12_TOTAL_NOT_LOW_BUT_NOT_EXCLUSION
P000397,folate_deficiency,0.0060688776046331,0,unknown,insufficient_clinical_evidence,0.84,moderate,0,0,1,folate,FOLATE_MISSING
P000397,B6_deficiency,0.0012045343827217,0,unknown,insufficient_clinical_evidence,0.84,moderate,0,0,1,vitamin_B6,B6_NO_VALIDATED_RULE
P000397,copper_deficiency,0.0064886036220135,0,unknown,insufficient_clinical_evidence,0.84,moderate,0,0,2,copper|ceruloplasmin,COPPER_NO_VALIDATED_RULE
P000397,inflammation_anemia,2.4094150822512702e-05,0,against,agree_negative,0.9999759058491775,high,0,1,0,CRP|ferritin,INFLAMMATION_NO_ANEMIA
P000398,iron_deficiency,6.646715120878119e-05,0,against,agree_negative,0.9999335328487913,high,0,3,2,Ret_He,IRON_MULTIPLE_AGAINST
P000398,B12_deficiency,0.000130626137874,0,unknown,insufficient_clinical_evidence,0.84,moderate,0,0,4,active_B12|MMA,B12_TOTAL_NOT_LOW_BUT_NOT_EXCLUSION
P000398,folate_deficiency,0.0805198054702363,0,unknown,insufficient_clinical_evidence,0.84,moderate,0,0,1,,FOLATE_BORDERLINE
P000398,B6_deficiency,0.001467029603699,0,unknown,insufficient_clinical_evidence,0.84,moderate,0,0,1,vitamin_B6,B6_NO_VALIDATED_RULE
P000398,copper_deficiency,0.9999989839743492,1,unknown,insufficient_clinical_evidence,0.84,moderate,0,0,2,,COPPER_NO_VALIDATED_RULE
P000398,inflammation_anemia,0.0004108797291616,0,unknown,insufficient_clinical_evidence,0.84,moderate,2,1,1,,INFLAMMATION_INCOMPLETE_OR_MIXED
P000399,iron_deficiency,0.9999876501452372,1,supports,agree_positive,0.9999876501452372,high,3,0,2,Ret_He|sTfR,IRON_MULTIPLE_SUPPORT
P000399,B12_deficiency,0.0002150517980467,0,unknown,insufficient_clinical_evidence,0.84,moderate,0,0,4,active_B12|MMA|homocysteine,B12_TOTAL_NOT_LOW_BUT_NOT_EXCLUSION
P000399,folate_deficiency,0.6915826226282149,1,supports,agree_positive,0.6915826226282149,moderate,1,0,0,,FOLATE_LOW
P000399,B6_deficiency,0.0012004028467593,0,unknown,insufficient_clinical_evidence,0.84,moderate,0,0,1,vitamin_B6,B6_NO_VALIDATED_RULE
P000399,copper_deficiency,7.213228766636064e-05,0,unknown,insufficient_clinical_evidence,0.84,moderate,0,0,2,copper|ceruloplasmin,COPPER_NO_VALIDATED_RULE
P000399,inflammation_anemia,3.840181866324162e-05,0,unknown,insufficient_clinical_evidence,0.84,moderate,2,1,1,sTfR,INFLAMMATION_INCOMPLETE_OR_MIXED
P000400,iron_deficiency,0.9999894119586809,1,supports,agree_positive,0.9999894119586809,high,3,0,2,Ret_He,IRON_MULTIPLE_SUPPORT
P000400,B12_deficiency,0.0003804261770995,0,unknown,insufficient_clinical_evidence,0.84,moderate,0,0,4,active_B12|MMA|homocysteine,B12_TOTAL_NOT_LOW_BUT_NOT_EXCLUSION
P000400,folate_deficiency,0.0340481272379989,0,unknown,insufficient_clinical_evidence,0.84,moderate,0,0,1,folate,FOLATE_MISSING
P000400,B6_deficiency,0.0068141685428836,0,unknown,insufficient_clinical_evidence,0.84,moderate,0,0,1,vitamin_B6,B6_NO_VALIDATED_RULE
P000400,copper_deficiency,9.863583492730966e-15,0,unknown,insufficient_clinical_evidence,0.84,moderate,0,0,2,copper,COPPER_NO_VALIDATED_RULE
P000400,inflammation_anemia,0.0082695320823521,0,unknown,insufficient_clinical_evidence,0.84,moderate,2,1,1,,INFLAMMATION_INCOMPLETE_OR_MIXED
P000401,iron_deficiency,8.073555546174964e-05,0,unknown,insufficient_clinical_evidence,0.84,moderate,0,1,4,TSAT|Ret_He,IRON_INSUFFICIENT_OR_MIXED
P000401,B12_deficiency,0.0097760450331356,0,unknown,insufficient_clinical_evidence,0.84,moderate,0,0,4,vitamin_B12|active_B12|MMA|homocysteine,B12_NO_TOTAL_B12
P000401,folate_deficiency,0.0016735631565717,0,against,agree_negative,0.9983264368434283,high,0,1,0,,FOLATE_NOT_LOW
P000401,B6_deficiency,0.011716060569973,0,unknown,insufficient_clinical_evidence,0.84,moderate,0,0,1,vitamin_B6,B6_NO_VALIDATED_RULE
P000401,copper_deficiency,2.6959524210993783e-12,0,unknown,insufficient_clinical_evidence,0.84,moderate,0,0,2,copper,COPPER_NO_VALIDATED_RULE
P000401,inflammation_anemia,0.0003921874921792,0,unknown,insufficient_clinical_evidence,0.84,moderate,1,0,3,CRP|serum_iron|TIBC|TSAT,INFLAMMATION_INCOMPLETE_OR_MIXED
P000402,iron_deficiency,0.0293821469661795,0,against,agree_negative,0.9706178530338205,high,0,3,2,Ret_He|sTfR,IRON_MULTIPLE_AGAINST
P000402,B12_deficiency,0.0034436823397377,0,unknown,insufficient_clinical_evidence,0.84,moderate,0,0,4,vitamin_B12|active_B12|MMA|homocysteine,B12_NO_TOTAL_B12
P000402,folate_deficiency,0.1032056013959224,0,unknown,insufficient_clinical_evidence,0.84,moderate,0,0,1,,FOLATE_BORDERLINE
P000402,B6_deficiency,0.3930964034402428,1,unknown,insufficient_clinical_evidence,0.3930964034402428,low,0,0,1,,B6_NO_VALIDATED_RULE
P000402,copper_deficiency,0.0060430289559799,0,unknown,insufficient_clinical_evidence,0.84,moderate,0,0,2,copper|ceruloplasmin,COPPER_NO_VALIDATED_RULE
P000402,inflammation_anemia,4.580260912053048e-05,0,unknown,insufficient_clinical_evidence,0.84,moderate,2,1,1,sTfR,INFLAMMATION_INCOMPLETE_OR_MIXED
P000403,iron_deficiency,0.0011438537055988,0,unknown,insufficient_clinical_evidence,0.84,moderate,0,1,4,TSAT|Ret_He|sTfR,IRON_INSUFFICIENT_OR_MIXED
P000403,B12_deficiency,0.0001088997293707,0,unknown,insufficient_clinical_evidence,0.84,moderate,0,0,4,active_B12,B12_TOTAL_NOT_LOW_BUT_NOT_EXCLUSION
P000403,folate_deficiency,0.0081770457538046,0,unknown,insufficient_clinical_evidence,0.84,moderate,0,0,1,folate,FOLATE_MISSING
P000403,B6_deficiency,0.0095007774930901,0,unknown,insufficient_clinical_evidence,0.84,moderate,0,0,1,vitamin_B6,B6_NO_VALIDATED_RULE
P000403,copper_deficiency,0.0022820955835328,0,unknown,insufficient_clinical_evidence,0.84,moderate,0,0,2,copper|ceruloplasmin,COPPER_NO_VALIDATED_RULE
P000403,inflammation_anemia,0.9988863588266942,1,unknown,insufficient_clinical_evidence,0.84,moderate,1,0,3,serum_iron|TIBC|TSAT|sTfR,INFLAMMATION_INCOMPLETE_OR_MIXED
P000404,iron_deficiency,0.0001379673683244,0,unknown,insufficient_clinical_evidence,0.84,moderate,0,1,4,TSAT|Ret_He|sTfR,IRON_INSUFFICIENT_OR_MIXED
P000404,B12_deficiency,0.9914831075459624,1,supports,agree_positive,0.9914831075459624,high,1,0,3,active_B12|MMA|homocysteine,B12_LOW_TOTAL
P000404,folate_deficiency,0.0021213399813142,0,against,agree_negative,0.9978786600186857,high,0,1,0,,FOLATE_NOT_LOW
P000404,B6_deficiency,0.0028579381491972,0,unknown,insufficient_clinical_evidence,0.84,moderate,0,0,1,vitamin_B6,B6_NO_VALIDATED_RULE
P000404,copper_deficiency,6.104065974642077e-07,0,unknown,insufficient_clinical_evidence,0.84,moderate,0,0,2,copper|ceruloplasmin,COPPER_NO_VALIDATED_RULE
P000404,inflammation_anemia,0.0002393118688837,0,unknown,insufficient_clinical_evidence,0.84,moderate,1,0,3,CRP|serum_iron|TIBC|TSAT|sTfR,INFLAMMATION_INCOMPLETE_OR_MIXED
P000405,iron_deficiency,0.0002669686989157,0,unknown,insufficient_clinical_evidence,0.84,moderate,0,1,4,TSAT|Ret_He|sTfR,IRON_INSUFFICIENT_OR_MIXED
P000405,B12_deficiency,0.0165975115619573,0,unknown,insufficient_clinical_evidence,0.84,moderate,0,0,4,active_B12,B12_TOTAL_NOT_LOW_BUT_NOT_EXCLUSION
P000405,folate_deficiency,0.0323338925355298,0,unknown,insufficient_clinical_evidence,0.84,moderate,0,0,1,folate,FOLATE_MISSING
P000405,B6_deficiency,0.0019303540144609,0,unknown,insufficient_clinical_evidence,0.84,moderate,0,0,1,vitamin_B6,B6_NO_VALIDATED_RULE
P000405,copper_deficiency,0.1725589632132689,1,unknown,insufficient_clinical_evidence,0.1725589632132689,low,0,0,2,,COPPER_NO_VALIDATED_RULE
P000405,inflammation_anemia,0.0011353294417799,0,against,agree_negative,0.9988646705582201,high,0,1,0,serum_iron|TIBC|TSAT|sTfR,INFLAMMATION_NO_ANEMIA
P000406,iron_deficiency,0.9999612486624906,1,supports,agree_positive,0.9999612486624906,high,3,0,2,Ret_He,IRON_MULTIPLE_SUPPORT
P000406,B12_deficiency,0.0020482054160885,0,unknown,insufficient_clinical_evidence,0.84,moderate,0,0,4,vitamin_B12|active_B12|MMA|homocysteine,B12_NO_TOTAL_B12
P000406,folate_deficiency,0.0122609105308287,0,unknown,insufficient_clinical_evidence,0.84,moderate,0,0,1,folate,FOLATE_MISSING
P000406,B6_deficiency,0.0005545306196636,0,unknown,insufficient_clinical_evidence,0.84,moderate,0,0,1,vitamin_B6,B6_NO_VALIDATED_RULE
P000406,copper_deficiency,0.0005048832453919,0,unknown,insufficient_clinical_evidence,0.84,moderate,0,0,2,copper|ceruloplasmin,COPPER_NO_VALIDATED_RULE
P000406,inflammation_anemia,0.0012632822337224,0,against,agree_negative,0.9987367177662776,high,0,1,0,CRP,INFLAMMATION_NO_ANEMIA
P000407,iron_deficiency,8.767253977261007e-05,0,unknown,insufficient_clinical_evidence,0.84,moderate,0,1,4,TSAT|Ret_He|sTfR,IRON_INSUFFICIENT_OR_MIXED
P000407,B12_deficiency,0.0001112607853194,0,unknown,insufficient_clinical_evidence,0.84,moderate,0,0,4,active_B12|MMA|homocysteine,B12_TOTAL_NOT_LOW_BUT_NOT_EXCLUSION
P000407,folate_deficiency,0.0329081951862353,0,unknown,insufficient_clinical_evidence,0.84,moderate,0,0,1,,FOLATE_BORDERLINE
P000407,B6_deficiency,0.0022367535934246,0,unknown,insufficient_clinical_evidence,0.84,moderate,0,0,1,,B6_NO_VALIDATED_RULE
P000407,copper_deficiency,0.0018878711410223,0,unknown,insufficient_clinical_evidence,0.84,moderate,0,0,2,ceruloplasmin,COPPER_NO_VALIDATED_RULE
P000407,inflammation_anemia,0.0021041997286036,0,unknown,insufficient_clinical_evidence,0.84,moderate,1,0,3,serum_iron|TIBC|TSAT|sTfR,INFLAMMATION_INCOMPLETE_OR_MIXED
P000408,iron_deficiency,0.003255572342514,0,against,agree_negative,0.996744427657486,high,0,3,2,Ret_He,IRON_MULTIPLE_AGAINST
P000408,B12_deficiency,0.0012544171806537,0,unknown,insufficient_clinical_evidence,0.84,moderate,0,0,4,homocysteine,B12_TOTAL_NOT_LOW_BUT_NOT_EXCLUSION
P000408,folate_deficiency,0.0042510840951842,0,against,agree_negative,0.9957489159048158,high,0,1,0,,FOLATE_NOT_LOW
P000408,B6_deficiency,0.0112525674785422,0,unknown,insufficient_clinical_evidence,0.84,moderate,0,0,1,,B6_NO_VALIDATED_RULE
P000408,copper_deficiency,0.9073527797647438,1,unknown,insufficient_clinical_evidence,0.84,moderate,0,0,2,,COPPER_NO_VALIDATED_RULE
P000408,inflammation_anemia,0.0003284002865713,0,unknown,insufficient_clinical_evidence,0.84,moderate,2,1,1,,INFLAMMATION_INCOMPLETE_OR_MIXED
P000409,iron_deficiency,0.0029099575147272,0,against,agree_negative,0.9970900424852728,high,0,3,2,Ret_He|sTfR,IRON_MULTIPLE_AGAINST
P000409,B12_deficiency,0.0002635182514892,0,unknown,insufficient_clinical_evidence,0.84,moderate,0,0,4,active_B12|MMA|homocysteine,B12_TOTAL_NOT_LOW_BUT_NOT_EXCLUSION
P000409,folate_deficiency,0.0429273011798938,0,unknown,insufficient_clinical_evidence,0.84,moderate,0,0,1,folate,FOLATE_MISSING
P000409,B6_deficiency,0.0096510137013647,0,unknown,insufficient_clinical_evidence,0.84,moderate,0,0,1,vitamin_B6,B6_NO_VALIDATED_RULE
P000409,copper_deficiency,0.0069841511631149,0,unknown,insufficient_clinical_evidence,0.84,moderate,0,0,2,copper|ceruloplasmin,COPPER_NO_VALIDATED_RULE
P000409,inflammation_anemia,0.004103566183648,0,unknown,insufficient_clinical_evidence,0.84,moderate,2,1,1,sTfR,INFLAMMATION_INCOMPLETE_OR_MIXED
P000410,iron_deficiency,0.0008174380561134,0,against,agree_negative,0.9991825619438865,high,0,2,3,ferritin|Ret_He|sTfR,IRON_MULTIPLE_AGAINST
P000410,B12_deficiency,0.0008250987881178,0,unknown,insufficient_clinical_evidence,0.84,moderate,0,0,4,vitamin_B12|active_B12|homocysteine,B12_NO_TOTAL_B12
P000410,folate_deficiency,0.0610790744507995,0,unknown,insufficient_clinical_evidence,0.84,moderate,0,0,1,folate,FOLATE_MISSING
P000410,B6_deficiency,0.0043619534845619,0,unknown,insufficient_clinical_evidence,0.84,moderate,0,0,1,vitamin_B6,B6_NO_VALIDATED_RULE
P000410,copper_deficiency,0.0074560567306675,0,unknown,insufficient_clinical_evidence,0.84,moderate,0,0,2,copper|ceruloplasmin,COPPER_NO_VALIDATED_RULE
P000410,inflammation_anemia,1.2152244174392307e-05,0,unknown,insufficient_clinical_evidence,0.84,moderate,1,1,2,CRP|ferritin|sTfR,INFLAMMATION_INCOMPLETE_OR_MIXED
P000411,iron_deficiency,0.9999703177465104,1,supports,agree_positive,0.9999703177465104,high,3,0,2,Ret_He|sTfR,IRON_MULTIPLE_SUPPORT
P000411,B12_deficiency,0.0001134095650484,0,unknown,insufficient_clinical_evidence,0.84,moderate,0,0,4,MMA|homocysteine,B12_TOTAL_NOT_LOW_BUT_NOT_EXCLUSION
P000411,folate_deficiency,0.0005846575444795,0,against,agree_negative,0.9994153424555206,high,0,1,0,,FOLATE_NOT_LOW
P000411,B6_deficiency,0.01039094978426,0,unknown,insufficient_clinical_evidence,0.84,moderate,0,0,1,vitamin_B6,B6_NO_VALIDATED_RULE
P000411,copper_deficiency,0.0007469024823176,0,unknown,insufficient_clinical_evidence,0.84,moderate,0,0,2,copper|ceruloplasmin,COPPER_NO_VALIDATED_RULE
P000411,inflammation_anemia,1.6334759467396205e-05,0,against,agree_negative,0.9999836652405326,high,0,1,0,sTfR,INFLAMMATION_NO_ANEMIA
P000412,iron_deficiency,0.9998064846926104,1,supports,agree_positive,0.9998064846926104,high,2,2,1,Ret_He,IRON_MULTIPLE_SUPPORT
P000412,B12_deficiency,0.9996000845246164,1,unknown,insufficient_clinical_evidence,0.84,moderate,0,0,4,,B12_TOTAL_NOT_LOW_BUT_NOT_EXCLUSION
P000412,folate_deficiency,0.0145772930541308,0,unknown,insufficient_clinical_evidence,0.84,moderate,0,0,1,folate,FOLATE_MISSING
P000412,B6_deficiency,0.0017274036301015,0,unknown,insufficient_clinical_evidence,0.84,moderate,0,0,1,vitamin_B6,B6_NO_VALIDATED_RULE
P000412,copper_deficiency,0.000181482482132,0,unknown,insufficient_clinical_evidence,0.84,moderate,0,0,2,copper|ceruloplasmin,COPPER_NO_VALIDATED_RULE
P000412,inflammation_anemia,4.95940890715545e-05,0,unknown,insufficient_clinical_evidence,0.84,moderate,1,2,1,CRP,INFLAMMATION_INCOMPLETE_OR_MIXED
P000413,iron_deficiency,0.0001540672188301,0,against,agree_negative,0.99984593278117,high,0,2,3,ferritin|Ret_He,IRON_MULTIPLE_AGAINST
P000413,B12_deficiency,0.0944662612503008,0,unknown,insufficient_clinical_evidence,0.84,moderate,0,0,4,MMA|homocysteine,B12_TOTAL_NOT_LOW_BUT_NOT_EXCLUSION
P000413,folate_deficiency,0.9744425421345512,1,supports,agree_positive,0.9744425421345512,high,1,0,0,,FOLATE_LOW
P000413,B6_deficiency,0.0027282272842146,0,unknown,insufficient_clinical_evidence,0.84,moderate,0,0,1,vitamin_B6,B6_NO_VALIDATED_RULE
P000413,copper_deficiency,0.0001796155756576,0,unknown,insufficient_clinical_evidence,0.84,moderate,0,0,2,copper|ceruloplasmin,COPPER_NO_VALIDATED_RULE
P000413,inflammation_anemia,4.057459524574962e-05,0,against,agree_negative,0.9999594254047542,high,0,1,0,CRP|ferritin,INFLAMMATION_NO_ANEMIA
P000414,iron_deficiency,0.9999628200319556,1,supports,agree_positive,0.9999628200319556,high,5,0,0,sTfR,IRON_MULTIPLE_SUPPORT
P000414,B12_deficiency,0.0079713860235676,0,unknown,insufficient_clinical_evidence,0.84,moderate,0,0,4,vitamin_B12|active_B12|MMA|homocysteine,B12_NO_TOTAL_B12
P000414,folate_deficiency,0.0004849608803636,0,against,agree_negative,0.9995150391196364,high,0,1,0,,FOLATE_NOT_LOW
P000414,B6_deficiency,0.0021196341658503,0,unknown,insufficient_clinical_evidence,0.84,moderate,0,0,1,vitamin_B6,B6_NO_VALIDATED_RULE
P000414,copper_deficiency,0.0063872373461655,0,unknown,insufficient_clinical_evidence,0.84,moderate,0,0,2,copper|ceruloplasmin,COPPER_NO_VALIDATED_RULE
P000414,inflammation_anemia,3.616594933898735e-05,0,against,agree_negative,0.999963834050661,high,0,1,0,sTfR,INFLAMMATION_NO_ANEMIA
P000415,iron_deficiency,2.962396538080766e-05,0,against,agree_negative,0.9999703760346192,high,0,3,2,Ret_He|sTfR,IRON_MULTIPLE_AGAINST
P000415,B12_deficiency,0.9384275436239974,1,supports,agree_positive,0.9384275436239974,high,1,0,3,active_B12|MMA|homocysteine,B12_LOW_TOTAL
P000415,folate_deficiency,0.0898457734958215,0,unknown,insufficient_clinical_evidence,0.84,moderate,0,0,1,folate,FOLATE_MISSING
P000415,B6_deficiency,0.004220272887045,0,unknown,insufficient_clinical_evidence,0.84,moderate,0,0,1,vitamin_B6,B6_NO_VALIDATED_RULE
P000415,copper_deficiency,0.0003996402599018,0,unknown,insufficient_clinical_evidence,0.84,moderate,0,0,2,copper|ceruloplasmin,COPPER_NO_VALIDATED_RULE
P000415,inflammation_anemia,0.0005956643457617,0,against,agree_negative,0.9994043356542383,high,0,1,0,sTfR,INFLAMMATION_NO_ANEMIA
P000416,iron_deficiency,0.0020231560299153,0,supports,conflict_ml_negative_rule_supports,0.64,low,3,1,1,sTfR,IRON_MULTIPLE_SUPPORT
P000416,B12_deficiency,0.0163604526985862,0,unknown,insufficient_clinical_evidence,0.84,moderate,0,0,4,active_B12,B12_TOTAL_NOT_LOW_BUT_NOT_EXCLUSION
P000416,folate_deficiency,0.0002286515319089,0,against,agree_negative,0.9997713484680911,high,0,1,0,,FOLATE_NOT_LOW
P000416,B6_deficiency,0.0103338952985376,0,unknown,insufficient_clinical_evidence,0.84,moderate,0,0,1,vitamin_B6,B6_NO_VALIDATED_RULE
P000416,copper_deficiency,2.628339778536392e-10,0,unknown,insufficient_clinical_evidence,0.84,moderate,0,0,2,ceruloplasmin,COPPER_NO_VALIDATED_RULE
P000416,inflammation_anemia,0.9999700369647896,1,supports,agree_positive,0.9999700369647896,high,3,0,1,sTfR,INFLAMMATION_PATTERN_SUPPORT
P000417,iron_deficiency,0.9992462393201638,1,supports,agree_positive,0.9992462393201638,high,2,0,3,Ret_He,IRON_MULTIPLE_SUPPORT
P000417,B12_deficiency,8.043715447960733e-06,0,unknown,insufficient_clinical_evidence,0.84,moderate,0,0,4,MMA|homocysteine,B12_TOTAL_NOT_LOW_BUT_NOT_EXCLUSION
P000417,folate_deficiency,0.0080984352002057,0,unknown,insufficient_clinical_evidence,0.84,moderate,0,0,1,folate,FOLATE_MISSING
P000417,B6_deficiency,0.0056122394326123,0,unknown,insufficient_clinical_evidence,0.84,moderate,0,0,1,vitamin_B6,B6_NO_VALIDATED_RULE
P000417,copper_deficiency,0.0001597190738535,0,unknown,insufficient_clinical_evidence,0.84,moderate,0,0,2,copper|ceruloplasmin,COPPER_NO_VALIDATED_RULE
P000417,inflammation_anemia,0.1713930227554694,0,supports,conflict_ml_negative_rule_supports,0.64,low,3,0,1,,INFLAMMATION_PATTERN_SUPPORT
P000418,iron_deficiency,0.0004941059155552,0,against,agree_negative,0.9995058940844448,high,0,3,2,Ret_He|sTfR,IRON_MULTIPLE_AGAINST
P000418,B12_deficiency,0.0013764962646058,0,unknown,insufficient_clinical_evidence,0.84,moderate,0,0,4,active_B12,B12_TOTAL_NOT_LOW_BUT_NOT_EXCLUSION
P000418,folate_deficiency,0.6773465014835015,1,unknown,insufficient_clinical_evidence,0.6773465014835015,moderate,0,0,1,,FOLATE_BORDERLINE
P000418,B6_deficiency,0.0058850817243782,0,unknown,insufficient_clinical_evidence,0.84,moderate,0,0,1,vitamin_B6,B6_NO_VALIDATED_RULE
P000418,copper_deficiency,0.9652593574197598,1,unknown,insufficient_clinical_evidence,0.84,moderate,0,0,2,ceruloplasmin,COPPER_NO_VALIDATED_RULE
P000418,inflammation_anemia,0.0001144491998166,0,unknown,insufficient_clinical_evidence,0.84,moderate,2,1,1,sTfR,INFLAMMATION_INCOMPLETE_OR_MIXED
P000419,iron_deficiency,0.6601523056390022,1,unknown,insufficient_clinical_evidence,0.6601523056390022,moderate,0,0,5,TSAT|Ret_He|sTfR,IRON_INSUFFICIENT_OR_MIXED
P000419,B12_deficiency,0.9870553800442374,1,supports,agree_positive,0.9870553800442374,high,1,0,3,active_B12|MMA|homocysteine,B12_LOW_TOTAL
P000419,folate_deficiency,0.0085722259981061,0,unknown,insufficient_clinical_evidence,0.84,moderate,0,0,1,,FOLATE_BORDERLINE
P000419,B6_deficiency,0.0005340459400264,0,unknown,insufficient_clinical_evidence,0.84,moderate,0,0,1,vitamin_B6,B6_NO_VALIDATED_RULE
P000419,copper_deficiency,0.0001102209945228,0,unknown,insufficient_clinical_evidence,0.84,moderate,0,0,2,copper|ceruloplasmin,COPPER_NO_VALIDATED_RULE
P000419,inflammation_anemia,1.3518748694457691e-05,0,against,agree_negative,0.9999864812513055,high,0,1,0,CRP|serum_iron|TIBC|TSAT|sTfR,INFLAMMATION_NO_ANEMIA
P000420,iron_deficiency,0.0009754802219112,0,against,agree_negative,0.9990245197780888,high,0,2,3,TSAT|sTfR,IRON_MULTIPLE_AGAINST
P000420,B12_deficiency,0.999922427631608,1,unknown,insufficient_clinical_evidence,0.84,moderate,0,0,4,active_B12|MMA|homocysteine,B12_TOTAL_NOT_LOW_BUT_NOT_EXCLUSION
P000420,folate_deficiency,0.9138802026849316,1,supports,agree_positive,0.9138802026849316,high,1,0,0,,FOLATE_LOW
P000420,B6_deficiency,0.0007708681986815,0,unknown,insufficient_clinical_evidence,0.84,moderate,0,0,1,vitamin_B6,B6_NO_VALIDATED_RULE
P000420,copper_deficiency,0.0133509635546975,0,unknown,insufficient_clinical_evidence,0.84,moderate,0,0,2,copper|ceruloplasmin,COPPER_NO_VALIDATED_RULE
P000420,inflammation_anemia,6.4734956579394e-05,0,unknown,insufficient_clinical_evidence,0.84,moderate,1,0,3,serum_iron|TIBC|TSAT|sTfR,INFLAMMATION_INCOMPLETE_OR_MIXED
P000421,iron_deficiency,0.9546049037164714,1,unknown,insufficient_clinical_evidence,0.84,moderate,1,0,4,ferritin|TSAT|sTfR,IRON_INSUFFICIENT_OR_MIXED
P000421,B12_deficiency,0.9535999489044952,1,unknown,insufficient_clinical_evidence,0.84,moderate,0,0,4,MMA,B12_TOTAL_NOT_LOW_BUT_NOT_EXCLUSION
P000421,folate_deficiency,0.0770792452086959,0,unknown,insufficient_clinical_evidence,0.84,moderate,0,0,1,folate,FOLATE_MISSING
P000421,B6_deficiency,0.0016709989670205,0,unknown,insufficient_clinical_evidence,0.84,moderate,0,0,1,vitamin_B6,B6_NO_VALIDATED_RULE
P000421,copper_deficiency,0.0017180473778713,0,unknown,insufficient_clinical_evidence,0.84,moderate,0,0,2,copper|ceruloplasmin,COPPER_NO_VALIDATED_RULE
P000421,inflammation_anemia,0.0002328217402967,0,unknown,insufficient_clinical_evidence,0.84,moderate,0,0,4,ferritin|serum_iron|TIBC|TSAT|sTfR,INFLAMMATION_INCOMPLETE_OR_MIXED
P000422,iron_deficiency,0.0010223942040944,0,against,agree_negative,0.9989776057959056,high,0,3,2,Ret_He|sTfR,IRON_MULTIPLE_AGAINST
P000422,B12_deficiency,0.9958761122662932,1,unknown,insufficient_clinical_evidence,0.84,moderate,0,0,4,active_B12|MMA,B12_TOTAL_NOT_LOW_BUT_NOT_EXCLUSION
P000422,folate_deficiency,0.93611596969638,1,supports,agree_positive,0.93611596969638,high,1,0,0,,FOLATE_LOW
P000422,B6_deficiency,0.0130500996913325,0,unknown,insufficient_clinical_evidence,0.84,moderate,0,0,1,vitamin_B6,B6_NO_VALIDATED_RULE
P000422,copper_deficiency,0.000159395747187,0,unknown,insufficient_clinical_evidence,0.84,moderate,0,0,2,copper|ceruloplasmin,COPPER_NO_VALIDATED_RULE
P000422,inflammation_anemia,4.7186973237015045e-05,0,unknown,insufficient_clinical_evidence,0.84,moderate,2,1,1,CRP|sTfR,INFLAMMATION_INCOMPLETE_OR_MIXED
P000423,iron_deficiency,0.99998158770052,1,supports,agree_positive,0.99998158770052,high,4,0,1,Ret_He|sTfR,IRON_MULTIPLE_SUPPORT
P000423,B12_deficiency,0.004907193286551,0,unknown,insufficient_clinical_evidence,0.84,moderate,0,0,4,active_B12|homocysteine,B12_TOTAL_NOT_LOW_BUT_NOT_EXCLUSION
P000423,folate_deficiency,0.0123569298323928,0,unknown,insufficient_clinical_evidence,0.84,moderate,0,0,1,folate,FOLATE_MISSING
P000423,B6_deficiency,0.0025238948447937,0,unknown,insufficient_clinical_evidence,0.84,moderate,0,0,1,vitamin_B6,B6_NO_VALIDATED_RULE
P000423,copper_deficiency,0.0013528242666573,0,unknown,insufficient_clinical_evidence,0.84,moderate,0,0,2,copper|ceruloplasmin,COPPER_NO_VALIDATED_RULE
P000423,inflammation_anemia,0.0001920024141026,0,against,agree_negative,0.9998079975858974,high,0,1,0,CRP|sTfR,INFLAMMATION_NO_ANEMIA
P000424,iron_deficiency,0.9997661064596,1,supports,agree_positive,0.9997661064596,high,3,0,2,,IRON_MULTIPLE_SUPPORT
P000424,B12_deficiency,0.0002610381219,0,unknown,insufficient_clinical_evidence,0.84,moderate,0,0,4,active_B12|homocysteine,B12_TOTAL_NOT_LOW_BUT_NOT_EXCLUSION
P000424,folate_deficiency,0.0199032146413119,0,against,agree_negative,0.980096785358688,high,0,1,0,,FOLATE_NOT_LOW
P000424,B6_deficiency,0.0003877073676946,0,unknown,insufficient_clinical_evidence,0.84,moderate,0,0,1,vitamin_B6,B6_NO_VALIDATED_RULE
P000424,copper_deficiency,0.0089611215010853,0,unknown,insufficient_clinical_evidence,0.84,moderate,0,0,2,copper,COPPER_NO_VALIDATED_RULE
P000424,inflammation_anemia,0.0001443679360135,0,supports,conflict_ml_negative_rule_supports,0.64,low,3,0,1,,INFLAMMATION_PATTERN_SUPPORT
P000425,iron_deficiency,0.9974866709777264,1,supports,agree_positive,0.9974866709777264,high,2,1,2,Ret_He|sTfR,IRON_MULTIPLE_SUPPORT
P000425,B12_deficiency,0.3671224987028309,1,unknown,insufficient_clinical_evidence,0.3671224987028309,low,0,0,4,homocysteine,B12_TOTAL_NOT_LOW_BUT_NOT_EXCLUSION
P000425,folate_deficiency,0.206708817925612,0,unknown,insufficient_clinical_evidence,0.793291182074388,moderate,0,0,1,folate,FOLATE_MISSING
P000425,B6_deficiency,0.0021857414387136,0,unknown,insufficient_clinical_evidence,0.84,moderate,0,0,1,,B6_NO_VALIDATED_RULE
P000425,copper_deficiency,0.0018692127494229,0,unknown,insufficient_clinical_evidence,0.84,moderate,0,0,2,copper|ceruloplasmin,COPPER_NO_VALIDATED_RULE
P000425,inflammation_anemia,2.5896219894340262e-05,0,supports,conflict_ml_negative_rule_supports,0.64,low,3,0,1,sTfR,INFLAMMATION_PATTERN_SUPPORT
P000426,iron_deficiency,0.998653937750533,1,unknown,insufficient_clinical_evidence,0.84,moderate,1,2,2,Ret_He,IRON_INSUFFICIENT_OR_MIXED
P000426,B12_deficiency,0.006550003435069,0,unknown,insufficient_clinical_evidence,0.84,moderate,0,0,4,vitamin_B12|active_B12|MMA|homocysteine,B12_NO_TOTAL_B12
P000426,folate_deficiency,0.0015478176916758,0,against,agree_negative,0.9984521823083242,high,0,1,0,,FOLATE_NOT_LOW
P000426,B6_deficiency,0.0011114361542724,0,unknown,insufficient_clinical_evidence,0.84,moderate,0,0,1,vitamin_B6,B6_NO_VALIDATED_RULE
P000426,copper_deficiency,0.0054988836809068,0,unknown,insufficient_clinical_evidence,0.84,moderate,0,0,2,copper|ceruloplasmin,COPPER_NO_VALIDATED_RULE
P000426,inflammation_anemia,7.914600700684686e-05,0,against,agree_negative,0.9999208539929931,high,0,1,0,CRP,INFLAMMATION_NO_ANEMIA
P000427,iron_deficiency,0.0010393639515775,0,against,agree_negative,0.9989606360484224,high,0,2,3,TSAT|sTfR,IRON_MULTIPLE_AGAINST
P000427,B12_deficiency,0.0119175346052489,0,unknown,insufficient_clinical_evidence,0.84,moderate,0,0,4,active_B12|MMA,B12_TOTAL_NOT_LOW_BUT_NOT_EXCLUSION
P000427,folate_deficiency,0.0011221489067185,0,against,agree_negative,0.9988778510932815,high,0,1,0,,FOLATE_NOT_LOW
P000427,B6_deficiency,0.0122012111477863,0,unknown,insufficient_clinical_evidence,0.84,moderate,0,0,1,,B6_NO_VALIDATED_RULE
P000427,copper_deficiency,0.0056877748724396,0,unknown,insufficient_clinical_evidence,0.84,moderate,0,0,2,copper|ceruloplasmin,COPPER_NO_VALIDATED_RULE
P000427,inflammation_anemia,1.307409109288716e-05,0,against,agree_negative,0.9999869259089071,high,0,1,0,serum_iron|TIBC|TSAT|sTfR,INFLAMMATION_NO_ANEMIA
P000428,iron_deficiency,0.0001524227292343,0,against,agree_negative,0.9998475772707657,high,0,2,3,ferritin|Ret_He,IRON_MULTIPLE_AGAINST
P000428,B12_deficiency,0.987821189608756,1,unknown,insufficient_clinical_evidence,0.84,moderate,0,0,4,vitamin_B12|active_B12,B12_NO_TOTAL_B12
P000428,folate_deficiency,0.0727692472836148,0,unknown,insufficient_clinical_evidence,0.84,moderate,0,0,1,folate,FOLATE_MISSING
P000428,B6_deficiency,0.0006907008001128,0,unknown,insufficient_clinical_evidence,0.84,moderate,0,0,1,vitamin_B6,B6_NO_VALIDATED_RULE
P000428,copper_deficiency,0.0083732163900774,0,unknown,insufficient_clinical_evidence,0.84,moderate,0,0,2,copper|ceruloplasmin,COPPER_NO_VALIDATED_RULE
P000428,inflammation_anemia,1.6505660536493956e-05,0,against,agree_negative,0.9999834943394635,high,0,1,0,CRP|ferritin,INFLAMMATION_NO_ANEMIA
P000429,iron_deficiency,0.0010099011998254,0,unknown,insufficient_clinical_evidence,0.84,moderate,0,1,4,TSAT|Ret_He|sTfR,IRON_INSUFFICIENT_OR_MIXED
P000429,B12_deficiency,0.0008571002339219,0,unknown,insufficient_clinical_evidence,0.84,moderate,0,0,4,vitamin_B12|active_B12|homocysteine,B12_NO_TOTAL_B12
P000429,folate_deficiency,0.003571309429317,0,unknown,insufficient_clinical_evidence,0.84,moderate,0,0,1,folate,FOLATE_MISSING
P000429,B6_deficiency,0.9923529755304354,1,unknown,insufficient_clinical_evidence,0.84,moderate,0,0,1,,B6_NO_VALIDATED_RULE
P000429,copper_deficiency,0.0010790301070325,0,unknown,insufficient_clinical_evidence,0.84,moderate,0,0,2,copper|ceruloplasmin,COPPER_NO_VALIDATED_RULE
P000429,inflammation_anemia,0.0054731303845222,0,against,agree_negative,0.9945268696154778,high,0,1,0,CRP|serum_iron|TIBC|TSAT|sTfR,INFLAMMATION_NO_ANEMIA
P000430,iron_deficiency,0.2358855274090382,0,unknown,insufficient_clinical_evidence,0.7641144725909618,moderate,0,1,4,TSAT|Ret_He|sTfR,IRON_INSUFFICIENT_OR_MIXED
P000430,B12_deficiency,0.0119004674330348,0,unknown,insufficient_clinical_evidence,0.84,moderate,0,0,4,vitamin_B12|active_B12|MMA|homocysteine,B12_NO_TOTAL_B12
P000430,folate_deficiency,0.9944656398090116,1,supports,agree_positive,0.9944656398090116,high,1,0,0,,FOLATE_LOW
P000430,B6_deficiency,0.0004166049953463,0,unknown,insufficient_clinical_evidence,0.84,moderate,0,0,1,,B6_NO_VALIDATED_RULE
P000430,copper_deficiency,0.0025639821728043,0,unknown,insufficient_clinical_evidence,0.84,moderate,0,0,2,copper|ceruloplasmin,COPPER_NO_VALIDATED_RULE
P000430,inflammation_anemia,0.0001498812109192,0,against,agree_negative,0.9998501187890808,high,0,1,0,CRP|serum_iron|TIBC|TSAT|sTfR,INFLAMMATION_NO_ANEMIA
P000431,iron_deficiency,0.0004103438076129,0,supports,conflict_ml_negative_rule_supports,0.64,low,3,1,1,sTfR|CRP,IRON_MULTIPLE_SUPPORT
P000431,B12_deficiency,0.0004669334058824,0,unknown,insufficient_clinical_evidence,0.84,moderate,0,0,4,vitamin_B12|active_B12|homocysteine,B12_NO_TOTAL_B12
P000431,folate_deficiency,0.004142140236608,0,unknown,insufficient_clinical_evidence,0.84,moderate,0,0,1,,FOLATE_BORDERLINE
P000431,B6_deficiency,0.0026253345771253,0,unknown,insufficient_clinical_evidence,0.84,moderate,0,0,1,vitamin_B6,B6_NO_VALIDATED_RULE
P000431,copper_deficiency,0.0030312326478006,0,unknown,insufficient_clinical_evidence,0.84,moderate,0,0,2,copper|ceruloplasmin,COPPER_NO_VALIDATED_RULE
P000431,inflammation_anemia,0.9920431667210252,1,supports,agree_positive,0.9920431667210252,high,3,0,1,CRP|sTfR,INFLAMMATION_PATTERN_SUPPORT
P000432,iron_deficiency,0.9999922670055816,1,supports,agree_positive,0.9999922670055816,high,3,1,1,Ret_He|sTfR,IRON_MULTIPLE_SUPPORT
P000432,B12_deficiency,0.9985363879430054,1,unknown,insufficient_clinical_evidence,0.84,moderate,0,0,4,active_B12|MMA,B12_TOTAL_NOT_LOW_BUT_NOT_EXCLUSION
P000432,folate_deficiency,0.069363250912688,0,unknown,insufficient_clinical_evidence,0.84,moderate,0,0,1,folate,FOLATE_MISSING
P000432,B6_deficiency,0.0025120929600259,0,unknown,insufficient_clinical_evidence,0.84,moderate,0,0,1,vitamin_B6,B6_NO_VALIDATED_RULE
P000432,copper_deficiency,0.0013201131204294,0,unknown,insufficient_clinical_evidence,0.84,moderate,0,0,2,ceruloplasmin,COPPER_NO_VALIDATED_RULE
P000432,inflammation_anemia,9.10139678793945e-05,0,against,agree_negative,0.9999089860321206,high,0,3,1,CRP|sTfR,INFLAMMATION_PATTERN_AGAINST
P000433,iron_deficiency,0.0333827831716274,0,unknown,insufficient_clinical_evidence,0.84,moderate,0,0,5,ferritin|TSAT|Ret_He,IRON_INSUFFICIENT_OR_MIXED
P000433,B12_deficiency,4.799175224406519e-05,0,unknown,insufficient_clinical_evidence,0.84,moderate,0,0,4,MMA|homocysteine,B12_TOTAL_NOT_LOW_BUT_NOT_EXCLUSION
P000433,folate_deficiency,0.1695110949788644,0,unknown,insufficient_clinical_evidence,0.8304889050211356,moderate,0,0,1,,FOLATE_BORDERLINE
P000433,B6_deficiency,0.0179259011966661,0,unknown,insufficient_clinical_evidence,0.84,moderate,0,0,1,vitamin_B6,B6_NO_VALIDATED_RULE
P000433,copper_deficiency,0.000321304124809,0,unknown,insufficient_clinical_evidence,0.84,moderate,0,0,2,copper|ceruloplasmin,COPPER_NO_VALIDATED_RULE
P000433,inflammation_anemia,5.214774241232748e-05,0,against,agree_negative,0.9999478522575876,high,0,1,0,ferritin|serum_iron|TIBC|TSAT,INFLAMMATION_NO_ANEMIA
P000434,iron_deficiency,6.700842296883928e-05,0,unknown,insufficient_clinical_evidence,0.84,moderate,0,0,5,ferritin|TSAT|Ret_He|sTfR,IRON_INSUFFICIENT_OR_MIXED
P000434,B12_deficiency,0.0011410634053864,0,unknown,insufficient_clinical_evidence,0.84,moderate,0,0,4,MMA|homocysteine,B12_TOTAL_NOT_LOW_BUT_NOT_EXCLUSION
P000434,folate_deficiency,0.988489389224632,1,supports,agree_positive,0.988489389224632,high,1,0,0,,FOLATE_LOW
P000434,B6_deficiency,0.0004063710834342,0,unknown,insufficient_clinical_evidence,0.84,moderate,0,0,1,vitamin_B6,B6_NO_VALIDATED_RULE
P000434,copper_deficiency,0.0085356306062448,0,unknown,insufficient_clinical_evidence,0.84,moderate,0,0,2,copper|ceruloplasmin,COPPER_NO_VALIDATED_RULE
P000434,inflammation_anemia,0.0002657142599219,0,unknown,insufficient_clinical_evidence,0.84,moderate,0,0,4,ferritin|serum_iron|TIBC|TSAT|sTfR,INFLAMMATION_INCOMPLETE_OR_MIXED
P000435,iron_deficiency,0.9998480646596826,1,supports,agree_positive,0.9998480646596826,high,3,2,0,sTfR,IRON_MULTIPLE_SUPPORT
P000435,B12_deficiency,0.0001732046546091,0,unknown,insufficient_clinical_evidence,0.84,moderate,0,0,4,active_B12,B12_TOTAL_NOT_LOW_BUT_NOT_EXCLUSION
P000435,folate_deficiency,0.0009228196018902,0,against,agree_negative,0.9990771803981098,high,0,1,0,,FOLATE_NOT_LOW
P000435,B6_deficiency,0.0147571153690903,0,unknown,insufficient_clinical_evidence,0.84,moderate,0,0,1,vitamin_B6,B6_NO_VALIDATED_RULE
P000435,copper_deficiency,0.0082352637605482,0,unknown,insufficient_clinical_evidence,0.84,moderate,0,0,2,copper|ceruloplasmin,COPPER_NO_VALIDATED_RULE
P000435,inflammation_anemia,1.1296517777683931e-05,0,unknown,insufficient_clinical_evidence,0.84,moderate,1,2,1,CRP|sTfR,INFLAMMATION_INCOMPLETE_OR_MIXED
P000436,iron_deficiency,0.0001009872462911,0,against,agree_negative,0.9998990127537088,high,0,3,2,ferritin,IRON_MULTIPLE_AGAINST
P000436,B12_deficiency,0.0018917108793416,0,unknown,insufficient_clinical_evidence,0.84,moderate,0,0,4,vitamin_B12|active_B12|MMA|homocysteine,B12_NO_TOTAL_B12
P000436,folate_deficiency,0.0232266681833451,0,unknown,insufficient_clinical_evidence,0.84,moderate,0,0,1,folate,FOLATE_MISSING
P000436,B6_deficiency,0.0010009971166543,0,unknown,insufficient_clinical_evidence,0.84,moderate,0,0,1,vitamin_B6,B6_NO_VALIDATED_RULE
P000436,copper_deficiency,9.452342259651813e-05,0,unknown,insufficient_clinical_evidence,0.84,moderate,0,0,2,copper|ceruloplasmin,COPPER_NO_VALIDATED_RULE
P000436,inflammation_anemia,5.755903322496557e-05,0,against,agree_negative,0.999942440966775,high,0,1,0,CRP|ferritin,INFLAMMATION_NO_ANEMIA
P000437,iron_deficiency,0.0090882008556394,0,supports,conflict_ml_negative_rule_supports,0.64,low,2,0,3,ferritin|Ret_He|sTfR,IRON_MULTIPLE_SUPPORT
P000437,B12_deficiency,0.0001108086563034,0,unknown,insufficient_clinical_evidence,0.84,moderate,0,0,4,active_B12|MMA|homocysteine,B12_TOTAL_NOT_LOW_BUT_NOT_EXCLUSION
P000437,folate_deficiency,0.1270570656560792,0,unknown,insufficient_clinical_evidence,0.84,moderate,0,0,1,,FOLATE_BORDERLINE
P000437,B6_deficiency,0.0037890768555965,0,unknown,insufficient_clinical_evidence,0.84,moderate,0,0,1,,B6_NO_VALIDATED_RULE
P000437,copper_deficiency,0.0005088785449179,0,unknown,insufficient_clinical_evidence,0.84,moderate,0,0,2,copper|ceruloplasmin,COPPER_NO_VALIDATED_RULE
P000437,inflammation_anemia,0.999944880538308,1,supports,agree_positive,0.999944880538308,high,2,0,2,ferritin|sTfR,INFLAMMATION_PATTERN_SUPPORT
P000438,iron_deficiency,0.000195663634043,0,unknown,insufficient_clinical_evidence,0.84,moderate,1,3,1,,IRON_INSUFFICIENT_OR_MIXED
P000438,B12_deficiency,0.0003673822302252,0,unknown,insufficient_clinical_evidence,0.84,moderate,0,0,4,active_B12|MMA,B12_TOTAL_NOT_LOW_BUT_NOT_EXCLUSION
P000438,folate_deficiency,0.135221093402077,0,unknown,insufficient_clinical_evidence,0.84,moderate,0,0,1,folate,FOLATE_MISSING
P000438,B6_deficiency,0.0007390305130317,0,unknown,insufficient_clinical_evidence,0.84,moderate,0,0,1,vitamin_B6,B6_NO_VALIDATED_RULE
P000438,copper_deficiency,0.9803400443406506,1,unknown,insufficient_clinical_evidence,0.84,moderate,0,0,2,,COPPER_NO_VALIDATED_RULE
P000438,inflammation_anemia,0.0002421250122108,0,unknown,insufficient_clinical_evidence,0.84,moderate,2,1,1,,INFLAMMATION_INCOMPLETE_OR_MIXED
P000439,iron_deficiency,6.723644208706333e-05,0,against,agree_negative,0.9999327635579129,high,0,3,2,Ret_He|sTfR,IRON_MULTIPLE_AGAINST
P000439,B12_deficiency,0.999808477101636,1,supports,agree_positive,0.999808477101636,high,1,0,3,active_B12,B12_LOW_TOTAL
P000439,folate_deficiency,0.0843799723012481,0,unknown,insufficient_clinical_evidence,0.84,moderate,0,0,1,folate,FOLATE_MISSING
P000439,B6_deficiency,0.0004913318049641,0,unknown,insufficient_clinical_evidence,0.84,moderate,0,0,1,vitamin_B6,B6_NO_VALIDATED_RULE
P000439,copper_deficiency,0.0016292426507267,0,unknown,insufficient_clinical_evidence,0.84,moderate,0,0,2,copper,COPPER_NO_VALIDATED_RULE
P000439,inflammation_anemia,0.000285053976283,0,against,agree_negative,0.999714946023717,high,0,1,0,CRP|sTfR,INFLAMMATION_NO_ANEMIA
P000440,iron_deficiency,0.9977181836707366,1,supports,agree_positive,0.9977181836707366,high,2,1,2,Ret_He,IRON_MULTIPLE_SUPPORT
P000440,B12_deficiency,0.0013318706232647,0,unknown,insufficient_clinical_evidence,0.84,moderate,0,0,4,vitamin_B12|MMA|homocysteine,B12_NO_TOTAL_B12
P000440,folate_deficiency,0.0490868862769614,0,unknown,insufficient_clinical_evidence,0.84,moderate,0,0,1,folate,FOLATE_MISSING
P000440,B6_deficiency,0.0005723095410846,0,unknown,insufficient_clinical_evidence,0.84,moderate,0,0,1,vitamin_B6,B6_NO_VALIDATED_RULE
P000440,copper_deficiency,0.0094295210871094,0,unknown,insufficient_clinical_evidence,0.84,moderate,0,0,2,copper|ceruloplasmin,COPPER_NO_VALIDATED_RULE
P000440,inflammation_anemia,0.0101298867434371,0,against,agree_negative,0.9898701132565629,high,0,1,0,,INFLAMMATION_NO_ANEMIA
P000441,iron_deficiency,0.000310011528209,0,against,agree_negative,0.999689988471791,high,0,3,2,Ret_He|sTfR,IRON_MULTIPLE_AGAINST
P000441,B12_deficiency,0.0006826685280772,0,unknown,insufficient_clinical_evidence,0.84,moderate,0,0,4,active_B12|MMA,B12_TOTAL_NOT_LOW_BUT_NOT_EXCLUSION
P000441,folate_deficiency,0.0006441209585489,0,against,agree_negative,0.9993558790414511,high,0,1,0,,FOLATE_NOT_LOW
P000441,B6_deficiency,0.0069913942318087,0,unknown,insufficient_clinical_evidence,0.84,moderate,0,0,1,vitamin_B6,B6_NO_VALIDATED_RULE
P000441,copper_deficiency,1.8259606903552926e-10,0,unknown,insufficient_clinical_evidence,0.84,moderate,0,0,2,copper|ceruloplasmin,COPPER_NO_VALIDATED_RULE
P000441,inflammation_anemia,0.0114895248914262,0,against,agree_negative,0.9885104751085738,high,0,1,0,sTfR,INFLAMMATION_NO_ANEMIA
P000442,iron_deficiency,0.999971172740505,1,supports,agree_positive,0.999971172740505,high,4,0,1,Ret_He|sTfR,IRON_MULTIPLE_SUPPORT
P000442,B12_deficiency,0.0072090864150759,0,unknown,insufficient_clinical_evidence,0.84,moderate,0,0,4,vitamin_B12|active_B12|MMA|homocysteine,B12_NO_TOTAL_B12
P000442,folate_deficiency,0.013824887088392,0,unknown,insufficient_clinical_evidence,0.84,moderate,0,0,1,folate,FOLATE_MISSING
P000442,B6_deficiency,0.0043182347180484,0,unknown,insufficient_clinical_evidence,0.84,moderate,0,0,1,,B6_NO_VALIDATED_RULE
P000442,copper_deficiency,5.095992046111868e-05,0,unknown,insufficient_clinical_evidence,0.84,moderate,0,0,2,copper|ceruloplasmin,COPPER_NO_VALIDATED_RULE
P000442,inflammation_anemia,0.0001222223407456,0,unknown,insufficient_clinical_evidence,0.84,moderate,1,2,1,CRP|sTfR,INFLAMMATION_INCOMPLETE_OR_MIXED
P000443,iron_deficiency,0.0027471529875041,0,unknown,insufficient_clinical_evidence,0.84,moderate,0,0,5,ferritin|TSAT|Ret_He|sTfR,IRON_INSUFFICIENT_OR_MIXED
P000443,B12_deficiency,0.0013563155184014,0,unknown,insufficient_clinical_evidence,0.84,moderate,0,0,4,vitamin_B12|active_B12|MMA|homocysteine,B12_NO_TOTAL_B12
P000443,folate_deficiency,0.0064947234962808,0,unknown,insufficient_clinical_evidence,0.84,moderate,0,0,1,folate,FOLATE_MISSING
P000443,B6_deficiency,0.0049512718669071,0,unknown,insufficient_clinical_evidence,0.84,moderate,0,0,1,,B6_NO_VALIDATED_RULE
P000443,copper_deficiency,0.0043162539167465,0,unknown,insufficient_clinical_evidence,0.84,moderate,0,0,2,copper|ceruloplasmin,COPPER_NO_VALIDATED_RULE
P000443,inflammation_anemia,4.204559328825299e-05,0,against,agree_negative,0.9999579544067118,high,0,1,0,CRP|ferritin|serum_iron|TIBC|TSAT|sTfR,INFLAMMATION_NO_ANEMIA
P000444,iron_deficiency,0.9999479967339198,1,supports,agree_positive,0.9999479967339198,high,3,0,2,sTfR,IRON_MULTIPLE_SUPPORT
P000444,B12_deficiency,0.0039554232223706,0,unknown,insufficient_clinical_evidence,0.84,moderate,0,0,4,vitamin_B12|MMA|homocysteine,B12_NO_TOTAL_B12
P000444,folate_deficiency,0.0256769837955616,0,unknown,insufficient_clinical_evidence,0.84,moderate,0,0,1,folate,FOLATE_MISSING
P000444,B6_deficiency,0.0009440262175349,0,unknown,insufficient_clinical_evidence,0.84,moderate,0,0,1,vitamin_B6,B6_NO_VALIDATED_RULE
P000444,copper_deficiency,3.757210172216834e-07,0,unknown,insufficient_clinical_evidence,0.84,moderate,0,0,2,ceruloplasmin,COPPER_NO_VALIDATED_RULE
P000444,inflammation_anemia,0.0025449122422947,0,supports,conflict_ml_negative_rule_supports,0.64,low,3,0,1,CRP|sTfR,INFLAMMATION_PATTERN_SUPPORT
P000445,iron_deficiency,0.0012901458719282,0,unknown,insufficient_clinical_evidence,0.84,moderate,0,1,4,TSAT|Ret_He,IRON_INSUFFICIENT_OR_MIXED
P000445,B12_deficiency,0.000296204877316,0,unknown,insufficient_clinical_evidence,0.84,moderate,0,0,4,active_B12|MMA|homocysteine,B12_TOTAL_NOT_LOW_BUT_NOT_EXCLUSION
P000445,folate_deficiency,0.7029717731541336,1,supports,agree_positive,0.7029717731541336,moderate,1,0,0,,FOLATE_LOW
P000445,B6_deficiency,0.0203829373077321,0,unknown,insufficient_clinical_evidence,0.84,moderate,0,0,1,vitamin_B6,B6_NO_VALIDATED_RULE
P000445,copper_deficiency,0.0066380275710844,0,unknown,insufficient_clinical_evidence,0.84,moderate,0,0,2,copper|ceruloplasmin,COPPER_NO_VALIDATED_RULE
P000445,inflammation_anemia,0.0027898172845364,0,against,agree_negative,0.9972101827154636,high,0,1,0,serum_iron|TIBC|TSAT,INFLAMMATION_NO_ANEMIA
P000446,iron_deficiency,0.9998522824253462,1,supports,agree_positive,0.9998522824253462,high,2,1,2,Ret_He|sTfR,IRON_MULTIPLE_SUPPORT
P000446,B12_deficiency,9.042009394543972e-05,0,unknown,insufficient_clinical_evidence,0.84,moderate,0,0,4,active_B12|MMA|homocysteine,B12_TOTAL_NOT_LOW_BUT_NOT_EXCLUSION
P000446,folate_deficiency,0.0017706527870272,0,unknown,insufficient_clinical_evidence,0.84,moderate,0,0,1,,FOLATE_BORDERLINE
P000446,B6_deficiency,0.0029994399160375,0,unknown,insufficient_clinical_evidence,0.84,moderate,0,0,1,vitamin_B6,B6_NO_VALIDATED_RULE
P000446,copper_deficiency,0.0038757710327872,0,unknown,insufficient_clinical_evidence,0.84,moderate,0,0,2,copper|ceruloplasmin,COPPER_NO_VALIDATED_RULE
P000446,inflammation_anemia,8.211698706934066e-05,0,unknown,insufficient_clinical_evidence,0.84,moderate,1,2,1,sTfR,INFLAMMATION_INCOMPLETE_OR_MIXED
P000447,iron_deficiency,0.3719245047717922,0,unknown,insufficient_clinical_evidence,0.6280754952282078,low,0,0,5,ferritin|TSAT|Ret_He|sTfR,IRON_INSUFFICIENT_OR_MIXED
P000447,B12_deficiency,0.0034165338566751,0,unknown,insufficient_clinical_evidence,0.84,moderate,0,0,4,active_B12|homocysteine,B12_TOTAL_NOT_LOW_BUT_NOT_EXCLUSION
P000447,folate_deficiency,0.0003367431552561,0,against,agree_negative,0.9996632568447439,high,0,1,0,,FOLATE_NOT_LOW
P000447,B6_deficiency,0.0376735351949357,0,unknown,insufficient_clinical_evidence,0.84,moderate,0,0,1,,B6_NO_VALIDATED_RULE
P000447,copper_deficiency,0.0007350110826832,0,unknown,insufficient_clinical_evidence,0.84,moderate,0,0,2,copper|ceruloplasmin,COPPER_NO_VALIDATED_RULE
P000447,inflammation_anemia,0.0089519028949752,0,unknown,insufficient_clinical_evidence,0.84,moderate,0,0,4,CRP|ferritin|serum_iron|TIBC|TSAT|sTfR,INFLAMMATION_INCOMPLETE_OR_MIXED
P000448,iron_deficiency,0.0002843695855088,0,unknown,insufficient_clinical_evidence,0.84,moderate,1,2,2,ferritin|sTfR,IRON_INSUFFICIENT_OR_MIXED
P000448,B12_deficiency,0.0059881839760633,0,unknown,insufficient_clinical_evidence,0.84,moderate,0,0,4,vitamin_B12|active_B12|homocysteine,B12_NO_TOTAL_B12
P000448,folate_deficiency,0.1508856891594411,0,unknown,insufficient_clinical_evidence,0.84,moderate,0,0,1,folate,FOLATE_MISSING
P000448,B6_deficiency,0.0002359331704458,0,unknown,insufficient_clinical_evidence,0.84,moderate,0,0,1,vitamin_B6,B6_NO_VALIDATED_RULE
P000448,copper_deficiency,0.000105461489487,0,unknown,insufficient_clinical_evidence,0.84,moderate,0,0,2,copper|ceruloplasmin,COPPER_NO_VALIDATED_RULE
P000448,inflammation_anemia,4.033022721517578e-05,0,against,agree_negative,0.9999596697727848,high,0,1,0,CRP|ferritin|sTfR,INFLAMMATION_NO_ANEMIA
P000449,iron_deficiency,0.0007606608085834,0,unknown,insufficient_clinical_evidence,0.84,moderate,1,2,2,Ret_He|sTfR,IRON_INSUFFICIENT_OR_MIXED
P000449,B12_deficiency,0.0005417275503003,0,unknown,insufficient_clinical_evidence,0.84,moderate,0,0,4,active_B12|MMA|homocysteine,B12_TOTAL_NOT_LOW_BUT_NOT_EXCLUSION
P000449,folate_deficiency,0.0006604445811509,0,against,agree_negative,0.9993395554188491,high,0,1,0,,FOLATE_NOT_LOW
P000449,B6_deficiency,0.0189206790010486,0,unknown,insufficient_clinical_evidence,0.84,moderate,0,0,1,vitamin_B6,B6_NO_VALIDATED_RULE
P000449,copper_deficiency,0.005039843365741,0,unknown,insufficient_clinical_evidence,0.84,moderate,0,0,2,copper|ceruloplasmin,COPPER_NO_VALIDATED_RULE
P000449,inflammation_anemia,0.94114964528654,1,supports,agree_positive,0.94114964528654,high,3,0,1,sTfR,INFLAMMATION_PATTERN_SUPPORT
P000450,iron_deficiency,0.9997378500591192,1,supports,agree_positive,0.9997378500591192,high,2,0,3,Ret_He|sTfR,IRON_MULTIPLE_SUPPORT
P000450,B12_deficiency,8.659055638371206e-05,0,unknown,insufficient_clinical_evidence,0.84,moderate,0,0,4,active_B12|MMA|homocysteine,B12_TOTAL_NOT_LOW_BUT_NOT_EXCLUSION
P000450,folate_deficiency,0.7716514283708924,1,supports,agree_positive,0.7716514283708924,moderate,1,0,0,,FOLATE_LOW
P000450,B6_deficiency,0.0066483413452002,0,unknown,insufficient_clinical_evidence,0.84,moderate,0,0,1,vitamin_B6,B6_NO_VALIDATED_RULE
P000450,copper_deficiency,0.0058351850534393,0,unknown,insufficient_clinical_evidence,0.84,moderate,0,0,2,ceruloplasmin,COPPER_NO_VALIDATED_RULE
P000450,inflammation_anemia,0.0001938765924413,0,supports,conflict_ml_negative_rule_supports,0.64,low,3,0,1,sTfR,INFLAMMATION_PATTERN_SUPPORT
P000451,iron_deficiency,0.999798105839442,1,supports,agree_positive,0.999798105839442,high,3,0,2,ferritin|Ret_He|sTfR,IRON_MULTIPLE_SUPPORT
P000451,B12_deficiency,0.9993939795304856,1,supports,agree_positive,0.9993939795304856,high,1,0,3,MMA,B12_LOW_TOTAL
P000451,folate_deficiency,0.0108793538323355,0,unknown,insufficient_clinical_evidence,0.84,moderate,0,0,1,folate,FOLATE_MISSING
P000451,B6_deficiency,0.0025503220019085,0,unknown,insufficient_clinical_evidence,0.84,moderate,0,0,1,vitamin_B6,B6_NO_VALIDATED_RULE
P000451,copper_deficiency,0.0020995182944015,0,unknown,insufficient_clinical_evidence,0.84,moderate,0,0,2,copper,COPPER_NO_VALIDATED_RULE
P000451,inflammation_anemia,0.0001252091437909,0,unknown,insufficient_clinical_evidence,0.84,moderate,1,1,2,ferritin|sTfR,INFLAMMATION_INCOMPLETE_OR_MIXED
P000452,iron_deficiency,0.001350541927562,0,against,agree_negative,0.998649458072438,high,0,2,3,ferritin|Ret_He|sTfR,IRON_MULTIPLE_AGAINST
P000452,B12_deficiency,0.0012291474439423,0,unknown,insufficient_clinical_evidence,0.84,moderate,0,0,4,vitamin_B12|active_B12|MMA|homocysteine,B12_NO_TOTAL_B12
P000452,folate_deficiency,0.1589421978223857,0,unknown,insufficient_clinical_evidence,0.84,moderate,0,0,1,,FOLATE_BORDERLINE
P000452,B6_deficiency,0.0314228230665296,0,unknown,insufficient_clinical_evidence,0.84,moderate,0,0,1,vitamin_B6,B6_NO_VALIDATED_RULE
P000452,copper_deficiency,0.0032353544238804,0,unknown,insufficient_clinical_evidence,0.84,moderate,0,0,2,copper|ceruloplasmin,COPPER_NO_VALIDATED_RULE
P000452,inflammation_anemia,2.383963473764549e-05,0,unknown,insufficient_clinical_evidence,0.84,moderate,1,1,2,ferritin|sTfR,INFLAMMATION_INCOMPLETE_OR_MIXED
P000453,iron_deficiency,0.93066455796547,1,supports,agree_positive,0.93066455796547,high,2,0,3,ferritin|Ret_He|sTfR,IRON_MULTIPLE_SUPPORT
P000453,B12_deficiency,2.6006521959771223e-05,0,unknown,insufficient_clinical_evidence,0.84,moderate,0,0,4,MMA,B12_TOTAL_NOT_LOW_BUT_NOT_EXCLUSION
P000453,folate_deficiency,0.0727634877528637,0,unknown,insufficient_clinical_evidence,0.84,moderate,0,0,1,folate,FOLATE_MISSING
P000453,B6_deficiency,0.1243728683027297,0,unknown,insufficient_clinical_evidence,0.84,moderate,0,0,1,vitamin_B6,B6_NO_VALIDATED_RULE
P000453,copper_deficiency,0.0019373183527792,0,unknown,insufficient_clinical_evidence,0.84,moderate,0,0,2,copper,COPPER_NO_VALIDATED_RULE
P000453,inflammation_anemia,5.36517853355162e-05,0,supports,conflict_ml_negative_rule_supports,0.64,low,2,0,2,CRP|ferritin|sTfR,INFLAMMATION_PATTERN_SUPPORT
P000454,iron_deficiency,0.999988458642887,1,supports,agree_positive,0.999988458642887,high,2,1,2,Ret_He|sTfR,IRON_MULTIPLE_SUPPORT
P000454,B12_deficiency,0.0001537060556794,0,unknown,insufficient_clinical_evidence,0.84,moderate,0,0,4,active_B12|MMA|homocysteine,B12_TOTAL_NOT_LOW_BUT_NOT_EXCLUSION
P000454,folate_deficiency,0.2958333604556524,0,unknown,insufficient_clinical_evidence,0.7041666395443476,moderate,0,0,1,folate,FOLATE_MISSING
P000454,B6_deficiency,0.0133182920725318,0,unknown,insufficient_clinical_evidence,0.84,moderate,0,0,1,vitamin_B6,B6_NO_VALIDATED_RULE
P000454,copper_deficiency,0.0005636864134681,0,unknown,insufficient_clinical_evidence,0.84,moderate,0,0,2,ceruloplasmin,COPPER_NO_VALIDATED_RULE
P000454,inflammation_anemia,0.0001757588938404,0,unknown,insufficient_clinical_evidence,0.84,moderate,1,2,1,CRP|sTfR,INFLAMMATION_INCOMPLETE_OR_MIXED
P000455,iron_deficiency,0.9999625830642036,1,unknown,insufficient_clinical_evidence,0.84,moderate,1,1,3,Ret_He,IRON_INSUFFICIENT_OR_MIXED
P000455,B12_deficiency,0.0069782064305726,0,unknown,insufficient_clinical_evidence,0.84,moderate,0,0,4,vitamin_B12|active_B12|MMA|homocysteine,B12_NO_TOTAL_B12
P000455,folate_deficiency,0.4590758517968355,0,supports,conflict_ml_negative_rule_supports,0.5409241482031645,low,1,0,0,vitamin_B12|homocysteine,FOLATE_LOW
P000455,B6_deficiency,0.0016932204057349,0,unknown,insufficient_clinical_evidence,0.84,moderate,0,0,1,vitamin_B6,B6_NO_VALIDATED_RULE
P000455,copper_deficiency,0.0053159983428861,0,unknown,insufficient_clinical_evidence,0.84,moderate,0,0,2,copper|ceruloplasmin,COPPER_NO_VALIDATED_RULE
P000455,inflammation_anemia,0.0001033511077596,0,unknown,insufficient_clinical_evidence,0.84,moderate,2,1,1,CRP,INFLAMMATION_INCOMPLETE_OR_MIXED
P000456,iron_deficiency,3.768167899219269e-05,0,against,agree_negative,0.9999623183210078,high,0,3,2,Ret_He|sTfR,IRON_MULTIPLE_AGAINST
P000456,B12_deficiency,0.0003113027097493,0,unknown,insufficient_clinical_evidence,0.84,moderate,0,0,4,active_B12|homocysteine,B12_TOTAL_NOT_LOW_BUT_NOT_EXCLUSION
P000456,folate_deficiency,0.5894035418320529,1,unknown,insufficient_clinical_evidence,0.5894035418320529,low,0,0,1,folate,FOLATE_MISSING
P000456,B6_deficiency,0.0038411373415531,0,unknown,insufficient_clinical_evidence,0.84,moderate,0,0,1,vitamin_B6,B6_NO_VALIDATED_RULE
P000456,copper_deficiency,2.04780403309245e-10,0,unknown,insufficient_clinical_evidence,0.84,moderate,0,0,2,copper,COPPER_NO_VALIDATED_RULE
P000456,inflammation_anemia,0.0003386655369284,0,unknown,insufficient_clinical_evidence,0.84,moderate,2,1,1,sTfR,INFLAMMATION_INCOMPLETE_OR_MIXED
P000457,iron_deficiency,0.0065903278531546,0,against,agree_negative,0.9934096721468454,high,0,2,3,TSAT|sTfR,IRON_MULTIPLE_AGAINST
P000457,B12_deficiency,9.211210983635976e-05,0,unknown,insufficient_clinical_evidence,0.84,moderate,0,0,4,active_B12|MMA|homocysteine,B12_TOTAL_NOT_LOW_BUT_NOT_EXCLUSION
P000457,folate_deficiency,0.0021860608017535,0,unknown,insufficient_clinical_evidence,0.84,moderate,0,0,1,folate,FOLATE_MISSING
P000457,B6_deficiency,0.9501097022253772,1,unknown,insufficient_clinical_evidence,0.84,moderate,0,0,1,,B6_NO_VALIDATED_RULE
P000457,copper_deficiency,9.467232984155632e-06,0,unknown,insufficient_clinical_evidence,0.84,moderate,0,0,2,copper|ceruloplasmin,COPPER_NO_VALIDATED_RULE
P000457,inflammation_anemia,8.24431908904876e-05,0,against,agree_negative,0.9999175568091095,high,0,1,0,CRP|serum_iron|TIBC|TSAT|sTfR,INFLAMMATION_NO_ANEMIA
P000458,iron_deficiency,0.9993424909116876,1,unknown,insufficient_clinical_evidence,0.84,moderate,1,0,4,TSAT|Ret_He,IRON_INSUFFICIENT_OR_MIXED
P000458,B12_deficiency,0.0008913875301002,0,unknown,insufficient_clinical_evidence,0.84,moderate,0,0,4,active_B12|MMA|homocysteine,B12_TOTAL_NOT_LOW_BUT_NOT_EXCLUSION
P000458,folate_deficiency,0.0045389084946521,0,against,agree_negative,0.9954610915053479,high,0,1,0,,FOLATE_NOT_LOW
P000458,B6_deficiency,0.0201673347705138,0,unknown,insufficient_clinical_evidence,0.84,moderate,0,0,1,vitamin_B6,B6_NO_VALIDATED_RULE
P000458,copper_deficiency,9.863583492730966e-15,0,unknown,insufficient_clinical_evidence,0.84,moderate,0,0,2,copper|ceruloplasmin,COPPER_NO_VALIDATED_RULE
P000458,inflammation_anemia,0.0012097597372834,0,unknown,insufficient_clinical_evidence,0.84,moderate,0,1,3,CRP|serum_iron|TIBC|TSAT,INFLAMMATION_INCOMPLETE_OR_MIXED
P000459,iron_deficiency,7.037971939666505e-05,0,unknown,insufficient_clinical_evidence,0.84,moderate,0,1,4,TSAT|Ret_He,IRON_INSUFFICIENT_OR_MIXED
P000459,B12_deficiency,0.0240726611758174,0,unknown,insufficient_clinical_evidence,0.84,moderate,0,0,4,vitamin_B12|active_B12|MMA|homocysteine,B12_NO_TOTAL_B12
P000459,folate_deficiency,0.996268178423508,1,supports,agree_positive,0.996268178423508,high,1,0,0,,FOLATE_LOW
P000459,B6_deficiency,0.0119154332649468,0,unknown,insufficient_clinical_evidence,0.84,moderate,0,0,1,vitamin_B6,B6_NO_VALIDATED_RULE
P000459,copper_deficiency,0.0016988735067738,0,unknown,insufficient_clinical_evidence,0.84,moderate,0,0,2,copper|ceruloplasmin,COPPER_NO_VALIDATED_RULE
P000459,inflammation_anemia,0.0001120993629348,0,unknown,insufficient_clinical_evidence,0.84,moderate,1,0,3,serum_iron|TIBC|TSAT,INFLAMMATION_INCOMPLETE_OR_MIXED
P000460,iron_deficiency,0.0357560320450959,0,unknown,insufficient_clinical_evidence,0.84,moderate,0,0,5,ferritin|TSAT|Ret_He|sTfR,IRON_INSUFFICIENT_OR_MIXED
P000460,B12_deficiency,0.0047195630001273,0,unknown,insufficient_clinical_evidence,0.84,moderate,0,0,4,vitamin_B12|active_B12|MMA,B12_NO_TOTAL_B12
P000460,folate_deficiency,0.0278153932502019,0,unknown,insufficient_clinical_evidence,0.84,moderate,0,0,1,folate,FOLATE_MISSING
P000460,B6_deficiency,0.0019574132441398,0,unknown,insufficient_clinical_evidence,0.84,moderate,0,0,1,,B6_NO_VALIDATED_RULE
P000460,copper_deficiency,0.7900767314304311,1,unknown,insufficient_clinical_evidence,0.7900767314304311,moderate,0,0,2,ceruloplasmin,COPPER_NO_VALIDATED_RULE
P000460,inflammation_anemia,0.0002401009028738,0,against,agree_negative,0.9997598990971261,high,0,1,0,CRP|ferritin|serum_iron|TIBC|TSAT|sTfR,INFLAMMATION_NO_ANEMIA
P000461,iron_deficiency,0.999989787527315,1,supports,agree_positive,0.999989787527315,high,4,0,1,Ret_He|sTfR,IRON_MULTIPLE_SUPPORT
P000461,B12_deficiency,0.9994503373741864,1,supports,agree_positive,0.9994503373741864,high,1,0,3,active_B12|MMA,B12_LOW_TOTAL
P000461,folate_deficiency,0.1398776837397959,0,unknown,insufficient_clinical_evidence,0.84,moderate,0,0,1,,FOLATE_BORDERLINE
P000461,B6_deficiency,0.0112998768515994,0,unknown,insufficient_clinical_evidence,0.84,moderate,0,0,1,vitamin_B6,B6_NO_VALIDATED_RULE
P000461,copper_deficiency,0.0064070111379887,0,unknown,insufficient_clinical_evidence,0.84,moderate,0,0,2,copper|ceruloplasmin,COPPER_NO_VALIDATED_RULE
P000461,inflammation_anemia,5.366390508953778e-05,0,unknown,insufficient_clinical_evidence,0.84,moderate,1,2,1,sTfR,INFLAMMATION_INCOMPLETE_OR_MIXED
P000462,iron_deficiency,0.0013193432070722,0,unknown,insufficient_clinical_evidence,0.84,moderate,0,1,4,TSAT|Ret_He|sTfR,IRON_INSUFFICIENT_OR_MIXED
P000462,B12_deficiency,0.0007685877888742,0,unknown,insufficient_clinical_evidence,0.84,moderate,0,0,4,vitamin_B12|active_B12|MMA,B12_NO_TOTAL_B12
P000462,folate_deficiency,0.0498674043112942,0,unknown,insufficient_clinical_evidence,0.84,moderate,0,0,1,folate,FOLATE_MISSING
P000462,B6_deficiency,0.000126306661552,0,unknown,insufficient_clinical_evidence,0.84,moderate,0,0,1,vitamin_B6,B6_NO_VALIDATED_RULE
P000462,copper_deficiency,0.0003152628964213,0,unknown,insufficient_clinical_evidence,0.84,moderate,0,0,2,copper|ceruloplasmin,COPPER_NO_VALIDATED_RULE
P000462,inflammation_anemia,0.011028176075134,0,against,agree_negative,0.988971823924866,high,0,1,0,serum_iron|TIBC|TSAT|sTfR,INFLAMMATION_NO_ANEMIA
P000463,iron_deficiency,0.999814609616788,1,supports,agree_positive,0.999814609616788,high,4,1,0,,IRON_MULTIPLE_SUPPORT
P000463,B12_deficiency,0.9953637862730984,1,unknown,insufficient_clinical_evidence,0.84,moderate,0,0,4,,B12_TOTAL_NOT_LOW_BUT_NOT_EXCLUSION
P000463,folate_deficiency,0.0058666194957868,0,against,agree_negative,0.9941333805042132,high,0,1,0,,FOLATE_NOT_LOW
P000463,B6_deficiency,0.0010451640710006,0,unknown,insufficient_clinical_evidence,0.84,moderate,0,0,1,vitamin_B6,B6_NO_VALIDATED_RULE
P000463,copper_deficiency,0.0069324329102954,0,unknown,insufficient_clinical_evidence,0.84,moderate,0,0,2,copper|ceruloplasmin,COPPER_NO_VALIDATED_RULE
P000463,inflammation_anemia,0.0004517123173401,0,unknown,insufficient_clinical_evidence,0.84,moderate,2,1,1,CRP,INFLAMMATION_INCOMPLETE_OR_MIXED
P000464,iron_deficiency,0.0466278342534239,0,unknown,insufficient_clinical_evidence,0.84,moderate,0,0,5,ferritin|TSAT|Ret_He|sTfR,IRON_INSUFFICIENT_OR_MIXED
P000464,B12_deficiency,0.0010267052541675,0,unknown,insufficient_clinical_evidence,0.84,moderate,0,0,4,MMA,B12_TOTAL_NOT_LOW_BUT_NOT_EXCLUSION
P000464,folate_deficiency,0.0006752663831376,0,against,agree_negative,0.9993247336168624,high,0,1,0,,FOLATE_NOT_LOW
P000464,B6_deficiency,0.9870086869360744,1,unknown,insufficient_clinical_evidence,0.84,moderate,0,0,1,,B6_NO_VALIDATED_RULE
P000464,copper_deficiency,0.007603100015964,0,unknown,insufficient_clinical_evidence,0.84,moderate,0,0,2,copper|ceruloplasmin,COPPER_NO_VALIDATED_RULE
P000464,inflammation_anemia,4.474550514168464e-05,0,against,agree_negative,0.9999552544948583,high,0,1,0,CRP|ferritin|serum_iron|TIBC|TSAT|sTfR,INFLAMMATION_NO_ANEMIA
P000465,iron_deficiency,0.0009183567209361,0,unknown,insufficient_clinical_evidence,0.84,moderate,0,1,4,TSAT|Ret_He,IRON_INSUFFICIENT_OR_MIXED
P000465,B12_deficiency,0.0063548808463609,0,unknown,insufficient_clinical_evidence,0.84,moderate,0,0,4,homocysteine,B12_TOTAL_NOT_LOW_BUT_NOT_EXCLUSION
P000465,folate_deficiency,0.9842865541572512,1,supports,agree_positive,0.9842865541572512,high,1,0,0,,FOLATE_LOW
P000465,B6_deficiency,0.0005875911407626,0,unknown,insufficient_clinical_evidence,0.84,moderate,0,0,1,vitamin_B6,B6_NO_VALIDATED_RULE
P000465,copper_deficiency,0.0072519061052252,0,unknown,insufficient_clinical_evidence,0.84,moderate,0,0,2,copper|ceruloplasmin,COPPER_NO_VALIDATED_RULE
P000465,inflammation_anemia,8.69218988103903e-06,0,against,agree_negative,0.9999913078101189,high,0,1,0,CRP|serum_iron|TIBC|TSAT,INFLAMMATION_NO_ANEMIA
P000466,iron_deficiency,3.5842003902999655e-05,0,against,agree_negative,0.999964157996097,high,0,3,2,Ret_He,IRON_MULTIPLE_AGAINST
P000466,B12_deficiency,0.0004136365807319,0,unknown,insufficient_clinical_evidence,0.84,moderate,0,0,4,MMA|homocysteine,B12_TOTAL_NOT_LOW_BUT_NOT_EXCLUSION
P000466,folate_deficiency,0.0072815958680285,0,unknown,insufficient_clinical_evidence,0.84,moderate,0,0,1,folate,FOLATE_MISSING
P000466,B6_deficiency,0.029695361290075,0,unknown,insufficient_clinical_evidence,0.84,moderate,0,0,1,vitamin_B6,B6_NO_VALIDATED_RULE
P000466,copper_deficiency,0.1300338009861616,0,unknown,insufficient_clinical_evidence,0.84,moderate,0,0,2,copper,COPPER_NO_VALIDATED_RULE
P000466,inflammation_anemia,0.0005260123693576,0,unknown,insufficient_clinical_evidence,0.84,moderate,2,1,1,,INFLAMMATION_INCOMPLETE_OR_MIXED
P000467,iron_deficiency,0.0106923914489683,0,unknown,insufficient_clinical_evidence,0.84,moderate,0,0,5,ferritin|TSAT|Ret_He|sTfR,IRON_INSUFFICIENT_OR_MIXED
P000467,B12_deficiency,0.0046810196420595,0,unknown,insufficient_clinical_evidence,0.84,moderate,0,0,4,vitamin_B12|active_B12|homocysteine,B12_NO_TOTAL_B12
P000467,folate_deficiency,0.081253516151507,0,unknown,insufficient_clinical_evidence,0.84,moderate,0,0,1,,FOLATE_BORDERLINE
P000467,B6_deficiency,0.0001060014026875,0,unknown,insufficient_clinical_evidence,0.84,moderate,0,0,1,vitamin_B6,B6_NO_VALIDATED_RULE
P000467,copper_deficiency,0.0047821297044718,0,unknown,insufficient_clinical_evidence,0.84,moderate,0,0,2,copper|ceruloplasmin,COPPER_NO_VALIDATED_RULE
P000467,inflammation_anemia,0.0004013984650595,0,against,agree_negative,0.9995986015349405,high,0,1,0,ferritin|serum_iron|TIBC|TSAT|sTfR,INFLAMMATION_NO_ANEMIA
P000468,iron_deficiency,0.9989289126496036,1,unknown,insufficient_clinical_evidence,0.84,moderate,0,1,4,TSAT|Ret_He,IRON_INSUFFICIENT_OR_MIXED
P000468,B12_deficiency,0.9922839641098516,1,unknown,insufficient_clinical_evidence,0.84,moderate,0,0,4,,B12_TOTAL_NOT_LOW_BUT_NOT_EXCLUSION
P000468,folate_deficiency,0.0022068723495712,0,against,agree_negative,0.9977931276504288,high,0,1,0,,FOLATE_NOT_LOW
P000468,B6_deficiency,0.0024735092988923,0,unknown,insufficient_clinical_evidence,0.84,moderate,0,0,1,vitamin_B6,B6_NO_VALIDATED_RULE
P000468,copper_deficiency,0.0039598425878565,0,unknown,insufficient_clinical_evidence,0.84,moderate,0,0,2,,COPPER_NO_VALIDATED_RULE
P000468,inflammation_anemia,8.950575543882573e-05,0,unknown,insufficient_clinical_evidence,0.84,moderate,1,0,3,serum_iron|TIBC|TSAT,INFLAMMATION_INCOMPLETE_OR_MIXED
P000469,iron_deficiency,0.999845356810527,1,supports,agree_positive,0.999845356810527,high,2,0,3,Ret_He|sTfR,IRON_MULTIPLE_SUPPORT
P000469,B12_deficiency,0.0023590234886854,0,unknown,insufficient_clinical_evidence,0.84,moderate,0,0,4,vitamin_B12|active_B12|MMA|homocysteine,B12_NO_TOTAL_B12
P000469,folate_deficiency,0.0028074244073345,0,unknown,insufficient_clinical_evidence,0.84,moderate,0,0,1,,FOLATE_BORDERLINE
P000469,B6_deficiency,0.0014502690151795,0,unknown,insufficient_clinical_evidence,0.84,moderate,0,0,1,vitamin_B6,B6_NO_VALIDATED_RULE
P000469,copper_deficiency,0.0071793489938593,0,unknown,insufficient_clinical_evidence,0.84,moderate,0,0,2,copper|ceruloplasmin,COPPER_NO_VALIDATED_RULE
P000469,inflammation_anemia,0.0001693261909525,0,against,agree_negative,0.9998306738090476,high,0,1,0,sTfR,INFLAMMATION_NO_ANEMIA
P000470,iron_deficiency,0.0001639135155872,0,against,agree_negative,0.9998360864844128,high,0,4,1,,IRON_MULTIPLE_AGAINST
P000470,B12_deficiency,0.0003316959576579,0,unknown,insufficient_clinical_evidence,0.84,moderate,0,0,4,,B12_TOTAL_NOT_LOW_BUT_NOT_EXCLUSION
P000470,folate_deficiency,0.7973747122126494,1,unknown,insufficient_clinical_evidence,0.7973747122126494,moderate,0,0,1,,FOLATE_BORDERLINE
P000470,B6_deficiency,0.0229757730185032,0,unknown,insufficient_clinical_evidence,0.84,moderate,0,0,1,vitamin_B6,B6_NO_VALIDATED_RULE
P000470,copper_deficiency,0.0032257507663787,0,unknown,insufficient_clinical_evidence,0.84,moderate,0,0,2,copper|ceruloplasmin,COPPER_NO_VALIDATED_RULE
P000470,inflammation_anemia,3.883433120722375e-05,0,unknown,insufficient_clinical_evidence,0.84,moderate,2,1,1,CRP,INFLAMMATION_INCOMPLETE_OR_MIXED
P000471,iron_deficiency,0.0002935125699856,0,supports,conflict_ml_negative_rule_supports,0.64,low,3,2,0,,IRON_MULTIPLE_SUPPORT
P000471,B12_deficiency,0.001116977159491,0,unknown,insufficient_clinical_evidence,0.84,moderate,0,0,4,vitamin_B12|active_B12|MMA|homocysteine,B12_NO_TOTAL_B12
P000471,folate_deficiency,0.0002542214318069,0,against,agree_negative,0.9997457785681931,high,0,1,0,,FOLATE_NOT_LOW
P000471,B6_deficiency,0.0102593397819216,0,unknown,insufficient_clinical_evidence,0.84,moderate,0,0,1,,B6_NO_VALIDATED_RULE
P000471,copper_deficiency,5.957694170319558e-07,0,unknown,insufficient_clinical_evidence,0.84,moderate,0,0,2,copper|ceruloplasmin,COPPER_NO_VALIDATED_RULE
P000471,inflammation_anemia,0.9998399149712346,1,supports,agree_positive,0.9998399149712346,high,3,0,1,,INFLAMMATION_PATTERN_SUPPORT
P000472,iron_deficiency,0.0002750448184502,0,against,agree_negative,0.9997249551815498,high,0,3,2,ferritin,IRON_MULTIPLE_AGAINST
P000472,B12_deficiency,0.0014875535321624,0,unknown,insufficient_clinical_evidence,0.84,moderate,0,0,4,active_B12|MMA,B12_TOTAL_NOT_LOW_BUT_NOT_EXCLUSION
P000472,folate_deficiency,0.9781887808201682,1,supports,agree_positive,0.9781887808201682,high,1,0,0,,FOLATE_LOW
P000472,B6_deficiency,0.0077942852946009,0,unknown,insufficient_clinical_evidence,0.84,moderate,0,0,1,vitamin_B6,B6_NO_VALIDATED_RULE
P000472,copper_deficiency,0.0073141266491565,0,unknown,insufficient_clinical_evidence,0.84,moderate,0,0,2,ceruloplasmin,COPPER_NO_VALIDATED_RULE
P000472,inflammation_anemia,6.379917119730434e-05,0,unknown,insufficient_clinical_evidence,0.84,moderate,1,1,2,ferritin,INFLAMMATION_INCOMPLETE_OR_MIXED
P000473,iron_deficiency,0.9999941505102083,1,supports,agree_positive,0.9999941505102083,high,3,0,2,Ret_He|sTfR,IRON_MULTIPLE_SUPPORT
P000473,B12_deficiency,0.0027108633142357,0,unknown,insufficient_clinical_evidence,0.84,moderate,0,0,4,active_B12,B12_TOTAL_NOT_LOW_BUT_NOT_EXCLUSION
P000473,folate_deficiency,0.9097167322677768,1,supports,agree_positive,0.9097167322677768,high,1,0,0,,FOLATE_LOW
P000473,B6_deficiency,0.0009338366097562,0,unknown,insufficient_clinical_evidence,0.84,moderate,0,0,1,vitamin_B6,B6_NO_VALIDATED_RULE
P000473,copper_deficiency,0.0056586552727432,0,unknown,insufficient_clinical_evidence,0.84,moderate,0,0,2,copper|ceruloplasmin,COPPER_NO_VALIDATED_RULE
P000473,inflammation_anemia,0.0003894120138032,0,unknown,insufficient_clinical_evidence,0.84,moderate,2,1,1,sTfR,INFLAMMATION_INCOMPLETE_OR_MIXED
P000474,iron_deficiency,0.002412918856714,0,against,agree_negative,0.997587081143286,high,0,3,2,Ret_He,IRON_MULTIPLE_AGAINST
P000474,B12_deficiency,0.0047928049282068,0,unknown,insufficient_clinical_evidence,0.84,moderate,0,0,4,vitamin_B12|active_B12|MMA|homocysteine,B12_NO_TOTAL_B12
P000474,folate_deficiency,0.1518386281624004,0,unknown,insufficient_clinical_evidence,0.84,moderate,0,0,1,,FOLATE_BORDERLINE
P000474,B6_deficiency,0.2486069514714826,0,unknown,insufficient_clinical_evidence,0.7513930485285174,moderate,0,0,1,vitamin_B6,B6_NO_VALIDATED_RULE
P000474,copper_deficiency,0.938719121213786,1,unknown,insufficient_clinical_evidence,0.84,moderate,0,0,2,ceruloplasmin,COPPER_NO_VALIDATED_RULE
P000474,inflammation_anemia,0.0001782503334403,0,unknown,insufficient_clinical_evidence,0.84,moderate,2,1,1,,INFLAMMATION_INCOMPLETE_OR_MIXED
P000475,iron_deficiency,0.0077220447593058,0,against,agree_negative,0.9922779552406942,high,0,2,3,TSAT|sTfR,IRON_MULTIPLE_AGAINST
P000475,B12_deficiency,0.0004859973287646,0,unknown,insufficient_clinical_evidence,0.84,moderate,0,0,4,homocysteine,B12_TOTAL_NOT_LOW_BUT_NOT_EXCLUSION
P000475,folate_deficiency,0.0107941730883615,0,unknown,insufficient_clinical_evidence,0.84,moderate,0,0,1,folate,FOLATE_MISSING
P000475,B6_deficiency,0.0086391824200144,0,unknown,insufficient_clinical_evidence,0.84,moderate,0,0,1,vitamin_B6,B6_NO_VALIDATED_RULE
P000475,copper_deficiency,0.9995147181934504,1,unknown,insufficient_clinical_evidence,0.84,moderate,0,0,2,,COPPER_NO_VALIDATED_RULE
P000475,inflammation_anemia,7.085830744679631e-05,0,unknown,insufficient_clinical_evidence,0.84,moderate,1,0,3,CRP|serum_iron|TIBC|TSAT|sTfR,INFLAMMATION_INCOMPLETE_OR_MIXED
P000476,iron_deficiency,8.641692383609212e-05,0,against,agree_negative,0.999913583076164,high,0,3,2,Ret_He|sTfR,IRON_MULTIPLE_AGAINST
P000476,B12_deficiency,0.0003356114704653,0,unknown,insufficient_clinical_evidence,0.84,moderate,0,0,4,MMA|homocysteine,B12_TOTAL_NOT_LOW_BUT_NOT_EXCLUSION
P000476,folate_deficiency,0.0108587837850643,0,unknown,insufficient_clinical_evidence,0.84,moderate,0,0,1,folate,FOLATE_MISSING
P000476,B6_deficiency,0.0028201999417997,0,unknown,insufficient_clinical_evidence,0.84,moderate,0,0,1,,B6_NO_VALIDATED_RULE
P000476,copper_deficiency,0.0008085402864585,0,unknown,insufficient_clinical_evidence,0.84,moderate,0,0,2,copper|ceruloplasmin,COPPER_NO_VALIDATED_RULE
P000476,inflammation_anemia,0.0013582888154411,0,against,agree_negative,0.9986417111845589,high,0,1,0,CRP|sTfR,INFLAMMATION_NO_ANEMIA
P000477,iron_deficiency,0.0001060997838941,0,unknown,insufficient_clinical_evidence,0.84,moderate,1,2,2,ferritin|Ret_He|sTfR,IRON_INSUFFICIENT_OR_MIXED
P000477,B12_deficiency,0.0001543915601873,0,unknown,insufficient_clinical_evidence,0.84,moderate,0,0,4,active_B12|MMA,B12_TOTAL_NOT_LOW_BUT_NOT_EXCLUSION
P000477,folate_deficiency,0.0025168847639404,0,against,agree_negative,0.9974831152360596,high,0,1,0,,FOLATE_NOT_LOW
P000477,B6_deficiency,0.0133074285105538,0,unknown,insufficient_clinical_evidence,0.84,moderate,0,0,1,vitamin_B6,B6_NO_VALIDATED_RULE
P000477,copper_deficiency,0.0029553810490046,0,unknown,insufficient_clinical_evidence,0.84,moderate,0,0,2,copper|ceruloplasmin,COPPER_NO_VALIDATED_RULE
P000477,inflammation_anemia,3.299582818392447e-05,0,against,agree_negative,0.999967004171816,high,0,1,0,CRP|ferritin|sTfR,INFLAMMATION_NO_ANEMIA
P000478,iron_deficiency,4.823413001435764e-05,0,against,agree_negative,0.9999517658699857,high,0,3,2,Ret_He,IRON_MULTIPLE_AGAINST
P000478,B12_deficiency,0.0001102877687409,0,unknown,insufficient_clinical_evidence,0.84,moderate,0,0,4,active_B12|MMA|homocysteine,B12_TOTAL_NOT_LOW_BUT_NOT_EXCLUSION
P000478,folate_deficiency,0.0218157086844715,0,unknown,insufficient_clinical_evidence,0.84,moderate,0,0,1,folate,FOLATE_MISSING
P000478,B6_deficiency,0.0036543682295852,0,unknown,insufficient_clinical_evidence,0.84,moderate,0,0,1,vitamin_B6,B6_NO_VALIDATED_RULE
P000478,copper_deficiency,0.013325083167559,0,unknown,insufficient_clinical_evidence,0.84,moderate,0,0,2,copper|ceruloplasmin,COPPER_NO_VALIDATED_RULE
P000478,inflammation_anemia,0.0007407048798485,0,unknown,insufficient_clinical_evidence,0.84,moderate,2,1,1,CRP,INFLAMMATION_INCOMPLETE_OR_MIXED
P000479,iron_deficiency,0.0001317554730716,0,against,agree_negative,0.9998682445269284,high,0,3,2,Ret_He|sTfR,IRON_MULTIPLE_AGAINST
P000479,B12_deficiency,0.0004360850923811,0,unknown,insufficient_clinical_evidence,0.84,moderate,0,0,4,active_B12|MMA|homocysteine,B12_TOTAL_NOT_LOW_BUT_NOT_EXCLUSION
P000479,folate_deficiency,0.9878039311572172,1,supports,agree_positive,0.9878039311572172,high,1,0,0,,FOLATE_LOW
P000479,B6_deficiency,0.0108266869067205,0,unknown,insufficient_clinical_evidence,0.84,moderate,0,0,1,vitamin_B6,B6_NO_VALIDATED_RULE
P000479,copper_deficiency,0.0004984974253025,0,unknown,insufficient_clinical_evidence,0.84,moderate,0,0,2,ceruloplasmin,COPPER_NO_VALIDATED_RULE
P000479,inflammation_anemia,0.0038174667819533,0,unknown,insufficient_clinical_evidence,0.84,moderate,2,1,1,sTfR,INFLAMMATION_INCOMPLETE_OR_MIXED
P000480,iron_deficiency,0.999988855816444,1,supports,agree_positive,0.999988855816444,high,3,0,2,Ret_He,IRON_MULTIPLE_SUPPORT
P000480,B12_deficiency,0.9992766056322108,1,supports,agree_positive,0.9992766056322108,high,1,0,3,active_B12|MMA,B12_LOW_TOTAL
P000480,folate_deficiency,0.1007124007393217,0,unknown,insufficient_clinical_evidence,0.84,moderate,0,0,1,folate,FOLATE_MISSING
P000480,B6_deficiency,0.0006830386306123,0,unknown,insufficient_clinical_evidence,0.84,moderate,0,0,1,vitamin_B6,B6_NO_VALIDATED_RULE
P000480,copper_deficiency,0.0001105171881254,0,unknown,insufficient_clinical_evidence,0.84,moderate,0,0,2,copper|ceruloplasmin,COPPER_NO_VALIDATED_RULE
P000480,inflammation_anemia,0.0001822456267346,0,unknown,insufficient_clinical_evidence,0.84,moderate,2,1,1,CRP,INFLAMMATION_INCOMPLETE_OR_MIXED
P000481,iron_deficiency,0.9859287246877448,1,unknown,insufficient_clinical_evidence,0.84,moderate,1,0,4,TSAT|sTfR,IRON_INSUFFICIENT_OR_MIXED
P000481,B12_deficiency,0.9351653815026328,1,unknown,insufficient_clinical_evidence,0.84,moderate,0,0,4,active_B12|MMA|homocysteine,B12_TOTAL_NOT_LOW_BUT_NOT_EXCLUSION
P000481,folate_deficiency,0.0179376489541346,0,unknown,insufficient_clinical_evidence,0.84,moderate,0,0,1,,FOLATE_BORDERLINE
P000481,B6_deficiency,0.0132835989816875,0,unknown,insufficient_clinical_evidence,0.84,moderate,0,0,1,vitamin_B6,B6_NO_VALIDATED_RULE
P000481,copper_deficiency,0.0105176559246922,0,unknown,insufficient_clinical_evidence,0.84,moderate,0,0,2,copper|ceruloplasmin,COPPER_NO_VALIDATED_RULE
P000481,inflammation_anemia,1.6578706339142923e-05,0,unknown,insufficient_clinical_evidence,0.84,moderate,1,0,3,serum_iron|TIBC|TSAT|sTfR,INFLAMMATION_INCOMPLETE_OR_MIXED
P000482,iron_deficiency,4.713626054005142e-05,0,against,agree_negative,0.9999528637394599,high,0,2,3,TSAT|sTfR,IRON_MULTIPLE_AGAINST
P000482,B12_deficiency,0.0087638068463918,0,unknown,insufficient_clinical_evidence,0.84,moderate,0,0,4,vitamin_B12|active_B12|homocysteine,B12_NO_TOTAL_B12
P000482,folate_deficiency,0.0110298831716662,0,against,agree_negative,0.9889701168283338,high,0,1,0,,FOLATE_NOT_LOW
P000482,B6_deficiency,0.0007503631432131,0,unknown,insufficient_clinical_evidence,0.84,moderate,0,0,1,vitamin_B6,B6_NO_VALIDATED_RULE
P000482,copper_deficiency,0.9980935247287588,1,unknown,insufficient_clinical_evidence,0.84,moderate,0,0,2,,COPPER_NO_VALIDATED_RULE
P000482,inflammation_anemia,5.9582418983278187e-05,0,unknown,insufficient_clinical_evidence,0.84,moderate,1,0,3,serum_iron|TIBC|TSAT|sTfR,INFLAMMATION_INCOMPLETE_OR_MIXED
P000483,iron_deficiency,0.0013977758337704,0,unknown,insufficient_clinical_evidence,0.84,moderate,0,0,5,ferritin|TSAT|Ret_He|sTfR,IRON_INSUFFICIENT_OR_MIXED
P000483,B12_deficiency,0.996856558418759,1,supports,agree_positive,0.996856558418759,high,1,0,3,active_B12|MMA,B12_LOW_TOTAL
P000483,folate_deficiency,0.183259961900299,0,unknown,insufficient_clinical_evidence,0.816740038099701,moderate,0,0,1,folate,FOLATE_MISSING
P000483,B6_deficiency,0.0015397858165207,0,unknown,insufficient_clinical_evidence,0.84,moderate,0,0,1,vitamin_B6,B6_NO_VALIDATED_RULE
P000483,copper_deficiency,0.0058065481830581,0,unknown,insufficient_clinical_evidence,0.84,moderate,0,0,2,copper|ceruloplasmin,COPPER_NO_VALIDATED_RULE
P000483,inflammation_anemia,0.0001279322247798,0,against,agree_negative,0.9998720677752202,high,0,1,0,ferritin|serum_iron|TIBC|TSAT|sTfR,INFLAMMATION_NO_ANEMIA
P000484,iron_deficiency,0.0097549010873774,0,unknown,insufficient_clinical_evidence,0.84,moderate,0,0,5,ferritin|TSAT|Ret_He,IRON_INSUFFICIENT_OR_MIXED
P000484,B12_deficiency,9.180840099481937e-05,0,unknown,insufficient_clinical_evidence,0.84,moderate,0,0,4,MMA,B12_TOTAL_NOT_LOW_BUT_NOT_EXCLUSION
P000484,folate_deficiency,0.0015474787439688,0,against,agree_negative,0.9984525212560312,high,0,1,0,,FOLATE_NOT_LOW
P000484,B6_deficiency,0.0146845396224268,0,unknown,insufficient_clinical_evidence,0.84,moderate,0,0,1,vitamin_B6,B6_NO_VALIDATED_RULE
P000484,copper_deficiency,0.0007366431013222,0,unknown,insufficient_clinical_evidence,0.84,moderate,0,0,2,copper|ceruloplasmin,COPPER_NO_VALIDATED_RULE
P000484,inflammation_anemia,0.0001072313753822,0,against,agree_negative,0.9998927686246178,high,0,1,0,ferritin|serum_iron|TIBC|TSAT,INFLAMMATION_NO_ANEMIA
P000485,iron_deficiency,0.0003333643018421,0,against,agree_negative,0.999666635698158,high,0,3,2,ferritin|sTfR,IRON_MULTIPLE_AGAINST
P000485,B12_deficiency,0.0016486025456221,0,unknown,insufficient_clinical_evidence,0.84,moderate,0,0,4,vitamin_B12|active_B12|MMA|homocysteine,B12_NO_TOTAL_B12
P000485,folate_deficiency,0.8847644340791143,1,supports,agree_positive,0.8847644340791143,high,1,0,0,,FOLATE_LOW
P000485,B6_deficiency,0.0011355743608939,0,unknown,insufficient_clinical_evidence,0.84,moderate,0,0,1,vitamin_B6,B6_NO_VALIDATED_RULE
P000485,copper_deficiency,0.0125906793449746,0,unknown,insufficient_clinical_evidence,0.84,moderate,0,0,2,copper|ceruloplasmin,COPPER_NO_VALIDATED_RULE
P000485,inflammation_anemia,0.0038184510797617,0,against,agree_negative,0.9961815489202382,high,0,1,0,ferritin|sTfR,INFLAMMATION_NO_ANEMIA
P000486,iron_deficiency,0.9994628949816734,1,supports,agree_positive,0.9994628949816734,high,3,0,2,Ret_He|sTfR,IRON_MULTIPLE_SUPPORT
P000486,B12_deficiency,8.019718857453497e-05,0,unknown,insufficient_clinical_evidence,0.84,moderate,0,0,4,homocysteine,B12_TOTAL_NOT_LOW_BUT_NOT_EXCLUSION
P000486,folate_deficiency,0.0507311497180123,0,unknown,insufficient_clinical_evidence,0.84,moderate,0,0,1,folate,FOLATE_MISSING
P000486,B6_deficiency,0.0047357874948872,0,unknown,insufficient_clinical_evidence,0.84,moderate,0,0,1,,B6_NO_VALIDATED_RULE
P000486,copper_deficiency,0.0110851268038049,0,unknown,insufficient_clinical_evidence,0.84,moderate,0,0,2,ceruloplasmin,COPPER_NO_VALIDATED_RULE
P000486,inflammation_anemia,0.0012068539923492,0,against,agree_negative,0.9987931460076508,high,0,1,0,CRP|sTfR,INFLAMMATION_NO_ANEMIA
P000487,iron_deficiency,0.0281804070926467,0,unknown,insufficient_clinical_evidence,0.84,moderate,0,0,5,ferritin|TSAT|Ret_He|sTfR,IRON_INSUFFICIENT_OR_MIXED
P000487,B12_deficiency,0.006174106689901,0,unknown,insufficient_clinical_evidence,0.84,moderate,0,0,4,vitamin_B12|active_B12|MMA|homocysteine,B12_NO_TOTAL_B12
P000487,folate_deficiency,0.0016078585997509,0,against,agree_negative,0.9983921414002491,high,0,1,0,,FOLATE_NOT_LOW
P000487,B6_deficiency,0.01376675198078,0,unknown,insufficient_clinical_evidence,0.84,moderate,0,0,1,vitamin_B6,B6_NO_VALIDATED_RULE
P000487,copper_deficiency,0.0004136400213995,0,unknown,insufficient_clinical_evidence,0.84,moderate,0,0,2,copper|ceruloplasmin,COPPER_NO_VALIDATED_RULE
P000487,inflammation_anemia,0.0017104195648353,0,against,agree_negative,0.9982895804351647,high,0,1,0,CRP|ferritin|serum_iron|TIBC|TSAT|sTfR,INFLAMMATION_NO_ANEMIA
P000488,iron_deficiency,0.0001356370438031,0,unknown,insufficient_clinical_evidence,0.84,moderate,1,2,2,Ret_He,IRON_INSUFFICIENT_OR_MIXED
P000488,B12_deficiency,9.062606452436726e-05,0,unknown,insufficient_clinical_evidence,0.84,moderate,0,0,4,MMA,B12_TOTAL_NOT_LOW_BUT_NOT_EXCLUSION
P000488,folate_deficiency,0.002391112057227,0,unknown,insufficient_clinical_evidence,0.84,moderate,0,0,1,,FOLATE_BORDERLINE
P000488,B6_deficiency,0.014846549149789,0,unknown,insufficient_clinical_evidence,0.84,moderate,0,0,1,vitamin_B6,B6_NO_VALIDATED_RULE
P000488,copper_deficiency,0.0011923281552837,0,unknown,insufficient_clinical_evidence,0.84,moderate,0,0,2,copper,COPPER_NO_VALIDATED_RULE
P000488,inflammation_anemia,0.9997818766089448,1,supports,agree_positive,0.9997818766089448,high,3,0,1,,INFLAMMATION_PATTERN_SUPPORT
P000489,iron_deficiency,0.0030488066330825,0,unknown,insufficient_clinical_evidence,0.84,moderate,0,0,5,ferritin|TSAT|Ret_He|sTfR,IRON_INSUFFICIENT_OR_MIXED
P000489,B12_deficiency,0.0010295389120019,0,unknown,insufficient_clinical_evidence,0.84,moderate,0,0,4,active_B12|MMA|homocysteine,B12_TOTAL_NOT_LOW_BUT_NOT_EXCLUSION
P000489,folate_deficiency,0.2367978254945088,0,supports,conflict_ml_negative_rule_supports,0.64,low,1,0,0,homocysteine,FOLATE_LOW
P000489,B6_deficiency,0.0029917797328779,0,unknown,insufficient_clinical_evidence,0.84,moderate,0,0,1,vitamin_B6,B6_NO_VALIDATED_RULE
P000489,copper_deficiency,0.0009025729543496,0,unknown,insufficient_clinical_evidence,0.84,moderate,0,0,2,copper|ceruloplasmin,COPPER_NO_VALIDATED_RULE
P000489,inflammation_anemia,0.0001095447734601,0,against,agree_negative,0.9998904552265399,high,0,1,0,CRP|ferritin|serum_iron|TIBC|TSAT|sTfR,INFLAMMATION_NO_ANEMIA
P000490,iron_deficiency,0.9998001007012745,1,unknown,insufficient_clinical_evidence,0.84,moderate,0,0,5,TSAT|Ret_He,IRON_INSUFFICIENT_OR_MIXED
P000490,B12_deficiency,7.298378089644687e-05,0,unknown,insufficient_clinical_evidence,0.84,moderate,0,0,4,active_B12|MMA|homocysteine,B12_TOTAL_NOT_LOW_BUT_NOT_EXCLUSION
P000490,folate_deficiency,0.0017988674403903,0,against,agree_negative,0.9982011325596097,high,0,1,0,,FOLATE_NOT_LOW
P000490,B6_deficiency,0.0827084239886548,0,unknown,insufficient_clinical_evidence,0.84,moderate,0,0,1,,B6_NO_VALIDATED_RULE
P000490,copper_deficiency,0.0755382451617101,0,unknown,insufficient_clinical_evidence,0.84,moderate,0,0,2,,COPPER_NO_VALIDATED_RULE
P000490,inflammation_anemia,0.0010749905801704,0,unknown,insufficient_clinical_evidence,0.84,moderate,1,0,3,CRP|serum_iron|TIBC|TSAT,INFLAMMATION_INCOMPLETE_OR_MIXED
P000491,iron_deficiency,0.9999587483042462,1,supports,agree_positive,0.9999587483042462,high,3,1,1,,IRON_MULTIPLE_SUPPORT
P000491,B12_deficiency,0.0029623150233497,0,unknown,insufficient_clinical_evidence,0.84,moderate,0,0,4,vitamin_B12|active_B12|MMA|homocysteine,B12_NO_TOTAL_B12
P000491,folate_deficiency,0.0220117493752989,0,unknown,insufficient_clinical_evidence,0.84,moderate,0,0,1,folate,FOLATE_MISSING
P000491,B6_deficiency,0.0079531992766395,0,unknown,insufficient_clinical_evidence,0.84,moderate,0,0,1,vitamin_B6,B6_NO_VALIDATED_RULE
P000491,copper_deficiency,0.0039070658187402,0,unknown,insufficient_clinical_evidence,0.84,moderate,0,0,2,copper|ceruloplasmin,COPPER_NO_VALIDATED_RULE
P000491,inflammation_anemia,0.0002622049466423,0,against,agree_negative,0.9997377950533577,high,0,1,0,CRP,INFLAMMATION_NO_ANEMIA
P000492,iron_deficiency,0.0046483365421671,0,unknown,insufficient_clinical_evidence,0.84,moderate,0,0,5,ferritin|TSAT|Ret_He,IRON_INSUFFICIENT_OR_MIXED
P000492,B12_deficiency,0.9888922414076388,1,unknown,insufficient_clinical_evidence,0.84,moderate,0,0,4,vitamin_B12|homocysteine,B12_NO_TOTAL_B12
P000492,folate_deficiency,0.0372517896012285,0,unknown,insufficient_clinical_evidence,0.84,moderate,0,0,1,folate,FOLATE_MISSING
P000492,B6_deficiency,0.0016176952289995,0,unknown,insufficient_clinical_evidence,0.84,moderate,0,0,1,vitamin_B6,B6_NO_VALIDATED_RULE
P000492,copper_deficiency,0.0002180768151601,0,unknown,insufficient_clinical_evidence,0.84,moderate,0,0,2,copper|ceruloplasmin,COPPER_NO_VALIDATED_RULE
P000492,inflammation_anemia,0.00058779321374,0,against,agree_negative,0.99941220678626,high,0,1,0,CRP|ferritin|serum_iron|TIBC|TSAT,INFLAMMATION_NO_ANEMIA
P000493,iron_deficiency,0.9999618994774035,1,supports,agree_positive,0.9999618994774035,high,2,1,2,Ret_He,IRON_MULTIPLE_SUPPORT
P000493,B12_deficiency,0.9184277127173108,1,unknown,insufficient_clinical_evidence,0.84,moderate,0,0,4,active_B12|MMA,B12_TOTAL_NOT_LOW_BUT_NOT_EXCLUSION
P000493,folate_deficiency,0.0019625584204372,0,against,agree_negative,0.9980374415795628,high,0,1,0,,FOLATE_NOT_LOW
P000493,B6_deficiency,0.0008296732220684,0,unknown,insufficient_clinical_evidence,0.84,moderate,0,0,1,vitamin_B6,B6_NO_VALIDATED_RULE
P000493,copper_deficiency,0.0005037705941815,0,unknown,insufficient_clinical_evidence,0.84,moderate,0,0,2,copper|ceruloplasmin,COPPER_NO_VALIDATED_RULE
P000493,inflammation_anemia,0.0001754759255244,0,unknown,insufficient_clinical_evidence,0.84,moderate,1,2,1,,INFLAMMATION_INCOMPLETE_OR_MIXED
P000494,iron_deficiency,0.0094835213170253,0,unknown,insufficient_clinical_evidence,0.84,moderate,0,0,5,ferritin|TSAT|Ret_He|sTfR,IRON_INSUFFICIENT_OR_MIXED
P000494,B12_deficiency,0.9880342102913492,1,unknown,insufficient_clinical_evidence,0.84,moderate,0,0,4,active_B12|MMA,B12_TOTAL_NOT_LOW_BUT_NOT_EXCLUSION
P000494,folate_deficiency,0.354299188500433,0,unknown,insufficient_clinical_evidence,0.645700811499567,low,0,0,1,folate,FOLATE_MISSING
P000494,B6_deficiency,0.0003592872221594,0,unknown,insufficient_clinical_evidence,0.84,moderate,0,0,1,vitamin_B6,B6_NO_VALIDATED_RULE
P000494,copper_deficiency,9.453853975959032e-05,0,unknown,insufficient_clinical_evidence,0.84,moderate,0,0,2,copper|ceruloplasmin,COPPER_NO_VALIDATED_RULE
P000494,inflammation_anemia,5.1028155233262646e-05,0,against,agree_negative,0.9999489718447667,high,0,1,0,CRP|ferritin|serum_iron|TIBC|TSAT|sTfR,INFLAMMATION_NO_ANEMIA
P000495,iron_deficiency,0.0001201524467755,0,against,agree_negative,0.9998798475532245,high,0,3,2,Ret_He|sTfR,IRON_MULTIPLE_AGAINST
P000495,B12_deficiency,0.5675567539430787,1,unknown,insufficient_clinical_evidence,0.5675567539430787,low,0,0,4,vitamin_B12|active_B12|homocysteine,B12_NO_TOTAL_B12
P000495,folate_deficiency,0.0001585554151094,0,against,agree_negative,0.9998414445848905,high,0,1,0,,FOLATE_NOT_LOW
P000495,B6_deficiency,0.0632870605103849,0,unknown,insufficient_clinical_evidence,0.84,moderate,0,0,1,vitamin_B6,B6_NO_VALIDATED_RULE
P000495,copper_deficiency,0.0073526154968438,0,unknown,insufficient_clinical_evidence,0.84,moderate,0,0,2,copper|ceruloplasmin,COPPER_NO_VALIDATED_RULE
P000495,inflammation_anemia,0.0006247261626236,0,unknown,insufficient_clinical_evidence,0.84,moderate,2,1,1,sTfR,INFLAMMATION_INCOMPLETE_OR_MIXED
P000496,iron_deficiency,0.9999387875812724,1,supports,agree_positive,0.9999387875812724,high,2,1,2,Ret_He|sTfR,IRON_MULTIPLE_SUPPORT
P000496,B12_deficiency,0.0008600652027762,0,unknown,insufficient_clinical_evidence,0.84,moderate,0,0,4,vitamin_B12|active_B12|homocysteine,B12_NO_TOTAL_B12
P000496,folate_deficiency,0.0088285643749524,0,unknown,insufficient_clinical_evidence,0.84,moderate,0,0,1,folate,FOLATE_MISSING
P000496,B6_deficiency,0.0014089858777945,0,unknown,insufficient_clinical_evidence,0.84,moderate,0,0,1,vitamin_B6,B6_NO_VALIDATED_RULE
P000496,copper_deficiency,0.0076536396884624,0,unknown,insufficient_clinical_evidence,0.84,moderate,0,0,2,copper|ceruloplasmin,COPPER_NO_VALIDATED_RULE
P000496,inflammation_anemia,7.551331562483508e-06,0,against,agree_negative,0.9999924486684375,high,0,1,0,sTfR,INFLAMMATION_NO_ANEMIA
P000497,iron_deficiency,0.0004012400097002,0,unknown,insufficient_clinical_evidence,0.84,moderate,0,1,4,TSAT|Ret_He,IRON_INSUFFICIENT_OR_MIXED
P000497,B12_deficiency,0.0005502103610467,0,unknown,insufficient_clinical_evidence,0.84,moderate,0,0,4,active_B12,B12_TOTAL_NOT_LOW_BUT_NOT_EXCLUSION
P000497,folate_deficiency,0.0003650734554147,0,unknown,insufficient_clinical_evidence,0.84,moderate,0,0,1,,FOLATE_BORDERLINE
P000497,B6_deficiency,0.014525726446292,0,unknown,insufficient_clinical_evidence,0.84,moderate,0,0,1,vitamin_B6,B6_NO_VALIDATED_RULE
P000497,copper_deficiency,0.0008672036033306,0,unknown,insufficient_clinical_evidence,0.84,moderate,0,0,2,ceruloplasmin,COPPER_NO_VALIDATED_RULE
P000497,inflammation_anemia,0.9999479717320128,1,unknown,insufficient_clinical_evidence,0.84,moderate,1,0,3,serum_iron|TIBC|TSAT,INFLAMMATION_INCOMPLETE_OR_MIXED
P000498,iron_deficiency,0.4712146623865791,1,unknown,insufficient_clinical_evidence,0.4712146623865791,low,1,1,3,TSAT|sTfR,IRON_INSUFFICIENT_OR_MIXED
P000498,B12_deficiency,0.0001285634744879,0,unknown,insufficient_clinical_evidence,0.84,moderate,0,0,4,MMA,B12_TOTAL_NOT_LOW_BUT_NOT_EXCLUSION
P000498,folate_deficiency,0.0130396916296062,0,unknown,insufficient_clinical_evidence,0.84,moderate,0,0,1,folate,FOLATE_MISSING
P000498,B6_deficiency,0.0011316236313179,0,unknown,insufficient_clinical_evidence,0.84,moderate,0,0,1,vitamin_B6,B6_NO_VALIDATED_RULE
P000498,copper_deficiency,0.0003554036139947,0,unknown,insufficient_clinical_evidence,0.84,moderate,0,0,2,copper|ceruloplasmin,COPPER_NO_VALIDATED_RULE
P000498,inflammation_anemia,0.001401343957614,0,against,agree_negative,0.998598656042386,high,0,1,0,CRP|serum_iron|TIBC|TSAT|sTfR,INFLAMMATION_NO_ANEMIA
P000499,iron_deficiency,0.9996523242882878,1,supports,agree_positive,0.9996523242882878,high,2,0,3,Ret_He|sTfR,IRON_MULTIPLE_SUPPORT
P000499,B12_deficiency,0.9971850433224088,1,unknown,insufficient_clinical_evidence,0.84,moderate,0,0,4,vitamin_B12|active_B12,B12_NO_TOTAL_B12
P000499,folate_deficiency,0.0034194097077044,0,against,agree_negative,0.9965805902922956,high,0,1,0,,FOLATE_NOT_LOW
P000499,B6_deficiency,0.000739985336043,0,unknown,insufficient_clinical_evidence,0.84,moderate,0,0,1,,B6_NO_VALIDATED_RULE
P000499,copper_deficiency,0.0047995999943014,0,unknown,insufficient_clinical_evidence,0.84,moderate,0,0,2,copper|ceruloplasmin,COPPER_NO_VALIDATED_RULE
P000499,inflammation_anemia,0.0001239687883936,0,supports,conflict_ml_negative_rule_supports,0.64,low,3,0,1,CRP|sTfR,INFLAMMATION_PATTERN_SUPPORT
P000500,iron_deficiency,7.326935688685872e-05,0,against,agree_negative,0.9999267306431131,high,0,3,2,Ret_He,IRON_MULTIPLE_AGAINST
P000500,B12_deficiency,0.9999375421029784,1,unknown,insufficient_clinical_evidence,0.84,moderate,0,0,4,active_B12|homocysteine,B12_TOTAL_NOT_LOW_BUT_NOT_EXCLUSION
P000500,folate_deficiency,0.659498865346223,1,supports,agree_positive,0.659498865346223,moderate,1,0,0,,FOLATE_LOW
P000500,B6_deficiency,0.0004362031836177,0,unknown,insufficient_clinical_evidence,0.84,moderate,0,0,1,vitamin_B6,B6_NO_VALIDATED_RULE
P000500,copper_deficiency,0.0092489255131109,0,unknown,insufficient_clinical_evidence,0.84,moderate,0,0,2,copper|ceruloplasmin,COPPER_NO_VALIDATED_RULE
P000500,inflammation_anemia,0.0002193312579542,0,unknown,insufficient_clinical_evidence,0.84,moderate,2,1,1,CRP,INFLAMMATION_INCOMPLETE_OR_MIXED
P000501,iron_deficiency,0.0002139106783852,0,against,agree_negative,0.9997860893216148,high,0,4,1,,IRON_MULTIPLE_AGAINST
P000501,B12_deficiency,0.000814506207883,0,unknown,insufficient_clinical_evidence,0.84,moderate,0,0,4,vitamin_B12|active_B12|MMA|homocysteine,B12_NO_TOTAL_B12
P000501,folate_deficiency,0.0052016785368428,0,unknown,insufficient_clinical_evidence,0.84,moderate,0,0,1,folate,FOLATE_MISSING
P000501,B6_deficiency,0.0272542573080381,0,unknown,insufficient_clinical_evidence,0.84,moderate,0,0,1,vitamin_B6,B6_NO_VALIDATED_RULE
P000501,copper_deficiency,0.0164964812325699,0,unknown,insufficient_clinical_evidence,0.84,moderate,0,0,2,copper|ceruloplasmin,COPPER_NO_VALIDATED_RULE
P000501,inflammation_anemia,0.0324690331422805,0,unknown,insufficient_clinical_evidence,0.84,moderate,2,1,1,,INFLAMMATION_INCOMPLETE_OR_MIXED
P000502,iron_deficiency,0.9999685555054292,1,supports,agree_positive,0.9999685555054292,high,3,0,2,Ret_He,IRON_MULTIPLE_SUPPORT
P000502,B12_deficiency,3.193267199590026e-05,0,unknown,insufficient_clinical_evidence,0.84,moderate,0,0,4,MMA|homocysteine,B12_TOTAL_NOT_LOW_BUT_NOT_EXCLUSION
P000502,folate_deficiency,0.3794428942766375,0,supports,conflict_ml_negative_rule_supports,0.6205571057233625,low,1,0,0,homocysteine,FOLATE_LOW
P000502,B6_deficiency,0.0189242803415959,0,unknown,insufficient_clinical_evidence,0.84,moderate,0,0,1,vitamin_B6,B6_NO_VALIDATED_RULE
P000502,copper_deficiency,0.0012683623851048,0,unknown,insufficient_clinical_evidence,0.84,moderate,0,0,2,copper,COPPER_NO_VALIDATED_RULE
P000502,inflammation_anemia,3.430708700613832e-05,0,unknown,insufficient_clinical_evidence,0.84,moderate,2,1,1,,INFLAMMATION_INCOMPLETE_OR_MIXED
P000503,iron_deficiency,4.374666565139261e-05,0,unknown,insufficient_clinical_evidence,0.84,moderate,0,1,4,TSAT|Ret_He,IRON_INSUFFICIENT_OR_MIXED
P000503,B12_deficiency,0.9984738079055584,1,unknown,insufficient_clinical_evidence,0.84,moderate,0,0,4,,B12_TOTAL_NOT_LOW_BUT_NOT_EXCLUSION
P000503,folate_deficiency,0.0289371711421774,0,unknown,insufficient_clinical_evidence,0.84,moderate,0,0,1,folate,FOLATE_MISSING
P000503,B6_deficiency,0.0006450883764935,0,unknown,insufficient_clinical_evidence,0.84,moderate,0,0,1,vitamin_B6,B6_NO_VALIDATED_RULE
P000503,copper_deficiency,0.0001562950492965,0,unknown,insufficient_clinical_evidence,0.84,moderate,0,0,2,copper|ceruloplasmin,COPPER_NO_VALIDATED_RULE
P000503,inflammation_anemia,0.0021342459709946,0,against,agree_negative,0.9978657540290053,high,0,1,0,serum_iron|TIBC|TSAT,INFLAMMATION_NO_ANEMIA
P000504,iron_deficiency,0.0313074587428957,0,unknown,insufficient_clinical_evidence,0.84,moderate,0,0,5,ferritin|TSAT|Ret_He|sTfR,IRON_INSUFFICIENT_OR_MIXED
P000504,B12_deficiency,0.0016046234532858,0,unknown,insufficient_clinical_evidence,0.84,moderate,0,0,4,vitamin_B12|active_B12|MMA,B12_NO_TOTAL_B12
P000504,folate_deficiency,0.0008314589229943,0,against,agree_negative,0.9991685410770057,high,0,1,0,,FOLATE_NOT_LOW
P000504,B6_deficiency,0.0046895943203834,0,unknown,insufficient_clinical_evidence,0.84,moderate,0,0,1,vitamin_B6,B6_NO_VALIDATED_RULE
P000504,copper_deficiency,0.0010620525908864,0,unknown,insufficient_clinical_evidence,0.84,moderate,0,0,2,copper|ceruloplasmin,COPPER_NO_VALIDATED_RULE
P000504,inflammation_anemia,2.26271760100183e-05,0,against,agree_negative,0.99997737282399,high,0,1,0,ferritin|serum_iron|TIBC|TSAT|sTfR,INFLAMMATION_NO_ANEMIA
P000505,iron_deficiency,0.0400751275772825,0,unknown,insufficient_clinical_evidence,0.84,moderate,0,0,5,ferritin|TSAT|Ret_He|sTfR,IRON_INSUFFICIENT_OR_MIXED
P000505,B12_deficiency,0.0966622113201299,0,unknown,insufficient_clinical_evidence,0.84,moderate,0,0,4,vitamin_B12|active_B12|MMA,B12_NO_TOTAL_B12
P000505,folate_deficiency,0.7835049441727414,1,supports,agree_positive,0.7835049441727414,moderate,1,0,0,,FOLATE_LOW
P000505,B6_deficiency,0.0030090593411413,0,unknown,insufficient_clinical_evidence,0.84,moderate,0,0,1,vitamin_B6,B6_NO_VALIDATED_RULE
P000505,copper_deficiency,0.0062914713067238,0,unknown,insufficient_clinical_evidence,0.84,moderate,0,0,2,copper|ceruloplasmin,COPPER_NO_VALIDATED_RULE
P000505,inflammation_anemia,4.460490985530039e-05,0,against,agree_negative,0.9999553950901447,high,0,1,0,ferritin|serum_iron|TIBC|TSAT|sTfR,INFLAMMATION_NO_ANEMIA
P000506,iron_deficiency,0.999963447416922,1,supports,agree_positive,0.999963447416922,high,4,0,1,,IRON_MULTIPLE_SUPPORT
P000506,B12_deficiency,0.0003604821212719,0,unknown,insufficient_clinical_evidence,0.84,moderate,0,0,4,vitamin_B12|MMA|homocysteine,B12_NO_TOTAL_B12
P000506,folate_deficiency,0.092509868223441,0,unknown,insufficient_clinical_evidence,0.84,moderate,0,0,1,folate,FOLATE_MISSING
P000506,B6_deficiency,0.0129812605432022,0,unknown,insufficient_clinical_evidence,0.84,moderate,0,0,1,vitamin_B6,B6_NO_VALIDATED_RULE
P000506,copper_deficiency,0.0001985806204225,0,unknown,insufficient_clinical_evidence,0.84,moderate,0,0,2,copper|ceruloplasmin,COPPER_NO_VALIDATED_RULE
P000506,inflammation_anemia,0.0003014978409105,0,unknown,insufficient_clinical_evidence,0.84,moderate,2,1,1,,INFLAMMATION_INCOMPLETE_OR_MIXED
P000507,iron_deficiency,0.0015218208398387,0,unknown,insufficient_clinical_evidence,0.84,moderate,0,1,4,ferritin|TSAT,IRON_INSUFFICIENT_OR_MIXED
P000507,B12_deficiency,0.0005120684610564,0,unknown,insufficient_clinical_evidence,0.84,moderate,0,0,4,MMA|homocysteine,B12_TOTAL_NOT_LOW_BUT_NOT_EXCLUSION
P000507,folate_deficiency,0.1374265020894163,0,unknown,insufficient_clinical_evidence,0.84,moderate,0,0,1,folate,FOLATE_MISSING
P000507,B6_deficiency,0.0153780866802216,0,unknown,insufficient_clinical_evidence,0.84,moderate,0,0,1,vitamin_B6,B6_NO_VALIDATED_RULE
P000507,copper_deficiency,0.0084738196939486,0,unknown,insufficient_clinical_evidence,0.84,moderate,0,0,2,ceruloplasmin,COPPER_NO_VALIDATED_RULE
P000507,inflammation_anemia,0.0008088283121846,0,unknown,insufficient_clinical_evidence,0.84,moderate,0,0,4,ferritin|serum_iron|TIBC|TSAT,INFLAMMATION_INCOMPLETE_OR_MIXED
P000508,iron_deficiency,0.9998805180066328,1,supports,agree_positive,0.9998805180066328,high,3,0,2,ferritin|Ret_He|sTfR,IRON_MULTIPLE_SUPPORT
P000508,B12_deficiency,0.7430418487062891,1,unknown,insufficient_clinical_evidence,0.7430418487062891,moderate,0,0,4,vitamin_B12|MMA,B12_NO_TOTAL_B12
P000508,folate_deficiency,0.0134882811490405,0,against,agree_negative,0.9865117188509595,high,0,1,0,,FOLATE_NOT_LOW
P000508,B6_deficiency,0.001172228554398,0,unknown,insufficient_clinical_evidence,0.84,moderate,0,0,1,vitamin_B6,B6_NO_VALIDATED_RULE
P000508,copper_deficiency,0.0003633930282858,0,unknown,insufficient_clinical_evidence,0.84,moderate,0,0,2,copper|ceruloplasmin,COPPER_NO_VALIDATED_RULE
P000508,inflammation_anemia,0.0051442086961114,0,unknown,insufficient_clinical_evidence,0.84,moderate,1,1,2,CRP|ferritin|sTfR,INFLAMMATION_INCOMPLETE_OR_MIXED
P000509,iron_deficiency,0.946367693614372,1,unknown,insufficient_clinical_evidence,0.84,moderate,1,0,4,TSAT|Ret_He|sTfR,IRON_INSUFFICIENT_OR_MIXED
P000509,B12_deficiency,0.0002428245178399,0,unknown,insufficient_clinical_evidence,0.84,moderate,0,0,4,,B12_TOTAL_NOT_LOW_BUT_NOT_EXCLUSION
P000509,folate_deficiency,0.0016056575334358,0,unknown,insufficient_clinical_evidence,0.84,moderate,0,0,1,folate,FOLATE_MISSING
P000509,B6_deficiency,0.0177865750379917,0,unknown,insufficient_clinical_evidence,0.84,moderate,0,0,1,vitamin_B6,B6_NO_VALIDATED_RULE
P000509,copper_deficiency,0.0014177489212735,0,unknown,insufficient_clinical_evidence,0.84,moderate,0,0,2,copper,COPPER_NO_VALIDATED_RULE
P000509,inflammation_anemia,0.0001940227620524,0,unknown,insufficient_clinical_evidence,0.84,moderate,0,1,3,serum_iron|TIBC|TSAT|sTfR,INFLAMMATION_INCOMPLETE_OR_MIXED
P000510,iron_deficiency,0.0004104053374968,0,unknown,insufficient_clinical_evidence,0.84,moderate,0,0,5,ferritin|TSAT|Ret_He|sTfR,IRON_INSUFFICIENT_OR_MIXED
P000510,B12_deficiency,0.9846636057969724,1,unknown,insufficient_clinical_evidence,0.84,moderate,0,0,4,vitamin_B12|active_B12|homocysteine,B12_NO_TOTAL_B12
P000510,folate_deficiency,0.2364673603038622,0,unknown,insufficient_clinical_evidence,0.7635326396961378,moderate,0,0,1,folate,FOLATE_MISSING
P000510,B6_deficiency,0.0028612637158411,0,unknown,insufficient_clinical_evidence,0.84,moderate,0,0,1,vitamin_B6,B6_NO_VALIDATED_RULE
P000510,copper_deficiency,0.0073704332768879,0,unknown,insufficient_clinical_evidence,0.84,moderate,0,0,2,copper|ceruloplasmin,COPPER_NO_VALIDATED_RULE
P000510,inflammation_anemia,3.552879891143342e-05,0,against,agree_negative,0.9999644712010886,high,0,1,0,ferritin|serum_iron|TIBC|TSAT|sTfR,INFLAMMATION_NO_ANEMIA
P000511,iron_deficiency,0.043450351623032,0,unknown,insufficient_clinical_evidence,0.84,moderate,0,1,4,ferritin|TSAT|sTfR,IRON_INSUFFICIENT_OR_MIXED
P000511,B12_deficiency,0.1718708194718087,0,unknown,insufficient_clinical_evidence,0.8281291805281913,moderate,0,0,4,active_B12,B12_TOTAL_NOT_LOW_BUT_NOT_EXCLUSION
P000511,folate_deficiency,0.0042043408121604,0,unknown,insufficient_clinical_evidence,0.84,moderate,0,0,1,folate,FOLATE_MISSING
P000511,B6_deficiency,0.0222038780774566,0,unknown,insufficient_clinical_evidence,0.84,moderate,0,0,1,vitamin_B6,B6_NO_VALIDATED_RULE
P000511,copper_deficiency,0.0065473826917716,0,unknown,insufficient_clinical_evidence,0.84,moderate,0,0,2,copper|ceruloplasmin,COPPER_NO_VALIDATED_RULE
P000511,inflammation_anemia,9.711676151305494e-05,0,unknown,insufficient_clinical_evidence,0.84,moderate,0,0,4,CRP|ferritin|serum_iron|TIBC|TSAT|sTfR,INFLAMMATION_INCOMPLETE_OR_MIXED
P000512,iron_deficiency,0.9999748403810008,1,supports,agree_positive,0.9999748403810008,high,3,0,2,Ret_He,IRON_MULTIPLE_SUPPORT
P000512,B12_deficiency,0.9998493316769166,1,supports,agree_positive,0.9998493316769166,high,1,0,3,,B12_LOW_TOTAL
P000512,folate_deficiency,0.0011623495680734,0,against,agree_negative,0.9988376504319266,high,0,1,0,,FOLATE_NOT_LOW
P000512,B6_deficiency,0.0025732126525747,0,unknown,insufficient_clinical_evidence,0.84,moderate,0,0,1,vitamin_B6,B6_NO_VALIDATED_RULE
P000512,copper_deficiency,0.0058149561996972,0,unknown,insufficient_clinical_evidence,0.84,moderate,0,0,2,copper|ceruloplasmin,COPPER_NO_VALIDATED_RULE
P000512,inflammation_anemia,4.2391657432829965e-05,0,unknown,insufficient_clinical_evidence,0.84,moderate,2,1,1,CRP,INFLAMMATION_INCOMPLETE_OR_MIXED
P000513,iron_deficiency,0.9999842698096798,1,supports,agree_positive,0.9999842698096798,high,3,0,2,sTfR,IRON_MULTIPLE_SUPPORT
P000513,B12_deficiency,0.0003988522149242,0,unknown,insufficient_clinical_evidence,0.84,moderate,0,0,4,active_B12|MMA|homocysteine,B12_TOTAL_NOT_LOW_BUT_NOT_EXCLUSION
P000513,folate_deficiency,0.0331629987290761,0,unknown,insufficient_clinical_evidence,0.84,moderate,0,0,1,folate,FOLATE_MISSING
P000513,B6_deficiency,0.0031300223266029,0,unknown,insufficient_clinical_evidence,0.84,moderate,0,0,1,vitamin_B6,B6_NO_VALIDATED_RULE
P000513,copper_deficiency,0.011609900180843,0,unknown,insufficient_clinical_evidence,0.84,moderate,0,0,2,copper,COPPER_NO_VALIDATED_RULE
P000513,inflammation_anemia,0.0005349585819479,0,supports,conflict_ml_negative_rule_supports,0.64,low,3,0,1,sTfR,INFLAMMATION_PATTERN_SUPPORT
P000514,iron_deficiency,0.999964109388054,1,supports,agree_positive,0.999964109388054,high,4,1,0,,IRON_MULTIPLE_SUPPORT
P000514,B12_deficiency,0.0003399731208487,0,unknown,insufficient_clinical_evidence,0.84,moderate,0,0,4,active_B12|MMA|homocysteine,B12_TOTAL_NOT_LOW_BUT_NOT_EXCLUSION
P000514,folate_deficiency,0.1815562767226388,0,unknown,insufficient_clinical_evidence,0.8184437232773611,moderate,0,0,1,,FOLATE_BORDERLINE
P000514,B6_deficiency,0.0003137569378975,0,unknown,insufficient_clinical_evidence,0.84,moderate,0,0,1,vitamin_B6,B6_NO_VALIDATED_RULE
P000514,copper_deficiency,6.224188595210281e-06,0,unknown,insufficient_clinical_evidence,0.84,moderate,0,0,2,copper|ceruloplasmin,COPPER_NO_VALIDATED_RULE
P000514,inflammation_anemia,2.881152490571185e-05,0,against,agree_negative,0.9999711884750943,high,0,1,0,CRP,INFLAMMATION_NO_ANEMIA
P000515,iron_deficiency,6.874737620354753e-05,0,against,agree_negative,0.9999312526237965,high,0,2,3,ferritin|Ret_He|sTfR,IRON_MULTIPLE_AGAINST
P000515,B12_deficiency,0.9999251466817772,1,unknown,insufficient_clinical_evidence,0.84,moderate,0,0,4,,B12_TOTAL_NOT_LOW_BUT_NOT_EXCLUSION
P000515,folate_deficiency,0.8451486292968285,1,supports,agree_positive,0.8451486292968285,moderate,1,0,0,,FOLATE_LOW
P000515,B6_deficiency,0.0002958080353745,0,unknown,insufficient_clinical_evidence,0.84,moderate,0,0,1,vitamin_B6,B6_NO_VALIDATED_RULE
P000515,copper_deficiency,0.0004285458730351,0,unknown,insufficient_clinical_evidence,0.84,moderate,0,0,2,copper,COPPER_NO_VALIDATED_RULE
P000515,inflammation_anemia,1.4798255344794211e-05,0,unknown,insufficient_clinical_evidence,0.84,moderate,1,1,2,ferritin|sTfR,INFLAMMATION_INCOMPLETE_OR_MIXED
P000516,iron_deficiency,0.0001145576638042,0,unknown,insufficient_clinical_evidence,0.84,moderate,0,1,4,TSAT|Ret_He|sTfR,IRON_INSUFFICIENT_OR_MIXED
P000516,B12_deficiency,0.999870761866214,1,unknown,insufficient_clinical_evidence,0.84,moderate,0,0,4,homocysteine,B12_TOTAL_NOT_LOW_BUT_NOT_EXCLUSION
P000516,folate_deficiency,0.0792464773832149,0,unknown,insufficient_clinical_evidence,0.84,moderate,0,0,1,folate,FOLATE_MISSING
P000516,B6_deficiency,0.0094326396036762,0,unknown,insufficient_clinical_evidence,0.84,moderate,0,0,1,vitamin_B6,B6_NO_VALIDATED_RULE
P000516,copper_deficiency,8.707757814499053e-05,0,unknown,insufficient_clinical_evidence,0.84,moderate,0,0,2,copper,COPPER_NO_VALIDATED_RULE
P000516,inflammation_anemia,0.004429829809781,0,unknown,insufficient_clinical_evidence,0.84,moderate,1,0,3,CRP|serum_iron|TIBC|TSAT|sTfR,INFLAMMATION_INCOMPLETE_OR_MIXED
P000517,iron_deficiency,0.0012173388882279,0,unknown,insufficient_clinical_evidence,0.84,moderate,1,1,3,TSAT,IRON_INSUFFICIENT_OR_MIXED
P000517,B12_deficiency,0.9990254882687905,1,unknown,insufficient_clinical_evidence,0.84,moderate,0,0,4,active_B12|homocysteine,B12_TOTAL_NOT_LOW_BUT_NOT_EXCLUSION
P000517,folate_deficiency,0.9268600075548796,1,supports,agree_positive,0.9268600075548796,high,1,0,0,,FOLATE_LOW
P000517,B6_deficiency,0.0018055163660038,0,unknown,insufficient_clinical_evidence,0.84,moderate,0,0,1,vitamin_B6,B6_NO_VALIDATED_RULE
P000517,copper_deficiency,0.0011945542078309,0,unknown,insufficient_clinical_evidence,0.84,moderate,0,0,2,copper|ceruloplasmin,COPPER_NO_VALIDATED_RULE
P000517,inflammation_anemia,9.732450133449832e-05,0,unknown,insufficient_clinical_evidence,0.84,moderate,1,0,3,CRP|serum_iron|TIBC|TSAT,INFLAMMATION_INCOMPLETE_OR_MIXED
P000518,iron_deficiency,0.0105087807362135,0,against,agree_negative,0.9894912192637865,high,0,2,3,ferritin|Ret_He|sTfR,IRON_MULTIPLE_AGAINST
P000518,B12_deficiency,0.0059005025915013,0,unknown,insufficient_clinical_evidence,0.84,moderate,0,0,4,active_B12|homocysteine,B12_TOTAL_NOT_LOW_BUT_NOT_EXCLUSION
P000518,folate_deficiency,0.0044997480088286,0,unknown,insufficient_clinical_evidence,0.84,moderate,0,0,1,folate,FOLATE_MISSING
P000518,B6_deficiency,0.0131497265664466,0,unknown,insufficient_clinical_evidence,0.84,moderate,0,0,1,vitamin_B6,B6_NO_VALIDATED_RULE
P000518,copper_deficiency,0.0004797039299891,0,unknown,insufficient_clinical_evidence,0.84,moderate,0,0,2,ceruloplasmin,COPPER_NO_VALIDATED_RULE
P000518,inflammation_anemia,0.0032905736882804,0,unknown,insufficient_clinical_evidence,0.84,moderate,1,1,2,ferritin|sTfR,INFLAMMATION_INCOMPLETE_OR_MIXED
P000519,iron_deficiency,0.0001445127177207,0,unknown,insufficient_clinical_evidence,0.84,moderate,1,2,2,Ret_He|sTfR,IRON_INSUFFICIENT_OR_MIXED
P000519,B12_deficiency,0.0030050996311211,0,unknown,insufficient_clinical_evidence,0.84,moderate,0,0,4,vitamin_B12|active_B12|MMA|homocysteine,B12_NO_TOTAL_B12
P000519,folate_deficiency,0.0125954140606327,0,unknown,insufficient_clinical_evidence,0.84,moderate,0,0,1,,FOLATE_BORDERLINE
P000519,B6_deficiency,0.0012473153966987,0,unknown,insufficient_clinical_evidence,0.84,moderate,0,0,1,vitamin_B6,B6_NO_VALIDATED_RULE
P000519,copper_deficiency,0.0004595815334529,0,unknown,insufficient_clinical_evidence,0.84,moderate,0,0,2,copper|ceruloplasmin,COPPER_NO_VALIDATED_RULE
P000519,inflammation_anemia,0.9999760547591529,1,supports,agree_positive,0.9999760547591529,high,3,0,1,sTfR,INFLAMMATION_PATTERN_SUPPORT
P000520,iron_deficiency,0.9999917542962452,1,supports,agree_positive,0.9999917542962452,high,3,0,2,Ret_He|sTfR,IRON_MULTIPLE_SUPPORT
P000520,B12_deficiency,0.0006153355818559,0,unknown,insufficient_clinical_evidence,0.84,moderate,0,0,4,active_B12|MMA|homocysteine,B12_TOTAL_NOT_LOW_BUT_NOT_EXCLUSION
P000520,folate_deficiency,0.0007698352192376,0,against,agree_negative,0.9992301647807624,high,0,1,0,,FOLATE_NOT_LOW
P000520,B6_deficiency,0.0062914826355036,0,unknown,insufficient_clinical_evidence,0.84,moderate,0,0,1,vitamin_B6,B6_NO_VALIDATED_RULE
P000520,copper_deficiency,0.0046486389520038,0,unknown,insufficient_clinical_evidence,0.84,moderate,0,0,2,copper|ceruloplasmin,COPPER_NO_VALIDATED_RULE
P000520,inflammation_anemia,0.0036618602959973,0,unknown,insufficient_clinical_evidence,0.84,moderate,2,1,1,sTfR,INFLAMMATION_INCOMPLETE_OR_MIXED
P000521,iron_deficiency,0.9998867685523454,1,supports,agree_positive,0.9998867685523454,high,4,0,1,sTfR,IRON_MULTIPLE_SUPPORT
P000521,B12_deficiency,0.0013287087367366,0,unknown,insufficient_clinical_evidence,0.84,moderate,0,0,4,active_B12|MMA|homocysteine,B12_TOTAL_NOT_LOW_BUT_NOT_EXCLUSION
P000521,folate_deficiency,0.9863225762668107,1,supports,agree_positive,0.9863225762668107,high,1,0,0,,FOLATE_LOW
P000521,B6_deficiency,0.0093268852505476,0,unknown,insufficient_clinical_evidence,0.84,moderate,0,0,1,vitamin_B6,B6_NO_VALIDATED_RULE
P000521,copper_deficiency,0.0005909686123659,0,unknown,insufficient_clinical_evidence,0.84,moderate,0,0,2,ceruloplasmin,COPPER_NO_VALIDATED_RULE
P000521,inflammation_anemia,0.0003772294219898,0,unknown,insufficient_clinical_evidence,0.84,moderate,2,1,1,sTfR,INFLAMMATION_INCOMPLETE_OR_MIXED
P000522,iron_deficiency,0.0013594240284343,0,unknown,insufficient_clinical_evidence,0.84,moderate,1,1,3,TSAT|sTfR,IRON_INSUFFICIENT_OR_MIXED
P000522,B12_deficiency,3.542871979643112e-05,0,unknown,insufficient_clinical_evidence,0.84,moderate,0,0,4,MMA,B12_TOTAL_NOT_LOW_BUT_NOT_EXCLUSION
P000522,folate_deficiency,0.0109676117816292,0,unknown,insufficient_clinical_evidence,0.84,moderate,0,0,1,folate,FOLATE_MISSING
P000522,B6_deficiency,0.0151478007189201,0,unknown,insufficient_clinical_evidence,0.84,moderate,0,0,1,vitamin_B6,B6_NO_VALIDATED_RULE
P000522,copper_deficiency,0.0009991925592137,0,unknown,insufficient_clinical_evidence,0.84,moderate,0,0,2,copper|ceruloplasmin,COPPER_NO_VALIDATED_RULE
P000522,inflammation_anemia,4.496489319871567e-05,0,unknown,insufficient_clinical_evidence,0.84,moderate,1,0,3,serum_iron|TIBC|TSAT|sTfR,INFLAMMATION_INCOMPLETE_OR_MIXED
P000523,iron_deficiency,0.9987155748411344,1,supports,agree_positive,0.9987155748411344,high,3,0,2,Ret_He|sTfR,IRON_MULTIPLE_SUPPORT
P000523,B12_deficiency,0.0035821018206763,0,unknown,insufficient_clinical_evidence,0.84,moderate,0,0,4,vitamin_B12|active_B12|MMA|homocysteine,B12_NO_TOTAL_B12
P000523,folate_deficiency,0.035474826856553,0,unknown,insufficient_clinical_evidence,0.84,moderate,0,0,1,folate,FOLATE_MISSING
P000523,B6_deficiency,0.0063879190824098,0,unknown,insufficient_clinical_evidence,0.84,moderate,0,0,1,vitamin_B6,B6_NO_VALIDATED_RULE
P000523,copper_deficiency,0.0001811811144943,0,unknown,insufficient_clinical_evidence,0.84,moderate,0,0,2,copper|ceruloplasmin,COPPER_NO_VALIDATED_RULE
P000523,inflammation_anemia,1.5174844482061424e-05,0,against,agree_negative,0.9999848251555179,high,0,1,0,sTfR,INFLAMMATION_NO_ANEMIA
P000524,iron_deficiency,0.0130718487414502,0,supports,conflict_ml_negative_rule_supports,0.64,low,2,1,2,Ret_He|sTfR,IRON_MULTIPLE_SUPPORT
P000524,B12_deficiency,0.0013843516043644,0,unknown,insufficient_clinical_evidence,0.84,moderate,0,0,4,vitamin_B12|active_B12|MMA|homocysteine,B12_NO_TOTAL_B12
P000524,folate_deficiency,0.006005680645075,0,unknown,insufficient_clinical_evidence,0.84,moderate,0,0,1,folate,FOLATE_MISSING
P000524,B6_deficiency,0.0161017679430834,0,unknown,insufficient_clinical_evidence,0.84,moderate,0,0,1,,B6_NO_VALIDATED_RULE
P000524,copper_deficiency,4.813586660762321e-10,0,unknown,insufficient_clinical_evidence,0.84,moderate,0,0,2,copper|ceruloplasmin,COPPER_NO_VALIDATED_RULE
P000524,inflammation_anemia,0.9998801054419734,1,supports,agree_positive,0.9998801054419734,high,3,0,1,sTfR,INFLAMMATION_PATTERN_SUPPORT
P000525,iron_deficiency,0.9998613155882669,1,supports,agree_positive,0.9998613155882669,high,2,2,1,,IRON_MULTIPLE_SUPPORT
P000525,B12_deficiency,5.266020288492695e-05,0,unknown,insufficient_clinical_evidence,0.84,moderate,0,0,4,MMA|homocysteine,B12_TOTAL_NOT_LOW_BUT_NOT_EXCLUSION
P000525,folate_deficiency,0.0126600638458361,0,unknown,insufficient_clinical_evidence,0.84,moderate,0,0,1,folate,FOLATE_MISSING
P000525,B6_deficiency,0.0032023150021265,0,unknown,insufficient_clinical_evidence,0.84,moderate,0,0,1,vitamin_B6,B6_NO_VALIDATED_RULE
P000525,copper_deficiency,0.0101973340363975,0,unknown,insufficient_clinical_evidence,0.84,moderate,0,0,2,copper|ceruloplasmin,COPPER_NO_VALIDATED_RULE
P000525,inflammation_anemia,3.6503806515498754e-05,0,against,agree_negative,0.9999634961934845,high,0,1,0,CRP,INFLAMMATION_NO_ANEMIA
P000526,iron_deficiency,0.9996157109059108,1,supports,agree_positive,0.9996157109059108,high,3,0,2,ferritin|Ret_He|sTfR,IRON_MULTIPLE_SUPPORT
P000526,B12_deficiency,0.0301992673978678,0,unknown,insufficient_clinical_evidence,0.84,moderate,0,0,4,active_B12|MMA,B12_TOTAL_NOT_LOW_BUT_NOT_EXCLUSION
P000526,folate_deficiency,0.0137693340924233,0,unknown,insufficient_clinical_evidence,0.84,moderate,0,0,1,folate,FOLATE_MISSING
P000526,B6_deficiency,0.0017441764374663,0,unknown,insufficient_clinical_evidence,0.84,moderate,0,0,1,vitamin_B6,B6_NO_VALIDATED_RULE
P000526,copper_deficiency,0.0029660310115129,0,unknown,insufficient_clinical_evidence,0.84,moderate,0,0,2,copper|ceruloplasmin,COPPER_NO_VALIDATED_RULE
P000526,inflammation_anemia,8.089155064572243e-05,0,unknown,insufficient_clinical_evidence,0.84,moderate,1,1,2,ferritin|sTfR,INFLAMMATION_INCOMPLETE_OR_MIXED
P000527,iron_deficiency,0.0015739643099031,0,unknown,insufficient_clinical_evidence,0.84,moderate,1,2,2,Ret_He|sTfR,IRON_INSUFFICIENT_OR_MIXED
P000527,B12_deficiency,0.0014319562163995,0,unknown,insufficient_clinical_evidence,0.84,moderate,0,0,4,vitamin_B12|active_B12|MMA|homocysteine,B12_NO_TOTAL_B12
P000527,folate_deficiency,0.0753430406715188,0,supports,conflict_ml_negative_rule_supports,0.64,low,1,0,0,vitamin_B12|homocysteine,FOLATE_LOW
P000527,B6_deficiency,0.0038975811576366,0,unknown,insufficient_clinical_evidence,0.84,moderate,0,0,1,vitamin_B6,B6_NO_VALIDATED_RULE
P000527,copper_deficiency,0.0003476563974931,0,unknown,insufficient_clinical_evidence,0.84,moderate,0,0,2,copper|ceruloplasmin,COPPER_NO_VALIDATED_RULE
P000527,inflammation_anemia,0.9999689002966504,1,supports,agree_positive,0.9999689002966504,high,3,0,1,sTfR,INFLAMMATION_PATTERN_SUPPORT
P000528,iron_deficiency,0.9985425339483598,1,supports,agree_positive,0.9985425339483598,high,2,2,1,ferritin|sTfR,IRON_MULTIPLE_SUPPORT
P000528,B12_deficiency,0.0027059279323937,0,unknown,insufficient_clinical_evidence,0.84,moderate,0,0,4,vitamin_B12|active_B12|homocysteine,B12_NO_TOTAL_B12
P000528,folate_deficiency,0.0011860949063798,0,against,agree_negative,0.9988139050936202,high,0,1,0,,FOLATE_NOT_LOW
P000528,B6_deficiency,0.0006810266960991,0,unknown,insufficient_clinical_evidence,0.84,moderate,0,0,1,vitamin_B6,B6_NO_VALIDATED_RULE
P000528,copper_deficiency,0.0003966594746668,0,unknown,insufficient_clinical_evidence,0.84,moderate,0,0,2,copper|ceruloplasmin,COPPER_NO_VALIDATED_RULE
P000528,inflammation_anemia,0.0001908060012738,0,against,agree_negative,0.9998091939987263,high,0,2,2,ferritin|sTfR,INFLAMMATION_PATTERN_AGAINST
P000529,iron_deficiency,0.9978386382899128,1,supports,agree_positive,0.9978386382899128,high,2,1,2,Ret_He,IRON_MULTIPLE_SUPPORT
P000529,B12_deficiency,0.0115952745727114,0,unknown,insufficient_clinical_evidence,0.84,moderate,0,0,4,active_B12|homocysteine,B12_TOTAL_NOT_LOW_BUT_NOT_EXCLUSION
P000529,folate_deficiency,0.5324929928360649,0,unknown,insufficient_clinical_evidence,0.4675070071639351,low,0,0,1,,FOLATE_BORDERLINE
P000529,B6_deficiency,0.0005004735679786,0,unknown,insufficient_clinical_evidence,0.84,moderate,0,0,1,vitamin_B6,B6_NO_VALIDATED_RULE
P000529,copper_deficiency,0.0014064310338022,0,unknown,insufficient_clinical_evidence,0.84,moderate,0,0,2,ceruloplasmin,COPPER_NO_VALIDATED_RULE
P000529,inflammation_anemia,0.0542668399938824,0,supports,conflict_ml_negative_rule_supports,0.64,low,3,0,1,CRP,INFLAMMATION_PATTERN_SUPPORT
P000530,iron_deficiency,0.0014119932727249,0,against,agree_negative,0.9985880067272751,high,0,3,2,ferritin,IRON_MULTIPLE_AGAINST
P000530,B12_deficiency,0.001199443957139,0,unknown,insufficient_clinical_evidence,0.84,moderate,0,0,4,vitamin_B12|active_B12|MMA,B12_NO_TOTAL_B12
P000530,folate_deficiency,0.0006916503007183,0,against,agree_negative,0.9993083496992817,high,0,1,0,,FOLATE_NOT_LOW
P000530,B6_deficiency,0.8286982616845855,1,unknown,insufficient_clinical_evidence,0.8286982616845855,moderate,0,0,1,,B6_NO_VALIDATED_RULE
P000530,copper_deficiency,0.0001207243739987,0,unknown,insufficient_clinical_evidence,0.84,moderate,0,0,2,copper|ceruloplasmin,COPPER_NO_VALIDATED_RULE
P000530,inflammation_anemia,0.0001253607028315,0,against,agree_negative,0.9998746392971685,high,0,1,0,ferritin,INFLAMMATION_NO_ANEMIA
P000531,iron_deficiency,0.0003285458993226,0,against,agree_negative,0.9996714541006774,high,0,3,2,Ret_He|sTfR,IRON_MULTIPLE_AGAINST
P000531,B12_deficiency,0.0017872557343673,0,unknown,insufficient_clinical_evidence,0.84,moderate,0,0,4,vitamin_B12|active_B12|MMA,B12_NO_TOTAL_B12
P000531,folate_deficiency,0.0206549375879818,0,unknown,insufficient_clinical_evidence,0.84,moderate,0,0,1,folate,FOLATE_MISSING
P000531,B6_deficiency,0.0848825931312775,0,unknown,insufficient_clinical_evidence,0.84,moderate,0,0,1,,B6_NO_VALIDATED_RULE
P000531,copper_deficiency,0.0008775089116189,0,unknown,insufficient_clinical_evidence,0.84,moderate,0,0,2,copper|ceruloplasmin,COPPER_NO_VALIDATED_RULE
P000531,inflammation_anemia,0.0012891612567682,0,against,agree_negative,0.9987108387432319,high,0,1,0,sTfR,INFLAMMATION_NO_ANEMIA
P000532,iron_deficiency,0.9983676168071112,1,unknown,insufficient_clinical_evidence,0.84,moderate,1,0,4,TSAT,IRON_INSUFFICIENT_OR_MIXED
P000532,B12_deficiency,0.0006646348507865,0,unknown,insufficient_clinical_evidence,0.84,moderate,0,0,4,vitamin_B12|MMA,B12_NO_TOTAL_B12
P000532,folate_deficiency,0.0205419058175472,0,against,agree_negative,0.9794580941824528,high,0,1,0,,FOLATE_NOT_LOW
P000532,B6_deficiency,0.0026907946657719,0,unknown,insufficient_clinical_evidence,0.84,moderate,0,0,1,vitamin_B6,B6_NO_VALIDATED_RULE
P000532,copper_deficiency,0.0001800708513647,0,unknown,insufficient_clinical_evidence,0.84,moderate,0,0,2,copper|ceruloplasmin,COPPER_NO_VALIDATED_RULE
P000532,inflammation_anemia,0.0005301514534208,0,against,agree_negative,0.9994698485465792,high,0,1,0,serum_iron|TIBC|TSAT,INFLAMMATION_NO_ANEMIA
P000533,iron_deficiency,0.0001145750124863,0,unknown,insufficient_clinical_evidence,0.84,moderate,0,1,4,TSAT|Ret_He,IRON_INSUFFICIENT_OR_MIXED
P000533,B12_deficiency,0.0004747036786716,0,unknown,insufficient_clinical_evidence,0.84,moderate,0,0,4,active_B12|MMA|homocysteine,B12_TOTAL_NOT_LOW_BUT_NOT_EXCLUSION
P000533,folate_deficiency,0.2842689721688131,0,supports,conflict_ml_negative_rule_supports,0.64,low,1,0,0,homocysteine,FOLATE_LOW
P000533,B6_deficiency,0.018636777964811,0,unknown,insufficient_clinical_evidence,0.84,moderate,0,0,1,vitamin_B6,B6_NO_VALIDATED_RULE
P000533,copper_deficiency,0.0485910435268608,0,unknown,insufficient_clinical_evidence,0.84,moderate,0,0,2,ceruloplasmin,COPPER_NO_VALIDATED_RULE
P000533,inflammation_anemia,0.0331579723160988,0,unknown,insufficient_clinical_evidence,0.84,moderate,1,0,3,serum_iron|TIBC|TSAT,INFLAMMATION_INCOMPLETE_OR_MIXED
P000534,iron_deficiency,0.0005892695442093,0,supports,conflict_ml_negative_rule_supports,0.64,low,3,1,1,,IRON_MULTIPLE_SUPPORT
P000534,B12_deficiency,0.0014914338235387,0,unknown,insufficient_clinical_evidence,0.84,moderate,0,0,4,vitamin_B12|active_B12|homocysteine,B12_NO_TOTAL_B12
P000534,folate_deficiency,0.0002788837408897,0,against,agree_negative,0.9997211162591103,high,0,1,0,,FOLATE_NOT_LOW
P000534,B6_deficiency,0.0139787533516526,0,unknown,insufficient_clinical_evidence,0.84,moderate,0,0,1,vitamin_B6,B6_NO_VALIDATED_RULE
P000534,copper_deficiency,0.0001410590616166,0,unknown,insufficient_clinical_evidence,0.84,moderate,0,0,2,copper|ceruloplasmin,COPPER_NO_VALIDATED_RULE
P000534,inflammation_anemia,0.9999887784760684,1,supports,agree_positive,0.9999887784760684,high,3,0,1,,INFLAMMATION_PATTERN_SUPPORT
P000535,iron_deficiency,0.8575511746784533,1,unknown,insufficient_clinical_evidence,0.84,moderate,0,1,4,TSAT|Ret_He,IRON_INSUFFICIENT_OR_MIXED
P000535,B12_deficiency,0.0002669160039987,0,unknown,insufficient_clinical_evidence,0.84,moderate,0,0,4,active_B12|MMA|homocysteine,B12_TOTAL_NOT_LOW_BUT_NOT_EXCLUSION
P000535,folate_deficiency,0.29449476489399,0,unknown,insufficient_clinical_evidence,0.70550523510601,moderate,0,0,1,folate,FOLATE_MISSING
P000535,B6_deficiency,0.000869033732897,0,unknown,insufficient_clinical_evidence,0.84,moderate,0,0,1,vitamin_B6,B6_NO_VALIDATED_RULE
P000535,copper_deficiency,0.0037342154991539,0,unknown,insufficient_clinical_evidence,0.84,moderate,0,0,2,copper|ceruloplasmin,COPPER_NO_VALIDATED_RULE
P000535,inflammation_anemia,0.0001139719779775,0,unknown,insufficient_clinical_evidence,0.84,moderate,1,0,3,CRP|serum_iron|TIBC|TSAT,INFLAMMATION_INCOMPLETE_OR_MIXED
P000536,iron_deficiency,0.0053599088075999,0,unknown,insufficient_clinical_evidence,0.84,moderate,0,0,5,ferritin|TSAT|Ret_He|sTfR,IRON_INSUFFICIENT_OR_MIXED
P000536,B12_deficiency,8.15608139719333e-05,0,unknown,insufficient_clinical_evidence,0.84,moderate,0,0,4,vitamin_B12|homocysteine,B12_NO_TOTAL_B12
P000536,folate_deficiency,0.0400800163569946,0,unknown,insufficient_clinical_evidence,0.84,moderate,0,0,1,folate,FOLATE_MISSING
P000536,B6_deficiency,0.7478253548097306,1,unknown,insufficient_clinical_evidence,0.7478253548097306,moderate,0,0,1,,B6_NO_VALIDATED_RULE
P000536,copper_deficiency,0.0003733239454876,0,unknown,insufficient_clinical_evidence,0.84,moderate,0,0,2,copper|ceruloplasmin,COPPER_NO_VALIDATED_RULE
P000536,inflammation_anemia,0.0008187771805243,0,against,agree_negative,0.9991812228194757,high,0,1,0,ferritin|serum_iron|TIBC|TSAT|sTfR,INFLAMMATION_NO_ANEMIA
P000537,iron_deficiency,0.0228624216485082,0,unknown,insufficient_clinical_evidence,0.84,moderate,1,0,4,ferritin|TSAT|sTfR,IRON_INSUFFICIENT_OR_MIXED
P000537,B12_deficiency,0.0008915174727171,0,unknown,insufficient_clinical_evidence,0.84,moderate,0,0,4,active_B12,B12_TOTAL_NOT_LOW_BUT_NOT_EXCLUSION
P000537,folate_deficiency,0.0280443566149151,0,unknown,insufficient_clinical_evidence,0.84,moderate,0,0,1,,FOLATE_BORDERLINE
P000537,B6_deficiency,0.0094585106503272,0,unknown,insufficient_clinical_evidence,0.84,moderate,0,0,1,vitamin_B6,B6_NO_VALIDATED_RULE
P000537,copper_deficiency,0.011487418334709,0,unknown,insufficient_clinical_evidence,0.84,moderate,0,0,2,copper|ceruloplasmin,COPPER_NO_VALIDATED_RULE
P000537,inflammation_anemia,0.0012460335029286,0,against,agree_negative,0.9987539664970714,high,0,1,0,ferritin|serum_iron|TIBC|TSAT|sTfR,INFLAMMATION_NO_ANEMIA
P000538,iron_deficiency,2.3918090302290683e-05,0,against,agree_negative,0.9999760819096977,high,0,2,3,ferritin|Ret_He|sTfR,IRON_MULTIPLE_AGAINST
P000538,B12_deficiency,0.0018718606764094,0,unknown,insufficient_clinical_evidence,0.84,moderate,0,0,4,active_B12,B12_TOTAL_NOT_LOW_BUT_NOT_EXCLUSION
P000538,folate_deficiency,0.9841689514829948,1,supports,agree_positive,0.9841689514829948,high,1,0,0,,FOLATE_LOW
P000538,B6_deficiency,0.0064865745793045,0,unknown,insufficient_clinical_evidence,0.84,moderate,0,0,1,vitamin_B6,B6_NO_VALIDATED_RULE
P000538,copper_deficiency,0.0011481765396346,0,unknown,insufficient_clinical_evidence,0.84,moderate,0,0,2,copper|ceruloplasmin,COPPER_NO_VALIDATED_RULE
P000538,inflammation_anemia,0.0002383505915791,0,against,agree_negative,0.9997616494084209,high,0,1,0,CRP|ferritin|sTfR,INFLAMMATION_NO_ANEMIA
P000539,iron_deficiency,8.302124845425129e-05,0,against,agree_negative,0.9999169787515457,high,0,2,3,TSAT|sTfR,IRON_MULTIPLE_AGAINST
P000539,B12_deficiency,0.0047150434054147,0,unknown,insufficient_clinical_evidence,0.84,moderate,0,0,4,active_B12|MMA|homocysteine,B12_TOTAL_NOT_LOW_BUT_NOT_EXCLUSION
P000539,folate_deficiency,0.0181878998945868,0,unknown,insufficient_clinical_evidence,0.84,moderate,0,0,1,folate,FOLATE_MISSING
P000539,B6_deficiency,0.0013028969406206,0,unknown,insufficient_clinical_evidence,0.84,moderate,0,0,1,vitamin_B6,B6_NO_VALIDATED_RULE
P000539,copper_deficiency,0.0067361339026934,0,unknown,insufficient_clinical_evidence,0.84,moderate,0,0,2,copper|ceruloplasmin,COPPER_NO_VALIDATED_RULE
P000539,inflammation_anemia,0.0019524682843158,0,unknown,insufficient_clinical_evidence,0.84,moderate,1,0,3,serum_iron|TIBC|TSAT|sTfR,INFLAMMATION_INCOMPLETE_OR_MIXED
P000540,iron_deficiency,0.9982108328611712,1,supports,agree_positive,0.9982108328611712,high,2,1,2,Ret_He,IRON_MULTIPLE_SUPPORT
P000540,B12_deficiency,0.0002181816057008,0,unknown,insufficient_clinical_evidence,0.84,moderate,0,0,4,vitamin_B12|MMA|homocysteine,B12_NO_TOTAL_B12
P000540,folate_deficiency,0.4011315387221821,0,unknown,insufficient_clinical_evidence,0.5988684612778179,low,0,0,1,,FOLATE_BORDERLINE
P000540,B6_deficiency,0.0036692822405457,0,unknown,insufficient_clinical_evidence,0.84,moderate,0,0,1,,B6_NO_VALIDATED_RULE
P000540,copper_deficiency,1.8003333541112762e-12,0,unknown,insufficient_clinical_evidence,0.84,moderate,0,0,2,copper,COPPER_NO_VALIDATED_RULE
P000540,inflammation_anemia,1.8659944144356933e-05,0,supports,conflict_ml_negative_rule_supports,0.64,low,3,0,1,,INFLAMMATION_PATTERN_SUPPORT
P000541,iron_deficiency,0.0001258651525598,0,against,agree_negative,0.9998741348474403,high,0,3,2,Ret_He,IRON_MULTIPLE_AGAINST
P000541,B12_deficiency,0.997318395709868,1,unknown,insufficient_clinical_evidence,0.84,moderate,0,0,4,MMA,B12_TOTAL_NOT_LOW_BUT_NOT_EXCLUSION
P000541,folate_deficiency,0.9846142186430722,1,supports,agree_positive,0.9846142186430722,high,1,0,0,,FOLATE_LOW
P000541,B6_deficiency,0.0031832374235545,0,unknown,insufficient_clinical_evidence,0.84,moderate,0,0,1,vitamin_B6,B6_NO_VALIDATED_RULE
P000541,copper_deficiency,0.0026983685999294,0,unknown,insufficient_clinical_evidence,0.84,moderate,0,0,2,copper|ceruloplasmin,COPPER_NO_VALIDATED_RULE
P000541,inflammation_anemia,0.0007931510096721,0,unknown,insufficient_clinical_evidence,0.84,moderate,2,1,1,,INFLAMMATION_INCOMPLETE_OR_MIXED
P000542,iron_deficiency,0.9937516906303864,1,unknown,insufficient_clinical_evidence,0.84,moderate,0,0,5,TSAT|Ret_He|sTfR,IRON_INSUFFICIENT_OR_MIXED
P000542,B12_deficiency,0.0014518556838983,0,unknown,insufficient_clinical_evidence,0.84,moderate,0,0,4,vitamin_B12|active_B12|MMA|homocysteine,B12_NO_TOTAL_B12
P000542,folate_deficiency,0.0060766887217369,0,unknown,insufficient_clinical_evidence,0.84,moderate,0,0,1,folate,FOLATE_MISSING
P000542,B6_deficiency,0.0244635829100307,0,unknown,insufficient_clinical_evidence,0.84,moderate,0,0,1,vitamin_B6,B6_NO_VALIDATED_RULE
P000542,copper_deficiency,0.0106246229543483,0,unknown,insufficient_clinical_evidence,0.84,moderate,0,0,2,copper|ceruloplasmin,COPPER_NO_VALIDATED_RULE
P000542,inflammation_anemia,0.0001270310955225,0,unknown,insufficient_clinical_evidence,0.84,moderate,1,0,3,serum_iron|TIBC|TSAT|sTfR,INFLAMMATION_INCOMPLETE_OR_MIXED
P000543,iron_deficiency,0.9999739826371532,1,supports,agree_positive,0.9999739826371532,high,3,0,2,Ret_He,IRON_MULTIPLE_SUPPORT
P000543,B12_deficiency,0.0023977588365152,0,unknown,insufficient_clinical_evidence,0.84,moderate,0,0,4,vitamin_B12|active_B12|MMA|homocysteine,B12_NO_TOTAL_B12
P000543,folate_deficiency,0.000552193024404,0,against,agree_negative,0.999447806975596,high,0,1,0,,FOLATE_NOT_LOW
P000543,B6_deficiency,0.0028090827067855,0,unknown,insufficient_clinical_evidence,0.84,moderate,0,0,1,vitamin_B6,B6_NO_VALIDATED_RULE
P000543,copper_deficiency,3.7074524190903016e-05,0,unknown,insufficient_clinical_evidence,0.84,moderate,0,0,2,copper|ceruloplasmin,COPPER_NO_VALIDATED_RULE
P000543,inflammation_anemia,5.845386873610359e-05,0,against,agree_negative,0.9999415461312638,high,0,1,0,CRP,INFLAMMATION_NO_ANEMIA
P000544,iron_deficiency,0.9999629558647124,1,supports,agree_positive,0.9999629558647124,high,3,0,2,sTfR,IRON_MULTIPLE_SUPPORT
P000544,B12_deficiency,0.0010580835695007,0,unknown,insufficient_clinical_evidence,0.84,moderate,0,0,4,vitamin_B12|active_B12|MMA,B12_NO_TOTAL_B12
P000544,folate_deficiency,0.0006007675999003,0,against,agree_negative,0.9993992324000996,high,0,1,0,,FOLATE_NOT_LOW
P000544,B6_deficiency,0.000988999000997,0,unknown,insufficient_clinical_evidence,0.84,moderate,0,0,1,vitamin_B6,B6_NO_VALIDATED_RULE
P000544,copper_deficiency,0.0051690445856267,0,unknown,insufficient_clinical_evidence,0.84,moderate,0,0,2,copper|ceruloplasmin,COPPER_NO_VALIDATED_RULE
P000544,inflammation_anemia,0.0071900390824961,0,against,agree_negative,0.992809960917504,high,0,1,0,sTfR,INFLAMMATION_NO_ANEMIA
P000545,iron_deficiency,8.535750868206651e-05,0,unknown,insufficient_clinical_evidence,0.84,moderate,0,1,4,TSAT|Ret_He,IRON_INSUFFICIENT_OR_MIXED
P000545,B12_deficiency,0.0005568887092052,0,unknown,insufficient_clinical_evidence,0.84,moderate,0,0,4,vitamin_B12|MMA|homocysteine,B12_NO_TOTAL_B12
P000545,folate_deficiency,0.0680021792575111,0,unknown,insufficient_clinical_evidence,0.84,moderate,0,0,1,folate,FOLATE_MISSING
P000545,B6_deficiency,0.0036998404757734,0,unknown,insufficient_clinical_evidence,0.84,moderate,0,0,1,vitamin_B6,B6_NO_VALIDATED_RULE
P000545,copper_deficiency,2.2339448094765346e-07,0,unknown,insufficient_clinical_evidence,0.84,moderate,0,0,2,copper,COPPER_NO_VALIDATED_RULE
P000545,inflammation_anemia,0.0017339436000121,0,unknown,insufficient_clinical_evidence,0.84,moderate,1,0,3,serum_iron|TIBC|TSAT,INFLAMMATION_INCOMPLETE_OR_MIXED
P000546,iron_deficiency,0.9999866551252454,1,supports,agree_positive,0.9999866551252454,high,3,0,2,Ret_He|sTfR,IRON_MULTIPLE_SUPPORT
P000546,B12_deficiency,0.0008767806297699,0,unknown,insufficient_clinical_evidence,0.84,moderate,0,0,4,vitamin_B12|active_B12|MMA|homocysteine,B12_NO_TOTAL_B12
P000546,folate_deficiency,0.0010149314362537,0,unknown,insufficient_clinical_evidence,0.84,moderate,0,0,1,folate,FOLATE_MISSING
P000546,B6_deficiency,0.0009832332168274,0,unknown,insufficient_clinical_evidence,0.84,moderate,0,0,1,vitamin_B6,B6_NO_VALIDATED_RULE
P000546,copper_deficiency,0.0001510296500616,0,unknown,insufficient_clinical_evidence,0.84,moderate,0,0,2,copper|ceruloplasmin,COPPER_NO_VALIDATED_RULE
P000546,inflammation_anemia,1.7933057472419486e-05,0,against,agree_negative,0.9999820669425276,high,0,1,0,CRP|sTfR,INFLAMMATION_NO_ANEMIA
P000547,iron_deficiency,0.0134021251591531,0,unknown,insufficient_clinical_evidence,0.84,moderate,0,0,5,ferritin|TSAT|Ret_He|sTfR,IRON_INSUFFICIENT_OR_MIXED
P000547,B12_deficiency,0.0005065683308344,0,unknown,insufficient_clinical_evidence,0.84,moderate,0,0,4,active_B12|MMA,B12_TOTAL_NOT_LOW_BUT_NOT_EXCLUSION
P000547,folate_deficiency,0.0028957321389592,0,against,agree_negative,0.9971042678610408,high,0,1,0,,FOLATE_NOT_LOW
P000547,B6_deficiency,0.0020443770310678,0,unknown,insufficient_clinical_evidence,0.84,moderate,0,0,1,vitamin_B6,B6_NO_VALIDATED_RULE
P000547,copper_deficiency,0.0001287627754021,0,unknown,insufficient_clinical_evidence,0.84,moderate,0,0,2,copper|ceruloplasmin,COPPER_NO_VALIDATED_RULE
P000547,inflammation_anemia,0.0016166977737441,0,against,agree_negative,0.9983833022262559,high,0,1,0,ferritin|serum_iron|TIBC|TSAT|sTfR,INFLAMMATION_NO_ANEMIA
P000548,iron_deficiency,0.0002035015434081,0,against,agree_negative,0.9997964984565919,high,0,2,3,TSAT|sTfR,IRON_MULTIPLE_AGAINST
P000548,B12_deficiency,0.0008212941528334,0,unknown,insufficient_clinical_evidence,0.84,moderate,0,0,4,vitamin_B12|active_B12|MMA|homocysteine,B12_NO_TOTAL_B12
P000548,folate_deficiency,0.2326438607601153,0,unknown,insufficient_clinical_evidence,0.7673561392398847,moderate,0,0,1,,FOLATE_BORDERLINE
P000548,B6_deficiency,0.002375401756273,0,unknown,insufficient_clinical_evidence,0.84,moderate,0,0,1,vitamin_B6,B6_NO_VALIDATED_RULE
P000548,copper_deficiency,0.0001293667169049,0,unknown,insufficient_clinical_evidence,0.84,moderate,0,0,2,copper|ceruloplasmin,COPPER_NO_VALIDATED_RULE
P000548,inflammation_anemia,0.000840863521734,0,against,agree_negative,0.999159136478266,high,0,1,0,CRP|serum_iron|TIBC|TSAT|sTfR,INFLAMMATION_NO_ANEMIA
P000549,iron_deficiency,8.905968333661225e-05,0,against,agree_negative,0.9999109403166634,high,0,2,3,ferritin|Ret_He|sTfR,IRON_MULTIPLE_AGAINST
P000549,B12_deficiency,0.0137475118999076,0,unknown,insufficient_clinical_evidence,0.84,moderate,0,0,4,vitamin_B12|active_B12|MMA|homocysteine,B12_NO_TOTAL_B12
P000549,folate_deficiency,0.269933392165239,0,unknown,insufficient_clinical_evidence,0.7300666078347611,moderate,0,0,1,folate,FOLATE_MISSING
P000549,B6_deficiency,0.0014680200859552,0,unknown,insufficient_clinical_evidence,0.84,moderate,0,0,1,vitamin_B6,B6_NO_VALIDATED_RULE
P000549,copper_deficiency,0.0051199797096657,0,unknown,insufficient_clinical_evidence,0.84,moderate,0,0,2,copper|ceruloplasmin,COPPER_NO_VALIDATED_RULE
P000549,inflammation_anemia,5.284121254938894e-05,0,against,agree_negative,0.9999471587874507,high,0,1,0,CRP|ferritin|sTfR,INFLAMMATION_NO_ANEMIA
P000550,iron_deficiency,0.0017623462147706,0,against,agree_negative,0.9982376537852294,high,0,2,3,ferritin|Ret_He,IRON_MULTIPLE_AGAINST
P000550,B12_deficiency,0.0978359237640601,0,unknown,insufficient_clinical_evidence,0.84,moderate,0,0,4,,B12_TOTAL_NOT_LOW_BUT_NOT_EXCLUSION
P000550,folate_deficiency,0.3074945609771948,0,unknown,insufficient_clinical_evidence,0.6925054390228051,moderate,0,0,1,folate,FOLATE_MISSING
P000550,B6_deficiency,0.0183899154549932,0,unknown,insufficient_clinical_evidence,0.84,moderate,0,0,1,,B6_NO_VALIDATED_RULE
P000550,copper_deficiency,0.0068132241102549,0,unknown,insufficient_clinical_evidence,0.84,moderate,0,0,2,copper|ceruloplasmin,COPPER_NO_VALIDATED_RULE
P000550,inflammation_anemia,0.0003123833296867,0,against,agree_negative,0.9996876166703133,high,0,1,0,ferritin,INFLAMMATION_NO_ANEMIA
P000551,iron_deficiency,0.3506245758738154,0,unknown,insufficient_clinical_evidence,0.6493754241261847,low,0,1,4,TSAT|Ret_He|sTfR,IRON_INSUFFICIENT_OR_MIXED
P000551,B12_deficiency,0.0016749061619103,0,unknown,insufficient_clinical_evidence,0.84,moderate,0,0,4,vitamin_B12|homocysteine,B12_NO_TOTAL_B12
P000551,folate_deficiency,0.066934363833915,0,unknown,insufficient_clinical_evidence,0.84,moderate,0,0,1,,FOLATE_BORDERLINE
P000551,B6_deficiency,0.0059485916815258,0,unknown,insufficient_clinical_evidence,0.84,moderate,0,0,1,vitamin_B6,B6_NO_VALIDATED_RULE
P000551,copper_deficiency,6.317071316207842e-05,0,unknown,insufficient_clinical_evidence,0.84,moderate,0,0,2,copper|ceruloplasmin,COPPER_NO_VALIDATED_RULE
P000551,inflammation_anemia,7.82410456219513e-05,0,against,agree_negative,0.9999217589543781,high,0,1,0,CRP|serum_iron|TIBC|TSAT|sTfR,INFLAMMATION_NO_ANEMIA
P000552,iron_deficiency,4.081666360838284e-05,0,unknown,insufficient_clinical_evidence,0.84,moderate,0,1,4,TSAT|Ret_He|sTfR,IRON_INSUFFICIENT_OR_MIXED
P000552,B12_deficiency,0.0001824372546141,0,unknown,insufficient_clinical_evidence,0.84,moderate,0,0,4,MMA|homocysteine,B12_TOTAL_NOT_LOW_BUT_NOT_EXCLUSION
P000552,folate_deficiency,0.0009653540424659,0,against,agree_negative,0.9990346459575341,high,0,1,0,,FOLATE_NOT_LOW
P000552,B6_deficiency,0.0021036534417865,0,unknown,insufficient_clinical_evidence,0.84,moderate,0,0,1,vitamin_B6,B6_NO_VALIDATED_RULE
P000552,copper_deficiency,1.9451010760178545e-06,0,unknown,insufficient_clinical_evidence,0.84,moderate,0,0,2,copper|ceruloplasmin,COPPER_NO_VALIDATED_RULE
P000552,inflammation_anemia,0.9393431653026264,1,unknown,insufficient_clinical_evidence,0.84,moderate,1,0,3,serum_iron|TIBC|TSAT|sTfR,INFLAMMATION_INCOMPLETE_OR_MIXED
P000553,iron_deficiency,0.9999976810016036,1,supports,agree_positive,0.9999976810016036,high,4,0,1,Ret_He|sTfR,IRON_MULTIPLE_SUPPORT
P000553,B12_deficiency,8.85694600478812e-05,0,unknown,insufficient_clinical_evidence,0.84,moderate,0,0,4,active_B12|homocysteine,B12_TOTAL_NOT_LOW_BUT_NOT_EXCLUSION
P000553,folate_deficiency,0.0047713214664085,0,against,agree_negative,0.9952286785335915,high,0,1,0,,FOLATE_NOT_LOW
P000553,B6_deficiency,0.0137506054833093,0,unknown,insufficient_clinical_evidence,0.84,moderate,0,0,1,vitamin_B6,B6_NO_VALIDATED_RULE
P000553,copper_deficiency,0.0055837155349789,0,unknown,insufficient_clinical_evidence,0.84,moderate,0,0,2,copper|ceruloplasmin,COPPER_NO_VALIDATED_RULE
P000553,inflammation_anemia,0.000247553305708,0,unknown,insufficient_clinical_evidence,0.84,moderate,1,2,1,CRP|sTfR,INFLAMMATION_INCOMPLETE_OR_MIXED
P000554,iron_deficiency,0.0690531859714679,0,unknown,insufficient_clinical_evidence,0.84,moderate,0,0,5,ferritin|TSAT|Ret_He|sTfR,IRON_INSUFFICIENT_OR_MIXED
P000554,B12_deficiency,0.9996108047123776,1,unknown,insufficient_clinical_evidence,0.84,moderate,0,0,4,,B12_TOTAL_NOT_LOW_BUT_NOT_EXCLUSION
P000554,folate_deficiency,0.0288832926973062,0,unknown,insufficient_clinical_evidence,0.84,moderate,0,0,1,folate,FOLATE_MISSING
P000554,B6_deficiency,0.0040336012912123,0,unknown,insufficient_clinical_evidence,0.84,moderate,0,0,1,vitamin_B6,B6_NO_VALIDATED_RULE
P000554,copper_deficiency,2.883225235647456e-09,0,unknown,insufficient_clinical_evidence,0.84,moderate,0,0,2,copper|ceruloplasmin,COPPER_NO_VALIDATED_RULE
P000554,inflammation_anemia,2.3844604642712093e-05,0,against,agree_negative,0.9999761553953573,high,0,1,0,ferritin|serum_iron|TIBC|TSAT|sTfR,INFLAMMATION_NO_ANEMIA
P000555,iron_deficiency,0.0001919047439328,0,against,agree_negative,0.9998080952560672,high,0,3,2,Ret_He,IRON_MULTIPLE_AGAINST
P000555,B12_deficiency,0.0001027156254382,0,unknown,insufficient_clinical_evidence,0.84,moderate,0,0,4,active_B12|MMA|homocysteine,B12_TOTAL_NOT_LOW_BUT_NOT_EXCLUSION
P000555,folate_deficiency,0.0296156834359992,0,unknown,insufficient_clinical_evidence,0.84,moderate,0,0,1,folate,FOLATE_MISSING
P000555,B6_deficiency,0.0603472072194451,0,unknown,insufficient_clinical_evidence,0.84,moderate,0,0,1,,B6_NO_VALIDATED_RULE
P000555,copper_deficiency,0.0035769156435755,0,unknown,insufficient_clinical_evidence,0.84,moderate,0,0,2,copper,COPPER_NO_VALIDATED_RULE
P000555,inflammation_anemia,0.0289822619958417,0,against,agree_negative,0.9710177380041582,high,0,1,0,CRP,INFLAMMATION_NO_ANEMIA
P000556,iron_deficiency,0.0026497040032671,0,against,agree_negative,0.9973502959967329,high,0,3,2,Ret_He|sTfR,IRON_MULTIPLE_AGAINST
P000556,B12_deficiency,0.0050924742932309,0,unknown,insufficient_clinical_evidence,0.84,moderate,0,0,4,vitamin_B12|active_B12|MMA|homocysteine,B12_NO_TOTAL_B12
P000556,folate_deficiency,0.1340154618171804,0,unknown,insufficient_clinical_evidence,0.84,moderate,0,0,1,folate,FOLATE_MISSING
P000556,B6_deficiency,0.001600025856579,0,unknown,insufficient_clinical_evidence,0.84,moderate,0,0,1,vitamin_B6,B6_NO_VALIDATED_RULE
P000556,copper_deficiency,0.9856376358227708,1,unknown,insufficient_clinical_evidence,0.84,moderate,0,0,2,,COPPER_NO_VALIDATED_RULE
P000556,inflammation_anemia,4.318195923176568e-05,0,against,agree_negative,0.9999568180407682,high,0,1,0,sTfR,INFLAMMATION_NO_ANEMIA
P000557,iron_deficiency,0.9999874514339896,1,supports,agree_positive,0.9999874514339896,high,4,0,1,Ret_He|sTfR,IRON_MULTIPLE_SUPPORT
P000557,B12_deficiency,0.0008151501065807,0,unknown,insufficient_clinical_evidence,0.84,moderate,0,0,4,active_B12|homocysteine,B12_TOTAL_NOT_LOW_BUT_NOT_EXCLUSION
P000557,folate_deficiency,0.0090054991553828,0,unknown,insufficient_clinical_evidence,0.84,moderate,0,0,1,folate,FOLATE_MISSING
P000557,B6_deficiency,0.0036790532186979,0,unknown,insufficient_clinical_evidence,0.84,moderate,0,0,1,vitamin_B6,B6_NO_VALIDATED_RULE
P000557,copper_deficiency,0.0016772293818335,0,unknown,insufficient_clinical_evidence,0.84,moderate,0,0,2,copper|ceruloplasmin,COPPER_NO_VALIDATED_RULE
P000557,inflammation_anemia,0.0002700386757652,0,unknown,insufficient_clinical_evidence,0.84,moderate,1,2,1,sTfR,INFLAMMATION_INCOMPLETE_OR_MIXED
P000558,iron_deficiency,0.0007514338487271,0,unknown,insufficient_clinical_evidence,0.84,moderate,0,1,4,ferritin|TSAT|sTfR,IRON_INSUFFICIENT_OR_MIXED
P000558,B12_deficiency,0.0025356379771621,0,unknown,insufficient_clinical_evidence,0.84,moderate,0,0,4,vitamin_B12|active_B12|homocysteine,B12_NO_TOTAL_B12
P000558,folate_deficiency,0.990487794018022,1,supports,agree_positive,0.990487794018022,high,1,0,0,,FOLATE_LOW
P000558,B6_deficiency,0.00048407421564,0,unknown,insufficient_clinical_evidence,0.84,moderate,0,0,1,vitamin_B6,B6_NO_VALIDATED_RULE
P000558,copper_deficiency,0.0016086404388288,0,unknown,insufficient_clinical_evidence,0.84,moderate,0,0,2,copper|ceruloplasmin,COPPER_NO_VALIDATED_RULE
P000558,inflammation_anemia,2.7138228039852216e-05,0,against,agree_negative,0.9999728617719601,high,0,1,0,CRP|ferritin|serum_iron|TIBC|TSAT|sTfR,INFLAMMATION_NO_ANEMIA
P000559,iron_deficiency,5.911206041500342e-05,0,against,agree_negative,0.999940887939585,high,0,3,2,ferritin,IRON_MULTIPLE_AGAINST
P000559,B12_deficiency,0.0029684243913232,0,unknown,insufficient_clinical_evidence,0.84,moderate,0,0,4,vitamin_B12|active_B12|homocysteine,B12_NO_TOTAL_B12
P000559,folate_deficiency,0.9549688011461936,1,supports,agree_positive,0.9549688011461936,high,1,0,0,,FOLATE_LOW
P000559,B6_deficiency,0.0003463592097741,0,unknown,insufficient_clinical_evidence,0.84,moderate,0,0,1,vitamin_B6,B6_NO_VALIDATED_RULE
P000559,copper_deficiency,0.0076437218868758,0,unknown,insufficient_clinical_evidence,0.84,moderate,0,0,2,copper|ceruloplasmin,COPPER_NO_VALIDATED_RULE
P000559,inflammation_anemia,0.0001020883818915,0,against,agree_negative,0.9998979116181085,high,0,1,0,CRP|ferritin,INFLAMMATION_NO_ANEMIA
P000560,iron_deficiency,0.9972964331566982,1,against,conflict_ml_positive_rule_against,0.64,low,0,2,3,Ret_He|CRP,IRON_MULTIPLE_AGAINST
P000560,B12_deficiency,0.9999583217276568,1,unknown,insufficient_clinical_evidence,0.84,moderate,0,0,4,,B12_TOTAL_NOT_LOW_BUT_NOT_EXCLUSION
P000560,folate_deficiency,0.0044371369696961,0,against,agree_negative,0.995562863030304,high,0,1,0,,FOLATE_NOT_LOW
P000560,B6_deficiency,0.0005386643073143,0,unknown,insufficient_clinical_evidence,0.84,moderate,0,0,1,vitamin_B6,B6_NO_VALIDATED_RULE
P000560,copper_deficiency,1.6681054651419328e-13,0,unknown,insufficient_clinical_evidence,0.84,moderate,0,0,2,copper|ceruloplasmin,COPPER_NO_VALIDATED_RULE
P000560,inflammation_anemia,2.8909056837950847e-05,0,unknown,insufficient_clinical_evidence,0.84,moderate,2,1,1,CRP,INFLAMMATION_INCOMPLETE_OR_MIXED
P000561,iron_deficiency,0.0001184586499885,0,unknown,insufficient_clinical_evidence,0.84,moderate,1,3,1,sTfR,IRON_INSUFFICIENT_OR_MIXED
P000561,B12_deficiency,0.0859125341520689,0,unknown,insufficient_clinical_evidence,0.84,moderate,0,0,4,vitamin_B12|MMA,B12_NO_TOTAL_B12
P000561,folate_deficiency,0.4223115559654657,0,unknown,insufficient_clinical_evidence,0.5776884440345342,low,0,0,1,,FOLATE_BORDERLINE
P000561,B6_deficiency,0.0030082034577261,0,unknown,insufficient_clinical_evidence,0.84,moderate,0,0,1,vitamin_B6,B6_NO_VALIDATED_RULE
P000561,copper_deficiency,0.0056266393200121,0,unknown,insufficient_clinical_evidence,0.84,moderate,0,0,2,copper|ceruloplasmin,COPPER_NO_VALIDATED_RULE
P000561,inflammation_anemia,3.410193435872576e-05,0,against,agree_negative,0.9999658980656413,high,0,1,0,CRP|sTfR,INFLAMMATION_NO_ANEMIA
P000562,iron_deficiency,0.9999867665411006,1,supports,agree_positive,0.9999867665411006,high,4,0,1,Ret_He|sTfR,IRON_MULTIPLE_SUPPORT
P000562,B12_deficiency,0.000988298781783,0,unknown,insufficient_clinical_evidence,0.84,moderate,0,0,4,vitamin_B12|active_B12|homocysteine,B12_NO_TOTAL_B12
P000562,folate_deficiency,0.0005660951525139,0,against,agree_negative,0.9994339048474861,high,0,1,0,,FOLATE_NOT_LOW
P000562,B6_deficiency,0.0004741547515931,0,unknown,insufficient_clinical_evidence,0.84,moderate,0,0,1,vitamin_B6,B6_NO_VALIDATED_RULE
P000562,copper_deficiency,0.0016736687410025,0,unknown,insufficient_clinical_evidence,0.84,moderate,0,0,2,copper|ceruloplasmin,COPPER_NO_VALIDATED_RULE
P000562,inflammation_anemia,3.226694005620436e-05,0,against,agree_negative,0.9999677330599438,high,0,1,0,sTfR,INFLAMMATION_NO_ANEMIA
P000563,iron_deficiency,0.0003193470878774,0,unknown,insufficient_clinical_evidence,0.84,moderate,0,1,4,TSAT|Ret_He|sTfR,IRON_INSUFFICIENT_OR_MIXED
P000563,B12_deficiency,0.0177248392022793,0,unknown,insufficient_clinical_evidence,0.84,moderate,0,0,4,active_B12|MMA,B12_TOTAL_NOT_LOW_BUT_NOT_EXCLUSION
P000563,folate_deficiency,0.0007693063156914,0,against,agree_negative,0.9992306936843086,high,0,1,0,,FOLATE_NOT_LOW
P000563,B6_deficiency,0.000848718563415,0,unknown,insufficient_clinical_evidence,0.84,moderate,0,0,1,vitamin_B6,B6_NO_VALIDATED_RULE
P000563,copper_deficiency,0.0003352523272974,0,unknown,insufficient_clinical_evidence,0.84,moderate,0,0,2,copper|ceruloplasmin,COPPER_NO_VALIDATED_RULE
P000563,inflammation_anemia,0.0023959319701435,0,against,agree_negative,0.9976040680298565,high,0,1,0,serum_iron|TIBC|TSAT|sTfR,INFLAMMATION_NO_ANEMIA
P000564,iron_deficiency,8.691513699170334e-05,0,against,agree_negative,0.9999130848630083,high,0,2,3,ferritin|Ret_He,IRON_MULTIPLE_AGAINST
P000564,B12_deficiency,0.0052258291965061,0,unknown,insufficient_clinical_evidence,0.84,moderate,0,0,4,vitamin_B12|active_B12|MMA|homocysteine,B12_NO_TOTAL_B12
P000564,folate_deficiency,0.0101377106978051,0,unknown,insufficient_clinical_evidence,0.84,moderate,0,0,1,,FOLATE_BORDERLINE
P000564,B6_deficiency,0.0009532610009017,0,unknown,insufficient_clinical_evidence,0.84,moderate,0,0,1,vitamin_B6,B6_NO_VALIDATED_RULE
P000564,copper_deficiency,0.0020688724174339,0,unknown,insufficient_clinical_evidence,0.84,moderate,0,0,2,ceruloplasmin,COPPER_NO_VALIDATED_RULE
P000564,inflammation_anemia,0.0008862583064164,0,against,agree_negative,0.9991137416935836,high,0,1,0,ferritin,INFLAMMATION_NO_ANEMIA
P000565,iron_deficiency,0.9991598592539996,1,unknown,insufficient_clinical_evidence,0.84,moderate,1,3,1,,IRON_INSUFFICIENT_OR_MIXED
P000565,B12_deficiency,0.002058775513757,0,unknown,insufficient_clinical_evidence,0.84,moderate,0,0,4,vitamin_B12|MMA|homocysteine,B12_NO_TOTAL_B12
P000565,folate_deficiency,0.0277288603113618,0,unknown,insufficient_clinical_evidence,0.84,moderate,0,0,1,folate,FOLATE_MISSING
P000565,B6_deficiency,0.0042902881517064,0,unknown,insufficient_clinical_evidence,0.84,moderate,0,0,1,vitamin_B6,B6_NO_VALIDATED_RULE
P000565,copper_deficiency,6.141827703748132e-05,0,unknown,insufficient_clinical_evidence,0.84,moderate,0,0,2,copper|ceruloplasmin,COPPER_NO_VALIDATED_RULE
P000565,inflammation_anemia,0.0004663766897347,0,against,agree_negative,0.9995336233102653,high,0,1,0,CRP,INFLAMMATION_NO_ANEMIA
P000566,iron_deficiency,0.9999761009421376,1,supports,agree_positive,0.9999761009421376,high,3,1,1,Ret_He,IRON_MULTIPLE_SUPPORT
P000566,B12_deficiency,0.005018265515994,0,unknown,insufficient_clinical_evidence,0.84,moderate,0,0,4,active_B12|MMA,B12_TOTAL_NOT_LOW_BUT_NOT_EXCLUSION
P000566,folate_deficiency,0.948307869577905,1,supports,agree_positive,0.948307869577905,high,1,0,0,,FOLATE_LOW
P000566,B6_deficiency,0.0014806278389395,0,unknown,insufficient_clinical_evidence,0.84,moderate,0,0,1,vitamin_B6,B6_NO_VALIDATED_RULE
P000566,copper_deficiency,0.0050240933747475,0,unknown,insufficient_clinical_evidence,0.84,moderate,0,0,2,ceruloplasmin,COPPER_NO_VALIDATED_RULE
P000566,inflammation_anemia,6.133614242206512e-05,0,against,agree_negative,0.9999386638575779,high,0,3,1,,INFLAMMATION_PATTERN_AGAINST
P000567,iron_deficiency,0.000855052794203,0,unknown,insufficient_clinical_evidence,0.84,moderate,0,0,5,ferritin|TSAT|Ret_He|sTfR,IRON_INSUFFICIENT_OR_MIXED
P000567,B12_deficiency,0.9999433131365112,1,supports,agree_positive,0.9999433131365112,high,1,0,3,,B12_LOW_TOTAL
P000567,folate_deficiency,0.1709646889283149,0,unknown,insufficient_clinical_evidence,0.829035311071685,moderate,0,0,1,folate,FOLATE_MISSING
P000567,B6_deficiency,0.0001300985065789,0,unknown,insufficient_clinical_evidence,0.84,moderate,0,0,1,vitamin_B6,B6_NO_VALIDATED_RULE
P000567,copper_deficiency,0.0006829168945748,0,unknown,insufficient_clinical_evidence,0.84,moderate,0,0,2,copper|ceruloplasmin,COPPER_NO_VALIDATED_RULE
P000567,inflammation_anemia,2.32211557521204e-05,0,unknown,insufficient_clinical_evidence,0.84,moderate,0,0,4,CRP|ferritin|serum_iron|TIBC|TSAT|sTfR,INFLAMMATION_INCOMPLETE_OR_MIXED
P000568,iron_deficiency,0.9998945576120516,1,supports,agree_positive,0.9998945576120516,high,2,1,2,Ret_He|sTfR,IRON_MULTIPLE_SUPPORT
P000568,B12_deficiency,0.0394814270163985,0,unknown,insufficient_clinical_evidence,0.84,moderate,0,0,4,vitamin_B12|MMA|homocysteine,B12_NO_TOTAL_B12
P000568,folate_deficiency,0.0262288406655906,0,unknown,insufficient_clinical_evidence,0.84,moderate,0,0,1,folate,FOLATE_MISSING
P000568,B6_deficiency,0.0008451504412574,0,unknown,insufficient_clinical_evidence,0.84,moderate,0,0,1,vitamin_B6,B6_NO_VALIDATED_RULE
P000568,copper_deficiency,0.0004833234145761,0,unknown,insufficient_clinical_evidence,0.84,moderate,0,0,2,copper|ceruloplasmin,COPPER_NO_VALIDATED_RULE
P000568,inflammation_anemia,5.827619470143096e-05,0,unknown,insufficient_clinical_evidence,0.84,moderate,1,2,1,sTfR,INFLAMMATION_INCOMPLETE_OR_MIXED
P000569,iron_deficiency,0.0001229212169288,0,against,agree_negative,0.9998770787830712,high,0,3,2,Ret_He,IRON_MULTIPLE_AGAINST
P000569,B12_deficiency,0.0001554002069185,0,unknown,insufficient_clinical_evidence,0.84,moderate,0,0,4,active_B12|MMA|homocysteine,B12_TOTAL_NOT_LOW_BUT_NOT_EXCLUSION
P000569,folate_deficiency,0.128696058465725,0,unknown,insufficient_clinical_evidence,0.84,moderate,0,0,1,folate,FOLATE_MISSING
P000569,B6_deficiency,0.0092072255183069,0,unknown,insufficient_clinical_evidence,0.84,moderate,0,0,1,vitamin_B6,B6_NO_VALIDATED_RULE
P000569,copper_deficiency,1.8264817022741425e-07,0,unknown,insufficient_clinical_evidence,0.84,moderate,0,0,2,ceruloplasmin,COPPER_NO_VALIDATED_RULE
P000569,inflammation_anemia,8.497149809080814e-05,0,unknown,insufficient_clinical_evidence,0.84,moderate,2,1,1,CRP,INFLAMMATION_INCOMPLETE_OR_MIXED
P000570,iron_deficiency,0.9999801132066648,1,supports,agree_positive,0.9999801132066648,high,3,1,1,Ret_He|sTfR,IRON_MULTIPLE_SUPPORT
P000570,B12_deficiency,0.0892535788584455,0,unknown,insufficient_clinical_evidence,0.84,moderate,0,0,4,MMA,B12_TOTAL_NOT_LOW_BUT_NOT_EXCLUSION
P000570,folate_deficiency,0.8588642088597392,1,supports,agree_positive,0.8588642088597392,high,1,0,0,,FOLATE_LOW
P000570,B6_deficiency,0.0041325169287686,0,unknown,insufficient_clinical_evidence,0.84,moderate,0,0,1,,B6_NO_VALIDATED_RULE
P000570,copper_deficiency,0.0001242917519917,0,unknown,insufficient_clinical_evidence,0.84,moderate,0,0,2,copper|ceruloplasmin,COPPER_NO_VALIDATED_RULE
P000570,inflammation_anemia,6.436557575529019e-05,0,against,agree_negative,0.9999356344242447,high,0,3,1,CRP|sTfR,INFLAMMATION_PATTERN_AGAINST
P000571,iron_deficiency,0.0007796670631551,0,against,agree_negative,0.9992203329368449,high,0,2,3,ferritin|Ret_He,IRON_MULTIPLE_AGAINST
P000571,B12_deficiency,0.999519137774178,1,unknown,insufficient_clinical_evidence,0.84,moderate,0,0,4,active_B12,B12_TOTAL_NOT_LOW_BUT_NOT_EXCLUSION
P000571,folate_deficiency,0.0364786768084126,0,unknown,insufficient_clinical_evidence,0.84,moderate,0,0,1,folate,FOLATE_MISSING
P000571,B6_deficiency,0.0131278366630989,0,unknown,insufficient_clinical_evidence,0.84,moderate,0,0,1,vitamin_B6,B6_NO_VALIDATED_RULE
P000571,copper_deficiency,5.327822641876567e-05,0,unknown,insufficient_clinical_evidence,0.84,moderate,0,0,2,copper|ceruloplasmin,COPPER_NO_VALIDATED_RULE
P000571,inflammation_anemia,3.581248286460101e-05,0,unknown,insufficient_clinical_evidence,0.84,moderate,1,1,2,CRP|ferritin,INFLAMMATION_INCOMPLETE_OR_MIXED
P000572,iron_deficiency,0.0003049772483396,0,against,agree_negative,0.9996950227516604,high,0,3,2,Ret_He|sTfR,IRON_MULTIPLE_AGAINST
P000572,B12_deficiency,0.0005201293908109,0,unknown,insufficient_clinical_evidence,0.84,moderate,0,0,4,active_B12,B12_TOTAL_NOT_LOW_BUT_NOT_EXCLUSION
P000572,folate_deficiency,0.0227522064428663,0,unknown,insufficient_clinical_evidence,0.84,moderate,0,0,1,folate,FOLATE_MISSING
P000572,B6_deficiency,0.002240904533824,0,unknown,insufficient_clinical_evidence,0.84,moderate,0,0,1,vitamin_B6,B6_NO_VALIDATED_RULE
P000572,copper_deficiency,0.0055125276490491,0,unknown,insufficient_clinical_evidence,0.84,moderate,0,0,2,copper,COPPER_NO_VALIDATED_RULE
P000572,inflammation_anemia,0.0034701995839267,0,against,agree_negative,0.9965298004160733,high,0,1,0,sTfR,INFLAMMATION_NO_ANEMIA
P000573,iron_deficiency,0.0381385754854759,0,unknown,insufficient_clinical_evidence,0.84,moderate,0,1,4,TSAT|Ret_He,IRON_INSUFFICIENT_OR_MIXED
P000573,B12_deficiency,0.999885047556298,1,supports,agree_positive,0.999885047556298,high,1,0,3,active_B12|MMA|homocysteine,B12_LOW_TOTAL
P000573,folate_deficiency,0.9255319685277668,1,supports,agree_positive,0.9255319685277668,high,1,0,0,,FOLATE_LOW
P000573,B6_deficiency,0.002090575886456,0,unknown,insufficient_clinical_evidence,0.84,moderate,0,0,1,,B6_NO_VALIDATED_RULE
P000573,copper_deficiency,3.209349392875174e-05,0,unknown,insufficient_clinical_evidence,0.84,moderate,0,0,2,copper,COPPER_NO_VALIDATED_RULE
P000573,inflammation_anemia,0.0128279195300012,0,unknown,insufficient_clinical_evidence,0.84,moderate,1,0,3,serum_iron|TIBC|TSAT,INFLAMMATION_INCOMPLETE_OR_MIXED
P000574,iron_deficiency,0.0013622378396881,0,against,agree_negative,0.9986377621603119,high,0,2,3,ferritin|Ret_He,IRON_MULTIPLE_AGAINST
P000574,B12_deficiency,0.0179547007741634,0,unknown,insufficient_clinical_evidence,0.84,moderate,0,0,4,vitamin_B12|active_B12|homocysteine,B12_NO_TOTAL_B12
P000574,folate_deficiency,0.491503119769151,0,unknown,insufficient_clinical_evidence,0.5084968802308489,low,0,0,1,,FOLATE_BORDERLINE
P000574,B6_deficiency,0.0147818566763262,0,unknown,insufficient_clinical_evidence,0.84,moderate,0,0,1,,B6_NO_VALIDATED_RULE
P000574,copper_deficiency,0.0002202622607516,0,unknown,insufficient_clinical_evidence,0.84,moderate,0,0,2,copper|ceruloplasmin,COPPER_NO_VALIDATED_RULE
P000574,inflammation_anemia,0.0002241559961969,0,unknown,insufficient_clinical_evidence,0.84,moderate,1,1,2,ferritin,INFLAMMATION_INCOMPLETE_OR_MIXED
P000575,iron_deficiency,0.0012697276424097,0,supports,conflict_ml_negative_rule_supports,0.64,low,2,2,1,Ret_He,IRON_MULTIPLE_SUPPORT
P000575,B12_deficiency,0.0001863255477263,0,unknown,insufficient_clinical_evidence,0.84,moderate,0,0,4,active_B12|homocysteine,B12_TOTAL_NOT_LOW_BUT_NOT_EXCLUSION
P000575,folate_deficiency,0.0152962090795253,0,unknown,insufficient_clinical_evidence,0.84,moderate,0,0,1,folate,FOLATE_MISSING
P000575,B6_deficiency,0.0029055788864865,0,unknown,insufficient_clinical_evidence,0.84,moderate,0,0,1,vitamin_B6,B6_NO_VALIDATED_RULE
P000575,copper_deficiency,0.0031745338764466,0,unknown,insufficient_clinical_evidence,0.84,moderate,0,0,2,copper|ceruloplasmin,COPPER_NO_VALIDATED_RULE
P000575,inflammation_anemia,0.9998857425847564,1,supports,agree_positive,0.9998857425847564,high,3,0,1,,INFLAMMATION_PATTERN_SUPPORT
P000576,iron_deficiency,0.0003655273404723,0,unknown,insufficient_clinical_evidence,0.84,moderate,0,1,4,TSAT|Ret_He|sTfR,IRON_INSUFFICIENT_OR_MIXED
P000576,B12_deficiency,0.0089102524107212,0,unknown,insufficient_clinical_evidence,0.84,moderate,0,0,4,vitamin_B12|active_B12|MMA|homocysteine,B12_NO_TOTAL_B12
P000576,folate_deficiency,0.0730918175571555,0,unknown,insufficient_clinical_evidence,0.84,moderate,0,0,1,folate,FOLATE_MISSING
P000576,B6_deficiency,0.0036208521864345,0,unknown,insufficient_clinical_evidence,0.84,moderate,0,0,1,vitamin_B6,B6_NO_VALIDATED_RULE
P000576,copper_deficiency,0.3461849959943943,1,unknown,insufficient_clinical_evidence,0.3461849959943943,low,0,0,2,copper,COPPER_NO_VALIDATED_RULE
P000576,inflammation_anemia,0.0001102088124992,0,against,agree_negative,0.9998897911875008,high,0,1,0,CRP|serum_iron|TIBC|TSAT|sTfR,INFLAMMATION_NO_ANEMIA
P000577,iron_deficiency,0.912787367688813,1,unknown,insufficient_clinical_evidence,0.84,moderate,1,0,4,TSAT|Ret_He|sTfR,IRON_INSUFFICIENT_OR_MIXED
P000577,B12_deficiency,3.050037330682661e-05,0,unknown,insufficient_clinical_evidence,0.84,moderate,0,0,4,MMA|homocysteine,B12_TOTAL_NOT_LOW_BUT_NOT_EXCLUSION
P000577,folate_deficiency,0.0075596947210907,0,unknown,insufficient_clinical_evidence,0.84,moderate,0,0,1,folate,FOLATE_MISSING
P000577,B6_deficiency,0.012272759860727,0,unknown,insufficient_clinical_evidence,0.84,moderate,0,0,1,vitamin_B6,B6_NO_VALIDATED_RULE
P000577,copper_deficiency,0.0004296873850444,0,unknown,insufficient_clinical_evidence,0.84,moderate,0,0,2,copper|ceruloplasmin,COPPER_NO_VALIDATED_RULE
P000577,inflammation_anemia,0.0006491440344119,0,against,agree_negative,0.9993508559655881,high,0,1,0,CRP|serum_iron|TIBC|TSAT|sTfR,INFLAMMATION_NO_ANEMIA
P000578,iron_deficiency,0.00094046226189,0,unknown,insufficient_clinical_evidence,0.84,moderate,0,0,5,ferritin|TSAT|Ret_He|sTfR,IRON_INSUFFICIENT_OR_MIXED
P000578,B12_deficiency,0.0002147293005789,0,unknown,insufficient_clinical_evidence,0.84,moderate,0,0,4,active_B12|MMA|homocysteine,B12_TOTAL_NOT_LOW_BUT_NOT_EXCLUSION
P000578,folate_deficiency,0.0277632073184783,0,unknown,insufficient_clinical_evidence,0.84,moderate,0,0,1,folate,FOLATE_MISSING
P000578,B6_deficiency,0.009156015196921,0,unknown,insufficient_clinical_evidence,0.84,moderate,0,0,1,vitamin_B6,B6_NO_VALIDATED_RULE
P000578,copper_deficiency,2.4691611468571174e-07,0,unknown,insufficient_clinical_evidence,0.84,moderate,0,0,2,copper|ceruloplasmin,COPPER_NO_VALIDATED_RULE
P000578,inflammation_anemia,0.0006736336597241,0,unknown,insufficient_clinical_evidence,0.84,moderate,0,0,4,ferritin|serum_iron|TIBC|TSAT|sTfR,INFLAMMATION_INCOMPLETE_OR_MIXED
P000579,iron_deficiency,0.0007199363155496,0,unknown,insufficient_clinical_evidence,0.84,moderate,0,0,5,ferritin|TSAT|Ret_He|sTfR,IRON_INSUFFICIENT_OR_MIXED
P000579,B12_deficiency,0.9985905923996838,1,supports,agree_positive,0.9985905923996838,high,1,0,3,MMA,B12_LOW_TOTAL
P000579,folate_deficiency,0.0095525151574455,0,against,agree_negative,0.9904474848425545,high,0,1,0,,FOLATE_NOT_LOW
P000579,B6_deficiency,0.0003849967668701,0,unknown,insufficient_clinical_evidence,0.84,moderate,0,0,1,vitamin_B6,B6_NO_VALIDATED_RULE
P000579,copper_deficiency,0.0006982276262784,0,unknown,insufficient_clinical_evidence,0.84,moderate,0,0,2,copper|ceruloplasmin,COPPER_NO_VALIDATED_RULE
P000579,inflammation_anemia,4.662712132944702e-05,0,against,agree_negative,0.9999533728786706,high,0,1,0,ferritin|serum_iron|TIBC|TSAT|sTfR,INFLAMMATION_NO_ANEMIA
P000580,iron_deficiency,0.0038005245080051,0,against,agree_negative,0.996199475491995,high,0,3,2,Ret_He,IRON_MULTIPLE_AGAINST
P000580,B12_deficiency,0.0003669309633192,0,unknown,insufficient_clinical_evidence,0.84,moderate,0,0,4,active_B12|homocysteine,B12_TOTAL_NOT_LOW_BUT_NOT_EXCLUSION
P000580,folate_deficiency,0.6671168022555566,1,unknown,insufficient_clinical_evidence,0.6671168022555566,moderate,0,0,1,,FOLATE_BORDERLINE
P000580,B6_deficiency,0.001476483085724,0,unknown,insufficient_clinical_evidence,0.84,moderate,0,0,1,,B6_NO_VALIDATED_RULE
P000580,copper_deficiency,0.0055660474756951,0,unknown,insufficient_clinical_evidence,0.84,moderate,0,0,2,ceruloplasmin,COPPER_NO_VALIDATED_RULE
P000580,inflammation_anemia,4.121402527027292e-05,0,unknown,insufficient_clinical_evidence,0.84,moderate,2,1,1,,INFLAMMATION_INCOMPLETE_OR_MIXED
P000581,iron_deficiency,0.999960321227638,1,supports,agree_positive,0.999960321227638,high,2,2,1,Ret_He,IRON_MULTIPLE_SUPPORT
P000581,B12_deficiency,2.0116399615251492e-05,0,unknown,insufficient_clinical_evidence,0.84,moderate,0,0,4,MMA|homocysteine,B12_TOTAL_NOT_LOW_BUT_NOT_EXCLUSION
P000581,folate_deficiency,0.0006249056846603,0,unknown,insufficient_clinical_evidence,0.84,moderate,0,0,1,,FOLATE_BORDERLINE
P000581,B6_deficiency,0.019055224782614,0,unknown,insufficient_clinical_evidence,0.84,moderate,0,0,1,vitamin_B6,B6_NO_VALIDATED_RULE
P000581,copper_deficiency,0.0002162316758016,0,unknown,insufficient_clinical_evidence,0.84,moderate,0,0,2,copper|ceruloplasmin,COPPER_NO_VALIDATED_RULE
P000581,inflammation_anemia,0.000320577609278,0,unknown,insufficient_clinical_evidence,0.84,moderate,1,2,1,,INFLAMMATION_INCOMPLETE_OR_MIXED
P000582,iron_deficiency,0.9987036663249492,1,supports,agree_positive,0.9987036663249492,high,3,0,2,Ret_He|sTfR,IRON_MULTIPLE_SUPPORT
P000582,B12_deficiency,0.0008590618401841,0,unknown,insufficient_clinical_evidence,0.84,moderate,0,0,4,vitamin_B12|active_B12|MMA,B12_NO_TOTAL_B12
P000582,folate_deficiency,0.0085307668306657,0,unknown,insufficient_clinical_evidence,0.84,moderate,0,0,1,folate,FOLATE_MISSING
P000582,B6_deficiency,0.0105474371471752,0,unknown,insufficient_clinical_evidence,0.84,moderate,0,0,1,vitamin_B6,B6_NO_VALIDATED_RULE
P000582,copper_deficiency,0.0001124141233176,0,unknown,insufficient_clinical_evidence,0.84,moderate,0,0,2,copper|ceruloplasmin,COPPER_NO_VALIDATED_RULE
P000582,inflammation_anemia,0.0070066049760969,0,against,agree_negative,0.992993395023903,high,0,1,0,CRP|sTfR,INFLAMMATION_NO_ANEMIA
P000583,iron_deficiency,0.0003720881853545,0,against,agree_negative,0.9996279118146455,high,0,3,2,ferritin|Ret_He|sTfR,IRON_MULTIPLE_AGAINST
P000583,B12_deficiency,0.0028654727046868,0,unknown,insufficient_clinical_evidence,0.84,moderate,0,0,4,active_B12|homocysteine,B12_TOTAL_NOT_LOW_BUT_NOT_EXCLUSION
P000583,folate_deficiency,0.0818099548321013,0,unknown,insufficient_clinical_evidence,0.84,moderate,0,0,1,,FOLATE_BORDERLINE
P000583,B6_deficiency,0.0077365759531265,0,unknown,insufficient_clinical_evidence,0.84,moderate,0,0,1,vitamin_B6,B6_NO_VALIDATED_RULE
P000583,copper_deficiency,0.0057126092265806,0,unknown,insufficient_clinical_evidence,0.84,moderate,0,0,2,copper|ceruloplasmin,COPPER_NO_VALIDATED_RULE
P000583,inflammation_anemia,0.8332401992362434,1,unknown,insufficient_clinical_evidence,0.8332401992362434,moderate,1,1,2,CRP|ferritin|sTfR,INFLAMMATION_INCOMPLETE_OR_MIXED
P000584,iron_deficiency,0.002150924971154,0,unknown,insufficient_clinical_evidence,0.84,moderate,0,1,4,TSAT|Ret_He|sTfR,IRON_INSUFFICIENT_OR_MIXED
P000584,B12_deficiency,0.0004467214858324,0,unknown,insufficient_clinical_evidence,0.84,moderate,0,0,4,vitamin_B12|active_B12|MMA,B12_NO_TOTAL_B12
P000584,folate_deficiency,0.0046541060991546,0,unknown,insufficient_clinical_evidence,0.84,moderate,0,0,1,folate,FOLATE_MISSING
P000584,B6_deficiency,0.011130698476011,0,unknown,insufficient_clinical_evidence,0.84,moderate,0,0,1,vitamin_B6,B6_NO_VALIDATED_RULE
P000584,copper_deficiency,0.0062034776217554,0,unknown,insufficient_clinical_evidence,0.84,moderate,0,0,2,copper|ceruloplasmin,COPPER_NO_VALIDATED_RULE
P000584,inflammation_anemia,0.0013206003970902,0,against,agree_negative,0.9986793996029097,high,0,1,0,serum_iron|TIBC|TSAT|sTfR,INFLAMMATION_NO_ANEMIA
P000585,iron_deficiency,0.034789258343253,0,unknown,insufficient_clinical_evidence,0.84,moderate,0,0,5,ferritin|TSAT|Ret_He|sTfR,IRON_INSUFFICIENT_OR_MIXED
P000585,B12_deficiency,8.550376006327596e-05,0,unknown,insufficient_clinical_evidence,0.84,moderate,0,0,4,MMA|homocysteine,B12_TOTAL_NOT_LOW_BUT_NOT_EXCLUSION
P000585,folate_deficiency,0.9659784849449946,1,supports,agree_positive,0.9659784849449946,high,1,0,0,,FOLATE_LOW
P000585,B6_deficiency,0.0043361042864008,0,unknown,insufficient_clinical_evidence,0.84,moderate,0,0,1,,B6_NO_VALIDATED_RULE
P000585,copper_deficiency,0.001203858458776,0,unknown,insufficient_clinical_evidence,0.84,moderate,0,0,2,copper|ceruloplasmin,COPPER_NO_VALIDATED_RULE
P000585,inflammation_anemia,0.0003114926583587,0,against,agree_negative,0.9996885073416413,high,0,1,0,ferritin|serum_iron|TIBC|TSAT|sTfR,INFLAMMATION_NO_ANEMIA
P000586,iron_deficiency,6.001537024701917e-05,0,against,agree_negative,0.999939984629753,high,0,4,1,sTfR,IRON_MULTIPLE_AGAINST
P000586,B12_deficiency,0.0005250006119465,0,unknown,insufficient_clinical_evidence,0.84,moderate,0,0,4,active_B12|MMA,B12_TOTAL_NOT_LOW_BUT_NOT_EXCLUSION
P000586,folate_deficiency,0.0438401206115188,0,unknown,insufficient_clinical_evidence,0.84,moderate,0,0,1,folate,FOLATE_MISSING
P000586,B6_deficiency,0.002479692644546,0,unknown,insufficient_clinical_evidence,0.84,moderate,0,0,1,vitamin_B6,B6_NO_VALIDATED_RULE
P000586,copper_deficiency,0.0014456934242666,0,unknown,insufficient_clinical_evidence,0.84,moderate,0,0,2,copper|ceruloplasmin,COPPER_NO_VALIDATED_RULE
P000586,inflammation_anemia,0.0081144178638955,0,against,agree_negative,0.9918855821361044,high,0,1,0,CRP|sTfR,INFLAMMATION_NO_ANEMIA
P000587,iron_deficiency,0.0806619318283989,0,unknown,insufficient_clinical_evidence,0.84,moderate,0,0,5,ferritin|TSAT|Ret_He|sTfR,IRON_INSUFFICIENT_OR_MIXED
P000587,B12_deficiency,0.0051238542667452,0,unknown,insufficient_clinical_evidence,0.84,moderate,0,0,4,vitamin_B12|active_B12|MMA,B12_NO_TOTAL_B12
P000587,folate_deficiency,0.018917159163196,0,unknown,insufficient_clinical_evidence,0.84,moderate,0,0,1,folate,FOLATE_MISSING
P000587,B6_deficiency,0.0025944460230066,0,unknown,insufficient_clinical_evidence,0.84,moderate,0,0,1,vitamin_B6,B6_NO_VALIDATED_RULE
P000587,copper_deficiency,0.0027768954721725,0,unknown,insufficient_clinical_evidence,0.84,moderate,0,0,2,copper|ceruloplasmin,COPPER_NO_VALIDATED_RULE
P000587,inflammation_anemia,0.0001159455964307,0,against,agree_negative,0.9998840544035693,high,0,1,0,CRP|ferritin|serum_iron|TIBC|TSAT|sTfR,INFLAMMATION_NO_ANEMIA
P000588,iron_deficiency,0.0006370064707237,0,unknown,insufficient_clinical_evidence,0.84,moderate,1,1,3,TSAT|sTfR,IRON_INSUFFICIENT_OR_MIXED
P000588,B12_deficiency,0.0035815259779512,0,unknown,insufficient_clinical_evidence,0.84,moderate,0,0,4,vitamin_B12|active_B12|homocysteine,B12_NO_TOTAL_B12
P000588,folate_deficiency,0.0497788651100044,0,unknown,insufficient_clinical_evidence,0.84,moderate,0,0,1,folate,FOLATE_MISSING
P000588,B6_deficiency,0.0040227811208661,0,unknown,insufficient_clinical_evidence,0.84,moderate,0,0,1,,B6_NO_VALIDATED_RULE
P000588,copper_deficiency,0.0168571529458917,0,unknown,insufficient_clinical_evidence,0.84,moderate,0,0,2,ceruloplasmin,COPPER_NO_VALIDATED_RULE
P000588,inflammation_anemia,0.0001835516263114,0,against,agree_negative,0.9998164483736885,high,0,1,0,serum_iron|TIBC|TSAT|sTfR,INFLAMMATION_NO_ANEMIA
P000589,iron_deficiency,0.9999487702327898,1,supports,agree_positive,0.9999487702327898,high,4,0,1,,IRON_MULTIPLE_SUPPORT
P000589,B12_deficiency,0.0155307236722215,0,unknown,insufficient_clinical_evidence,0.84,moderate,0,0,4,MMA|homocysteine,B12_TOTAL_NOT_LOW_BUT_NOT_EXCLUSION
P000589,folate_deficiency,0.6466010968479604,1,supports,agree_positive,0.6466010968479604,low,1,0,0,,FOLATE_LOW
P000589,B6_deficiency,0.0124928929977793,0,unknown,insufficient_clinical_evidence,0.84,moderate,0,0,1,vitamin_B6,B6_NO_VALIDATED_RULE
P000589,copper_deficiency,0.0065259068168897,0,unknown,insufficient_clinical_evidence,0.84,moderate,0,0,2,,COPPER_NO_VALIDATED_RULE
P000589,inflammation_anemia,0.0018206662055146,0,unknown,insufficient_clinical_evidence,0.84,moderate,2,1,1,,INFLAMMATION_INCOMPLETE_OR_MIXED
P000590,iron_deficiency,0.9619970552917664,1,supports,agree_positive,0.9619970552917664,high,2,1,2,Ret_He|sTfR,IRON_MULTIPLE_SUPPORT
P000590,B12_deficiency,0.0003453603241331,0,unknown,insufficient_clinical_evidence,0.84,moderate,0,0,4,active_B12|MMA,B12_TOTAL_NOT_LOW_BUT_NOT_EXCLUSION
P000590,folate_deficiency,0.0016734082060701,0,against,agree_negative,0.9983265917939299,high,0,1,0,,FOLATE_NOT_LOW
P000590,B6_deficiency,0.0075359435242013,0,unknown,insufficient_clinical_evidence,0.84,moderate,0,0,1,vitamin_B6,B6_NO_VALIDATED_RULE
P000590,copper_deficiency,1.5992259094117396e-05,0,unknown,insufficient_clinical_evidence,0.84,moderate,0,0,2,copper|ceruloplasmin,COPPER_NO_VALIDATED_RULE
P000590,inflammation_anemia,0.0327304089998241,0,supports,conflict_ml_negative_rule_supports,0.64,low,3,0,1,sTfR,INFLAMMATION_PATTERN_SUPPORT
P000591,iron_deficiency,9.047221691646288e-05,0,against,agree_negative,0.9999095277830835,high,0,2,3,TSAT|sTfR,IRON_MULTIPLE_AGAINST
P000591,B12_deficiency,0.8981517898849185,1,unknown,insufficient_clinical_evidence,0.84,moderate,0,0,4,vitamin_B12|active_B12|MMA,B12_NO_TOTAL_B12
P000591,folate_deficiency,0.997144074848276,1,supports,agree_positive,0.997144074848276,high,1,0,0,,FOLATE_LOW
P000591,B6_deficiency,0.0076827474230001,0,unknown,insufficient_clinical_evidence,0.84,moderate,0,0,1,vitamin_B6,B6_NO_VALIDATED_RULE
P000591,copper_deficiency,0.0040208615512618,0,unknown,insufficient_clinical_evidence,0.84,moderate,0,0,2,copper|ceruloplasmin,COPPER_NO_VALIDATED_RULE
P000591,inflammation_anemia,2.3074522490001144e-05,0,unknown,insufficient_clinical_evidence,0.84,moderate,1,0,3,serum_iron|TIBC|TSAT|sTfR,INFLAMMATION_INCOMPLETE_OR_MIXED
P000592,iron_deficiency,0.000336794132381,0,against,agree_negative,0.999663205867619,high,0,3,2,Ret_He|sTfR,IRON_MULTIPLE_AGAINST
P000592,B12_deficiency,0.9998320817541672,1,supports,agree_positive,0.9998320817541672,high,1,0,3,active_B12,B12_LOW_TOTAL
P000592,folate_deficiency,0.0834984509878145,0,unknown,insufficient_clinical_evidence,0.84,moderate,0,0,1,,FOLATE_BORDERLINE
P000592,B6_deficiency,0.0003385327917905,0,unknown,insufficient_clinical_evidence,0.84,moderate,0,0,1,vitamin_B6,B6_NO_VALIDATED_RULE
P000592,copper_deficiency,9.863583492730966e-15,0,unknown,insufficient_clinical_evidence,0.84,moderate,0,0,2,copper,COPPER_NO_VALIDATED_RULE
P000592,inflammation_anemia,0.0003708874185709,0,unknown,insufficient_clinical_evidence,0.84,moderate,2,1,1,CRP|sTfR,INFLAMMATION_INCOMPLETE_OR_MIXED
P000593,iron_deficiency,0.0001186569101298,0,against,agree_negative,0.9998813430898702,high,0,2,3,ferritin|Ret_He|sTfR,IRON_MULTIPLE_AGAINST
P000593,B12_deficiency,0.0177545844380149,0,unknown,insufficient_clinical_evidence,0.84,moderate,0,0,4,vitamin_B12|active_B12|MMA,B12_NO_TOTAL_B12
P000593,folate_deficiency,0.9943730970766508,1,supports,agree_positive,0.9943730970766508,high,1,0,0,,FOLATE_LOW
P000593,B6_deficiency,0.0064905120650512,0,unknown,insufficient_clinical_evidence,0.84,moderate,0,0,1,vitamin_B6,B6_NO_VALIDATED_RULE
P000593,copper_deficiency,9.764948709682404e-05,0,unknown,insufficient_clinical_evidence,0.84,moderate,0,0,2,copper|ceruloplasmin,COPPER_NO_VALIDATED_RULE
P000593,inflammation_anemia,2.481781354794421e-05,0,against,agree_negative,0.9999751821864521,high,0,1,0,CRP|ferritin|sTfR,INFLAMMATION_NO_ANEMIA
P000594,iron_deficiency,0.0630325775304166,0,unknown,insufficient_clinical_evidence,0.84,moderate,0,0,5,ferritin|TSAT|Ret_He|sTfR,IRON_INSUFFICIENT_OR_MIXED
P000594,B12_deficiency,0.0025419740811544,0,unknown,insufficient_clinical_evidence,0.84,moderate,0,0,4,active_B12|MMA,B12_TOTAL_NOT_LOW_BUT_NOT_EXCLUSION
P000594,folate_deficiency,0.0055794425058946,0,unknown,insufficient_clinical_evidence,0.84,moderate,0,0,1,folate,FOLATE_MISSING
P000594,B6_deficiency,0.0019550167171405,0,unknown,insufficient_clinical_evidence,0.84,moderate,0,0,1,,B6_NO_VALIDATED_RULE
P000594,copper_deficiency,0.0008576496211679,0,unknown,insufficient_clinical_evidence,0.84,moderate,0,0,2,copper|ceruloplasmin,COPPER_NO_VALIDATED_RULE
P000594,inflammation_anemia,2.7667245698072417e-05,0,against,agree_negative,0.999972332754302,high,0,1,0,CRP|ferritin|serum_iron|TIBC|TSAT|sTfR,INFLAMMATION_NO_ANEMIA
P000595,iron_deficiency,0.0001742001994348,0,unknown,insufficient_clinical_evidence,0.84,moderate,0,1,4,TSAT|Ret_He|sTfR,IRON_INSUFFICIENT_OR_MIXED
P000595,B12_deficiency,0.0007098140478451,0,unknown,insufficient_clinical_evidence,0.84,moderate,0,0,4,active_B12|MMA|homocysteine,B12_TOTAL_NOT_LOW_BUT_NOT_EXCLUSION
P000595,folate_deficiency,0.037241637433139,0,unknown,insufficient_clinical_evidence,0.84,moderate,0,0,1,folate,FOLATE_MISSING
P000595,B6_deficiency,0.001284156905154,0,unknown,insufficient_clinical_evidence,0.84,moderate,0,0,1,vitamin_B6,B6_NO_VALIDATED_RULE
P000595,copper_deficiency,0.0015245232241427,0,unknown,insufficient_clinical_evidence,0.84,moderate,0,0,2,copper,COPPER_NO_VALIDATED_RULE
P000595,inflammation_anemia,0.2823374118356276,0,against,agree_negative,0.7176625881643723,moderate,0,1,0,serum_iron|TIBC|TSAT|sTfR,INFLAMMATION_NO_ANEMIA
P000596,iron_deficiency,0.9999973254537988,1,supports,agree_positive,0.9999973254537988,high,4,0,1,Ret_He|sTfR,IRON_MULTIPLE_SUPPORT
P000596,B12_deficiency,0.0014243286572765,0,unknown,insufficient_clinical_evidence,0.84,moderate,0,0,4,vitamin_B12|active_B12|MMA|homocysteine,B12_NO_TOTAL_B12
P000596,folate_deficiency,0.003918160630597,0,unknown,insufficient_clinical_evidence,0.84,moderate,0,0,1,folate,FOLATE_MISSING
P000596,B6_deficiency,0.0044630112843299,0,unknown,insufficient_clinical_evidence,0.84,moderate,0,0,1,vitamin_B6,B6_NO_VALIDATED_RULE
P000596,copper_deficiency,0.0039597395950044,0,unknown,insufficient_clinical_evidence,0.84,moderate,0,0,2,copper|ceruloplasmin,COPPER_NO_VALIDATED_RULE
P000596,inflammation_anemia,9.389729652638113e-05,0,against,agree_negative,0.9999061027034736,high,0,1,0,CRP|sTfR,INFLAMMATION_NO_ANEMIA
P000597,iron_deficiency,0.0186187276802104,0,unknown,insufficient_clinical_evidence,0.84,moderate,0,0,5,ferritin|TSAT|Ret_He|sTfR,IRON_INSUFFICIENT_OR_MIXED
P000597,B12_deficiency,0.893104541549245,1,supports,agree_positive,0.893104541549245,high,1,0,3,active_B12|MMA|homocysteine,B12_LOW_TOTAL
P000597,folate_deficiency,0.0057263272794329,0,unknown,insufficient_clinical_evidence,0.84,moderate,0,0,1,,FOLATE_BORDERLINE
P000597,B6_deficiency,0.0010312050848217,0,unknown,insufficient_clinical_evidence,0.84,moderate,0,0,1,vitamin_B6,B6_NO_VALIDATED_RULE
P000597,copper_deficiency,0.0154932238926557,0,unknown,insufficient_clinical_evidence,0.84,moderate,0,0,2,copper|ceruloplasmin,COPPER_NO_VALIDATED_RULE
P000597,inflammation_anemia,9.49166010661746e-05,0,against,agree_negative,0.9999050833989338,high,0,1,0,CRP|ferritin|serum_iron|TIBC|TSAT|sTfR,INFLAMMATION_NO_ANEMIA
P000598,iron_deficiency,0.0003056252420278,0,unknown,insufficient_clinical_evidence,0.84,moderate,0,1,4,TSAT|Ret_He|sTfR,IRON_INSUFFICIENT_OR_MIXED
P000598,B12_deficiency,0.0035066026880748,0,unknown,insufficient_clinical_evidence,0.84,moderate,0,0,4,vitamin_B12|MMA|homocysteine,B12_NO_TOTAL_B12
P000598,folate_deficiency,0.4120729907182235,0,supports,conflict_ml_negative_rule_supports,0.5879270092817765,low,1,0,0,vitamin_B12|homocysteine,FOLATE_LOW
P000598,B6_deficiency,0.0034543331119166,0,unknown,insufficient_clinical_evidence,0.84,moderate,0,0,1,vitamin_B6,B6_NO_VALIDATED_RULE
P000598,copper_deficiency,0.0066731922038539,0,unknown,insufficient_clinical_evidence,0.84,moderate,0,0,2,copper|ceruloplasmin,COPPER_NO_VALIDATED_RULE
P000598,inflammation_anemia,1.9471929480514745e-05,0,against,agree_negative,0.9999805280705195,high,0,1,0,CRP|serum_iron|TIBC|TSAT|sTfR,INFLAMMATION_NO_ANEMIA
P000599,iron_deficiency,0.0003468252231171,0,unknown,insufficient_clinical_evidence,0.84,moderate,0,1,4,ferritin|TSAT,IRON_INSUFFICIENT_OR_MIXED
P000599,B12_deficiency,0.0024305704720399,0,unknown,insufficient_clinical_evidence,0.84,moderate,0,0,4,active_B12|MMA,B12_TOTAL_NOT_LOW_BUT_NOT_EXCLUSION
P000599,folate_deficiency,0.3010666626408532,0,unknown,insufficient_clinical_evidence,0.6989333373591469,moderate,0,0,1,,FOLATE_BORDERLINE
P000599,B6_deficiency,0.0009809840571279,0,unknown,insufficient_clinical_evidence,0.84,moderate,0,0,1,vitamin_B6,B6_NO_VALIDATED_RULE
P000599,copper_deficiency,0.0026482147984003,0,unknown,insufficient_clinical_evidence,0.84,moderate,0,0,2,copper|ceruloplasmin,COPPER_NO_VALIDATED_RULE
P000599,inflammation_anemia,0.0002243814596005,0,unknown,insufficient_clinical_evidence,0.84,moderate,0,0,4,ferritin|serum_iron|TIBC|TSAT,INFLAMMATION_INCOMPLETE_OR_MIXED
P000600,iron_deficiency,0.9973072042424672,1,supports,agree_positive,0.9973072042424672,high,2,2,1,ferritin|sTfR,IRON_MULTIPLE_SUPPORT
P000600,B12_deficiency,6.700581353071091e-05,0,unknown,insufficient_clinical_evidence,0.84,moderate,0,0,4,active_B12|MMA,B12_TOTAL_NOT_LOW_BUT_NOT_EXCLUSION
P000600,folate_deficiency,0.0503091702418227,0,unknown,insufficient_clinical_evidence,0.84,moderate,0,0,1,folate,FOLATE_MISSING
P000600,B6_deficiency,0.0074382385183278,0,unknown,insufficient_clinical_evidence,0.84,moderate,0,0,1,vitamin_B6,B6_NO_VALIDATED_RULE
P000600,copper_deficiency,5.066767506903451e-05,0,unknown,insufficient_clinical_evidence,0.84,moderate,0,0,2,copper|ceruloplasmin,COPPER_NO_VALIDATED_RULE
P000600,inflammation_anemia,8.39613816800388e-05,0,against,agree_negative,0.99991603861832,high,0,2,2,ferritin|sTfR,INFLAMMATION_PATTERN_AGAINST
P000601,iron_deficiency,0.9597842691877362,1,supports,agree_positive,0.9597842691877362,high,2,0,3,ferritin|Ret_He|sTfR,IRON_MULTIPLE_SUPPORT
P000601,B12_deficiency,0.0314373679503592,0,unknown,insufficient_clinical_evidence,0.84,moderate,0,0,4,MMA|homocysteine,B12_TOTAL_NOT_LOW_BUT_NOT_EXCLUSION
P000601,folate_deficiency,0.0518844824928402,0,unknown,insufficient_clinical_evidence,0.84,moderate,0,0,1,folate,FOLATE_MISSING
P000601,B6_deficiency,0.0080627405648189,0,unknown,insufficient_clinical_evidence,0.84,moderate,0,0,1,vitamin_B6,B6_NO_VALIDATED_RULE
P000601,copper_deficiency,0.0001143525310623,0,unknown,insufficient_clinical_evidence,0.84,moderate,0,0,2,copper|ceruloplasmin,COPPER_NO_VALIDATED_RULE
P000601,inflammation_anemia,0.0002132961724465,0,supports,conflict_ml_negative_rule_supports,0.64,low,2,0,2,CRP|ferritin|sTfR,INFLAMMATION_PATTERN_SUPPORT
P000602,iron_deficiency,0.9999088837196024,1,supports,agree_positive,0.9999088837196024,high,3,0,2,,IRON_MULTIPLE_SUPPORT
P000602,B12_deficiency,0.9083560685616284,1,unknown,insufficient_clinical_evidence,0.84,moderate,0,0,4,active_B12|homocysteine,B12_TOTAL_NOT_LOW_BUT_NOT_EXCLUSION
P000602,folate_deficiency,0.000630186651623,0,against,agree_negative,0.999369813348377,high,0,1,0,,FOLATE_NOT_LOW
P000602,B6_deficiency,0.0053130202033574,0,unknown,insufficient_clinical_evidence,0.84,moderate,0,0,1,,B6_NO_VALIDATED_RULE
P000602,copper_deficiency,0.0001091260648862,0,unknown,insufficient_clinical_evidence,0.84,moderate,0,0,2,copper|ceruloplasmin,COPPER_NO_VALIDATED_RULE
P000602,inflammation_anemia,0.0006271637272482,0,supports,conflict_ml_negative_rule_supports,0.64,low,3,0,1,,INFLAMMATION_PATTERN_SUPPORT
P000603,iron_deficiency,0.0001000929479981,0,against,agree_negative,0.9998999070520019,high,0,3,2,Ret_He|sTfR,IRON_MULTIPLE_AGAINST
P000603,B12_deficiency,0.999875989152836,1,unknown,insufficient_clinical_evidence,0.84,moderate,0,0,4,homocysteine,B12_TOTAL_NOT_LOW_BUT_NOT_EXCLUSION
P000603,folate_deficiency,0.1423414860741539,0,unknown,insufficient_clinical_evidence,0.84,moderate,0,0,1,,FOLATE_BORDERLINE
P000603,B6_deficiency,0.0015603575475842,0,unknown,insufficient_clinical_evidence,0.84,moderate,0,0,1,vitamin_B6,B6_NO_VALIDATED_RULE
P000603,copper_deficiency,0.0108463637062306,0,unknown,insufficient_clinical_evidence,0.84,moderate,0,0,2,copper,COPPER_NO_VALIDATED_RULE
P000603,inflammation_anemia,2.8518228081151005e-05,0,unknown,insufficient_clinical_evidence,0.84,moderate,2,1,1,CRP|sTfR,INFLAMMATION_INCOMPLETE_OR_MIXED
P000604,iron_deficiency,0.0059828005754792,0,unknown,insufficient_clinical_evidence,0.84,moderate,1,3,1,Ret_He,IRON_INSUFFICIENT_OR_MIXED
P000604,B12_deficiency,0.0031640940582867,0,unknown,insufficient_clinical_evidence,0.84,moderate,0,0,4,vitamin_B12|active_B12|MMA|homocysteine,B12_NO_TOTAL_B12
P000604,folate_deficiency,0.0084640656726429,0,unknown,insufficient_clinical_evidence,0.84,moderate,0,0,1,folate,FOLATE_MISSING
P000604,B6_deficiency,0.0016465461339986,0,unknown,insufficient_clinical_evidence,0.84,moderate,0,0,1,,B6_NO_VALIDATED_RULE
P000604,copper_deficiency,0.0028589522874904,0,unknown,insufficient_clinical_evidence,0.84,moderate,0,0,2,copper|ceruloplasmin,COPPER_NO_VALIDATED_RULE
P000604,inflammation_anemia,4.176869354965673e-05,0,against,agree_negative,0.9999582313064503,high,0,1,0,,INFLAMMATION_NO_ANEMIA
P000605,iron_deficiency,0.0140937917115224,0,unknown,insufficient_clinical_evidence,0.84,moderate,0,0,5,ferritin|TSAT|Ret_He|sTfR,IRON_INSUFFICIENT_OR_MIXED
P000605,B12_deficiency,0.0146552892951305,0,unknown,insufficient_clinical_evidence,0.84,moderate,0,0,4,vitamin_B12|active_B12|homocysteine,B12_NO_TOTAL_B12
P000605,folate_deficiency,0.0757388985216443,0,unknown,insufficient_clinical_evidence,0.84,moderate,0,0,1,folate,FOLATE_MISSING
P000605,B6_deficiency,0.0018806880199903,0,unknown,insufficient_clinical_evidence,0.84,moderate,0,0,1,vitamin_B6,B6_NO_VALIDATED_RULE
P000605,copper_deficiency,0.9705312382065234,1,unknown,insufficient_clinical_evidence,0.84,moderate,0,0,2,,COPPER_NO_VALIDATED_RULE
P000605,inflammation_anemia,0.0001105897946801,0,unknown,insufficient_clinical_evidence,0.84,moderate,0,0,4,ferritin|serum_iron|TIBC|TSAT|sTfR,INFLAMMATION_INCOMPLETE_OR_MIXED
P000606,iron_deficiency,0.0001041254166091,0,unknown,insufficient_clinical_evidence,0.84,moderate,1,3,1,Ret_He|sTfR,IRON_INSUFFICIENT_OR_MIXED
P000606,B12_deficiency,0.0008091301446763,0,unknown,insufficient_clinical_evidence,0.84,moderate,0,0,4,vitamin_B12|active_B12|MMA|homocysteine,B12_NO_TOTAL_B12
P000606,folate_deficiency,0.0024036665693665,0,unknown,insufficient_clinical_evidence,0.84,moderate,0,0,1,folate,FOLATE_MISSING
P000606,B6_deficiency,0.0137784937827126,0,unknown,insufficient_clinical_evidence,0.84,moderate,0,0,1,vitamin_B6,B6_NO_VALIDATED_RULE
P000606,copper_deficiency,1.3039762626916706e-06,0,unknown,insufficient_clinical_evidence,0.84,moderate,0,0,2,copper,COPPER_NO_VALIDATED_RULE
P000606,inflammation_anemia,0.999953505204686,1,supports,agree_positive,0.999953505204686,high,3,0,1,sTfR,INFLAMMATION_PATTERN_SUPPORT
P000607,iron_deficiency,0.0077978372124976,0,unknown,insufficient_clinical_evidence,0.84,moderate,0,0,5,ferritin|TSAT|Ret_He|sTfR,IRON_INSUFFICIENT_OR_MIXED
P000607,B12_deficiency,0.999919929568182,1,supports,agree_positive,0.999919929568182,high,1,0,3,,B12_LOW_TOTAL
P000607,folate_deficiency,0.0924243026106816,0,unknown,insufficient_clinical_evidence,0.84,moderate,0,0,1,folate,FOLATE_MISSING
P000607,B6_deficiency,0.0129640661989511,0,unknown,insufficient_clinical_evidence,0.84,moderate,0,0,1,,B6_NO_VALIDATED_RULE
P000607,copper_deficiency,0.0071490565458503,0,unknown,insufficient_clinical_evidence,0.84,moderate,0,0,2,copper|ceruloplasmin,COPPER_NO_VALIDATED_RULE
P000607,inflammation_anemia,4.416497121613165e-05,0,against,agree_negative,0.9999558350287838,high,0,1,0,CRP|ferritin|serum_iron|TIBC|TSAT|sTfR,INFLAMMATION_NO_ANEMIA
P000608,iron_deficiency,0.9982568659024768,1,supports,agree_positive,0.9982568659024768,high,3,0,2,ferritin|Ret_He|sTfR,IRON_MULTIPLE_SUPPORT
P000608,B12_deficiency,0.9983130756540644,1,supports,agree_positive,0.9983130756540644,high,1,0,3,active_B12|MMA|homocysteine,B12_LOW_TOTAL
P000608,folate_deficiency,0.016901622433215,0,unknown,insufficient_clinical_evidence,0.84,moderate,0,0,1,folate,FOLATE_MISSING
P000608,B6_deficiency,0.0019921948762763,0,unknown,insufficient_clinical_evidence,0.84,moderate,0,0,1,vitamin_B6,B6_NO_VALIDATED_RULE
P000608,copper_deficiency,0.0006130293672681,0,unknown,insufficient_clinical_evidence,0.84,moderate,0,0,2,copper,COPPER_NO_VALIDATED_RULE
P000608,inflammation_anemia,0.0002368461972713,0,unknown,insufficient_clinical_evidence,0.84,moderate,1,1,2,CRP|ferritin|sTfR,INFLAMMATION_INCOMPLETE_OR_MIXED
P000609,iron_deficiency,0.2040330090272792,0,unknown,insufficient_clinical_evidence,0.7959669909727208,moderate,0,1,4,TSAT|Ret_He|sTfR,IRON_INSUFFICIENT_OR_MIXED
P000609,B12_deficiency,0.00107902393075,0,unknown,insufficient_clinical_evidence,0.84,moderate,0,0,4,active_B12|MMA,B12_TOTAL_NOT_LOW_BUT_NOT_EXCLUSION
P000609,folate_deficiency,0.6490948905050721,1,unknown,insufficient_clinical_evidence,0.6490948905050721,low,0,0,1,,FOLATE_BORDERLINE
P000609,B6_deficiency,0.0010115610361341,0,unknown,insufficient_clinical_evidence,0.84,moderate,0,0,1,vitamin_B6,B6_NO_VALIDATED_RULE
P000609,copper_deficiency,0.0006270078314158,0,unknown,insufficient_clinical_evidence,0.84,moderate,0,0,2,copper|ceruloplasmin,COPPER_NO_VALIDATED_RULE
P000609,inflammation_anemia,0.0003459137929282,0,against,agree_negative,0.9996540862070717,high,0,1,0,serum_iron|TIBC|TSAT|sTfR,INFLAMMATION_NO_ANEMIA
P000610,iron_deficiency,0.99998225661187,1,supports,agree_positive,0.99998225661187,high,3,0,2,Ret_He|sTfR,IRON_MULTIPLE_SUPPORT
P000610,B12_deficiency,0.0031179851660482,0,unknown,insufficient_clinical_evidence,0.84,moderate,0,0,4,vitamin_B12|active_B12|MMA|homocysteine,B12_NO_TOTAL_B12
P000610,folate_deficiency,0.0008015482516677,0,against,agree_negative,0.9991984517483323,high,0,1,0,,FOLATE_NOT_LOW
P000610,B6_deficiency,0.0800823054102923,0,unknown,insufficient_clinical_evidence,0.84,moderate,0,0,1,,B6_NO_VALIDATED_RULE
P000610,copper_deficiency,0.0005649119540629,0,unknown,insufficient_clinical_evidence,0.84,moderate,0,0,2,copper|ceruloplasmin,COPPER_NO_VALIDATED_RULE
P000610,inflammation_anemia,0.0001357937302208,0,against,agree_negative,0.9998642062697792,high,0,1,0,sTfR,INFLAMMATION_NO_ANEMIA
P000611,iron_deficiency,0.0001622441699969,0,unknown,insufficient_clinical_evidence,0.84,moderate,1,2,2,ferritin|sTfR,IRON_INSUFFICIENT_OR_MIXED
P000611,B12_deficiency,0.9703157409676836,1,unknown,insufficient_clinical_evidence,0.84,moderate,0,0,4,MMA|homocysteine,B12_TOTAL_NOT_LOW_BUT_NOT_EXCLUSION
P000611,folate_deficiency,0.0041713441361467,0,against,agree_negative,0.9958286558638533,high,0,1,0,,FOLATE_NOT_LOW
P000611,B6_deficiency,0.000402968781137,0,unknown,insufficient_clinical_evidence,0.84,moderate,0,0,1,vitamin_B6,B6_NO_VALIDATED_RULE
P000611,copper_deficiency,0.0006877709664656,0,unknown,insufficient_clinical_evidence,0.84,moderate,0,0,2,copper|ceruloplasmin,COPPER_NO_VALIDATED_RULE
P000611,inflammation_anemia,0.0002857178487859,0,unknown,insufficient_clinical_evidence,0.84,moderate,1,1,2,ferritin|sTfR,INFLAMMATION_INCOMPLETE_OR_MIXED
P000612,iron_deficiency,0.0010097833885175,0,unknown,insufficient_clinical_evidence,0.84,moderate,0,0,5,ferritin|TSAT|Ret_He,IRON_INSUFFICIENT_OR_MIXED
P000612,B12_deficiency,0.9943393813729282,1,supports,agree_positive,0.9943393813729282,high,1,0,3,active_B12|MMA|homocysteine,B12_LOW_TOTAL
P000612,folate_deficiency,0.2549014750365577,0,unknown,insufficient_clinical_evidence,0.7450985249634423,moderate,0,0,1,folate,FOLATE_MISSING
P000612,B6_deficiency,0.0001998094696461,0,unknown,insufficient_clinical_evidence,0.84,moderate,0,0,1,vitamin_B6,B6_NO_VALIDATED_RULE
P000612,copper_deficiency,0.0103074045407366,0,unknown,insufficient_clinical_evidence,0.84,moderate,0,0,2,copper|ceruloplasmin,COPPER_NO_VALIDATED_RULE
P000612,inflammation_anemia,0.0001086621637068,0,unknown,insufficient_clinical_evidence,0.84,moderate,0,0,4,CRP|ferritin|serum_iron|TIBC|TSAT,INFLAMMATION_INCOMPLETE_OR_MIXED
P000613,iron_deficiency,0.2119203528642058,0,unknown,insufficient_clinical_evidence,0.7880796471357943,moderate,0,1,4,TSAT|Ret_He|sTfR,IRON_INSUFFICIENT_OR_MIXED
P000613,B12_deficiency,0.9756618811100533,1,unknown,insufficient_clinical_evidence,0.84,moderate,0,0,4,homocysteine,B12_TOTAL_NOT_LOW_BUT_NOT_EXCLUSION
P000613,folate_deficiency,0.0031822161076082,0,unknown,insufficient_clinical_evidence,0.84,moderate,0,0,1,folate,FOLATE_MISSING
P000613,B6_deficiency,0.0078285952926672,0,unknown,insufficient_clinical_evidence,0.84,moderate,0,0,1,vitamin_B6,B6_NO_VALIDATED_RULE
P000613,copper_deficiency,0.0014919211391673,0,unknown,insufficient_clinical_evidence,0.84,moderate,0,0,2,copper|ceruloplasmin,COPPER_NO_VALIDATED_RULE
P000613,inflammation_anemia,0.0001517806223246,0,against,agree_negative,0.9998482193776754,high,0,1,0,serum_iron|TIBC|TSAT|sTfR,INFLAMMATION_NO_ANEMIA
P000614,iron_deficiency,0.0257471556163965,0,unknown,insufficient_clinical_evidence,0.84,moderate,0,0,5,ferritin|TSAT|Ret_He|sTfR,IRON_INSUFFICIENT_OR_MIXED
P000614,B12_deficiency,0.0008812077047991,0,unknown,insufficient_clinical_evidence,0.84,moderate,0,0,4,active_B12|MMA,B12_TOTAL_NOT_LOW_BUT_NOT_EXCLUSION
P000614,folate_deficiency,0.0020664674019713,0,against,agree_negative,0.9979335325980287,high,0,1,0,,FOLATE_NOT_LOW
P000614,B6_deficiency,0.0068710492413064,0,unknown,insufficient_clinical_evidence,0.84,moderate,0,0,1,vitamin_B6,B6_NO_VALIDATED_RULE
P000614,copper_deficiency,0.0028730686883218,0,unknown,insufficient_clinical_evidence,0.84,moderate,0,0,2,copper|ceruloplasmin,COPPER_NO_VALIDATED_RULE
P000614,inflammation_anemia,0.0073317094309967,0,unknown,insufficient_clinical_evidence,0.84,moderate,0,0,4,ferritin|serum_iron|TIBC|TSAT|sTfR,INFLAMMATION_INCOMPLETE_OR_MIXED
P000615,iron_deficiency,0.000199556965599,0,unknown,insufficient_clinical_evidence,0.84,moderate,0,1,4,TSAT|Ret_He|sTfR,IRON_INSUFFICIENT_OR_MIXED
P000615,B12_deficiency,0.0002225011070563,0,unknown,insufficient_clinical_evidence,0.84,moderate,0,0,4,vitamin_B12|homocysteine,B12_NO_TOTAL_B12
P000615,folate_deficiency,0.0021730832316277,0,against,agree_negative,0.9978269167683723,high,0,1,0,,FOLATE_NOT_LOW
P000615,B6_deficiency,0.0034489264879103,0,unknown,insufficient_clinical_evidence,0.84,moderate,0,0,1,vitamin_B6,B6_NO_VALIDATED_RULE
P000615,copper_deficiency,0.0034344896386367,0,unknown,insufficient_clinical_evidence,0.84,moderate,0,0,2,copper|ceruloplasmin,COPPER_NO_VALIDATED_RULE
P000615,inflammation_anemia,0.0024603558677907,0,against,agree_negative,0.9975396441322093,high,0,1,0,serum_iron|TIBC|TSAT|sTfR,INFLAMMATION_NO_ANEMIA
P000616,iron_deficiency,0.0027676218895128,0,against,agree_negative,0.9972323781104871,high,0,3,2,ferritin,IRON_MULTIPLE_AGAINST
P000616,B12_deficiency,0.9992148080422152,1,unknown,insufficient_clinical_evidence,0.84,moderate,0,0,4,active_B12,B12_TOTAL_NOT_LOW_BUT_NOT_EXCLUSION
P000616,folate_deficiency,0.1189605735903256,0,unknown,insufficient_clinical_evidence,0.84,moderate,0,0,1,folate,FOLATE_MISSING
P000616,B6_deficiency,0.0035583232364557,0,unknown,insufficient_clinical_evidence,0.84,moderate,0,0,1,vitamin_B6,B6_NO_VALIDATED_RULE
P000616,copper_deficiency,0.0012146880271736,0,unknown,insufficient_clinical_evidence,0.84,moderate,0,0,2,copper|ceruloplasmin,COPPER_NO_VALIDATED_RULE
P000616,inflammation_anemia,9.141029881181212e-05,0,unknown,insufficient_clinical_evidence,0.84,moderate,1,1,2,ferritin,INFLAMMATION_INCOMPLETE_OR_MIXED
P000617,iron_deficiency,0.9998871558811536,1,supports,agree_positive,0.9998871558811536,high,2,0,3,TSAT,IRON_MULTIPLE_SUPPORT
P000617,B12_deficiency,0.0001401270934701,0,unknown,insufficient_clinical_evidence,0.84,moderate,0,0,4,active_B12|MMA|homocysteine,B12_TOTAL_NOT_LOW_BUT_NOT_EXCLUSION
P000617,folate_deficiency,0.6685056067913758,1,supports,agree_positive,0.6685056067913758,moderate,1,0,0,,FOLATE_LOW
P000617,B6_deficiency,0.0112283171165169,0,unknown,insufficient_clinical_evidence,0.84,moderate,0,0,1,vitamin_B6,B6_NO_VALIDATED_RULE
P000617,copper_deficiency,0.0034291340001769,0,unknown,insufficient_clinical_evidence,0.84,moderate,0,0,2,copper|ceruloplasmin,COPPER_NO_VALIDATED_RULE
P000617,inflammation_anemia,0.0002703958159455,0,unknown,insufficient_clinical_evidence,0.84,moderate,0,1,3,CRP|serum_iron|TIBC|TSAT,INFLAMMATION_INCOMPLETE_OR_MIXED
P000618,iron_deficiency,0.0002140247694862,0,against,agree_negative,0.9997859752305138,high,0,4,1,sTfR,IRON_MULTIPLE_AGAINST
P000618,B12_deficiency,0.0089638072256468,0,unknown,insufficient_clinical_evidence,0.84,moderate,0,0,4,homocysteine,B12_TOTAL_NOT_LOW_BUT_NOT_EXCLUSION
P000618,folate_deficiency,0.0003256084324193,0,against,agree_negative,0.9996743915675806,high,0,1,0,,FOLATE_NOT_LOW
P000618,B6_deficiency,0.1404998795581617,0,unknown,insufficient_clinical_evidence,0.84,moderate,0,0,1,vitamin_B6,B6_NO_VALIDATED_RULE
P000618,copper_deficiency,0.0106223961013247,0,unknown,insufficient_clinical_evidence,0.84,moderate,0,0,2,copper|ceruloplasmin,COPPER_NO_VALIDATED_RULE
P000618,inflammation_anemia,0.0004149113352966,0,unknown,insufficient_clinical_evidence,0.84,moderate,2,1,1,sTfR,INFLAMMATION_INCOMPLETE_OR_MIXED
P000619,iron_deficiency,0.002990196997254,0,unknown,insufficient_clinical_evidence,0.84,moderate,0,1,4,TSAT|Ret_He|sTfR,IRON_INSUFFICIENT_OR_MIXED
P000619,B12_deficiency,0.9999389860692434,1,supports,agree_positive,0.9999389860692434,high,1,0,3,homocysteine,B12_LOW_TOTAL
P000619,folate_deficiency,0.9803406309826634,1,supports,agree_positive,0.9803406309826634,high,1,0,0,,FOLATE_LOW
P000619,B6_deficiency,0.0005241190835282,0,unknown,insufficient_clinical_evidence,0.84,moderate,0,0,1,vitamin_B6,B6_NO_VALIDATED_RULE
P000619,copper_deficiency,0.0074320139041205,0,unknown,insufficient_clinical_evidence,0.84,moderate,0,0,2,copper|ceruloplasmin,COPPER_NO_VALIDATED_RULE
P000619,inflammation_anemia,0.0024472575188893,0,unknown,insufficient_clinical_evidence,0.84,moderate,1,0,3,serum_iron|TIBC|TSAT|sTfR,INFLAMMATION_INCOMPLETE_OR_MIXED
P000620,iron_deficiency,0.9999977572535634,1,supports,agree_positive,0.9999977572535634,high,5,0,0,sTfR,IRON_MULTIPLE_SUPPORT
P000620,B12_deficiency,0.2411734526573946,1,unknown,insufficient_clinical_evidence,0.2411734526573946,low,0,0,4,homocysteine,B12_TOTAL_NOT_LOW_BUT_NOT_EXCLUSION
P000620,folate_deficiency,0.0005999561766949,0,against,agree_negative,0.999400043823305,high,0,1,0,,FOLATE_NOT_LOW
P000620,B6_deficiency,0.0049717017866783,0,unknown,insufficient_clinical_evidence,0.84,moderate,0,0,1,vitamin_B6,B6_NO_VALIDATED_RULE
P000620,copper_deficiency,0.0030576929025062,0,unknown,insufficient_clinical_evidence,0.84,moderate,0,0,2,copper,COPPER_NO_VALIDATED_RULE
P000620,inflammation_anemia,8.467358477699903e-05,0,unknown,insufficient_clinical_evidence,0.84,moderate,1,2,1,sTfR,INFLAMMATION_INCOMPLETE_OR_MIXED
P000621,iron_deficiency,0.0231260399627413,0,against,agree_negative,0.9768739600372587,high,0,2,3,ferritin|Ret_He|sTfR,IRON_MULTIPLE_AGAINST
P000621,B12_deficiency,0.000127311993423,0,unknown,insufficient_clinical_evidence,0.84,moderate,0,0,4,active_B12|MMA|homocysteine,B12_TOTAL_NOT_LOW_BUT_NOT_EXCLUSION
P000621,folate_deficiency,0.0009529575621734,0,against,agree_negative,0.9990470424378266,high,0,1,0,,FOLATE_NOT_LOW
P000621,B6_deficiency,0.0093547369196937,0,unknown,insufficient_clinical_evidence,0.84,moderate,0,0,1,vitamin_B6,B6_NO_VALIDATED_RULE
P000621,copper_deficiency,0.0081244983543818,0,unknown,insufficient_clinical_evidence,0.84,moderate,0,0,2,copper|ceruloplasmin,COPPER_NO_VALIDATED_RULE
P000621,inflammation_anemia,1.845559831560996e-05,0,unknown,insufficient_clinical_evidence,0.84,moderate,1,1,2,CRP|ferritin|sTfR,INFLAMMATION_INCOMPLETE_OR_MIXED
P000622,iron_deficiency,0.018103208999298,0,unknown,insufficient_clinical_evidence,0.84,moderate,0,0,5,ferritin|TSAT|Ret_He,IRON_INSUFFICIENT_OR_MIXED
P000622,B12_deficiency,0.9991633793808036,1,unknown,insufficient_clinical_evidence,0.84,moderate,0,0,4,homocysteine,B12_TOTAL_NOT_LOW_BUT_NOT_EXCLUSION
P000622,folate_deficiency,0.0510963587561395,0,unknown,insufficient_clinical_evidence,0.84,moderate,0,0,1,folate,FOLATE_MISSING
P000622,B6_deficiency,0.0001713313517067,0,unknown,insufficient_clinical_evidence,0.84,moderate,0,0,1,vitamin_B6,B6_NO_VALIDATED_RULE
P000622,copper_deficiency,0.0002252561953265,0,unknown,insufficient_clinical_evidence,0.84,moderate,0,0,2,copper|ceruloplasmin,COPPER_NO_VALIDATED_RULE
P000622,inflammation_anemia,0.0004127192195761,0,against,agree_negative,0.9995872807804239,high,0,1,0,ferritin|serum_iron|TIBC|TSAT,INFLAMMATION_NO_ANEMIA
P000623,iron_deficiency,6.913341803574215e-05,0,against,agree_negative,0.9999308665819643,high,0,2,3,ferritin|Ret_He|sTfR,IRON_MULTIPLE_AGAINST
P000623,B12_deficiency,0.0018245412032088,0,unknown,insufficient_clinical_evidence,0.84,moderate,0,0,4,vitamin_B12|active_B12|MMA|homocysteine,B12_NO_TOTAL_B12
P000623,folate_deficiency,0.0593694157067818,0,unknown,insufficient_clinical_evidence,0.84,moderate,0,0,1,folate,FOLATE_MISSING
P000623,B6_deficiency,0.0114655291201993,0,unknown,insufficient_clinical_evidence,0.84,moderate,0,0,1,vitamin_B6,B6_NO_VALIDATED_RULE
P000623,copper_deficiency,0.0039325235754407,0,unknown,insufficient_clinical_evidence,0.84,moderate,0,0,2,copper,COPPER_NO_VALIDATED_RULE
P000623,inflammation_anemia,0.0009906029925618,0,against,agree_negative,0.9990093970074382,high,0,1,0,CRP|ferritin|sTfR,INFLAMMATION_NO_ANEMIA
P000624,iron_deficiency,0.0909471898145946,0,unknown,insufficient_clinical_evidence,0.84,moderate,0,1,4,TSAT|Ret_He,IRON_INSUFFICIENT_OR_MIXED
P000624,B12_deficiency,8.825330451458641e-05,0,unknown,insufficient_clinical_evidence,0.84,moderate,0,0,4,active_B12|MMA|homocysteine,B12_TOTAL_NOT_LOW_BUT_NOT_EXCLUSION
P000624,folate_deficiency,0.0071413301119128,0,unknown,insufficient_clinical_evidence,0.84,moderate,0,0,1,folate,FOLATE_MISSING
P000624,B6_deficiency,0.1235732399425086,0,unknown,insufficient_clinical_evidence,0.84,moderate,0,0,1,vitamin_B6,B6_NO_VALIDATED_RULE
P000624,copper_deficiency,0.0003892046482384,0,unknown,insufficient_clinical_evidence,0.84,moderate,0,0,2,copper|ceruloplasmin,COPPER_NO_VALIDATED_RULE
P000624,inflammation_anemia,0.007306417583899,0,against,agree_negative,0.992693582416101,high,0,1,0,CRP|serum_iron|TIBC|TSAT,INFLAMMATION_NO_ANEMIA
P000625,iron_deficiency,0.0277983222920095,0,unknown,insufficient_clinical_evidence,0.84,moderate,0,0,5,ferritin|TSAT|Ret_He|sTfR,IRON_INSUFFICIENT_OR_MIXED
P000625,B12_deficiency,0.0024429539800692,0,unknown,insufficient_clinical_evidence,0.84,moderate,0,0,4,vitamin_B12|active_B12|MMA|homocysteine,B12_NO_TOTAL_B12
P000625,folate_deficiency,0.000526578069027,0,against,agree_negative,0.999473421930973,high,0,1,0,,FOLATE_NOT_LOW
P000625,B6_deficiency,0.0032376204403129,0,unknown,insufficient_clinical_evidence,0.84,moderate,0,0,1,vitamin_B6,B6_NO_VALIDATED_RULE
P000625,copper_deficiency,0.0005864512572796,0,unknown,insufficient_clinical_evidence,0.84,moderate,0,0,2,copper|ceruloplasmin,COPPER_NO_VALIDATED_RULE
P000625,inflammation_anemia,7.337398477151966e-05,0,against,agree_negative,0.9999266260152285,high,0,1,0,ferritin|serum_iron|TIBC|TSAT|sTfR,INFLAMMATION_NO_ANEMIA
P000626,iron_deficiency,0.0001273090381911,0,against,agree_negative,0.9998726909618089,high,0,2,3,TSAT,IRON_MULTIPLE_AGAINST
P000626,B12_deficiency,0.000382526174093,0,unknown,insufficient_clinical_evidence,0.84,moderate,0,0,4,active_B12,B12_TOTAL_NOT_LOW_BUT_NOT_EXCLUSION
P000626,folate_deficiency,0.3534227604255023,0,supports,conflict_ml_negative_rule_supports,0.64,low,1,0,0,,FOLATE_LOW
P000626,B6_deficiency,0.0013186002700082,0,unknown,insufficient_clinical_evidence,0.84,moderate,0,0,1,vitamin_B6,B6_NO_VALIDATED_RULE
P000626,copper_deficiency,0.9979569391220648,1,unknown,insufficient_clinical_evidence,0.84,moderate,0,0,2,,COPPER_NO_VALIDATED_RULE
P000626,inflammation_anemia,0.0011340016190498,0,unknown,insufficient_clinical_evidence,0.84,moderate,1,0,3,serum_iron|TIBC|TSAT,INFLAMMATION_INCOMPLETE_OR_MIXED
P000627,iron_deficiency,0.9999943315378288,1,supports,agree_positive,0.9999943315378288,high,3,1,1,Ret_He|sTfR,IRON_MULTIPLE_SUPPORT
P000627,B12_deficiency,0.0003339041786696,0,unknown,insufficient_clinical_evidence,0.84,moderate,0,0,4,MMA|homocysteine,B12_TOTAL_NOT_LOW_BUT_NOT_EXCLUSION
P000627,folate_deficiency,0.000632005039266,0,against,agree_negative,0.999367994960734,high,0,1,0,,FOLATE_NOT_LOW
P000627,B6_deficiency,0.001096895393533,0,unknown,insufficient_clinical_evidence,0.84,moderate,0,0,1,vitamin_B6,B6_NO_VALIDATED_RULE
P000627,copper_deficiency,0.0022995495050499,0,unknown,insufficient_clinical_evidence,0.84,moderate,0,0,2,copper|ceruloplasmin,COPPER_NO_VALIDATED_RULE
P000627,inflammation_anemia,6.967138107023327e-06,0,against,agree_negative,0.999993032861893,high,0,3,1,sTfR,INFLAMMATION_PATTERN_AGAINST
P000628,iron_deficiency,0.0004436262170831,0,against,agree_negative,0.999556373782917,high,0,2,3,Ret_He|sTfR,IRON_MULTIPLE_AGAINST
P000628,B12_deficiency,0.9934683654358312,1,unknown,insufficient_clinical_evidence,0.84,moderate,0,0,4,MMA|homocysteine,B12_TOTAL_NOT_LOW_BUT_NOT_EXCLUSION
P000628,folate_deficiency,0.0361005773033752,0,unknown,insufficient_clinical_evidence,0.84,moderate,0,0,1,folate,FOLATE_MISSING
P000628,B6_deficiency,0.0018256937979228,0,unknown,insufficient_clinical_evidence,0.84,moderate,0,0,1,vitamin_B6,B6_NO_VALIDATED_RULE
P000628,copper_deficiency,0.0029373438926653,0,unknown,insufficient_clinical_evidence,0.84,moderate,0,0,2,copper|ceruloplasmin,COPPER_NO_VALIDATED_RULE
P000628,inflammation_anemia,0.000368172273302,0,unknown,insufficient_clinical_evidence,0.84,moderate,2,1,1,sTfR,INFLAMMATION_INCOMPLETE_OR_MIXED
P000629,iron_deficiency,0.0024081576584797,0,against,agree_negative,0.9975918423415203,high,0,2,3,ferritin|Ret_He|sTfR,IRON_MULTIPLE_AGAINST
P000629,B12_deficiency,0.0061447453950538,0,unknown,insufficient_clinical_evidence,0.84,moderate,0,0,4,MMA|homocysteine,B12_TOTAL_NOT_LOW_BUT_NOT_EXCLUSION
P000629,folate_deficiency,0.0030314008345042,0,against,agree_negative,0.9969685991654959,high,0,1,0,,FOLATE_NOT_LOW
P000629,B6_deficiency,0.0031397960103972,0,unknown,insufficient_clinical_evidence,0.84,moderate,0,0,1,vitamin_B6,B6_NO_VALIDATED_RULE
P000629,copper_deficiency,0.0064324399447537,0,unknown,insufficient_clinical_evidence,0.84,moderate,0,0,2,copper|ceruloplasmin,COPPER_NO_VALIDATED_RULE
P000629,inflammation_anemia,3.431558329980155e-05,0,against,agree_negative,0.9999656844167002,high,0,1,0,CRP|ferritin|sTfR,INFLAMMATION_NO_ANEMIA
P000630,iron_deficiency,0.0001421303670944,0,unknown,insufficient_clinical_evidence,0.84,moderate,1,3,1,sTfR,IRON_INSUFFICIENT_OR_MIXED
P000630,B12_deficiency,0.998818700874629,1,supports,agree_positive,0.998818700874629,high,1,0,3,homocysteine,B12_LOW_TOTAL
P000630,folate_deficiency,0.0112566737673087,0,unknown,insufficient_clinical_evidence,0.84,moderate,0,0,1,folate,FOLATE_MISSING
P000630,B6_deficiency,0.0018255356186723,0,unknown,insufficient_clinical_evidence,0.84,moderate,0,0,1,vitamin_B6,B6_NO_VALIDATED_RULE
P000630,copper_deficiency,0.0051778141914124,0,unknown,insufficient_clinical_evidence,0.84,moderate,0,0,2,copper|ceruloplasmin,COPPER_NO_VALIDATED_RULE
P000630,inflammation_anemia,0.0066416672563147,0,against,agree_negative,0.9933583327436853,high,0,1,0,sTfR,INFLAMMATION_NO_ANEMIA
P000631,iron_deficiency,0.0013770650169114,0,against,agree_negative,0.9986229349830886,high,0,3,2,Ret_He|sTfR,IRON_MULTIPLE_AGAINST
P000631,B12_deficiency,0.0001876582929552,0,unknown,insufficient_clinical_evidence,0.84,moderate,0,0,4,active_B12|MMA,B12_TOTAL_NOT_LOW_BUT_NOT_EXCLUSION
P000631,folate_deficiency,0.0087798190938516,0,unknown,insufficient_clinical_evidence,0.84,moderate,0,0,1,folate,FOLATE_MISSING
P000631,B6_deficiency,0.0357883441920878,0,unknown,insufficient_clinical_evidence,0.84,moderate,0,0,1,vitamin_B6,B6_NO_VALIDATED_RULE
P000631,copper_deficiency,0.0022304236250296,0,unknown,insufficient_clinical_evidence,0.84,moderate,0,0,2,copper|ceruloplasmin,COPPER_NO_VALIDATED_RULE
P000631,inflammation_anemia,5.151978897513733e-05,0,against,agree_negative,0.9999484802110249,high,0,1,0,CRP|sTfR,INFLAMMATION_NO_ANEMIA
P000632,iron_deficiency,0.9999892147130512,1,supports,agree_positive,0.9999892147130512,high,3,0,2,Ret_He|sTfR,IRON_MULTIPLE_SUPPORT
P000632,B12_deficiency,0.0001628297133367,0,unknown,insufficient_clinical_evidence,0.84,moderate,0,0,4,vitamin_B12|active_B12|homocysteine,B12_NO_TOTAL_B12
P000632,folate_deficiency,0.021651038368973,0,unknown,insufficient_clinical_evidence,0.84,moderate,0,0,1,folate,FOLATE_MISSING
P000632,B6_deficiency,0.0003828435249891,0,unknown,insufficient_clinical_evidence,0.84,moderate,0,0,1,vitamin_B6,B6_NO_VALIDATED_RULE
P000632,copper_deficiency,0.0001104043735237,0,unknown,insufficient_clinical_evidence,0.84,moderate,0,0,2,copper|ceruloplasmin,COPPER_NO_VALIDATED_RULE
P000632,inflammation_anemia,0.0002109097141681,0,against,agree_negative,0.9997890902858318,high,0,1,0,CRP|sTfR,INFLAMMATION_NO_ANEMIA
P000633,iron_deficiency,7.633813627456741e-05,0,against,agree_negative,0.9999236618637254,high,0,3,2,Ret_He|sTfR,IRON_MULTIPLE_AGAINST
P000633,B12_deficiency,0.0017704076283725,0,unknown,insufficient_clinical_evidence,0.84,moderate,0,0,4,vitamin_B12|active_B12|MMA|homocysteine,B12_NO_TOTAL_B12
P000633,folate_deficiency,0.0043296899931068,0,unknown,insufficient_clinical_evidence,0.84,moderate,0,0,1,folate,FOLATE_MISSING
P000633,B6_deficiency,0.0081819990904055,0,unknown,insufficient_clinical_evidence,0.84,moderate,0,0,1,vitamin_B6,B6_NO_VALIDATED_RULE
P000633,copper_deficiency,0.0041415180934436,0,unknown,insufficient_clinical_evidence,0.84,moderate,0,0,2,copper|ceruloplasmin,COPPER_NO_VALIDATED_RULE
P000633,inflammation_anemia,0.0004842620485192,0,against,agree_negative,0.9995157379514809,high,0,1,0,sTfR,INFLAMMATION_NO_ANEMIA
P000634,iron_deficiency,0.9988769236689452,1,supports,agree_positive,0.9988769236689452,high,3,1,1,sTfR,IRON_MULTIPLE_SUPPORT
P000634,B12_deficiency,0.0008358622845982,0,unknown,insufficient_clinical_evidence,0.84,moderate,0,0,4,vitamin_B12|active_B12|homocysteine,B12_NO_TOTAL_B12
P000634,folate_deficiency,0.0264678857006764,0,unknown,insufficient_clinical_evidence,0.84,moderate,0,0,1,folate,FOLATE_MISSING
P000634,B6_deficiency,0.0079077895350199,0,unknown,insufficient_clinical_evidence,0.84,moderate,0,0,1,vitamin_B6,B6_NO_VALIDATED_RULE
P000634,copper_deficiency,0.0013904711878681,0,unknown,insufficient_clinical_evidence,0.84,moderate,0,0,2,copper|ceruloplasmin,COPPER_NO_VALIDATED_RULE
P000634,inflammation_anemia,0.0001500431019196,0,supports,conflict_ml_negative_rule_supports,0.64,low,3,0,1,sTfR,INFLAMMATION_PATTERN_SUPPORT
P000635,iron_deficiency,0.0158243617963389,0,unknown,insufficient_clinical_evidence,0.84,moderate,0,0,5,ferritin|TSAT|Ret_He|sTfR,IRON_INSUFFICIENT_OR_MIXED
P000635,B12_deficiency,0.0018824572592774,0,unknown,insufficient_clinical_evidence,0.84,moderate,0,0,4,vitamin_B12|active_B12|homocysteine,B12_NO_TOTAL_B12
P000635,folate_deficiency,0.8668448404199309,1,supports,agree_positive,0.8668448404199309,high,1,0,0,,FOLATE_LOW
P000635,B6_deficiency,0.000153932885268,0,unknown,insufficient_clinical_evidence,0.84,moderate,0,0,1,vitamin_B6,B6_NO_VALIDATED_RULE
P000635,copper_deficiency,0.0037072381621146,0,unknown,insufficient_clinical_evidence,0.84,moderate,0,0,2,copper|ceruloplasmin,COPPER_NO_VALIDATED_RULE
P000635,inflammation_anemia,7.70018408255321e-05,0,against,agree_negative,0.9999229981591745,high,0,1,0,ferritin|serum_iron|TIBC|TSAT|sTfR,INFLAMMATION_NO_ANEMIA
P000636,iron_deficiency,3.900938392958426e-05,0,against,agree_negative,0.9999609906160705,high,0,3,2,Ret_He|sTfR,IRON_MULTIPLE_AGAINST
P000636,B12_deficiency,0.9671953988257996,1,unknown,insufficient_clinical_evidence,0.84,moderate,0,0,4,MMA,B12_TOTAL_NOT_LOW_BUT_NOT_EXCLUSION
P000636,folate_deficiency,0.7380434899381798,1,unknown,insufficient_clinical_evidence,0.7380434899381798,moderate,0,0,1,,FOLATE_BORDERLINE
P000636,B6_deficiency,0.0005813231020728,0,unknown,insufficient_clinical_evidence,0.84,moderate,0,0,1,vitamin_B6,B6_NO_VALIDATED_RULE
P000636,copper_deficiency,1.3433951404921447e-09,0,unknown,insufficient_clinical_evidence,0.84,moderate,0,0,2,copper|ceruloplasmin,COPPER_NO_VALIDATED_RULE
P000636,inflammation_anemia,0.0003753168702684,0,unknown,insufficient_clinical_evidence,0.84,moderate,2,1,1,CRP|sTfR,INFLAMMATION_INCOMPLETE_OR_MIXED
P000637,iron_deficiency,8.46406451515324e-05,0,against,agree_negative,0.9999153593548484,high,0,3,2,Ret_He|sTfR,IRON_MULTIPLE_AGAINST
P000637,B12_deficiency,0.997587947854398,1,unknown,insufficient_clinical_evidence,0.84,moderate,0,0,4,vitamin_B12|homocysteine,B12_NO_TOTAL_B12
P000637,folate_deficiency,0.1460306832985942,0,unknown,insufficient_clinical_evidence,0.84,moderate,0,0,1,folate,FOLATE_MISSING
P000637,B6_deficiency,0.0020786848869043,0,unknown,insufficient_clinical_evidence,0.84,moderate,0,0,1,vitamin_B6,B6_NO_VALIDATED_RULE
P000637,copper_deficiency,0.0064219081934785,0,unknown,insufficient_clinical_evidence,0.84,moderate,0,0,2,copper|ceruloplasmin,COPPER_NO_VALIDATED_RULE
P000637,inflammation_anemia,0.0004385282569649,0,unknown,insufficient_clinical_evidence,0.84,moderate,2,1,1,CRP|sTfR,INFLAMMATION_INCOMPLETE_OR_MIXED
P000638,iron_deficiency,0.0001027238796565,0,supports,conflict_ml_negative_rule_supports,0.64,low,2,2,1,Ret_He|sTfR,IRON_MULTIPLE_SUPPORT
P000638,B12_deficiency,0.0035048320610704,0,unknown,insufficient_clinical_evidence,0.84,moderate,0,0,4,active_B12|MMA|homocysteine,B12_TOTAL_NOT_LOW_BUT_NOT_EXCLUSION
P000638,folate_deficiency,0.0855045779719301,0,unknown,insufficient_clinical_evidence,0.84,moderate,0,0,1,,FOLATE_BORDERLINE
P000638,B6_deficiency,0.0039256247259915,0,unknown,insufficient_clinical_evidence,0.84,moderate,0,0,1,vitamin_B6,B6_NO_VALIDATED_RULE
P000638,copper_deficiency,0.000631973331145,0,unknown,insufficient_clinical_evidence,0.84,moderate,0,0,2,copper|ceruloplasmin,COPPER_NO_VALIDATED_RULE
P000638,inflammation_anemia,0.9974066722846696,1,supports,agree_positive,0.9974066722846696,high,3,0,1,sTfR,INFLAMMATION_PATTERN_SUPPORT
P000639,iron_deficiency,0.0002053257038321,0,unknown,insufficient_clinical_evidence,0.84,moderate,0,0,5,ferritin|TSAT|Ret_He|sTfR,IRON_INSUFFICIENT_OR_MIXED
P000639,B12_deficiency,0.9842956972072792,1,unknown,insufficient_clinical_evidence,0.84,moderate,0,0,4,MMA|homocysteine,B12_TOTAL_NOT_LOW_BUT_NOT_EXCLUSION
P000639,folate_deficiency,0.162955863905744,0,unknown,insufficient_clinical_evidence,0.837044136094256,moderate,0,0,1,folate,FOLATE_MISSING
P000639,B6_deficiency,0.0002505451717724,0,unknown,insufficient_clinical_evidence,0.84,moderate,0,0,1,vitamin_B6,B6_NO_VALIDATED_RULE
P000639,copper_deficiency,3.4422240474575824e-08,0,unknown,insufficient_clinical_evidence,0.84,moderate,0,0,2,copper|ceruloplasmin,COPPER_NO_VALIDATED_RULE
P000639,inflammation_anemia,2.6742589736137768e-05,0,against,agree_negative,0.9999732574102639,high,0,1,0,CRP|ferritin|serum_iron|TIBC|TSAT|sTfR,INFLAMMATION_NO_ANEMIA
P000640,iron_deficiency,0.8960343218061977,1,supports,agree_positive,0.8960343218061977,high,2,0,3,TSAT|sTfR,IRON_MULTIPLE_SUPPORT
P000640,B12_deficiency,0.0005404242244761,0,unknown,insufficient_clinical_evidence,0.84,moderate,0,0,4,active_B12|MMA|homocysteine,B12_TOTAL_NOT_LOW_BUT_NOT_EXCLUSION
P000640,folate_deficiency,0.0548555756854849,0,unknown,insufficient_clinical_evidence,0.84,moderate,0,0,1,folate,FOLATE_MISSING
P000640,B6_deficiency,0.0353757803492497,0,unknown,insufficient_clinical_evidence,0.84,moderate,0,0,1,vitamin_B6,B6_NO_VALIDATED_RULE
P000640,copper_deficiency,0.0010056192863648,0,unknown,insufficient_clinical_evidence,0.84,moderate,0,0,2,copper|ceruloplasmin,COPPER_NO_VALIDATED_RULE
P000640,inflammation_anemia,2.141125419947811e-05,0,against,agree_negative,0.9999785887458005,high,0,1,0,CRP|serum_iron|TIBC|TSAT|sTfR,INFLAMMATION_NO_ANEMIA
P000641,iron_deficiency,0.0183045342509136,0,against,agree_negative,0.9816954657490864,high,0,2,3,TSAT|sTfR,IRON_MULTIPLE_AGAINST
P000641,B12_deficiency,0.9959965092096416,1,unknown,insufficient_clinical_evidence,0.84,moderate,0,0,4,active_B12|MMA|homocysteine,B12_TOTAL_NOT_LOW_BUT_NOT_EXCLUSION
P000641,folate_deficiency,0.9884858799690832,1,supports,agree_positive,0.9884858799690832,high,1,0,0,,FOLATE_LOW
P000641,B6_deficiency,0.001516572799517,0,unknown,insufficient_clinical_evidence,0.84,moderate,0,0,1,vitamin_B6,B6_NO_VALIDATED_RULE
P000641,copper_deficiency,7.113322019131387e-10,0,unknown,insufficient_clinical_evidence,0.84,moderate,0,0,2,copper|ceruloplasmin,COPPER_NO_VALIDATED_RULE
P000641,inflammation_anemia,1.0993339108466367e-05,0,unknown,insufficient_clinical_evidence,0.84,moderate,1,0,3,serum_iron|TIBC|TSAT|sTfR,INFLAMMATION_INCOMPLETE_OR_MIXED
P000642,iron_deficiency,0.0077813006955669,0,unknown,insufficient_clinical_evidence,0.84,moderate,1,0,4,ferritin|TSAT|sTfR,IRON_INSUFFICIENT_OR_MIXED
P000642,B12_deficiency,0.0017353135198149,0,unknown,insufficient_clinical_evidence,0.84,moderate,0,0,4,active_B12|MMA,B12_TOTAL_NOT_LOW_BUT_NOT_EXCLUSION
P000642,folate_deficiency,0.8939888591891791,1,supports,agree_positive,0.8939888591891791,high,1,0,0,,FOLATE_LOW
P000642,B6_deficiency,0.0019852155769883,0,unknown,insufficient_clinical_evidence,0.84,moderate,0,0,1,vitamin_B6,B6_NO_VALIDATED_RULE
P000642,copper_deficiency,0.0079710909796678,0,unknown,insufficient_clinical_evidence,0.84,moderate,0,0,2,copper|ceruloplasmin,COPPER_NO_VALIDATED_RULE
P000642,inflammation_anemia,0.0002522816397576,0,against,agree_negative,0.9997477183602425,high,0,1,0,CRP|ferritin|serum_iron|TIBC|TSAT|sTfR,INFLAMMATION_NO_ANEMIA
P000643,iron_deficiency,5.57227253749661e-05,0,against,agree_negative,0.999944277274625,high,0,2,3,TSAT|sTfR,IRON_MULTIPLE_AGAINST
P000643,B12_deficiency,0.9996422993606636,1,unknown,insufficient_clinical_evidence,0.84,moderate,0,0,4,MMA|homocysteine,B12_TOTAL_NOT_LOW_BUT_NOT_EXCLUSION
P000643,folate_deficiency,0.2499568533973117,0,unknown,insufficient_clinical_evidence,0.7500431466026883,moderate,0,0,1,folate,FOLATE_MISSING
P000643,B6_deficiency,0.000140650265054,0,unknown,insufficient_clinical_evidence,0.84,moderate,0,0,1,vitamin_B6,B6_NO_VALIDATED_RULE
P000643,copper_deficiency,0.021470281833448,0,unknown,insufficient_clinical_evidence,0.84,moderate,0,0,2,copper|ceruloplasmin,COPPER_NO_VALIDATED_RULE
P000643,inflammation_anemia,0.0002457129754091,0,unknown,insufficient_clinical_evidence,0.84,moderate,1,0,3,serum_iron|TIBC|TSAT|sTfR,INFLAMMATION_INCOMPLETE_OR_MIXED
P000644,iron_deficiency,0.9999858883299728,1,supports,agree_positive,0.9999858883299728,high,3,0,2,Ret_He|sTfR,IRON_MULTIPLE_SUPPORT
P000644,B12_deficiency,0.0002120340193702,0,unknown,insufficient_clinical_evidence,0.84,moderate,0,0,4,MMA|homocysteine,B12_TOTAL_NOT_LOW_BUT_NOT_EXCLUSION
P000644,folate_deficiency,0.1274169998780676,0,unknown,insufficient_clinical_evidence,0.84,moderate,0,0,1,,FOLATE_BORDERLINE
P000644,B6_deficiency,0.0107051376954605,0,unknown,insufficient_clinical_evidence,0.84,moderate,0,0,1,vitamin_B6,B6_NO_VALIDATED_RULE
P000644,copper_deficiency,0.0006061714035202,0,unknown,insufficient_clinical_evidence,0.84,moderate,0,0,2,ceruloplasmin,COPPER_NO_VALIDATED_RULE
P000644,inflammation_anemia,0.0020474094956139,0,unknown,insufficient_clinical_evidence,0.84,moderate,2,1,1,sTfR,INFLAMMATION_INCOMPLETE_OR_MIXED
P000645,iron_deficiency,0.0001030055570419,0,against,agree_negative,0.9998969944429581,high,0,3,2,Ret_He,IRON_MULTIPLE_AGAINST
P000645,B12_deficiency,0.9991863492350068,1,unknown,insufficient_clinical_evidence,0.84,moderate,0,0,4,homocysteine,B12_TOTAL_NOT_LOW_BUT_NOT_EXCLUSION
P000645,folate_deficiency,0.023669286724347,0,unknown,insufficient_clinical_evidence,0.84,moderate,0,0,1,folate,FOLATE_MISSING
P000645,B6_deficiency,0.0010648255282595,0,unknown,insufficient_clinical_evidence,0.84,moderate,0,0,1,,B6_NO_VALIDATED_RULE
P000645,copper_deficiency,0.0003988252705159,0,unknown,insufficient_clinical_evidence,0.84,moderate,0,0,2,copper|ceruloplasmin,COPPER_NO_VALIDATED_RULE
P000645,inflammation_anemia,7.089216086365146e-05,0,against,agree_negative,0.9999291078391364,high,0,1,0,CRP,INFLAMMATION_NO_ANEMIA
P000646,iron_deficiency,0.9986032778976166,1,supports,agree_positive,0.9986032778976166,high,3,0,2,ferritin|sTfR,IRON_MULTIPLE_SUPPORT
P000646,B12_deficiency,0.0065819958312898,0,unknown,insufficient_clinical_evidence,0.84,moderate,0,0,4,vitamin_B12|active_B12|MMA|homocysteine,B12_NO_TOTAL_B12
P000646,folate_deficiency,0.0027899519642685,0,unknown,insufficient_clinical_evidence,0.84,moderate,0,0,1,folate,FOLATE_MISSING
P000646,B6_deficiency,0.0034521017314211,0,unknown,insufficient_clinical_evidence,0.84,moderate,0,0,1,vitamin_B6,B6_NO_VALIDATED_RULE
P000646,copper_deficiency,3.4784329052310197e-10,0,unknown,insufficient_clinical_evidence,0.84,moderate,0,0,2,copper|ceruloplasmin,COPPER_NO_VALIDATED_RULE
P000646,inflammation_anemia,0.0001354395553723,0,against,agree_negative,0.9998645604446277,high,0,1,0,CRP|ferritin|sTfR,INFLAMMATION_NO_ANEMIA
P000647,iron_deficiency,7.182012240348363e-05,0,against,agree_negative,0.9999281798775965,high,0,4,1,,IRON_MULTIPLE_AGAINST
P000647,B12_deficiency,0.0004020017654608,0,unknown,insufficient_clinical_evidence,0.84,moderate,0,0,4,vitamin_B12|active_B12|MMA|homocysteine,B12_NO_TOTAL_B12
P000647,folate_deficiency,0.0031920394143928,0,unknown,insufficient_clinical_evidence,0.84,moderate,0,0,1,,FOLATE_BORDERLINE
P000647,B6_deficiency,0.0021001122396329,0,unknown,insufficient_clinical_evidence,0.84,moderate,0,0,1,vitamin_B6,B6_NO_VALIDATED_RULE
P000647,copper_deficiency,0.9997865864817316,1,unknown,insufficient_clinical_evidence,0.84,moderate,0,0,2,,COPPER_NO_VALIDATED_RULE
P000647,inflammation_anemia,0.0005114416266386,0,unknown,insufficient_clinical_evidence,0.84,moderate,2,1,1,CRP,INFLAMMATION_INCOMPLETE_OR_MIXED
P000648,iron_deficiency,0.0002397406303579,0,unknown,insufficient_clinical_evidence,0.84,moderate,0,1,4,TSAT|Ret_He,IRON_INSUFFICIENT_OR_MIXED
P000648,B12_deficiency,0.1137097472522426,0,unknown,insufficient_clinical_evidence,0.84,moderate,0,0,4,vitamin_B12|homocysteine,B12_NO_TOTAL_B12
P000648,folate_deficiency,0.5271690302773975,1,unknown,insufficient_clinical_evidence,0.5271690302773975,low,0,0,1,,FOLATE_BORDERLINE
P000648,B6_deficiency,0.0022552301065375,0,unknown,insufficient_clinical_evidence,0.84,moderate,0,0,1,vitamin_B6,B6_NO_VALIDATED_RULE
P000648,copper_deficiency,0.1092472822817226,0,unknown,insufficient_clinical_evidence,0.84,moderate,0,0,2,copper,COPPER_NO_VALIDATED_RULE
P000648,inflammation_anemia,4.245262948438983e-05,0,unknown,insufficient_clinical_evidence,0.84,moderate,1,0,3,CRP|serum_iron|TIBC|TSAT,INFLAMMATION_INCOMPLETE_OR_MIXED
P000649,iron_deficiency,0.1000082694862975,0,unknown,insufficient_clinical_evidence,0.84,moderate,0,0,5,TSAT|Ret_He|sTfR,IRON_INSUFFICIENT_OR_MIXED
P000649,B12_deficiency,0.0184830463926866,0,unknown,insufficient_clinical_evidence,0.84,moderate,0,0,4,vitamin_B12|active_B12|MMA|homocysteine,B12_NO_TOTAL_B12
P000649,folate_deficiency,0.0505057832057046,0,unknown,insufficient_clinical_evidence,0.84,moderate,0,0,1,folate,FOLATE_MISSING
P000649,B6_deficiency,0.0026993276459031,0,unknown,insufficient_clinical_evidence,0.84,moderate,0,0,1,vitamin_B6,B6_NO_VALIDATED_RULE
P000649,copper_deficiency,0.0003707751376263,0,unknown,insufficient_clinical_evidence,0.84,moderate,0,0,2,copper|ceruloplasmin,COPPER_NO_VALIDATED_RULE
P000649,inflammation_anemia,5.6340925806457504e-05,0,against,agree_negative,0.9999436590741936,high,0,1,0,serum_iron|TIBC|TSAT|sTfR,INFLAMMATION_NO_ANEMIA
P000650,iron_deficiency,0.0001587456992196,0,unknown,insufficient_clinical_evidence,0.84,moderate,1,3,1,ferritin|sTfR,IRON_INSUFFICIENT_OR_MIXED
P000650,B12_deficiency,0.9990792229384295,1,supports,agree_positive,0.9990792229384295,high,1,0,3,active_B12,B12_LOW_TOTAL
P000650,folate_deficiency,0.0136277833444637,0,unknown,insufficient_clinical_evidence,0.84,moderate,0,0,1,folate,FOLATE_MISSING
P000650,B6_deficiency,0.0029516970063125,0,unknown,insufficient_clinical_evidence,0.84,moderate,0,0,1,vitamin_B6,B6_NO_VALIDATED_RULE
P000650,copper_deficiency,0.0001168643950972,0,unknown,insufficient_clinical_evidence,0.84,moderate,0,0,2,copper|ceruloplasmin,COPPER_NO_VALIDATED_RULE
P000650,inflammation_anemia,0.0001194674216236,0,against,agree_negative,0.9998805325783764,high,0,1,0,ferritin|sTfR,INFLAMMATION_NO_ANEMIA
P000651,iron_deficiency,0.9999083332414056,1,supports,agree_positive,0.9999083332414056,high,3,1,1,Ret_He|sTfR,IRON_MULTIPLE_SUPPORT
P000651,B12_deficiency,3.82486081140716e-05,0,unknown,insufficient_clinical_evidence,0.84,moderate,0,0,4,MMA|homocysteine,B12_TOTAL_NOT_LOW_BUT_NOT_EXCLUSION
P000651,folate_deficiency,0.0047424138061991,0,unknown,insufficient_clinical_evidence,0.84,moderate,0,0,1,folate,FOLATE_MISSING
P000651,B6_deficiency,0.0017149460472608,0,unknown,insufficient_clinical_evidence,0.84,moderate,0,0,1,vitamin_B6,B6_NO_VALIDATED_RULE
P000651,copper_deficiency,0.0022844097056768,0,unknown,insufficient_clinical_evidence,0.84,moderate,0,0,2,copper|ceruloplasmin,COPPER_NO_VALIDATED_RULE
P000651,inflammation_anemia,0.0002169222656784,0,against,agree_negative,0.9997830777343216,high,0,1,0,CRP|sTfR,INFLAMMATION_NO_ANEMIA
P000652,iron_deficiency,0.0001822726952809,0,against,agree_negative,0.9998177273047191,high,0,2,3,TSAT|sTfR,IRON_MULTIPLE_AGAINST
P000652,B12_deficiency,0.0012669439913091,0,unknown,insufficient_clinical_evidence,0.84,moderate,0,0,4,vitamin_B12|MMA,B12_NO_TOTAL_B12
P000652,folate_deficiency,0.0475375779874361,0,unknown,insufficient_clinical_evidence,0.84,moderate,0,0,1,folate,FOLATE_MISSING
P000652,B6_deficiency,0.004247016135034,0,unknown,insufficient_clinical_evidence,0.84,moderate,0,0,1,vitamin_B6,B6_NO_VALIDATED_RULE
P000652,copper_deficiency,0.9998833760949296,1,unknown,insufficient_clinical_evidence,0.84,moderate,0,0,2,copper,COPPER_NO_VALIDATED_RULE
P000652,inflammation_anemia,0.0042261333724647,0,unknown,insufficient_clinical_evidence,0.84,moderate,1,0,3,CRP|serum_iron|TIBC|TSAT|sTfR,INFLAMMATION_INCOMPLETE_OR_MIXED
P000653,iron_deficiency,0.0001318035094071,0,unknown,insufficient_clinical_evidence,0.84,moderate,0,1,4,TSAT|Ret_He|sTfR,IRON_INSUFFICIENT_OR_MIXED
P000653,B12_deficiency,0.000401597183295,0,unknown,insufficient_clinical_evidence,0.84,moderate,0,0,4,active_B12|MMA|homocysteine,B12_TOTAL_NOT_LOW_BUT_NOT_EXCLUSION
P000653,folate_deficiency,0.0094744508089706,0,unknown,insufficient_clinical_evidence,0.84,moderate,0,0,1,folate,FOLATE_MISSING
P000653,B6_deficiency,0.8597767739067009,1,unknown,insufficient_clinical_evidence,0.84,moderate,0,0,1,,B6_NO_VALIDATED_RULE
P000653,copper_deficiency,0.0014435231788972,0,unknown,insufficient_clinical_evidence,0.84,moderate,0,0,2,copper|ceruloplasmin,COPPER_NO_VALIDATED_RULE
P000653,inflammation_anemia,0.1005485709847746,0,unknown,insufficient_clinical_evidence,0.84,moderate,1,0,3,serum_iron|TIBC|TSAT|sTfR,INFLAMMATION_INCOMPLETE_OR_MIXED
P000654,iron_deficiency,0.0001776248095853,0,against,agree_negative,0.9998223751904147,high,0,3,2,Ret_He,IRON_MULTIPLE_AGAINST
P000654,B12_deficiency,0.0065759314362618,0,unknown,insufficient_clinical_evidence,0.84,moderate,0,0,4,vitamin_B12|active_B12|MMA|homocysteine,B12_NO_TOTAL_B12
P000654,folate_deficiency,0.1590782004565943,0,unknown,insufficient_clinical_evidence,0.84,moderate,0,0,1,,FOLATE_BORDERLINE
P000654,B6_deficiency,0.0006206544061502,0,unknown,insufficient_clinical_evidence,0.84,moderate,0,0,1,vitamin_B6,B6_NO_VALIDATED_RULE
P000654,copper_deficiency,0.0007751559515521,0,unknown,insufficient_clinical_evidence,0.84,moderate,0,0,2,copper|ceruloplasmin,COPPER_NO_VALIDATED_RULE
P000654,inflammation_anemia,0.029880090752063,0,unknown,insufficient_clinical_evidence,0.84,moderate,2,1,1,,INFLAMMATION_INCOMPLETE_OR_MIXED
P000655,iron_deficiency,0.0067595535544913,0,unknown,insufficient_clinical_evidence,0.84,moderate,1,3,1,Ret_He|sTfR,IRON_INSUFFICIENT_OR_MIXED
P000655,B12_deficiency,0.9997852614265664,1,supports,agree_positive,0.9997852614265664,high,1,0,3,active_B12|homocysteine,B12_LOW_TOTAL
P000655,folate_deficiency,0.0940328302155727,0,unknown,insufficient_clinical_evidence,0.84,moderate,0,0,1,folate,FOLATE_MISSING
P000655,B6_deficiency,0.0022348193026241,0,unknown,insufficient_clinical_evidence,0.84,moderate,0,0,1,vitamin_B6,B6_NO_VALIDATED_RULE
P000655,copper_deficiency,0.0001716439619534,0,unknown,insufficient_clinical_evidence,0.84,moderate,0,0,2,copper|ceruloplasmin,COPPER_NO_VALIDATED_RULE
P000655,inflammation_anemia,0.0001952097074334,0,unknown,insufficient_clinical_evidence,0.84,moderate,1,2,1,CRP|sTfR,INFLAMMATION_INCOMPLETE_OR_MIXED
P000656,iron_deficiency,0.9999787945235284,1,supports,agree_positive,0.9999787945235284,high,2,0,3,Ret_He|sTfR,IRON_MULTIPLE_SUPPORT
P000656,B12_deficiency,0.9973105460992342,1,supports,agree_positive,0.9973105460992342,high,1,0,3,active_B12|homocysteine,B12_LOW_TOTAL
P000656,folate_deficiency,0.0015706497377363,0,unknown,insufficient_clinical_evidence,0.84,moderate,0,0,1,folate,FOLATE_MISSING
P000656,B6_deficiency,0.001617333128176,0,unknown,insufficient_clinical_evidence,0.84,moderate,0,0,1,,B6_NO_VALIDATED_RULE
P000656,copper_deficiency,0.0042281454276824,0,unknown,insufficient_clinical_evidence,0.84,moderate,0,0,2,copper|ceruloplasmin,COPPER_NO_VALIDATED_RULE
P000656,inflammation_anemia,9.081574546892071e-05,0,supports,conflict_ml_negative_rule_supports,0.64,low,3,0,1,sTfR,INFLAMMATION_PATTERN_SUPPORT
P000657,iron_deficiency,0.9999752588826208,1,unknown,insufficient_clinical_evidence,0.84,moderate,1,1,3,Ret_He,IRON_INSUFFICIENT_OR_MIXED
P000657,B12_deficiency,2.3175489543686388e-05,0,unknown,insufficient_clinical_evidence,0.84,moderate,0,0,4,MMA|homocysteine,B12_TOTAL_NOT_LOW_BUT_NOT_EXCLUSION
P000657,folate_deficiency,0.0014910742948457,0,against,agree_negative,0.9985089257051543,high,0,1,0,,FOLATE_NOT_LOW
P000657,B6_deficiency,0.0034072320819291,0,unknown,insufficient_clinical_evidence,0.84,moderate,0,0,1,vitamin_B6,B6_NO_VALIDATED_RULE
P000657,copper_deficiency,0.0009098787448847,0,unknown,insufficient_clinical_evidence,0.84,moderate,0,0,2,ceruloplasmin,COPPER_NO_VALIDATED_RULE
P000657,inflammation_anemia,0.0001441003710158,0,unknown,insufficient_clinical_evidence,0.84,moderate,2,1,1,CRP,INFLAMMATION_INCOMPLETE_OR_MIXED
P000658,iron_deficiency,0.999941275753194,1,supports,agree_positive,0.999941275753194,high,3,0,2,Ret_He,IRON_MULTIPLE_SUPPORT
P000658,B12_deficiency,0.9990514873553789,1,supports,agree_positive,0.9990514873553789,high,1,0,3,active_B12|homocysteine,B12_LOW_TOTAL
P000658,folate_deficiency,0.001747099385097,0,against,agree_negative,0.998252900614903,high,0,1,0,,FOLATE_NOT_LOW
P000658,B6_deficiency,0.0004355413307791,0,unknown,insufficient_clinical_evidence,0.84,moderate,0,0,1,vitamin_B6,B6_NO_VALIDATED_RULE
P000658,copper_deficiency,7.470081368052748e-11,0,unknown,insufficient_clinical_evidence,0.84,moderate,0,0,2,copper|ceruloplasmin,COPPER_NO_VALIDATED_RULE
P000658,inflammation_anemia,0.0001816933339761,0,unknown,insufficient_clinical_evidence,0.84,moderate,2,1,1,,INFLAMMATION_INCOMPLETE_OR_MIXED
P000659,iron_deficiency,0.0094494880870047,0,unknown,insufficient_clinical_evidence,0.84,moderate,0,1,4,TSAT|Ret_He|sTfR,IRON_INSUFFICIENT_OR_MIXED
P000659,B12_deficiency,0.0005875288572727,0,unknown,insufficient_clinical_evidence,0.84,moderate,0,0,4,vitamin_B12|active_B12|MMA|homocysteine,B12_NO_TOTAL_B12
P000659,folate_deficiency,0.0055032213134924,0,unknown,insufficient_clinical_evidence,0.84,moderate,0,0,1,folate,FOLATE_MISSING
P000659,B6_deficiency,0.0063354600731946,0,unknown,insufficient_clinical_evidence,0.84,moderate,0,0,1,vitamin_B6,B6_NO_VALIDATED_RULE
P000659,copper_deficiency,6.491109031230767e-05,0,unknown,insufficient_clinical_evidence,0.84,moderate,0,0,2,copper|ceruloplasmin,COPPER_NO_VALIDATED_RULE
P000659,inflammation_anemia,5.380953195807833e-05,0,against,agree_negative,0.9999461904680419,high,0,1,0,CRP|serum_iron|TIBC|TSAT|sTfR,INFLAMMATION_NO_ANEMIA
P000660,iron_deficiency,0.0007282184512212,0,supports,conflict_ml_negative_rule_supports,0.64,low,2,2,1,Ret_He,IRON_MULTIPLE_SUPPORT
P000660,B12_deficiency,0.0003315426460419,0,unknown,insufficient_clinical_evidence,0.84,moderate,0,0,4,active_B12|MMA|homocysteine,B12_TOTAL_NOT_LOW_BUT_NOT_EXCLUSION
P000660,folate_deficiency,0.021740729824466,0,unknown,insufficient_clinical_evidence,0.84,moderate,0,0,1,folate,FOLATE_MISSING
P000660,B6_deficiency,0.0047691865692077,0,unknown,insufficient_clinical_evidence,0.84,moderate,0,0,1,,B6_NO_VALIDATED_RULE
P000660,copper_deficiency,0.0045084708166656,0,unknown,insufficient_clinical_evidence,0.84,moderate,0,0,2,copper|ceruloplasmin,COPPER_NO_VALIDATED_RULE
P000660,inflammation_anemia,0.9999350701447164,1,supports,agree_positive,0.9999350701447164,high,3,0,1,,INFLAMMATION_PATTERN_SUPPORT
P000661,iron_deficiency,0.9999919263925288,1,supports,agree_positive,0.9999919263925288,high,5,0,0,sTfR,IRON_MULTIPLE_SUPPORT
P000661,B12_deficiency,0.001572057944267,0,unknown,insufficient_clinical_evidence,0.84,moderate,0,0,4,vitamin_B12|active_B12|MMA|homocysteine,B12_NO_TOTAL_B12
P000661,folate_deficiency,0.0001868597385067,0,against,agree_negative,0.9998131402614933,high,0,1,0,,FOLATE_NOT_LOW
P000661,B6_deficiency,0.0022551193545311,0,unknown,insufficient_clinical_evidence,0.84,moderate,0,0,1,vitamin_B6,B6_NO_VALIDATED_RULE
P000661,copper_deficiency,0.0017321437556285,0,unknown,insufficient_clinical_evidence,0.84,moderate,0,0,2,copper,COPPER_NO_VALIDATED_RULE
P000661,inflammation_anemia,9.74150667575696e-05,0,unknown,insufficient_clinical_evidence,0.84,moderate,1,2,1,sTfR,INFLAMMATION_INCOMPLETE_OR_MIXED
P000662,iron_deficiency,0.000151608646068,0,against,agree_negative,0.999848391353932,high,0,3,2,ferritin|sTfR,IRON_MULTIPLE_AGAINST
P000662,B12_deficiency,0.0020649897273421,0,unknown,insufficient_clinical_evidence,0.84,moderate,0,0,4,vitamin_B12|active_B12|MMA,B12_NO_TOTAL_B12
P000662,folate_deficiency,0.006087605656232,0,unknown,insufficient_clinical_evidence,0.84,moderate,0,0,1,folate,FOLATE_MISSING
P000662,B6_deficiency,0.7800943361214748,1,unknown,insufficient_clinical_evidence,0.7800943361214748,moderate,0,0,1,,B6_NO_VALIDATED_RULE
P000662,copper_deficiency,0.0001856658398622,0,unknown,insufficient_clinical_evidence,0.84,moderate,0,0,2,copper|ceruloplasmin,COPPER_NO_VALIDATED_RULE
P000662,inflammation_anemia,0.0045186154018216,0,unknown,insufficient_clinical_evidence,0.84,moderate,1,1,2,ferritin|sTfR,INFLAMMATION_INCOMPLETE_OR_MIXED
P000663,iron_deficiency,0.939030602360047,1,supports,agree_positive,0.939030602360047,high,2,2,1,sTfR,IRON_MULTIPLE_SUPPORT
P000663,B12_deficiency,0.0003189339299703,0,unknown,insufficient_clinical_evidence,0.84,moderate,0,0,4,active_B12|MMA|homocysteine,B12_TOTAL_NOT_LOW_BUT_NOT_EXCLUSION
P000663,folate_deficiency,0.0030760622745921,0,against,agree_negative,0.9969239377254079,high,0,1,0,,FOLATE_NOT_LOW
P000663,B6_deficiency,0.0090171797744165,0,unknown,insufficient_clinical_evidence,0.84,moderate,0,0,1,vitamin_B6,B6_NO_VALIDATED_RULE
P000663,copper_deficiency,4.250110381563987e-07,0,unknown,insufficient_clinical_evidence,0.84,moderate,0,0,2,ceruloplasmin,COPPER_NO_VALIDATED_RULE
P000663,inflammation_anemia,7.591163343360158e-05,0,unknown,insufficient_clinical_evidence,0.84,moderate,2,1,1,sTfR,INFLAMMATION_INCOMPLETE_OR_MIXED
P000664,iron_deficiency,0.0002503397349391,0,unknown,insufficient_clinical_evidence,0.84,moderate,0,1,4,ferritin|TSAT|sTfR,IRON_INSUFFICIENT_OR_MIXED
P000664,B12_deficiency,0.0293797489965031,0,unknown,insufficient_clinical_evidence,0.84,moderate,0,0,4,active_B12|MMA|homocysteine,B12_TOTAL_NOT_LOW_BUT_NOT_EXCLUSION
P000664,folate_deficiency,0.0100429762145064,0,unknown,insufficient_clinical_evidence,0.84,moderate,0,0,1,folate,FOLATE_MISSING
P000664,B6_deficiency,0.0023031676862147,0,unknown,insufficient_clinical_evidence,0.84,moderate,0,0,1,vitamin_B6,B6_NO_VALIDATED_RULE
P000664,copper_deficiency,0.005897170136936,0,unknown,insufficient_clinical_evidence,0.84,moderate,0,0,2,copper|ceruloplasmin,COPPER_NO_VALIDATED_RULE
P000664,inflammation_anemia,0.0001192260299521,0,against,agree_negative,0.9998807739700479,high,0,1,0,ferritin|serum_iron|TIBC|TSAT|sTfR,INFLAMMATION_NO_ANEMIA
P000665,iron_deficiency,0.0086625353483415,0,unknown,insufficient_clinical_evidence,0.84,moderate,0,0,5,ferritin|TSAT|Ret_He|sTfR,IRON_INSUFFICIENT_OR_MIXED
P000665,B12_deficiency,0.999913652326756,1,unknown,insufficient_clinical_evidence,0.84,moderate,0,0,4,active_B12,B12_TOTAL_NOT_LOW_BUT_NOT_EXCLUSION
P000665,folate_deficiency,0.0014089946548434,0,against,agree_negative,0.9985910053451565,high,0,1,0,,FOLATE_NOT_LOW
P000665,B6_deficiency,0.0002495524053773,0,unknown,insufficient_clinical_evidence,0.84,moderate,0,0,1,vitamin_B6,B6_NO_VALIDATED_RULE
P000665,copper_deficiency,6.092963072176393e-14,0,unknown,insufficient_clinical_evidence,0.84,moderate,0,0,2,copper|ceruloplasmin,COPPER_NO_VALIDATED_RULE
P000665,inflammation_anemia,3.26127244806212e-05,0,unknown,insufficient_clinical_evidence,0.84,moderate,0,0,4,ferritin|serum_iron|TIBC|TSAT|sTfR,INFLAMMATION_INCOMPLETE_OR_MIXED
P000666,iron_deficiency,1.923399584242317e-05,0,against,agree_negative,0.9999807660041575,high,0,4,1,sTfR,IRON_MULTIPLE_AGAINST
P000666,B12_deficiency,0.0075154414616635,0,unknown,insufficient_clinical_evidence,0.84,moderate,0,0,4,vitamin_B12|active_B12|MMA|homocysteine,B12_NO_TOTAL_B12
P000666,folate_deficiency,0.0332955166561707,0,unknown,insufficient_clinical_evidence,0.84,moderate,0,0,1,folate,FOLATE_MISSING
P000666,B6_deficiency,0.0004190990054723,0,unknown,insufficient_clinical_evidence,0.84,moderate,0,0,1,vitamin_B6,B6_NO_VALIDATED_RULE
P000666,copper_deficiency,0.0073913710070863,0,unknown,insufficient_clinical_evidence,0.84,moderate,0,0,2,copper|ceruloplasmin,COPPER_NO_VALIDATED_RULE
P000666,inflammation_anemia,2.9614845886908985e-05,0,unknown,insufficient_clinical_evidence,0.84,moderate,2,1,1,sTfR,INFLAMMATION_INCOMPLETE_OR_MIXED
P000667,iron_deficiency,0.9634835806034956,1,unknown,insufficient_clinical_evidence,0.84,moderate,1,0,4,TSAT|Ret_He|sTfR,IRON_INSUFFICIENT_OR_MIXED
P000667,B12_deficiency,0.000582805410011,0,unknown,insufficient_clinical_evidence,0.84,moderate,0,0,4,active_B12|MMA,B12_TOTAL_NOT_LOW_BUT_NOT_EXCLUSION
P000667,folate_deficiency,0.0185513958522539,0,unknown,insufficient_clinical_evidence,0.84,moderate,0,0,1,folate,FOLATE_MISSING
P000667,B6_deficiency,0.0235561330615555,0,unknown,insufficient_clinical_evidence,0.84,moderate,0,0,1,vitamin_B6,B6_NO_VALIDATED_RULE
P000667,copper_deficiency,0.0019682628403787,0,unknown,insufficient_clinical_evidence,0.84,moderate,0,0,2,copper|ceruloplasmin,COPPER_NO_VALIDATED_RULE
P000667,inflammation_anemia,9.51828796319859e-05,0,against,agree_negative,0.999904817120368,high,0,1,0,CRP|serum_iron|TIBC|TSAT|sTfR,INFLAMMATION_NO_ANEMIA
P000668,iron_deficiency,5.36223964168761e-05,0,against,agree_negative,0.9999463776035831,high,0,4,1,sTfR,IRON_MULTIPLE_AGAINST
P000668,B12_deficiency,0.0001728057351716,0,unknown,insufficient_clinical_evidence,0.84,moderate,0,0,4,active_B12|MMA|homocysteine,B12_TOTAL_NOT_LOW_BUT_NOT_EXCLUSION
P000668,folate_deficiency,0.0035569112157404,0,against,agree_negative,0.9964430887842596,high,0,1,0,,FOLATE_NOT_LOW
P000668,B6_deficiency,0.0043835965140193,0,unknown,insufficient_clinical_evidence,0.84,moderate,0,0,1,vitamin_B6,B6_NO_VALIDATED_RULE
P000668,copper_deficiency,0.0001906683455638,0,unknown,insufficient_clinical_evidence,0.84,moderate,0,0,2,copper|ceruloplasmin,COPPER_NO_VALIDATED_RULE
P000668,inflammation_anemia,0.0003508014075317,0,unknown,insufficient_clinical_evidence,0.84,moderate,2,1,1,CRP|sTfR,INFLAMMATION_INCOMPLETE_OR_MIXED
P000669,iron_deficiency,0.9943707826304446,1,unknown,insufficient_clinical_evidence,0.84,moderate,1,2,2,Ret_He,IRON_INSUFFICIENT_OR_MIXED
P000669,B12_deficiency,0.0003705298447736,0,unknown,insufficient_clinical_evidence,0.84,moderate,0,0,4,vitamin_B12|active_B12|homocysteine,B12_NO_TOTAL_B12
P000669,folate_deficiency,0.6875167283240551,1,supports,agree_positive,0.6875167283240551,moderate,1,0,0,,FOLATE_LOW
P000669,B6_deficiency,0.0042860306312697,0,unknown,insufficient_clinical_evidence,0.84,moderate,0,0,1,vitamin_B6,B6_NO_VALIDATED_RULE
P000669,copper_deficiency,0.0005710212113541,0,unknown,insufficient_clinical_evidence,0.84,moderate,0,0,2,copper|ceruloplasmin,COPPER_NO_VALIDATED_RULE
P000669,inflammation_anemia,0.0633634162383309,0,unknown,insufficient_clinical_evidence,0.84,moderate,2,1,1,,INFLAMMATION_INCOMPLETE_OR_MIXED
P000670,iron_deficiency,0.9996453833685068,1,supports,agree_positive,0.9996453833685068,high,3,1,1,Ret_He|sTfR,IRON_MULTIPLE_SUPPORT
P000670,B12_deficiency,0.0005932656908952,0,unknown,insufficient_clinical_evidence,0.84,moderate,0,0,4,vitamin_B12|active_B12|homocysteine,B12_NO_TOTAL_B12
P000670,folate_deficiency,0.0109519269532081,0,unknown,insufficient_clinical_evidence,0.84,moderate,0,0,1,folate,FOLATE_MISSING
P000670,B6_deficiency,0.0006591095982495,0,unknown,insufficient_clinical_evidence,0.84,moderate,0,0,1,vitamin_B6,B6_NO_VALIDATED_RULE
P000670,copper_deficiency,0.0001730114933457,0,unknown,insufficient_clinical_evidence,0.84,moderate,0,0,2,copper|ceruloplasmin,COPPER_NO_VALIDATED_RULE
P000670,inflammation_anemia,5.088985848008293e-05,0,against,agree_negative,0.9999491101415199,high,0,1,0,CRP|sTfR,INFLAMMATION_NO_ANEMIA
P000671,iron_deficiency,0.9976732953722038,1,supports,agree_positive,0.9976732953722038,high,2,1,2,ferritin|Ret_He,IRON_MULTIPLE_SUPPORT
P000671,B12_deficiency,0.0002050173665073,0,unknown,insufficient_clinical_evidence,0.84,moderate,0,0,4,active_B12|MMA|homocysteine,B12_TOTAL_NOT_LOW_BUT_NOT_EXCLUSION
P000671,folate_deficiency,0.0020555794075712,0,against,agree_negative,0.9979444205924288,high,0,1,0,,FOLATE_NOT_LOW
P000671,B6_deficiency,0.0011487686636304,0,unknown,insufficient_clinical_evidence,0.84,moderate,0,0,1,vitamin_B6,B6_NO_VALIDATED_RULE
P000671,copper_deficiency,0.0009753235471716,0,unknown,insufficient_clinical_evidence,0.84,moderate,0,0,2,copper|ceruloplasmin,COPPER_NO_VALIDATED_RULE
P000671,inflammation_anemia,0.000420702695045,0,against,agree_negative,0.999579297304955,high,0,1,0,ferritin,INFLAMMATION_NO_ANEMIA
P000672,iron_deficiency,0.0001762096707179,0,unknown,insufficient_clinical_evidence,0.84,moderate,0,1,4,ferritin|TSAT|sTfR,IRON_INSUFFICIENT_OR_MIXED
P000672,B12_deficiency,0.0001423524525877,0,unknown,insufficient_clinical_evidence,0.84,moderate,0,0,4,active_B12|MMA|homocysteine,B12_TOTAL_NOT_LOW_BUT_NOT_EXCLUSION
P000672,folate_deficiency,0.084937436511857,0,unknown,insufficient_clinical_evidence,0.84,moderate,0,0,1,,FOLATE_BORDERLINE
P000672,B6_deficiency,0.0005059443014446,0,unknown,insufficient_clinical_evidence,0.84,moderate,0,0,1,vitamin_B6,B6_NO_VALIDATED_RULE
P000672,copper_deficiency,0.0042009061590845,0,unknown,insufficient_clinical_evidence,0.84,moderate,0,0,2,copper|ceruloplasmin,COPPER_NO_VALIDATED_RULE
P000672,inflammation_anemia,0.0001421535585501,0,unknown,insufficient_clinical_evidence,0.84,moderate,0,0,4,ferritin|serum_iron|TIBC|TSAT|sTfR,INFLAMMATION_INCOMPLETE_OR_MIXED
P000673,iron_deficiency,0.0973915607896465,0,unknown,insufficient_clinical_evidence,0.84,moderate,0,1,4,TSAT|Ret_He,IRON_INSUFFICIENT_OR_MIXED
P000673,B12_deficiency,0.0042520674247168,0,unknown,insufficient_clinical_evidence,0.84,moderate,0,0,4,vitamin_B12|MMA|homocysteine,B12_NO_TOTAL_B12
P000673,folate_deficiency,0.0219215147069302,0,unknown,insufficient_clinical_evidence,0.84,moderate,0,0,1,folate,FOLATE_MISSING
P000673,B6_deficiency,0.977965921933017,1,unknown,insufficient_clinical_evidence,0.84,moderate,0,0,1,,B6_NO_VALIDATED_RULE
P000673,copper_deficiency,0.0074625310860626,0,unknown,insufficient_clinical_evidence,0.84,moderate,0,0,2,copper|ceruloplasmin,COPPER_NO_VALIDATED_RULE
P000673,inflammation_anemia,0.0008101122999448,0,unknown,insufficient_clinical_evidence,0.84,moderate,1,0,3,serum_iron|TIBC|TSAT,INFLAMMATION_INCOMPLETE_OR_MIXED
P000674,iron_deficiency,0.0039700164327961,0,unknown,insufficient_clinical_evidence,0.84,moderate,1,0,4,ferritin|TSAT,IRON_INSUFFICIENT_OR_MIXED
P000674,B12_deficiency,0.9675723579901804,1,unknown,insufficient_clinical_evidence,0.84,moderate,0,0,4,active_B12|MMA,B12_TOTAL_NOT_LOW_BUT_NOT_EXCLUSION
P000674,folate_deficiency,0.0747050514684423,0,unknown,insufficient_clinical_evidence,0.84,moderate,0,0,1,folate,FOLATE_MISSING
P000674,B6_deficiency,0.0030770543905135,0,unknown,insufficient_clinical_evidence,0.84,moderate,0,0,1,vitamin_B6,B6_NO_VALIDATED_RULE
P000674,copper_deficiency,0.002018889865525,0,unknown,insufficient_clinical_evidence,0.84,moderate,0,0,2,copper|ceruloplasmin,COPPER_NO_VALIDATED_RULE
P000674,inflammation_anemia,5.386187896804756e-05,0,against,agree_negative,0.999946138121032,high,0,1,0,ferritin|serum_iron|TIBC|TSAT,INFLAMMATION_NO_ANEMIA
P000675,iron_deficiency,8.091504461493685e-05,0,against,agree_negative,0.9999190849553851,high,0,3,2,Ret_He|sTfR,IRON_MULTIPLE_AGAINST
P000675,B12_deficiency,0.9947645896212234,1,unknown,insufficient_clinical_evidence,0.84,moderate,0,0,4,active_B12,B12_TOTAL_NOT_LOW_BUT_NOT_EXCLUSION
P000675,folate_deficiency,0.3276603625180115,0,unknown,insufficient_clinical_evidence,0.6723396374819886,moderate,0,0,1,folate,FOLATE_MISSING
P000675,B6_deficiency,0.0033805638902209,0,unknown,insufficient_clinical_evidence,0.84,moderate,0,0,1,vitamin_B6,B6_NO_VALIDATED_RULE
P000675,copper_deficiency,0.0001247476371093,0,unknown,insufficient_clinical_evidence,0.84,moderate,0,0,2,copper|ceruloplasmin,COPPER_NO_VALIDATED_RULE
P000675,inflammation_anemia,0.0001659927126871,0,unknown,insufficient_clinical_evidence,0.84,moderate,2,1,1,sTfR,INFLAMMATION_INCOMPLETE_OR_MIXED
P000676,iron_deficiency,0.9904607143042268,1,unknown,insufficient_clinical_evidence,0.84,moderate,0,0,5,TSAT|Ret_He|sTfR,IRON_INSUFFICIENT_OR_MIXED
P000676,B12_deficiency,0.8074029570939332,1,unknown,insufficient_clinical_evidence,0.8074029570939332,moderate,0,0,4,active_B12|MMA|homocysteine,B12_TOTAL_NOT_LOW_BUT_NOT_EXCLUSION
P000676,folate_deficiency,0.0013994825701667,0,unknown,insufficient_clinical_evidence,0.84,moderate,0,0,1,,FOLATE_BORDERLINE
P000676,B6_deficiency,0.0106159090138995,0,unknown,insufficient_clinical_evidence,0.84,moderate,0,0,1,vitamin_B6,B6_NO_VALIDATED_RULE
P000676,copper_deficiency,0.0039387929941124,0,unknown,insufficient_clinical_evidence,0.84,moderate,0,0,2,copper|ceruloplasmin,COPPER_NO_VALIDATED_RULE
P000676,inflammation_anemia,0.0145445308119681,0,unknown,insufficient_clinical_evidence,0.84,moderate,1,0,3,serum_iron|TIBC|TSAT|sTfR,INFLAMMATION_INCOMPLETE_OR_MIXED
P000677,iron_deficiency,0.0027397658851085,0,against,agree_negative,0.9972602341148915,high,0,2,3,Ret_He|sTfR,IRON_MULTIPLE_AGAINST
P000677,B12_deficiency,0.8299968208943824,1,unknown,insufficient_clinical_evidence,0.8299968208943824,moderate,0,0,4,active_B12|MMA|homocysteine,B12_TOTAL_NOT_LOW_BUT_NOT_EXCLUSION
P000677,folate_deficiency,0.0211254205686312,0,unknown,insufficient_clinical_evidence,0.84,moderate,0,0,1,folate,FOLATE_MISSING
P000677,B6_deficiency,0.0019670300467135,0,unknown,insufficient_clinical_evidence,0.84,moderate,0,0,1,vitamin_B6,B6_NO_VALIDATED_RULE
P000677,copper_deficiency,2.8745461444671272e-05,0,unknown,insufficient_clinical_evidence,0.84,moderate,0,0,2,copper,COPPER_NO_VALIDATED_RULE
P000677,inflammation_anemia,0.0001940036864041,0,against,agree_negative,0.9998059963135959,high,0,1,0,CRP|sTfR,INFLAMMATION_NO_ANEMIA
P000678,iron_deficiency,3.622342211142249e-05,0,supports,conflict_ml_negative_rule_supports,0.64,low,3,2,0,sTfR,IRON_MULTIPLE_SUPPORT
P000678,B12_deficiency,0.0021030186394529,0,unknown,insufficient_clinical_evidence,0.84,moderate,0,0,4,vitamin_B12|MMA|homocysteine,B12_NO_TOTAL_B12
P000678,folate_deficiency,0.0361155524624289,0,unknown,insufficient_clinical_evidence,0.84,moderate,0,0,1,folate,FOLATE_MISSING
P000678,B6_deficiency,0.0011303516533897,0,unknown,insufficient_clinical_evidence,0.84,moderate,0,0,1,vitamin_B6,B6_NO_VALIDATED_RULE
P000678,copper_deficiency,0.0003011877350918,0,unknown,insufficient_clinical_evidence,0.84,moderate,0,0,2,copper|ceruloplasmin,COPPER_NO_VALIDATED_RULE
P000678,inflammation_anemia,0.9999956356449038,1,supports,agree_positive,0.9999956356449038,high,3,0,1,sTfR,INFLAMMATION_PATTERN_SUPPORT
P000679,iron_deficiency,0.0001070650895407,0,against,agree_negative,0.9998929349104593,high,0,2,3,TSAT|sTfR,IRON_MULTIPLE_AGAINST
P000679,B12_deficiency,0.9983772587805638,1,supports,agree_positive,0.9983772587805638,high,1,0,3,MMA,B12_LOW_TOTAL
P000679,folate_deficiency,0.0137880527032037,0,against,agree_negative,0.9862119472967963,high,0,1,0,,FOLATE_NOT_LOW
P000679,B6_deficiency,0.0027604147923584,0,unknown,insufficient_clinical_evidence,0.84,moderate,0,0,1,vitamin_B6,B6_NO_VALIDATED_RULE
P000679,copper_deficiency,0.0037887785244445,0,unknown,insufficient_clinical_evidence,0.84,moderate,0,0,2,ceruloplasmin,COPPER_NO_VALIDATED_RULE
P000679,inflammation_anemia,0.0004432547900597,0,against,agree_negative,0.9995567452099403,high,0,1,0,CRP|serum_iron|TIBC|TSAT|sTfR,INFLAMMATION_NO_ANEMIA
P000680,iron_deficiency,0.9992097062140262,1,supports,agree_positive,0.9992097062140262,high,3,0,2,Ret_He|sTfR,IRON_MULTIPLE_SUPPORT
P000680,B12_deficiency,0.0006616100156529,0,unknown,insufficient_clinical_evidence,0.84,moderate,0,0,4,vitamin_B12|active_B12|MMA|homocysteine,B12_NO_TOTAL_B12
P000680,folate_deficiency,0.0042306075595118,0,unknown,insufficient_clinical_evidence,0.84,moderate,0,0,1,folate,FOLATE_MISSING
P000680,B6_deficiency,0.0027098061849746,0,unknown,insufficient_clinical_evidence,0.84,moderate,0,0,1,,B6_NO_VALIDATED_RULE
P000680,copper_deficiency,0.000159642508053,0,unknown,insufficient_clinical_evidence,0.84,moderate,0,0,2,copper|ceruloplasmin,COPPER_NO_VALIDATED_RULE
P000680,inflammation_anemia,7.978039547924551e-05,0,against,agree_negative,0.9999202196045207,high,0,1,0,CRP|sTfR,INFLAMMATION_NO_ANEMIA
P000681,iron_deficiency,6.938997320354916e-05,0,unknown,insufficient_clinical_evidence,0.84,moderate,0,1,4,TSAT|Ret_He|sTfR,IRON_INSUFFICIENT_OR_MIXED
P000681,B12_deficiency,0.1364119814311088,0,unknown,insufficient_clinical_evidence,0.84,moderate,0,0,4,active_B12|MMA,B12_TOTAL_NOT_LOW_BUT_NOT_EXCLUSION
P000681,folate_deficiency,0.9678237618856892,1,supports,agree_positive,0.9678237618856892,high,1,0,0,,FOLATE_LOW
P000681,B6_deficiency,0.0002878006142392,0,unknown,insufficient_clinical_evidence,0.84,moderate,0,0,1,vitamin_B6,B6_NO_VALIDATED_RULE
P000681,copper_deficiency,0.0031803868028186,0,unknown,insufficient_clinical_evidence,0.84,moderate,0,0,2,copper|ceruloplasmin,COPPER_NO_VALIDATED_RULE
P000681,inflammation_anemia,6.938759041750419e-05,0,unknown,insufficient_clinical_evidence,0.84,moderate,1,0,3,serum_iron|TIBC|TSAT|sTfR,INFLAMMATION_INCOMPLETE_OR_MIXED
P000682,iron_deficiency,0.9971392835857762,1,supports,agree_positive,0.9971392835857762,high,2,0,3,ferritin|Ret_He|sTfR,IRON_MULTIPLE_SUPPORT
P000682,B12_deficiency,0.0002505440176336,0,unknown,insufficient_clinical_evidence,0.84,moderate,0,0,4,vitamin_B12|homocysteine,B12_NO_TOTAL_B12
P000682,folate_deficiency,0.0064712541605054,0,unknown,insufficient_clinical_evidence,0.84,moderate,0,0,1,folate,FOLATE_MISSING
P000682,B6_deficiency,0.0161079073596151,0,unknown,insufficient_clinical_evidence,0.84,moderate,0,0,1,vitamin_B6,B6_NO_VALIDATED_RULE
P000682,copper_deficiency,0.0005167283455949,0,unknown,insufficient_clinical_evidence,0.84,moderate,0,0,2,copper|ceruloplasmin,COPPER_NO_VALIDATED_RULE
P000682,inflammation_anemia,0.0037630763891904,0,against,agree_negative,0.9962369236108096,high,0,1,0,ferritin|sTfR,INFLAMMATION_NO_ANEMIA
P000683,iron_deficiency,1.614499608682742e-05,0,against,agree_negative,0.9999838550039132,high,0,2,3,ferritin|Ret_He|sTfR,IRON_MULTIPLE_AGAINST
P000683,B12_deficiency,0.1108218306350371,0,unknown,insufficient_clinical_evidence,0.84,moderate,0,0,4,vitamin_B12|active_B12|MMA,B12_NO_TOTAL_B12
P000683,folate_deficiency,0.9857522123797384,1,supports,agree_positive,0.9857522123797384,high,1,0,0,,FOLATE_LOW
P000683,B6_deficiency,0.0033102652879215,0,unknown,insufficient_clinical_evidence,0.84,moderate,0,0,1,vitamin_B6,B6_NO_VALIDATED_RULE
P000683,copper_deficiency,0.000547407121309,0,unknown,insufficient_clinical_evidence,0.84,moderate,0,0,2,copper|ceruloplasmin,COPPER_NO_VALIDATED_RULE
P000683,inflammation_anemia,1.4757443624851665e-05,0,unknown,insufficient_clinical_evidence,0.84,moderate,1,1,2,ferritin|sTfR,INFLAMMATION_INCOMPLETE_OR_MIXED
P000684,iron_deficiency,0.0168858620644151,0,against,agree_negative,0.9831141379355849,high,0,2,3,ferritin|Ret_He|sTfR,IRON_MULTIPLE_AGAINST
P000684,B12_deficiency,0.9982269166910992,1,unknown,insufficient_clinical_evidence,0.84,moderate,0,0,4,MMA,B12_TOTAL_NOT_LOW_BUT_NOT_EXCLUSION
P000684,folate_deficiency,0.0728045497956751,0,unknown,insufficient_clinical_evidence,0.84,moderate,0,0,1,folate,FOLATE_MISSING
P000684,B6_deficiency,0.0097174120382534,0,unknown,insufficient_clinical_evidence,0.84,moderate,0,0,1,vitamin_B6,B6_NO_VALIDATED_RULE
P000684,copper_deficiency,0.0017259821662286,0,unknown,insufficient_clinical_evidence,0.84,moderate,0,0,2,copper,COPPER_NO_VALIDATED_RULE
P000684,inflammation_anemia,0.0001334804590384,0,unknown,insufficient_clinical_evidence,0.84,moderate,1,1,2,ferritin|sTfR,INFLAMMATION_INCOMPLETE_OR_MIXED
P000685,iron_deficiency,0.0001299180998044,0,against,agree_negative,0.9998700819001956,high,0,2,3,ferritin|Ret_He|sTfR,IRON_MULTIPLE_AGAINST
P000685,B12_deficiency,6.359572182215792e-05,0,unknown,insufficient_clinical_evidence,0.84,moderate,0,0,4,MMA|homocysteine,B12_TOTAL_NOT_LOW_BUT_NOT_EXCLUSION
P000685,folate_deficiency,0.0288309823243589,0,unknown,insufficient_clinical_evidence,0.84,moderate,0,0,1,folate,FOLATE_MISSING
P000685,B6_deficiency,0.0133794254934285,0,unknown,insufficient_clinical_evidence,0.84,moderate,0,0,1,vitamin_B6,B6_NO_VALIDATED_RULE
P000685,copper_deficiency,0.0001544967875932,0,unknown,insufficient_clinical_evidence,0.84,moderate,0,0,2,copper|ceruloplasmin,COPPER_NO_VALIDATED_RULE
P000685,inflammation_anemia,0.0239317008739869,0,against,agree_negative,0.9760682991260131,high,0,1,0,CRP|ferritin|sTfR,INFLAMMATION_NO_ANEMIA
P000686,iron_deficiency,0.99953576015102,1,against,conflict_ml_positive_rule_against,0.64,low,0,2,3,Ret_He|CRP,IRON_MULTIPLE_AGAINST
P000686,B12_deficiency,0.0006230268081323,0,unknown,insufficient_clinical_evidence,0.84,moderate,0,0,4,active_B12|MMA|homocysteine,B12_TOTAL_NOT_LOW_BUT_NOT_EXCLUSION
P000686,folate_deficiency,0.4305041893650073,1,unknown,insufficient_clinical_evidence,0.4305041893650073,low,0,0,1,,FOLATE_BORDERLINE
P000686,B6_deficiency,0.004085827159505,0,unknown,insufficient_clinical_evidence,0.84,moderate,0,0,1,vitamin_B6,B6_NO_VALIDATED_RULE
P000686,copper_deficiency,0.0004628777181714,0,unknown,insufficient_clinical_evidence,0.84,moderate,0,0,2,copper|ceruloplasmin,COPPER_NO_VALIDATED_RULE
P000686,inflammation_anemia,0.0031987953264229,0,unknown,insufficient_clinical_evidence,0.84,moderate,2,1,1,CRP,INFLAMMATION_INCOMPLETE_OR_MIXED
P000687,iron_deficiency,0.99997566758469,1,supports,agree_positive,0.99997566758469,high,4,0,1,Ret_He|sTfR,IRON_MULTIPLE_SUPPORT
P000687,B12_deficiency,0.0001641654617948,0,unknown,insufficient_clinical_evidence,0.84,moderate,0,0,4,active_B12|MMA|homocysteine,B12_TOTAL_NOT_LOW_BUT_NOT_EXCLUSION
P000687,folate_deficiency,0.0052266497538082,0,unknown,insufficient_clinical_evidence,0.84,moderate,0,0,1,folate,FOLATE_MISSING
P000687,B6_deficiency,0.0031902245320808,0,unknown,insufficient_clinical_evidence,0.84,moderate,0,0,1,vitamin_B6,B6_NO_VALIDATED_RULE
P000687,copper_deficiency,9.863583492730966e-15,0,unknown,insufficient_clinical_evidence,0.84,moderate,0,0,2,,COPPER_NO_VALIDATED_RULE
P000687,inflammation_anemia,0.0003810509577584,0,unknown,insufficient_clinical_evidence,0.84,moderate,1,2,1,CRP|sTfR,INFLAMMATION_INCOMPLETE_OR_MIXED
P000688,iron_deficiency,0.0001146959666828,0,against,agree_negative,0.9998853040333172,high,0,2,3,ferritin|Ret_He|sTfR,IRON_MULTIPLE_AGAINST
P000688,B12_deficiency,0.7763307306062543,1,unknown,insufficient_clinical_evidence,0.7763307306062543,moderate,0,0,4,vitamin_B12|active_B12|homocysteine,B12_NO_TOTAL_B12
P000688,folate_deficiency,0.0182816912685426,0,unknown,insufficient_clinical_evidence,0.84,moderate,0,0,1,folate,FOLATE_MISSING
P000688,B6_deficiency,0.0042985895375794,0,unknown,insufficient_clinical_evidence,0.84,moderate,0,0,1,vitamin_B6,B6_NO_VALIDATED_RULE
P000688,copper_deficiency,6.574785770872527e-07,0,unknown,insufficient_clinical_evidence,0.84,moderate,0,0,2,copper|ceruloplasmin,COPPER_NO_VALIDATED_RULE
P000688,inflammation_anemia,1.280234629323722e-05,0,against,agree_negative,0.9999871976537068,high,0,1,0,CRP|ferritin|sTfR,INFLAMMATION_NO_ANEMIA
P000689,iron_deficiency,0.9999966987967084,1,supports,agree_positive,0.9999966987967084,high,5,0,0,sTfR,IRON_MULTIPLE_SUPPORT
P000689,B12_deficiency,0.876730895439136,1,unknown,insufficient_clinical_evidence,0.84,moderate,0,0,4,vitamin_B12|active_B12|homocysteine,B12_NO_TOTAL_B12
P000689,folate_deficiency,0.0009637548255343,0,against,agree_negative,0.9990362451744657,high,0,1,0,,FOLATE_NOT_LOW
P000689,B6_deficiency,0.0131470909295085,0,unknown,insufficient_clinical_evidence,0.84,moderate,0,0,1,vitamin_B6,B6_NO_VALIDATED_RULE
P000689,copper_deficiency,0.0076039228745065,0,unknown,insufficient_clinical_evidence,0.84,moderate,0,0,2,copper|ceruloplasmin,COPPER_NO_VALIDATED_RULE
P000689,inflammation_anemia,7.652805155837759e-05,0,unknown,insufficient_clinical_evidence,0.84,moderate,1,2,1,CRP|sTfR,INFLAMMATION_INCOMPLETE_OR_MIXED
P000690,iron_deficiency,0.3622857892088285,0,unknown,insufficient_clinical_evidence,0.6377142107911715,low,0,1,4,TSAT|Ret_He|sTfR,IRON_INSUFFICIENT_OR_MIXED
P000690,B12_deficiency,0.0001921744584896,0,unknown,insufficient_clinical_evidence,0.84,moderate,0,0,4,active_B12|homocysteine,B12_TOTAL_NOT_LOW_BUT_NOT_EXCLUSION
P000690,folate_deficiency,0.0016482126784895,0,unknown,insufficient_clinical_evidence,0.84,moderate,0,0,1,,FOLATE_BORDERLINE
P000690,B6_deficiency,0.0203332882643168,0,unknown,insufficient_clinical_evidence,0.84,moderate,0,0,1,,B6_NO_VALIDATED_RULE
P000690,copper_deficiency,0.0043290479881101,0,unknown,insufficient_clinical_evidence,0.84,moderate,0,0,2,copper|ceruloplasmin,COPPER_NO_VALIDATED_RULE
P000690,inflammation_anemia,0.0002622465088651,0,unknown,insufficient_clinical_evidence,0.84,moderate,1,0,3,serum_iron|TIBC|TSAT|sTfR,INFLAMMATION_INCOMPLETE_OR_MIXED
P000691,iron_deficiency,0.9741302527312696,1,unknown,insufficient_clinical_evidence,0.84,moderate,1,0,4,TSAT|sTfR,IRON_INSUFFICIENT_OR_MIXED
P000691,B12_deficiency,0.0002793112421146,0,unknown,insufficient_clinical_evidence,0.84,moderate,0,0,4,active_B12|MMA|homocysteine,B12_TOTAL_NOT_LOW_BUT_NOT_EXCLUSION
P000691,folate_deficiency,0.4586073791790477,1,unknown,insufficient_clinical_evidence,0.4586073791790477,low,0,0,1,,FOLATE_BORDERLINE
P000691,B6_deficiency,0.0177139496021117,0,unknown,insufficient_clinical_evidence,0.84,moderate,0,0,1,vitamin_B6,B6_NO_VALIDATED_RULE
P000691,copper_deficiency,0.0097981649575405,0,unknown,insufficient_clinical_evidence,0.84,moderate,0,0,2,copper|ceruloplasmin,COPPER_NO_VALIDATED_RULE
P000691,inflammation_anemia,0.000110576930921,0,unknown,insufficient_clinical_evidence,0.84,moderate,1,0,3,CRP|serum_iron|TIBC|TSAT|sTfR,INFLAMMATION_INCOMPLETE_OR_MIXED
P000692,iron_deficiency,0.000439291774423,0,unknown,insufficient_clinical_evidence,0.84,moderate,0,1,4,ferritin|TSAT,IRON_INSUFFICIENT_OR_MIXED
P000692,B12_deficiency,0.9998895634565992,1,supports,agree_positive,0.9998895634565992,high,1,0,3,active_B12,B12_LOW_TOTAL
P000692,folate_deficiency,0.0557642275682153,0,unknown,insufficient_clinical_evidence,0.84,moderate,0,0,1,folate,FOLATE_MISSING
P000692,B6_deficiency,0.0007631034989191,0,unknown,insufficient_clinical_evidence,0.84,moderate,0,0,1,vitamin_B6,B6_NO_VALIDATED_RULE
P000692,copper_deficiency,0.0002478827572858,0,unknown,insufficient_clinical_evidence,0.84,moderate,0,0,2,copper|ceruloplasmin,COPPER_NO_VALIDATED_RULE
P000692,inflammation_anemia,6.703115136563486e-05,0,against,agree_negative,0.9999329688486344,high,0,1,0,CRP|ferritin|serum_iron|TIBC|TSAT,INFLAMMATION_NO_ANEMIA
P000693,iron_deficiency,0.999750983223088,1,supports,agree_positive,0.999750983223088,high,2,1,2,Ret_He|sTfR,IRON_MULTIPLE_SUPPORT
P000693,B12_deficiency,0.0051214997980051,0,unknown,insufficient_clinical_evidence,0.84,moderate,0,0,4,vitamin_B12|active_B12|MMA,B12_NO_TOTAL_B12
P000693,folate_deficiency,0.0006395996575161,0,against,agree_negative,0.9993604003424839,high,0,1,0,,FOLATE_NOT_LOW
P000693,B6_deficiency,0.0005600328685616,0,unknown,insufficient_clinical_evidence,0.84,moderate,0,0,1,vitamin_B6,B6_NO_VALIDATED_RULE
P000693,copper_deficiency,0.0008827707497317,0,unknown,insufficient_clinical_evidence,0.84,moderate,0,0,2,copper|ceruloplasmin,COPPER_NO_VALIDATED_RULE
P000693,inflammation_anemia,0.000253069819484,0,unknown,insufficient_clinical_evidence,0.84,moderate,1,2,1,sTfR,INFLAMMATION_INCOMPLETE_OR_MIXED
P000694,iron_deficiency,0.0012404148684007,0,unknown,insufficient_clinical_evidence,0.84,moderate,0,1,4,ferritin|TSAT|sTfR,IRON_INSUFFICIENT_OR_MIXED
P000694,B12_deficiency,0.0024910399183154,0,unknown,insufficient_clinical_evidence,0.84,moderate,0,0,4,vitamin_B12|active_B12|MMA,B12_NO_TOTAL_B12
P000694,folate_deficiency,0.0055554678263982,0,unknown,insufficient_clinical_evidence,0.84,moderate,0,0,1,folate,FOLATE_MISSING
P000694,B6_deficiency,0.0026623336229136,0,unknown,insufficient_clinical_evidence,0.84,moderate,0,0,1,vitamin_B6,B6_NO_VALIDATED_RULE
P000694,copper_deficiency,0.0005345377578161,0,unknown,insufficient_clinical_evidence,0.84,moderate,0,0,2,copper,COPPER_NO_VALIDATED_RULE
P000694,inflammation_anemia,3.353343603070238e-05,0,against,agree_negative,0.9999664665639693,high,0,1,0,CRP|ferritin|serum_iron|TIBC|TSAT|sTfR,INFLAMMATION_NO_ANEMIA
P000695,iron_deficiency,0.9851790098409042,1,supports,agree_positive,0.9851790098409042,high,3,0,2,sTfR,IRON_MULTIPLE_SUPPORT
P000695,B12_deficiency,0.0202675131946553,0,unknown,insufficient_clinical_evidence,0.84,moderate,0,0,4,active_B12|MMA|homocysteine,B12_TOTAL_NOT_LOW_BUT_NOT_EXCLUSION
P000695,folate_deficiency,0.0024049063143437,0,against,agree_negative,0.9975950936856564,high,0,1,0,,FOLATE_NOT_LOW
P000695,B6_deficiency,0.0003896187940637,0,unknown,insufficient_clinical_evidence,0.84,moderate,0,0,1,vitamin_B6,B6_NO_VALIDATED_RULE
P000695,copper_deficiency,0.002753086015352,0,unknown,insufficient_clinical_evidence,0.84,moderate,0,0,2,copper|ceruloplasmin,COPPER_NO_VALIDATED_RULE
P000695,inflammation_anemia,7.028079222013565e-05,0,against,agree_negative,0.9999297192077798,high,0,1,0,CRP|sTfR,INFLAMMATION_NO_ANEMIA
P000696,iron_deficiency,0.9999658946968047,1,supports,agree_positive,0.9999658946968047,high,3,0,2,Ret_He|sTfR,IRON_MULTIPLE_SUPPORT
P000696,B12_deficiency,0.0074122813459468,0,unknown,insufficient_clinical_evidence,0.84,moderate,0,0,4,vitamin_B12|active_B12|MMA|homocysteine,B12_NO_TOTAL_B12
P000696,folate_deficiency,0.0024493960223099,0,unknown,insufficient_clinical_evidence,0.84,moderate,0,0,1,,FOLATE_BORDERLINE
P000696,B6_deficiency,0.0134879462782425,0,unknown,insufficient_clinical_evidence,0.84,moderate,0,0,1,vitamin_B6,B6_NO_VALIDATED_RULE
P000696,copper_deficiency,1.798076943890422e-06,0,unknown,insufficient_clinical_evidence,0.84,moderate,0,0,2,ceruloplasmin,COPPER_NO_VALIDATED_RULE
P000696,inflammation_anemia,1.6008685546509243e-05,0,unknown,insufficient_clinical_evidence,0.84,moderate,2,1,1,sTfR,INFLAMMATION_INCOMPLETE_OR_MIXED
P000697,iron_deficiency,7.193116709968957e-05,0,unknown,insufficient_clinical_evidence,0.84,moderate,1,3,1,,IRON_INSUFFICIENT_OR_MIXED
P000697,B12_deficiency,0.0023142462242048,0,unknown,insufficient_clinical_evidence,0.84,moderate,0,0,4,vitamin_B12|active_B12|MMA|homocysteine,B12_NO_TOTAL_B12
P000697,folate_deficiency,0.8294416437070179,1,supports,agree_positive,0.8294416437070179,moderate,1,0,0,,FOLATE_LOW
P000697,B6_deficiency,0.0055288050897091,0,unknown,insufficient_clinical_evidence,0.84,moderate,0,0,1,vitamin_B6,B6_NO_VALIDATED_RULE
P000697,copper_deficiency,4.752918700985999e-11,0,unknown,insufficient_clinical_evidence,0.84,moderate,0,0,2,copper|ceruloplasmin,COPPER_NO_VALIDATED_RULE
P000697,inflammation_anemia,0.0003802949027615,0,unknown,insufficient_clinical_evidence,0.84,moderate,2,1,1,CRP,INFLAMMATION_INCOMPLETE_OR_MIXED
P000698,iron_deficiency,0.999998474136047,1,supports,agree_positive,0.999998474136047,high,4,0,1,sTfR,IRON_MULTIPLE_SUPPORT
P000698,B12_deficiency,0.9930122890234664,1,unknown,insufficient_clinical_evidence,0.84,moderate,0,0,4,MMA|homocysteine,B12_TOTAL_NOT_LOW_BUT_NOT_EXCLUSION
P000698,folate_deficiency,0.0532283554591228,0,unknown,insufficient_clinical_evidence,0.84,moderate,0,0,1,folate,FOLATE_MISSING
P000698,B6_deficiency,0.0024871882307676,0,unknown,insufficient_clinical_evidence,0.84,moderate,0,0,1,vitamin_B6,B6_NO_VALIDATED_RULE
P000698,copper_deficiency,0.0001077318377994,0,unknown,insufficient_clinical_evidence,0.84,moderate,0,0,2,copper|ceruloplasmin,COPPER_NO_VALIDATED_RULE
P000698,inflammation_anemia,0.0001079791601509,0,unknown,insufficient_clinical_evidence,0.84,moderate,2,1,1,CRP|sTfR,INFLAMMATION_INCOMPLETE_OR_MIXED
P000699,iron_deficiency,0.0002530166652528,0,unknown,insufficient_clinical_evidence,0.84,moderate,0,1,4,TSAT|Ret_He,IRON_INSUFFICIENT_OR_MIXED
P000699,B12_deficiency,0.0057892923819964,0,unknown,insufficient_clinical_evidence,0.84,moderate,0,0,4,active_B12|MMA,B12_TOTAL_NOT_LOW_BUT_NOT_EXCLUSION
P000699,folate_deficiency,0.9824717818480808,1,supports,agree_positive,0.9824717818480808,high,1,0,0,,FOLATE_LOW
P000699,B6_deficiency,0.0009028339096613,0,unknown,insufficient_clinical_evidence,0.84,moderate,0,0,1,,B6_NO_VALIDATED_RULE
P000699,copper_deficiency,1.4597078337022204e-07,0,unknown,insufficient_clinical_evidence,0.84,moderate,0,0,2,copper|ceruloplasmin,COPPER_NO_VALIDATED_RULE
P000699,inflammation_anemia,7.848341257508579e-05,0,unknown,insufficient_clinical_evidence,0.84,moderate,1,0,3,serum_iron|TIBC|TSAT,INFLAMMATION_INCOMPLETE_OR_MIXED
P000700,iron_deficiency,0.0052328287011261,0,unknown,insufficient_clinical_evidence,0.84,moderate,0,0,5,ferritin|TSAT|Ret_He,IRON_INSUFFICIENT_OR_MIXED
P000700,B12_deficiency,0.001479788856969,0,unknown,insufficient_clinical_evidence,0.84,moderate,0,0,4,vitamin_B12|active_B12|MMA|homocysteine,B12_NO_TOTAL_B12
P000700,folate_deficiency,0.0334653699353518,0,unknown,insufficient_clinical_evidence,0.84,moderate,0,0,1,folate,FOLATE_MISSING
P000700,B6_deficiency,0.0016446513771715,0,unknown,insufficient_clinical_evidence,0.84,moderate,0,0,1,vitamin_B6,B6_NO_VALIDATED_RULE
P000700,copper_deficiency,0.0034070296488142,0,unknown,insufficient_clinical_evidence,0.84,moderate,0,0,2,copper|ceruloplasmin,COPPER_NO_VALIDATED_RULE
P000700,inflammation_anemia,0.0001426822433269,0,against,agree_negative,0.9998573177566731,high,0,1,0,CRP|ferritin|serum_iron|TIBC|TSAT,INFLAMMATION_NO_ANEMIA
P000701,iron_deficiency,0.9999195690524144,1,supports,agree_positive,0.9999195690524144,high,4,0,1,Ret_He|sTfR,IRON_MULTIPLE_SUPPORT
P000701,B12_deficiency,0.996649989142091,1,unknown,insufficient_clinical_evidence,0.84,moderate,0,0,4,MMA|homocysteine,B12_TOTAL_NOT_LOW_BUT_NOT_EXCLUSION
P000701,folate_deficiency,0.0420980185873304,0,unknown,insufficient_clinical_evidence,0.84,moderate,0,0,1,folate,FOLATE_MISSING
P000701,B6_deficiency,0.0019507940586877,0,unknown,insufficient_clinical_evidence,0.84,moderate,0,0,1,vitamin_B6,B6_NO_VALIDATED_RULE
P000701,copper_deficiency,7.34899023285286e-05,0,unknown,insufficient_clinical_evidence,0.84,moderate,0,0,2,copper|ceruloplasmin,COPPER_NO_VALIDATED_RULE
P000701,inflammation_anemia,0.0001394836737088,0,unknown,insufficient_clinical_evidence,0.84,moderate,1,2,1,CRP|sTfR,INFLAMMATION_INCOMPLETE_OR_MIXED
P000702,iron_deficiency,6.989653740380757e-05,0,against,agree_negative,0.9999301034625961,high,0,3,2,Ret_He|sTfR,IRON_MULTIPLE_AGAINST
P000702,B12_deficiency,0.0013870832261066,0,unknown,insufficient_clinical_evidence,0.84,moderate,0,0,4,vitamin_B12|active_B12|MMA,B12_NO_TOTAL_B12
P000702,folate_deficiency,0.1112489945243194,0,unknown,insufficient_clinical_evidence,0.84,moderate,0,0,1,folate,FOLATE_MISSING
P000702,B6_deficiency,0.0011731001572311,0,unknown,insufficient_clinical_evidence,0.84,moderate,0,0,1,vitamin_B6,B6_NO_VALIDATED_RULE
P000702,copper_deficiency,0.0007262058249747,0,unknown,insufficient_clinical_evidence,0.84,moderate,0,0,2,copper|ceruloplasmin,COPPER_NO_VALIDATED_RULE
P000702,inflammation_anemia,0.0001923414448885,0,unknown,insufficient_clinical_evidence,0.84,moderate,2,1,1,CRP|sTfR,INFLAMMATION_INCOMPLETE_OR_MIXED
P000703,iron_deficiency,5.237240274479868e-05,0,against,agree_negative,0.9999476275972552,high,0,4,1,sTfR,IRON_MULTIPLE_AGAINST
P000703,B12_deficiency,0.0005689455037762,0,unknown,insufficient_clinical_evidence,0.84,moderate,0,0,4,vitamin_B12|active_B12|MMA|homocysteine,B12_NO_TOTAL_B12
P000703,folate_deficiency,0.1096626529231518,0,unknown,insufficient_clinical_evidence,0.84,moderate,0,0,1,,FOLATE_BORDERLINE
P000703,B6_deficiency,0.0027467623085127,0,unknown,insufficient_clinical_evidence,0.84,moderate,0,0,1,vitamin_B6,B6_NO_VALIDATED_RULE
P000703,copper_deficiency,0.9999999999540026,1,unknown,insufficient_clinical_evidence,0.84,moderate,0,0,2,,COPPER_NO_VALIDATED_RULE
P000703,inflammation_anemia,0.000583091266638,0,unknown,insufficient_clinical_evidence,0.84,moderate,2,1,1,sTfR,INFLAMMATION_INCOMPLETE_OR_MIXED
P000704,iron_deficiency,9.149925108279585e-06,0,against,agree_negative,0.9999908500748917,high,0,3,2,Ret_He|sTfR,IRON_MULTIPLE_AGAINST
P000704,B12_deficiency,0.0012201752465076,0,unknown,insufficient_clinical_evidence,0.84,moderate,0,0,4,vitamin_B12|active_B12|MMA|homocysteine,B12_NO_TOTAL_B12
P000704,folate_deficiency,0.0176833868833271,0,unknown,insufficient_clinical_evidence,0.84,moderate,0,0,1,folate,FOLATE_MISSING
P000704,B6_deficiency,0.0015375296455038,0,unknown,insufficient_clinical_evidence,0.84,moderate,0,0,1,vitamin_B6,B6_NO_VALIDATED_RULE
P000704,copper_deficiency,8.682241033821586e-05,0,unknown,insufficient_clinical_evidence,0.84,moderate,0,0,2,copper|ceruloplasmin,COPPER_NO_VALIDATED_RULE
P000704,inflammation_anemia,0.0002483535142869,0,unknown,insufficient_clinical_evidence,0.84,moderate,2,1,1,CRP|sTfR,INFLAMMATION_INCOMPLETE_OR_MIXED
P000705,iron_deficiency,0.0095332849568557,0,unknown,insufficient_clinical_evidence,0.84,moderate,1,1,3,TSAT,IRON_INSUFFICIENT_OR_MIXED
P000705,B12_deficiency,0.0343515989258487,0,unknown,insufficient_clinical_evidence,0.84,moderate,0,0,4,vitamin_B12|MMA|homocysteine,B12_NO_TOTAL_B12
P000705,folate_deficiency,0.0143618499070158,0,against,agree_negative,0.9856381500929842,high,0,1,0,,FOLATE_NOT_LOW
P000705,B6_deficiency,0.0002140450267927,0,unknown,insufficient_clinical_evidence,0.84,moderate,0,0,1,vitamin_B6,B6_NO_VALIDATED_RULE
P000705,copper_deficiency,0.0041801634668495,0,unknown,insufficient_clinical_evidence,0.84,moderate,0,0,2,copper|ceruloplasmin,COPPER_NO_VALIDATED_RULE
P000705,inflammation_anemia,6.471368130409891e-05,0,against,agree_negative,0.9999352863186959,high,0,1,0,CRP|serum_iron|TIBC|TSAT,INFLAMMATION_NO_ANEMIA
P000706,iron_deficiency,0.999976474030347,1,supports,agree_positive,0.999976474030347,high,4,0,1,Ret_He|sTfR,IRON_MULTIPLE_SUPPORT
P000706,B12_deficiency,2.8617302146489825e-05,0,unknown,insufficient_clinical_evidence,0.84,moderate,0,0,4,MMA|homocysteine,B12_TOTAL_NOT_LOW_BUT_NOT_EXCLUSION
P000706,folate_deficiency,0.0208767528571526,0,unknown,insufficient_clinical_evidence,0.84,moderate,0,0,1,folate,FOLATE_MISSING
P000706,B6_deficiency,0.0138779100731102,0,unknown,insufficient_clinical_evidence,0.84,moderate,0,0,1,vitamin_B6,B6_NO_VALIDATED_RULE
P000706,copper_deficiency,0.0002570430186453,0,unknown,insufficient_clinical_evidence,0.84,moderate,0,0,2,copper|ceruloplasmin,COPPER_NO_VALIDATED_RULE
P000706,inflammation_anemia,5.760503001354916e-05,0,unknown,insufficient_clinical_evidence,0.84,moderate,1,2,1,sTfR,INFLAMMATION_INCOMPLETE_OR_MIXED
P000707,iron_deficiency,0.2080551503024099,0,supports,conflict_ml_negative_rule_supports,0.64,low,3,0,2,ferritin|sTfR,IRON_MULTIPLE_SUPPORT
P000707,B12_deficiency,2.5921714339195863e-05,0,unknown,insufficient_clinical_evidence,0.84,moderate,0,0,4,MMA|homocysteine,B12_TOTAL_NOT_LOW_BUT_NOT_EXCLUSION
P000707,folate_deficiency,0.0043154857219863,0,unknown,insufficient_clinical_evidence,0.84,moderate,0,0,1,folate,FOLATE_MISSING
P000707,B6_deficiency,0.0013314685132129,0,unknown,insufficient_clinical_evidence,0.84,moderate,0,0,1,vitamin_B6,B6_NO_VALIDATED_RULE
P000707,copper_deficiency,0.0002372687800956,0,unknown,insufficient_clinical_evidence,0.84,moderate,0,0,2,copper|ceruloplasmin,COPPER_NO_VALIDATED_RULE
P000707,inflammation_anemia,0.9999620596554816,1,supports,agree_positive,0.9999620596554816,high,2,0,2,ferritin|sTfR,INFLAMMATION_PATTERN_SUPPORT
P000708,iron_deficiency,9.103386315233613e-05,0,against,agree_negative,0.9999089661368477,high,0,4,1,,IRON_MULTIPLE_AGAINST
P000708,B12_deficiency,0.0032146732551593,0,unknown,insufficient_clinical_evidence,0.84,moderate,0,0,4,vitamin_B12|active_B12|MMA|homocysteine,B12_NO_TOTAL_B12
P000708,folate_deficiency,0.0048908070220586,0,unknown,insufficient_clinical_evidence,0.84,moderate,0,0,1,folate,FOLATE_MISSING
P000708,B6_deficiency,0.6485074816160616,1,unknown,insufficient_clinical_evidence,0.6485074816160616,low,0,0,1,,B6_NO_VALIDATED_RULE
P000708,copper_deficiency,0.001282445298313,0,unknown,insufficient_clinical_evidence,0.84,moderate,0,0,2,copper|ceruloplasmin,COPPER_NO_VALIDATED_RULE
P000708,inflammation_anemia,0.0012908324072533,0,unknown,insufficient_clinical_evidence,0.84,moderate,2,1,1,CRP,INFLAMMATION_INCOMPLETE_OR_MIXED
P000709,iron_deficiency,0.9779822824279186,1,unknown,insufficient_clinical_evidence,0.84,moderate,1,1,3,Ret_He|sTfR,IRON_INSUFFICIENT_OR_MIXED
P000709,B12_deficiency,0.9999293521420468,1,unknown,insufficient_clinical_evidence,0.84,moderate,0,0,4,,B12_TOTAL_NOT_LOW_BUT_NOT_EXCLUSION
P000709,folate_deficiency,0.0224836800624679,0,unknown,insufficient_clinical_evidence,0.84,moderate,0,0,1,,FOLATE_BORDERLINE
P000709,B6_deficiency,0.0083313721619645,0,unknown,insufficient_clinical_evidence,0.84,moderate,0,0,1,vitamin_B6,B6_NO_VALIDATED_RULE
P000709,copper_deficiency,0.0024845715881978,0,unknown,insufficient_clinical_evidence,0.84,moderate,0,0,2,copper,COPPER_NO_VALIDATED_RULE
P000709,inflammation_anemia,0.0009931597399401,0,unknown,insufficient_clinical_evidence,0.84,moderate,2,1,1,sTfR,INFLAMMATION_INCOMPLETE_OR_MIXED
P000710,iron_deficiency,0.9999783556465356,1,supports,agree_positive,0.9999783556465356,high,3,0,2,Ret_He,IRON_MULTIPLE_SUPPORT
P000710,B12_deficiency,0.0015593852253295,0,unknown,insufficient_clinical_evidence,0.84,moderate,0,0,4,active_B12|MMA,B12_TOTAL_NOT_LOW_BUT_NOT_EXCLUSION
P000710,folate_deficiency,0.0081290233494263,0,unknown,insufficient_clinical_evidence,0.84,moderate,0,0,1,folate,FOLATE_MISSING
P000710,B6_deficiency,0.0039492459464821,0,unknown,insufficient_clinical_evidence,0.84,moderate,0,0,1,vitamin_B6,B6_NO_VALIDATED_RULE
P000710,copper_deficiency,0.0010916839677884,0,unknown,insufficient_clinical_evidence,0.84,moderate,0,0,2,copper|ceruloplasmin,COPPER_NO_VALIDATED_RULE
P000710,inflammation_anemia,0.0004043713436283,0,unknown,insufficient_clinical_evidence,0.84,moderate,2,1,1,CRP,INFLAMMATION_INCOMPLETE_OR_MIXED
P000711,iron_deficiency,0.065090723883499,0,against,agree_negative,0.934909276116501,high,0,2,3,Ret_He|sTfR,IRON_MULTIPLE_AGAINST
P000711,B12_deficiency,0.9998311970907406,1,supports,agree_positive,0.9998311970907406,high,1,0,3,active_B12|homocysteine,B12_LOW_TOTAL
P000711,folate_deficiency,0.0049686954380223,0,against,agree_negative,0.9950313045619777,high,0,1,0,,FOLATE_NOT_LOW
P000711,B6_deficiency,0.0007155621871574,0,unknown,insufficient_clinical_evidence,0.84,moderate,0,0,1,vitamin_B6,B6_NO_VALIDATED_RULE
P000711,copper_deficiency,3.1552419353362823e-06,0,unknown,insufficient_clinical_evidence,0.84,moderate,0,0,2,ceruloplasmin,COPPER_NO_VALIDATED_RULE
P000711,inflammation_anemia,9.136936127547042e-05,0,unknown,insufficient_clinical_evidence,0.84,moderate,2,1,1,sTfR,INFLAMMATION_INCOMPLETE_OR_MIXED
P000712,iron_deficiency,0.0004046641372571,0,unknown,insufficient_clinical_evidence,0.84,moderate,0,1,4,TSAT|Ret_He,IRON_INSUFFICIENT_OR_MIXED
P000712,B12_deficiency,0.9996250505326768,1,unknown,insufficient_clinical_evidence,0.84,moderate,0,0,4,MMA,B12_TOTAL_NOT_LOW_BUT_NOT_EXCLUSION
P000712,folate_deficiency,0.0020921808220314,0,against,agree_negative,0.9979078191779686,high,0,1,0,,FOLATE_NOT_LOW
P000712,B6_deficiency,0.0017289410945672,0,unknown,insufficient_clinical_evidence,0.84,moderate,0,0,1,vitamin_B6,B6_NO_VALIDATED_RULE
P000712,copper_deficiency,0.0022653255282953,0,unknown,insufficient_clinical_evidence,0.84,moderate,0,0,2,copper|ceruloplasmin,COPPER_NO_VALIDATED_RULE
P000712,inflammation_anemia,6.442589436422646e-05,0,unknown,insufficient_clinical_evidence,0.84,moderate,1,0,3,serum_iron|TIBC|TSAT,INFLAMMATION_INCOMPLETE_OR_MIXED
P000713,iron_deficiency,0.0016289541173672,0,against,agree_negative,0.9983710458826328,high,0,3,2,Ret_He,IRON_MULTIPLE_AGAINST
P000713,B12_deficiency,0.9991044180913417,1,unknown,insufficient_clinical_evidence,0.84,moderate,0,0,4,,B12_TOTAL_NOT_LOW_BUT_NOT_EXCLUSION
P000713,folate_deficiency,0.0665933094448197,0,unknown,insufficient_clinical_evidence,0.84,moderate,0,0,1,folate,FOLATE_MISSING
P000713,B6_deficiency,0.0036628921703674,0,unknown,insufficient_clinical_evidence,0.84,moderate,0,0,1,vitamin_B6,B6_NO_VALIDATED_RULE
P000713,copper_deficiency,0.031488841241942,0,unknown,insufficient_clinical_evidence,0.84,moderate,0,0,2,ceruloplasmin,COPPER_NO_VALIDATED_RULE
P000713,inflammation_anemia,0.0001968560773244,0,against,agree_negative,0.9998031439226756,high,0,1,0,,INFLAMMATION_NO_ANEMIA
P000714,iron_deficiency,0.0093186486270161,0,unknown,insufficient_clinical_evidence,0.84,moderate,0,0,5,ferritin|TSAT|Ret_He|sTfR,IRON_INSUFFICIENT_OR_MIXED
P000714,B12_deficiency,0.0040754897886292,0,unknown,insufficient_clinical_evidence,0.84,moderate,0,0,4,vitamin_B12|active_B12|MMA|homocysteine,B12_NO_TOTAL_B12
P000714,folate_deficiency,0.3574989353763331,0,unknown,insufficient_clinical_evidence,0.6425010646236669,low,0,0,1,,FOLATE_BORDERLINE
P000714,B6_deficiency,0.0076813917270523,0,unknown,insufficient_clinical_evidence,0.84,moderate,0,0,1,vitamin_B6,B6_NO_VALIDATED_RULE
P000714,copper_deficiency,0.0004362865709455,0,unknown,insufficient_clinical_evidence,0.84,moderate,0,0,2,ceruloplasmin,COPPER_NO_VALIDATED_RULE
P000714,inflammation_anemia,1.121828538123903e-05,0,against,agree_negative,0.9999887817146188,high,0,1,0,CRP|ferritin|serum_iron|TIBC|TSAT|sTfR,INFLAMMATION_NO_ANEMIA
P000715,iron_deficiency,0.0002123584749223,0,against,agree_negative,0.9997876415250777,high,0,2,3,ferritin|Ret_He,IRON_MULTIPLE_AGAINST
P000715,B12_deficiency,2.277494264563019e-05,0,unknown,insufficient_clinical_evidence,0.84,moderate,0,0,4,MMA|homocysteine,B12_TOTAL_NOT_LOW_BUT_NOT_EXCLUSION
P000715,folate_deficiency,0.009324965567972,0,against,agree_negative,0.990675034432028,high,0,1,0,,FOLATE_NOT_LOW
P000715,B6_deficiency,0.0184931878993346,0,unknown,insufficient_clinical_evidence,0.84,moderate,0,0,1,vitamin_B6,B6_NO_VALIDATED_RULE
P000715,copper_deficiency,0.0004783668355669,0,unknown,insufficient_clinical_evidence,0.84,moderate,0,0,2,copper|ceruloplasmin,COPPER_NO_VALIDATED_RULE
P000715,inflammation_anemia,0.0001457634725686,0,unknown,insufficient_clinical_evidence,0.84,moderate,1,1,2,CRP|ferritin,INFLAMMATION_INCOMPLETE_OR_MIXED
P000716,iron_deficiency,0.0165520558245935,0,against,agree_negative,0.9834479441754065,high,0,3,2,Ret_He,IRON_MULTIPLE_AGAINST
P000716,B12_deficiency,0.7232273419074817,1,unknown,insufficient_clinical_evidence,0.7232273419074817,moderate,0,0,4,MMA,B12_TOTAL_NOT_LOW_BUT_NOT_EXCLUSION
P000716,folate_deficiency,0.9905168062400024,1,supports,agree_positive,0.9905168062400024,high,1,0,0,,FOLATE_LOW
P000716,B6_deficiency,0.0008169733149618,0,unknown,insufficient_clinical_evidence,0.84,moderate,0,0,1,vitamin_B6,B6_NO_VALIDATED_RULE
P000716,copper_deficiency,0.0059277798414412,0,unknown,insufficient_clinical_evidence,0.84,moderate,0,0,2,ceruloplasmin,COPPER_NO_VALIDATED_RULE
P000716,inflammation_anemia,4.6774601406373686e-05,0,unknown,insufficient_clinical_evidence,0.84,moderate,2,1,1,,INFLAMMATION_INCOMPLETE_OR_MIXED
P000717,iron_deficiency,6.095402985676544e-05,0,against,agree_negative,0.9999390459701433,high,0,4,1,sTfR,IRON_MULTIPLE_AGAINST
P000717,B12_deficiency,0.0002904893169158,0,unknown,insufficient_clinical_evidence,0.84,moderate,0,0,4,active_B12|MMA|homocysteine,B12_TOTAL_NOT_LOW_BUT_NOT_EXCLUSION
P000717,folate_deficiency,0.3242557247113157,0,unknown,insufficient_clinical_evidence,0.6757442752886843,moderate,0,0,1,folate,FOLATE_MISSING
P000717,B6_deficiency,0.00248301552978,0,unknown,insufficient_clinical_evidence,0.84,moderate,0,0,1,vitamin_B6,B6_NO_VALIDATED_RULE
P000717,copper_deficiency,0.0006085521853163,0,unknown,insufficient_clinical_evidence,0.84,moderate,0,0,2,copper|ceruloplasmin,COPPER_NO_VALIDATED_RULE
P000717,inflammation_anemia,0.0011172036595561,0,unknown,insufficient_clinical_evidence,0.84,moderate,2,1,1,sTfR,INFLAMMATION_INCOMPLETE_OR_MIXED
P000718,iron_deficiency,0.9999748190713498,1,supports,agree_positive,0.9999748190713498,high,3,0,2,Ret_He,IRON_MULTIPLE_SUPPORT
P000718,B12_deficiency,0.0003061801017345,0,unknown,insufficient_clinical_evidence,0.84,moderate,0,0,4,active_B12|homocysteine,B12_TOTAL_NOT_LOW_BUT_NOT_EXCLUSION
P000718,folate_deficiency,0.0006304096288992,0,against,agree_negative,0.9993695903711008,high,0,1,0,,FOLATE_NOT_LOW
P000718,B6_deficiency,0.0284465418355362,0,unknown,insufficient_clinical_evidence,0.84,moderate,0,0,1,,B6_NO_VALIDATED_RULE
P000718,copper_deficiency,0.0042375922738081,0,unknown,insufficient_clinical_evidence,0.84,moderate,0,0,2,copper|ceruloplasmin,COPPER_NO_VALIDATED_RULE
P000718,inflammation_anemia,0.0004673797226927,0,against,agree_negative,0.9995326202773073,high,0,1,0,CRP,INFLAMMATION_NO_ANEMIA
P000719,iron_deficiency,0.0049120757277736,0,unknown,insufficient_clinical_evidence,0.84,moderate,0,1,4,TSAT|Ret_He|sTfR,IRON_INSUFFICIENT_OR_MIXED
P000719,B12_deficiency,0.99988655684497,1,unknown,insufficient_clinical_evidence,0.84,moderate,0,0,4,active_B12,B12_TOTAL_NOT_LOW_BUT_NOT_EXCLUSION
P000719,folate_deficiency,0.0566812509222614,0,unknown,insufficient_clinical_evidence,0.84,moderate,0,0,1,folate,FOLATE_MISSING
P000719,B6_deficiency,0.0091189492656516,0,unknown,insufficient_clinical_evidence,0.84,moderate,0,0,1,vitamin_B6,B6_NO_VALIDATED_RULE
P000719,copper_deficiency,1.1857205567862307e-10,0,unknown,insufficient_clinical_evidence,0.84,moderate,0,0,2,copper|ceruloplasmin,COPPER_NO_VALIDATED_RULE
P000719,inflammation_anemia,0.000148232433697,0,unknown,insufficient_clinical_evidence,0.84,moderate,1,0,3,serum_iron|TIBC|TSAT|sTfR,INFLAMMATION_INCOMPLETE_OR_MIXED
P000720,iron_deficiency,0.9992194814341576,1,unknown,insufficient_clinical_evidence,0.84,moderate,0,0,5,TSAT|Ret_He|sTfR,IRON_INSUFFICIENT_OR_MIXED
P000720,B12_deficiency,0.0033740832274076,0,unknown,insufficient_clinical_evidence,0.84,moderate,0,0,4,vitamin_B12|active_B12|MMA|homocysteine,B12_NO_TOTAL_B12
P000720,folate_deficiency,0.2004738674778857,0,unknown,insufficient_clinical_evidence,0.7995261325221144,moderate,0,0,1,,FOLATE_BORDERLINE
P000720,B6_deficiency,0.0420274633025129,0,unknown,insufficient_clinical_evidence,0.84,moderate,0,0,1,vitamin_B6,B6_NO_VALIDATED_RULE
P000720,copper_deficiency,0.0012996188408933,0,unknown,insufficient_clinical_evidence,0.84,moderate,0,0,2,copper|ceruloplasmin,COPPER_NO_VALIDATED_RULE
P000720,inflammation_anemia,9.599062273678776e-05,0,unknown,insufficient_clinical_evidence,0.84,moderate,1,0,3,serum_iron|TIBC|TSAT|sTfR,INFLAMMATION_INCOMPLETE_OR_MIXED
P000721,iron_deficiency,0.0065839937393988,0,unknown,insufficient_clinical_evidence,0.84,moderate,0,0,5,ferritin|TSAT|Ret_He|sTfR,IRON_INSUFFICIENT_OR_MIXED
P000721,B12_deficiency,0.7849169555605152,1,supports,agree_positive,0.7849169555605152,moderate,1,0,3,active_B12|MMA|homocysteine,B12_LOW_TOTAL
P000721,folate_deficiency,0.0010430376685663,0,against,agree_negative,0.9989569623314337,high,0,1,0,,FOLATE_NOT_LOW
P000721,B6_deficiency,0.0116238298811135,0,unknown,insufficient_clinical_evidence,0.84,moderate,0,0,1,vitamin_B6,B6_NO_VALIDATED_RULE
P000721,copper_deficiency,1.1898797572596736e-06,0,unknown,insufficient_clinical_evidence,0.84,moderate,0,0,2,copper|ceruloplasmin,COPPER_NO_VALIDATED_RULE
P000721,inflammation_anemia,1.8404815759147592e-05,0,against,agree_negative,0.9999815951842409,high,0,1,0,ferritin|serum_iron|TIBC|TSAT|sTfR,INFLAMMATION_NO_ANEMIA
P000722,iron_deficiency,0.0012581034104177,0,unknown,insufficient_clinical_evidence,0.84,moderate,0,1,4,ferritin|TSAT,IRON_INSUFFICIENT_OR_MIXED
P000722,B12_deficiency,0.0006099218552463,0,unknown,insufficient_clinical_evidence,0.84,moderate,0,0,4,vitamin_B12|active_B12|homocysteine,B12_NO_TOTAL_B12
P000722,folate_deficiency,0.0362082150618885,0,unknown,insufficient_clinical_evidence,0.84,moderate,0,0,1,folate,FOLATE_MISSING
P000722,B6_deficiency,0.0147447600744162,0,unknown,insufficient_clinical_evidence,0.84,moderate,0,0,1,vitamin_B6,B6_NO_VALIDATED_RULE
P000722,copper_deficiency,0.0018543334067199,0,unknown,insufficient_clinical_evidence,0.84,moderate,0,0,2,copper|ceruloplasmin,COPPER_NO_VALIDATED_RULE
P000722,inflammation_anemia,0.0003032640392017,0,unknown,insufficient_clinical_evidence,0.84,moderate,0,0,4,ferritin|serum_iron|TIBC|TSAT,INFLAMMATION_INCOMPLETE_OR_MIXED
P000723,iron_deficiency,0.977560879827034,1,unknown,insufficient_clinical_evidence,0.84,moderate,0,0,5,TSAT|Ret_He|sTfR,IRON_INSUFFICIENT_OR_MIXED
P000723,B12_deficiency,0.0032014846029445,0,unknown,insufficient_clinical_evidence,0.84,moderate,0,0,4,active_B12|homocysteine,B12_TOTAL_NOT_LOW_BUT_NOT_EXCLUSION
P000723,folate_deficiency,0.0934597430356679,0,unknown,insufficient_clinical_evidence,0.84,moderate,0,0,1,,FOLATE_BORDERLINE
P000723,B6_deficiency,0.0109660081828632,0,unknown,insufficient_clinical_evidence,0.84,moderate,0,0,1,vitamin_B6,B6_NO_VALIDATED_RULE
P000723,copper_deficiency,0.0080206453339099,0,unknown,insufficient_clinical_evidence,0.84,moderate,0,0,2,copper|ceruloplasmin,COPPER_NO_VALIDATED_RULE
P000723,inflammation_anemia,6.2257658463301e-05,0,unknown,insufficient_clinical_evidence,0.84,moderate,1,0,3,serum_iron|TIBC|TSAT|sTfR,INFLAMMATION_INCOMPLETE_OR_MIXED
P000724,iron_deficiency,0.0068074238978804,0,unknown,insufficient_clinical_evidence,0.84,moderate,0,0,5,ferritin|TSAT|Ret_He|sTfR,IRON_INSUFFICIENT_OR_MIXED
P000724,B12_deficiency,0.9997328273859872,1,unknown,insufficient_clinical_evidence,0.84,moderate,0,0,4,vitamin_B12,B12_NO_TOTAL_B12
P000724,folate_deficiency,0.0502886885681572,0,unknown,insufficient_clinical_evidence,0.84,moderate,0,0,1,folate,FOLATE_MISSING
P000724,B6_deficiency,0.0005519851496802,0,unknown,insufficient_clinical_evidence,0.84,moderate,0,0,1,vitamin_B6,B6_NO_VALIDATED_RULE
P000724,copper_deficiency,0.0025390667881936,0,unknown,insufficient_clinical_evidence,0.84,moderate,0,0,2,copper|ceruloplasmin,COPPER_NO_VALIDATED_RULE
P000724,inflammation_anemia,2.0328277266499388e-05,0,unknown,insufficient_clinical_evidence,0.84,moderate,0,0,4,ferritin|serum_iron|TIBC|TSAT|sTfR,INFLAMMATION_INCOMPLETE_OR_MIXED
P000725,iron_deficiency,0.9999969913727188,1,supports,agree_positive,0.9999969913727188,high,4,0,1,Ret_He|sTfR,IRON_MULTIPLE_SUPPORT
P000725,B12_deficiency,0.0001856836961643,0,unknown,insufficient_clinical_evidence,0.84,moderate,0,0,4,active_B12|homocysteine,B12_TOTAL_NOT_LOW_BUT_NOT_EXCLUSION
P000725,folate_deficiency,0.0274377484543492,0,unknown,insufficient_clinical_evidence,0.84,moderate,0,0,1,,FOLATE_BORDERLINE
P000725,B6_deficiency,0.0059963065700403,0,unknown,insufficient_clinical_evidence,0.84,moderate,0,0,1,vitamin_B6,B6_NO_VALIDATED_RULE
P000725,copper_deficiency,0.0096200879708396,0,unknown,insufficient_clinical_evidence,0.84,moderate,0,0,2,copper|ceruloplasmin,COPPER_NO_VALIDATED_RULE
P000725,inflammation_anemia,5.093851166610984e-05,0,unknown,insufficient_clinical_evidence,0.84,moderate,1,2,1,CRP|sTfR,INFLAMMATION_INCOMPLETE_OR_MIXED
P000726,iron_deficiency,0.9999371766403486,1,supports,agree_positive,0.9999371766403486,high,3,0,2,ferritin|Ret_He|sTfR,IRON_MULTIPLE_SUPPORT
P000726,B12_deficiency,0.0003805381984057,0,unknown,insufficient_clinical_evidence,0.84,moderate,0,0,4,MMA|homocysteine,B12_TOTAL_NOT_LOW_BUT_NOT_EXCLUSION
P000726,folate_deficiency,0.6898675038807404,1,supports,agree_positive,0.6898675038807404,moderate,1,0,0,,FOLATE_LOW
P000726,B6_deficiency,0.0011690806940787,0,unknown,insufficient_clinical_evidence,0.84,moderate,0,0,1,vitamin_B6,B6_NO_VALIDATED_RULE
P000726,copper_deficiency,0.0075954879198263,0,unknown,insufficient_clinical_evidence,0.84,moderate,0,0,2,copper|ceruloplasmin,COPPER_NO_VALIDATED_RULE
P000726,inflammation_anemia,0.0001560666480329,0,unknown,insufficient_clinical_evidence,0.84,moderate,1,1,2,CRP|ferritin|sTfR,INFLAMMATION_INCOMPLETE_OR_MIXED
P000727,iron_deficiency,0.0001805211128009,0,against,agree_negative,0.9998194788871991,high,0,2,3,ferritin|Ret_He|sTfR,IRON_MULTIPLE_AGAINST
P000727,B12_deficiency,0.9970048178693968,1,supports,agree_positive,0.9970048178693968,high,1,0,3,active_B12|MMA|homocysteine,B12_LOW_TOTAL
P000727,folate_deficiency,0.9359358684448637,1,supports,agree_positive,0.9359358684448637,high,1,0,0,,FOLATE_LOW
P000727,B6_deficiency,0.0002268929464799,0,unknown,insufficient_clinical_evidence,0.84,moderate,0,0,1,vitamin_B6,B6_NO_VALIDATED_RULE
P000727,copper_deficiency,0.0006288257698206,0,unknown,insufficient_clinical_evidence,0.84,moderate,0,0,2,copper|ceruloplasmin,COPPER_NO_VALIDATED_RULE
P000727,inflammation_anemia,4.9494059946649455e-05,0,unknown,insufficient_clinical_evidence,0.84,moderate,1,1,2,ferritin|sTfR,INFLAMMATION_INCOMPLETE_OR_MIXED
P000728,iron_deficiency,0.0041691122398501,0,unknown,insufficient_clinical_evidence,0.84,moderate,0,1,4,TSAT|Ret_He|sTfR,IRON_INSUFFICIENT_OR_MIXED
P000728,B12_deficiency,0.9999638212751364,1,unknown,insufficient_clinical_evidence,0.84,moderate,0,0,4,,B12_TOTAL_NOT_LOW_BUT_NOT_EXCLUSION
P000728,folate_deficiency,0.2476861693995125,0,unknown,insufficient_clinical_evidence,0.7523138306004875,moderate,0,0,1,folate,FOLATE_MISSING
P000728,B6_deficiency,0.0014436698641091,0,unknown,insufficient_clinical_evidence,0.84,moderate,0,0,1,,B6_NO_VALIDATED_RULE
P000728,copper_deficiency,0.000317816566496,0,unknown,insufficient_clinical_evidence,0.84,moderate,0,0,2,copper|ceruloplasmin,COPPER_NO_VALIDATED_RULE
P000728,inflammation_anemia,2.8858795812964732e-05,0,against,agree_negative,0.9999711412041871,high,0,1,0,CRP|serum_iron|TIBC|TSAT|sTfR,INFLAMMATION_NO_ANEMIA
P000729,iron_deficiency,0.0008918219199022,0,supports,conflict_ml_negative_rule_supports,0.64,low,3,1,1,sTfR,IRON_MULTIPLE_SUPPORT
P000729,B12_deficiency,8.994411477913295e-05,0,unknown,insufficient_clinical_evidence,0.84,moderate,0,0,4,active_B12|MMA|homocysteine,B12_TOTAL_NOT_LOW_BUT_NOT_EXCLUSION
P000729,folate_deficiency,0.0115348158279255,0,unknown,insufficient_clinical_evidence,0.84,moderate,0,0,1,,FOLATE_BORDERLINE
P000729,B6_deficiency,0.0449782956928977,0,unknown,insufficient_clinical_evidence,0.84,moderate,0,0,1,vitamin_B6,B6_NO_VALIDATED_RULE
P000729,copper_deficiency,1.2251408142121878e-09,0,unknown,insufficient_clinical_evidence,0.84,moderate,0,0,2,copper|ceruloplasmin,COPPER_NO_VALIDATED_RULE
P000729,inflammation_anemia,0.9999750943334555,1,supports,agree_positive,0.9999750943334555,high,3,0,1,sTfR,INFLAMMATION_PATTERN_SUPPORT
P000730,iron_deficiency,0.0603916650204311,0,unknown,insufficient_clinical_evidence,0.84,moderate,0,0,5,ferritin|TSAT|Ret_He|sTfR,IRON_INSUFFICIENT_OR_MIXED
P000730,B12_deficiency,0.0009201329211648,0,unknown,insufficient_clinical_evidence,0.84,moderate,0,0,4,vitamin_B12|active_B12|homocysteine,B12_NO_TOTAL_B12
P000730,folate_deficiency,0.0741297168368073,0,unknown,insufficient_clinical_evidence,0.84,moderate,0,0,1,,FOLATE_BORDERLINE
P000730,B6_deficiency,0.9601529081503372,1,unknown,insufficient_clinical_evidence,0.84,moderate,0,0,1,,B6_NO_VALIDATED_RULE
P000730,copper_deficiency,0.0051961330418056,0,unknown,insufficient_clinical_evidence,0.84,moderate,0,0,2,copper|ceruloplasmin,COPPER_NO_VALIDATED_RULE
P000730,inflammation_anemia,0.0001297473876743,0,against,agree_negative,0.9998702526123256,high,0,1,0,CRP|ferritin|serum_iron|TIBC|TSAT|sTfR,INFLAMMATION_NO_ANEMIA
P000731,iron_deficiency,0.9967917058959902,1,unknown,insufficient_clinical_evidence,0.84,moderate,1,0,4,TSAT|sTfR,IRON_INSUFFICIENT_OR_MIXED
P000731,B12_deficiency,0.0018132790361265,0,unknown,insufficient_clinical_evidence,0.84,moderate,0,0,4,vitamin_B12|active_B12|homocysteine,B12_NO_TOTAL_B12
P000731,folate_deficiency,0.1801486174481453,0,unknown,insufficient_clinical_evidence,0.8198513825518547,moderate,0,0,1,,FOLATE_BORDERLINE
P000731,B6_deficiency,0.0057609432032917,0,unknown,insufficient_clinical_evidence,0.84,moderate,0,0,1,vitamin_B6,B6_NO_VALIDATED_RULE
P000731,copper_deficiency,0.0059299191652219,0,unknown,insufficient_clinical_evidence,0.84,moderate,0,0,2,copper|ceruloplasmin,COPPER_NO_VALIDATED_RULE
P000731,inflammation_anemia,0.0001278352123748,0,unknown,insufficient_clinical_evidence,0.84,moderate,1,0,3,CRP|serum_iron|TIBC|TSAT|sTfR,INFLAMMATION_INCOMPLETE_OR_MIXED
P000732,iron_deficiency,0.0022987401178988,0,against,agree_negative,0.9977012598821012,high,0,2,3,Ret_He|sTfR,IRON_MULTIPLE_AGAINST
P000732,B12_deficiency,0.9998206453039618,1,supports,agree_positive,0.9998206453039618,high,1,0,3,,B12_LOW_TOTAL
P000732,folate_deficiency,0.4068801142563811,0,unknown,insufficient_clinical_evidence,0.5931198857436188,low,0,0,1,,FOLATE_BORDERLINE
P000732,B6_deficiency,0.0022756395586054,0,unknown,insufficient_clinical_evidence,0.84,moderate,0,0,1,vitamin_B6,B6_NO_VALIDATED_RULE
P000732,copper_deficiency,0.0061649862737284,0,unknown,insufficient_clinical_evidence,0.84,moderate,0,0,2,copper|ceruloplasmin,COPPER_NO_VALIDATED_RULE
P000732,inflammation_anemia,7.131017097171652e-06,0,against,agree_negative,0.9999928689829028,high,0,1,0,CRP|sTfR,INFLAMMATION_NO_ANEMIA
P000733,iron_deficiency,0.999981360793036,1,supports,agree_positive,0.999981360793036,high,4,0,1,Ret_He|sTfR,IRON_MULTIPLE_SUPPORT
P000733,B12_deficiency,0.2681727347575885,0,unknown,insufficient_clinical_evidence,0.7318272652424115,moderate,0,0,4,vitamin_B12|active_B12|MMA,B12_NO_TOTAL_B12
P000733,folate_deficiency,0.8740323324650116,1,supports,agree_positive,0.8740323324650116,high,1,0,0,,FOLATE_LOW
P000733,B6_deficiency,0.0006407153104681,0,unknown,insufficient_clinical_evidence,0.84,moderate,0,0,1,vitamin_B6,B6_NO_VALIDATED_RULE
P000733,copper_deficiency,5.608334907941184e-07,0,unknown,insufficient_clinical_evidence,0.84,moderate,0,0,2,copper|ceruloplasmin,COPPER_NO_VALIDATED_RULE
P000733,inflammation_anemia,2.3044159248684052e-05,0,unknown,insufficient_clinical_evidence,0.84,moderate,1,2,1,CRP|sTfR,INFLAMMATION_INCOMPLETE_OR_MIXED
P000734,iron_deficiency,0.0002761367104413,0,against,agree_negative,0.9997238632895586,high,0,2,3,ferritin|Ret_He,IRON_MULTIPLE_AGAINST
P000734,B12_deficiency,0.9903716547456978,1,unknown,insufficient_clinical_evidence,0.84,moderate,0,0,4,MMA,B12_TOTAL_NOT_LOW_BUT_NOT_EXCLUSION
P000734,folate_deficiency,0.0018946813348957,0,against,agree_negative,0.9981053186651043,high,0,1,0,,FOLATE_NOT_LOW
P000734,B6_deficiency,0.003085323556992,0,unknown,insufficient_clinical_evidence,0.84,moderate,0,0,1,vitamin_B6,B6_NO_VALIDATED_RULE
P000734,copper_deficiency,2.42622255002325e-06,0,unknown,insufficient_clinical_evidence,0.84,moderate,0,0,2,ceruloplasmin,COPPER_NO_VALIDATED_RULE
P000734,inflammation_anemia,0.0002843310876012,0,unknown,insufficient_clinical_evidence,0.84,moderate,1,1,2,ferritin,INFLAMMATION_INCOMPLETE_OR_MIXED
P000735,iron_deficiency,5.1747441106127e-05,0,against,agree_negative,0.9999482525588939,high,0,4,1,sTfR,IRON_MULTIPLE_AGAINST
P000735,B12_deficiency,0.0028155589887653,0,unknown,insufficient_clinical_evidence,0.84,moderate,0,0,4,vitamin_B12|active_B12|homocysteine,B12_NO_TOTAL_B12
P000735,folate_deficiency,0.92074064749994,1,supports,agree_positive,0.92074064749994,high,1,0,0,,FOLATE_LOW
P000735,B6_deficiency,0.0120241909931055,0,unknown,insufficient_clinical_evidence,0.84,moderate,0,0,1,vitamin_B6,B6_NO_VALIDATED_RULE
P000735,copper_deficiency,0.0015944859374338,0,unknown,insufficient_clinical_evidence,0.84,moderate,0,0,2,copper|ceruloplasmin,COPPER_NO_VALIDATED_RULE
P000735,inflammation_anemia,4.761449113155118e-05,0,against,agree_negative,0.9999523855088684,high,0,1,0,sTfR,INFLAMMATION_NO_ANEMIA
P000736,iron_deficiency,0.9998572764311966,1,supports,agree_positive,0.9998572764311966,high,2,1,2,Ret_He|sTfR,IRON_MULTIPLE_SUPPORT
P000736,B12_deficiency,0.0142001304912951,0,unknown,insufficient_clinical_evidence,0.84,moderate,0,0,4,vitamin_B12|active_B12|MMA|homocysteine,B12_NO_TOTAL_B12
P000736,folate_deficiency,0.0005301601494798,0,against,agree_negative,0.9994698398505202,high,0,1,0,,FOLATE_NOT_LOW
P000736,B6_deficiency,0.0006624385748631,0,unknown,insufficient_clinical_evidence,0.84,moderate,0,0,1,vitamin_B6,B6_NO_VALIDATED_RULE
P000736,copper_deficiency,6.432977275888507e-05,0,unknown,insufficient_clinical_evidence,0.84,moderate,0,0,2,copper|ceruloplasmin,COPPER_NO_VALIDATED_RULE
P000736,inflammation_anemia,0.0004366538671873,0,unknown,insufficient_clinical_evidence,0.84,moderate,1,2,1,sTfR,INFLAMMATION_INCOMPLETE_OR_MIXED
P000737,iron_deficiency,0.0004925439140231,0,supports,conflict_ml_negative_rule_supports,0.64,low,3,1,1,CRP,IRON_MULTIPLE_SUPPORT
P000737,B12_deficiency,0.0125910667006064,0,unknown,insufficient_clinical_evidence,0.84,moderate,0,0,4,vitamin_B12|active_B12|MMA|homocysteine,B12_NO_TOTAL_B12
P000737,folate_deficiency,0.0071020657080119,0,against,agree_negative,0.9928979342919881,high,0,1,0,,FOLATE_NOT_LOW
P000737,B6_deficiency,0.0030168875084344,0,unknown,insufficient_clinical_evidence,0.84,moderate,0,0,1,,B6_NO_VALIDATED_RULE
P000737,copper_deficiency,0.0041248514306427,0,unknown,insufficient_clinical_evidence,0.84,moderate,0,0,2,copper|ceruloplasmin,COPPER_NO_VALIDATED_RULE
P000737,inflammation_anemia,0.980934939258614,1,supports,agree_positive,0.980934939258614,high,3,0,1,CRP,INFLAMMATION_PATTERN_SUPPORT
P000738,iron_deficiency,0.9999702336142716,1,supports,agree_positive,0.9999702336142716,high,5,0,0,sTfR,IRON_MULTIPLE_SUPPORT
P000738,B12_deficiency,0.0610886632894084,0,unknown,insufficient_clinical_evidence,0.84,moderate,0,0,4,active_B12|MMA|homocysteine,B12_TOTAL_NOT_LOW_BUT_NOT_EXCLUSION
P000738,folate_deficiency,0.0003068059837566,0,against,agree_negative,0.9996931940162433,high,0,1,0,,FOLATE_NOT_LOW
P000738,B6_deficiency,0.0253757507179554,0,unknown,insufficient_clinical_evidence,0.84,moderate,0,0,1,,B6_NO_VALIDATED_RULE
P000738,copper_deficiency,0.0013927378444489,0,unknown,insufficient_clinical_evidence,0.84,moderate,0,0,2,copper,COPPER_NO_VALIDATED_RULE
P000738,inflammation_anemia,0.0006379861509736,0,unknown,insufficient_clinical_evidence,0.84,moderate,1,2,1,CRP|sTfR,INFLAMMATION_INCOMPLETE_OR_MIXED
P000739,iron_deficiency,0.9999537318684708,1,supports,agree_positive,0.9999537318684708,high,4,0,1,,IRON_MULTIPLE_SUPPORT
P000739,B12_deficiency,0.0001021711712631,0,unknown,insufficient_clinical_evidence,0.84,moderate,0,0,4,active_B12|MMA,B12_TOTAL_NOT_LOW_BUT_NOT_EXCLUSION
P000739,folate_deficiency,0.0137423129192429,0,unknown,insufficient_clinical_evidence,0.84,moderate,0,0,1,folate,FOLATE_MISSING
P000739,B6_deficiency,0.0018018966345927,0,unknown,insufficient_clinical_evidence,0.84,moderate,0,0,1,vitamin_B6,B6_NO_VALIDATED_RULE
P000739,copper_deficiency,0.003977675413026,0,unknown,insufficient_clinical_evidence,0.84,moderate,0,0,2,copper|ceruloplasmin,COPPER_NO_VALIDATED_RULE
P000739,inflammation_anemia,0.0001078272080796,0,unknown,insufficient_clinical_evidence,0.84,moderate,2,1,1,CRP,INFLAMMATION_INCOMPLETE_OR_MIXED
P000740,iron_deficiency,7.414888961850066e-05,0,against,agree_negative,0.9999258511103815,high,0,2,3,TSAT|sTfR,IRON_MULTIPLE_AGAINST
P000740,B12_deficiency,0.9980820998004172,1,unknown,insufficient_clinical_evidence,0.84,moderate,0,0,4,active_B12|MMA,B12_TOTAL_NOT_LOW_BUT_NOT_EXCLUSION
P000740,folate_deficiency,0.6120856448273873,1,unknown,insufficient_clinical_evidence,0.6120856448273873,low,0,0,1,,FOLATE_BORDERLINE
P000740,B6_deficiency,0.0002722126246588,0,unknown,insufficient_clinical_evidence,0.84,moderate,0,0,1,vitamin_B6,B6_NO_VALIDATED_RULE
P000740,copper_deficiency,0.0025490993250328,0,unknown,insufficient_clinical_evidence,0.84,moderate,0,0,2,ceruloplasmin,COPPER_NO_VALIDATED_RULE
P000740,inflammation_anemia,0.0001152234820985,0,unknown,insufficient_clinical_evidence,0.84,moderate,1,0,3,serum_iron|TIBC|TSAT|sTfR,INFLAMMATION_INCOMPLETE_OR_MIXED
P000741,iron_deficiency,0.0029148665320798,0,unknown,insufficient_clinical_evidence,0.84,moderate,0,1,4,ferritin|TSAT,IRON_INSUFFICIENT_OR_MIXED
P000741,B12_deficiency,0.000384886812322,0,unknown,insufficient_clinical_evidence,0.84,moderate,0,0,4,vitamin_B12|active_B12,B12_NO_TOTAL_B12
P000741,folate_deficiency,0.0085890405066671,0,unknown,insufficient_clinical_evidence,0.84,moderate,0,0,1,,FOLATE_BORDERLINE
P000741,B6_deficiency,0.0330371817807059,0,unknown,insufficient_clinical_evidence,0.84,moderate,0,0,1,,B6_NO_VALIDATED_RULE
P000741,copper_deficiency,0.0041546621215627,0,unknown,insufficient_clinical_evidence,0.84,moderate,0,0,2,copper|ceruloplasmin,COPPER_NO_VALIDATED_RULE
P000741,inflammation_anemia,0.0018221645103524,0,against,agree_negative,0.9981778354896476,high,0,1,0,ferritin|serum_iron|TIBC|TSAT,INFLAMMATION_NO_ANEMIA
P000742,iron_deficiency,0.0013931566603119,0,unknown,insufficient_clinical_evidence,0.84,moderate,0,1,4,ferritin|TSAT|sTfR,IRON_INSUFFICIENT_OR_MIXED
P000742,B12_deficiency,0.0007798939421686,0,unknown,insufficient_clinical_evidence,0.84,moderate,0,0,4,vitamin_B12|active_B12|homocysteine,B12_NO_TOTAL_B12
P000742,folate_deficiency,0.0062706466859283,0,unknown,insufficient_clinical_evidence,0.84,moderate,0,0,1,folate,FOLATE_MISSING
P000742,B6_deficiency,0.0034708350450405,0,unknown,insufficient_clinical_evidence,0.84,moderate,0,0,1,vitamin_B6,B6_NO_VALIDATED_RULE
P000742,copper_deficiency,0.0003172185496067,0,unknown,insufficient_clinical_evidence,0.84,moderate,0,0,2,copper|ceruloplasmin,COPPER_NO_VALIDATED_RULE
P000742,inflammation_anemia,0.0002104038660234,0,against,agree_negative,0.9997895961339766,high,0,1,0,ferritin|serum_iron|TIBC|TSAT|sTfR,INFLAMMATION_NO_ANEMIA
P000743,iron_deficiency,0.9999225824535238,1,supports,agree_positive,0.9999225824535238,high,3,0,2,Ret_He,IRON_MULTIPLE_SUPPORT
P000743,B12_deficiency,0.0031364880473956,0,unknown,insufficient_clinical_evidence,0.84,moderate,0,0,4,active_B12|MMA|homocysteine,B12_TOTAL_NOT_LOW_BUT_NOT_EXCLUSION
P000743,folate_deficiency,0.0096159809488276,0,unknown,insufficient_clinical_evidence,0.84,moderate,0,0,1,folate,FOLATE_MISSING
P000743,B6_deficiency,0.0214659662125954,0,unknown,insufficient_clinical_evidence,0.84,moderate,0,0,1,vitamin_B6,B6_NO_VALIDATED_RULE
P000743,copper_deficiency,0.000373557614366,0,unknown,insufficient_clinical_evidence,0.84,moderate,0,0,2,copper|ceruloplasmin,COPPER_NO_VALIDATED_RULE
P000743,inflammation_anemia,0.0005774621955822,0,against,agree_negative,0.9994225378044178,high,0,1,0,CRP,INFLAMMATION_NO_ANEMIA
P000744,iron_deficiency,0.999718137462904,1,supports,agree_positive,0.999718137462904,high,3,1,1,,IRON_MULTIPLE_SUPPORT
P000744,B12_deficiency,0.9766423359688864,1,unknown,insufficient_clinical_evidence,0.84,moderate,0,0,4,active_B12|MMA,B12_TOTAL_NOT_LOW_BUT_NOT_EXCLUSION
P000744,folate_deficiency,0.0077246857085687,0,against,agree_negative,0.9922753142914313,high,0,1,0,,FOLATE_NOT_LOW
P000744,B6_deficiency,0.0124889870499636,0,unknown,insufficient_clinical_evidence,0.84,moderate,0,0,1,vitamin_B6,B6_NO_VALIDATED_RULE
P000744,copper_deficiency,0.007151054267849,0,unknown,insufficient_clinical_evidence,0.84,moderate,0,0,2,copper|ceruloplasmin,COPPER_NO_VALIDATED_RULE
P000744,inflammation_anemia,0.0028368694667292,0,supports,conflict_ml_negative_rule_supports,0.64,low,3,0,1,,INFLAMMATION_PATTERN_SUPPORT
P000745,iron_deficiency,0.0184388893023041,0,against,agree_negative,0.9815611106976959,high,0,3,2,Ret_He|sTfR,IRON_MULTIPLE_AGAINST
P000745,B12_deficiency,0.99978748627691,1,unknown,insufficient_clinical_evidence,0.84,moderate,0,0,4,homocysteine,B12_TOTAL_NOT_LOW_BUT_NOT_EXCLUSION
P000745,folate_deficiency,0.0731960385106867,0,unknown,insufficient_clinical_evidence,0.84,moderate,0,0,1,folate,FOLATE_MISSING
P000745,B6_deficiency,0.0041676906593619,0,unknown,insufficient_clinical_evidence,0.84,moderate,0,0,1,vitamin_B6,B6_NO_VALIDATED_RULE
P000745,copper_deficiency,0.0049570887245917,0,unknown,insufficient_clinical_evidence,0.84,moderate,0,0,2,copper|ceruloplasmin,COPPER_NO_VALIDATED_RULE
P000745,inflammation_anemia,6.429013439987778e-05,0,unknown,insufficient_clinical_evidence,0.84,moderate,2,1,1,CRP|sTfR,INFLAMMATION_INCOMPLETE_OR_MIXED
P000746,iron_deficiency,0.000478926433553,0,against,agree_negative,0.999521073566447,high,0,2,3,ferritin|Ret_He,IRON_MULTIPLE_AGAINST
P000746,B12_deficiency,0.0003476257637828,0,unknown,insufficient_clinical_evidence,0.84,moderate,0,0,4,active_B12|homocysteine,B12_TOTAL_NOT_LOW_BUT_NOT_EXCLUSION
P000746,folate_deficiency,0.2481142193112365,0,unknown,insufficient_clinical_evidence,0.7518857806887635,moderate,0,0,1,folate,FOLATE_MISSING
P000746,B6_deficiency,0.0017839311551287,0,unknown,insufficient_clinical_evidence,0.84,moderate,0,0,1,,B6_NO_VALIDATED_RULE
P000746,copper_deficiency,0.0063485761623329,0,unknown,insufficient_clinical_evidence,0.84,moderate,0,0,2,copper|ceruloplasmin,COPPER_NO_VALIDATED_RULE
P000746,inflammation_anemia,0.0009510465393718,0,unknown,insufficient_clinical_evidence,0.84,moderate,1,1,2,ferritin,INFLAMMATION_INCOMPLETE_OR_MIXED
P000747,iron_deficiency,0.9993071236557516,1,supports,agree_positive,0.9993071236557516,high,2,0,3,TSAT|sTfR,IRON_MULTIPLE_SUPPORT
P000747,B12_deficiency,0.0006833024997939,0,unknown,insufficient_clinical_evidence,0.84,moderate,0,0,4,active_B12|MMA|homocysteine,B12_TOTAL_NOT_LOW_BUT_NOT_EXCLUSION
P000747,folate_deficiency,0.9173241976786052,1,supports,agree_positive,0.9173241976786052,high,1,0,0,,FOLATE_LOW
P000747,B6_deficiency,0.0071093960098784,0,unknown,insufficient_clinical_evidence,0.84,moderate,0,0,1,vitamin_B6,B6_NO_VALIDATED_RULE
P000747,copper_deficiency,0.0011062690874214,0,unknown,insufficient_clinical_evidence,0.84,moderate,0,0,2,copper|ceruloplasmin,COPPER_NO_VALIDATED_RULE
P000747,inflammation_anemia,0.0006298989471966,0,unknown,insufficient_clinical_evidence,0.84,moderate,0,1,3,serum_iron|TIBC|TSAT|sTfR,INFLAMMATION_INCOMPLETE_OR_MIXED
P000748,iron_deficiency,0.0008034225666266,0,against,agree_negative,0.9991965774333734,high,0,3,2,Ret_He|sTfR,IRON_MULTIPLE_AGAINST
P000748,B12_deficiency,0.0971552420469164,0,unknown,insufficient_clinical_evidence,0.84,moderate,0,0,4,active_B12|MMA|homocysteine,B12_TOTAL_NOT_LOW_BUT_NOT_EXCLUSION
P000748,folate_deficiency,0.0004605213876166,0,against,agree_negative,0.9995394786123833,high,0,1,0,,FOLATE_NOT_LOW
P000748,B6_deficiency,0.0959326186258995,0,unknown,insufficient_clinical_evidence,0.84,moderate,0,0,1,vitamin_B6,B6_NO_VALIDATED_RULE
P000748,copper_deficiency,1.3343458004967958e-07,0,unknown,insufficient_clinical_evidence,0.84,moderate,0,0,2,copper|ceruloplasmin,COPPER_NO_VALIDATED_RULE
P000748,inflammation_anemia,0.0022936339927975,0,unknown,insufficient_clinical_evidence,0.84,moderate,2,1,1,sTfR,INFLAMMATION_INCOMPLETE_OR_MIXED
P000749,iron_deficiency,0.0051314861862149,0,unknown,insufficient_clinical_evidence,0.84,moderate,0,1,4,ferritin|TSAT,IRON_INSUFFICIENT_OR_MIXED
P000749,B12_deficiency,0.0005436653425293,0,unknown,insufficient_clinical_evidence,0.84,moderate,0,0,4,vitamin_B12|active_B12,B12_NO_TOTAL_B12
P000749,folate_deficiency,0.0064065317042329,0,unknown,insufficient_clinical_evidence,0.84,moderate,0,0,1,folate,FOLATE_MISSING
P000749,B6_deficiency,0.9579816675503028,1,unknown,insufficient_clinical_evidence,0.84,moderate,0,0,1,,B6_NO_VALIDATED_RULE
P000749,copper_deficiency,0.0041004751571967,0,unknown,insufficient_clinical_evidence,0.84,moderate,0,0,2,copper|ceruloplasmin,COPPER_NO_VALIDATED_RULE
P000749,inflammation_anemia,0.0001723489075154,0,against,agree_negative,0.9998276510924846,high,0,1,0,ferritin|serum_iron|TIBC|TSAT,INFLAMMATION_NO_ANEMIA
P000750,iron_deficiency,0.0002060892239986,0,against,agree_negative,0.9997939107760014,high,0,3,2,Ret_He|sTfR,IRON_MULTIPLE_AGAINST
P000750,B12_deficiency,0.9999872202013302,1,supports,agree_positive,0.9999872202013302,high,1,0,3,,B12_LOW_TOTAL
P000750,folate_deficiency,0.1324032742542517,0,unknown,insufficient_clinical_evidence,0.84,moderate,0,0,1,folate,FOLATE_MISSING
P000750,B6_deficiency,0.0080673127380662,0,unknown,insufficient_clinical_evidence,0.84,moderate,0,0,1,vitamin_B6,B6_NO_VALIDATED_RULE
P000750,copper_deficiency,0.0007471395346576,0,unknown,insufficient_clinical_evidence,0.84,moderate,0,0,2,copper|ceruloplasmin,COPPER_NO_VALIDATED_RULE
P000750,inflammation_anemia,5.597360652821169e-05,0,unknown,insufficient_clinical_evidence,0.84,moderate,2,1,1,CRP|sTfR,INFLAMMATION_INCOMPLETE_OR_MIXED
P000751,iron_deficiency,0.000639926857623,0,unknown,insufficient_clinical_evidence,0.84,moderate,0,1,4,ferritin|TSAT|sTfR,IRON_INSUFFICIENT_OR_MIXED
P000751,B12_deficiency,0.0067891185084703,0,unknown,insufficient_clinical_evidence,0.84,moderate,0,0,4,vitamin_B12|active_B12|MMA|homocysteine,B12_NO_TOTAL_B12
P000751,folate_deficiency,0.0130190871423495,0,unknown,insufficient_clinical_evidence,0.84,moderate,0,0,1,,FOLATE_BORDERLINE
P000751,B6_deficiency,0.0002234594987013,0,unknown,insufficient_clinical_evidence,0.84,moderate,0,0,1,vitamin_B6,B6_NO_VALIDATED_RULE
P000751,copper_deficiency,3.2483322072156405e-06,0,unknown,insufficient_clinical_evidence,0.84,moderate,0,0,2,copper|ceruloplasmin,COPPER_NO_VALIDATED_RULE
P000751,inflammation_anemia,0.0004783433937683,0,against,agree_negative,0.9995216566062317,high,0,1,0,ferritin|serum_iron|TIBC|TSAT|sTfR,INFLAMMATION_NO_ANEMIA
P000752,iron_deficiency,0.0402093731315009,0,unknown,insufficient_clinical_evidence,0.84,moderate,0,0,5,ferritin|TSAT|Ret_He,IRON_INSUFFICIENT_OR_MIXED
P000752,B12_deficiency,0.0011469797054138,0,unknown,insufficient_clinical_evidence,0.84,moderate,0,0,4,active_B12|MMA|homocysteine,B12_TOTAL_NOT_LOW_BUT_NOT_EXCLUSION
P000752,folate_deficiency,0.4981066269131295,1,supports,agree_positive,0.4981066269131295,low,1,0,0,,FOLATE_LOW
P000752,B6_deficiency,0.0054854434132131,0,unknown,insufficient_clinical_evidence,0.84,moderate,0,0,1,vitamin_B6,B6_NO_VALIDATED_RULE
P000752,copper_deficiency,0.0062753958330062,0,unknown,insufficient_clinical_evidence,0.84,moderate,0,0,2,copper|ceruloplasmin,COPPER_NO_VALIDATED_RULE
P000752,inflammation_anemia,2.360739596293321e-05,0,unknown,insufficient_clinical_evidence,0.84,moderate,0,0,4,ferritin|serum_iron|TIBC|TSAT,INFLAMMATION_INCOMPLETE_OR_MIXED
P000753,iron_deficiency,0.9998844026503508,1,supports,agree_positive,0.9998844026503508,high,3,0,2,Ret_He,IRON_MULTIPLE_SUPPORT
P000753,B12_deficiency,0.0001393076745144,0,unknown,insufficient_clinical_evidence,0.84,moderate,0,0,4,vitamin_B12|homocysteine,B12_NO_TOTAL_B12
P000753,folate_deficiency,0.0596261902342382,0,unknown,insufficient_clinical_evidence,0.84,moderate,0,0,1,folate,FOLATE_MISSING
P000753,B6_deficiency,0.001999128956447,0,unknown,insufficient_clinical_evidence,0.84,moderate,0,0,1,vitamin_B6,B6_NO_VALIDATED_RULE
P000753,copper_deficiency,0.003780650531635,0,unknown,insufficient_clinical_evidence,0.84,moderate,0,0,2,copper|ceruloplasmin,COPPER_NO_VALIDATED_RULE
P000753,inflammation_anemia,0.0007600797924003,0,unknown,insufficient_clinical_evidence,0.84,moderate,2,1,1,,INFLAMMATION_INCOMPLETE_OR_MIXED
P000754,iron_deficiency,0.9999903520586032,1,supports,agree_positive,0.9999903520586032,high,3,0,2,Ret_He|sTfR,IRON_MULTIPLE_SUPPORT
P000754,B12_deficiency,0.0002314391105259,0,unknown,insufficient_clinical_evidence,0.84,moderate,0,0,4,vitamin_B12|active_B12|homocysteine,B12_NO_TOTAL_B12
P000754,folate_deficiency,0.0113033215966971,0,unknown,insufficient_clinical_evidence,0.84,moderate,0,0,1,folate,FOLATE_MISSING
P000754,B6_deficiency,0.0002353992003127,0,unknown,insufficient_clinical_evidence,0.84,moderate,0,0,1,vitamin_B6,B6_NO_VALIDATED_RULE
P000754,copper_deficiency,0.0015527769302997,0,unknown,insufficient_clinical_evidence,0.84,moderate,0,0,2,copper|ceruloplasmin,COPPER_NO_VALIDATED_RULE
P000754,inflammation_anemia,0.0004459499451346,0,against,agree_negative,0.9995540500548654,high,0,1,0,CRP|sTfR,INFLAMMATION_NO_ANEMIA
P000755,iron_deficiency,0.9979910319527698,1,unknown,insufficient_clinical_evidence,0.84,moderate,1,0,4,TSAT|Ret_He|sTfR,IRON_INSUFFICIENT_OR_MIXED
P000755,B12_deficiency,0.002985615310628,0,unknown,insufficient_clinical_evidence,0.84,moderate,0,0,4,vitamin_B12|active_B12|MMA,B12_NO_TOTAL_B12
P000755,folate_deficiency,0.0182486152132426,0,unknown,insufficient_clinical_evidence,0.84,moderate,0,0,1,folate,FOLATE_MISSING
P000755,B6_deficiency,0.0046983246643177,0,unknown,insufficient_clinical_evidence,0.84,moderate,0,0,1,vitamin_B6,B6_NO_VALIDATED_RULE
P000755,copper_deficiency,0.0010879743647772,0,unknown,insufficient_clinical_evidence,0.84,moderate,0,0,2,copper|ceruloplasmin,COPPER_NO_VALIDATED_RULE
P000755,inflammation_anemia,0.0001143772356811,0,unknown,insufficient_clinical_evidence,0.84,moderate,0,1,3,CRP|serum_iron|TIBC|TSAT|sTfR,INFLAMMATION_INCOMPLETE_OR_MIXED
P000756,iron_deficiency,0.0001022302816505,0,unknown,insufficient_clinical_evidence,0.84,moderate,1,1,3,TSAT|sTfR,IRON_INSUFFICIENT_OR_MIXED
P000756,B12_deficiency,0.0204143400925686,0,unknown,insufficient_clinical_evidence,0.84,moderate,0,0,4,vitamin_B12|active_B12|MMA|homocysteine,B12_NO_TOTAL_B12
P000756,folate_deficiency,0.167960417638379,0,unknown,insufficient_clinical_evidence,0.832039582361621,moderate,0,0,1,folate,FOLATE_MISSING
P000756,B6_deficiency,0.0003187138263238,0,unknown,insufficient_clinical_evidence,0.84,moderate,0,0,1,vitamin_B6,B6_NO_VALIDATED_RULE
P000756,copper_deficiency,0.0098443773891892,0,unknown,insufficient_clinical_evidence,0.84,moderate,0,0,2,copper|ceruloplasmin,COPPER_NO_VALIDATED_RULE
P000756,inflammation_anemia,0.0022560177754077,0,unknown,insufficient_clinical_evidence,0.84,moderate,1,0,3,serum_iron|TIBC|TSAT|sTfR,INFLAMMATION_INCOMPLETE_OR_MIXED
P000757,iron_deficiency,4.624951140875244e-05,0,against,agree_negative,0.9999537504885913,high,0,3,2,ferritin|Ret_He|sTfR,IRON_MULTIPLE_AGAINST
P000757,B12_deficiency,0.001214319837591,0,unknown,insufficient_clinical_evidence,0.84,moderate,0,0,4,active_B12|MMA,B12_TOTAL_NOT_LOW_BUT_NOT_EXCLUSION
P000757,folate_deficiency,0.0892417587349966,0,unknown,insufficient_clinical_evidence,0.84,moderate,0,0,1,folate,FOLATE_MISSING
P000757,B6_deficiency,0.0003405365485094,0,unknown,insufficient_clinical_evidence,0.84,moderate,0,0,1,vitamin_B6,B6_NO_VALIDATED_RULE
P000757,copper_deficiency,0.0085012687804659,0,unknown,insufficient_clinical_evidence,0.84,moderate,0,0,2,copper|ceruloplasmin,COPPER_NO_VALIDATED_RULE
P000757,inflammation_anemia,0.0020687348893117,0,against,agree_negative,0.9979312651106883,high,0,1,0,CRP|ferritin|sTfR,INFLAMMATION_NO_ANEMIA
P000758,iron_deficiency,0.9999967199538622,1,supports,agree_positive,0.9999967199538622,high,3,0,2,Ret_He,IRON_MULTIPLE_SUPPORT
P000758,B12_deficiency,0.004813200883735,0,unknown,insufficient_clinical_evidence,0.84,moderate,0,0,4,active_B12|MMA,B12_TOTAL_NOT_LOW_BUT_NOT_EXCLUSION
P000758,folate_deficiency,0.96069408981001,1,supports,agree_positive,0.96069408981001,high,1,0,0,,FOLATE_LOW
P000758,B6_deficiency,0.0013668396595312,0,unknown,insufficient_clinical_evidence,0.84,moderate,0,0,1,vitamin_B6,B6_NO_VALIDATED_RULE
P000758,copper_deficiency,0.0065007084605753,0,unknown,insufficient_clinical_evidence,0.84,moderate,0,0,2,copper|ceruloplasmin,COPPER_NO_VALIDATED_RULE
P000758,inflammation_anemia,4.295100728657191e-05,0,unknown,insufficient_clinical_evidence,0.84,moderate,2,1,1,,INFLAMMATION_INCOMPLETE_OR_MIXED
P000759,iron_deficiency,0.001017790085563,0,against,agree_negative,0.998982209914437,high,0,3,2,Ret_He,IRON_MULTIPLE_AGAINST
P000759,B12_deficiency,0.0099785042695548,0,unknown,insufficient_clinical_evidence,0.84,moderate,0,0,4,vitamin_B12|active_B12|MMA|homocysteine,B12_NO_TOTAL_B12
P000759,folate_deficiency,0.0012208203966015,0,against,agree_negative,0.9987791796033985,high,0,1,0,,FOLATE_NOT_LOW
P000759,B6_deficiency,0.0030699046533157,0,unknown,insufficient_clinical_evidence,0.84,moderate,0,0,1,vitamin_B6,B6_NO_VALIDATED_RULE
P000759,copper_deficiency,2.0889106853186047e-10,0,unknown,insufficient_clinical_evidence,0.84,moderate,0,0,2,copper|ceruloplasmin,COPPER_NO_VALIDATED_RULE
P000759,inflammation_anemia,0.0001281872914605,0,unknown,insufficient_clinical_evidence,0.84,moderate,2,1,1,CRP,INFLAMMATION_INCOMPLETE_OR_MIXED
P000760,iron_deficiency,8.423176086061549e-05,0,against,agree_negative,0.9999157682391394,high,0,3,2,Ret_He|sTfR,IRON_MULTIPLE_AGAINST
P000760,B12_deficiency,0.0027747044254224,0,unknown,insufficient_clinical_evidence,0.84,moderate,0,0,4,vitamin_B12|active_B12|MMA,B12_NO_TOTAL_B12
P000760,folate_deficiency,0.0385264497801567,0,unknown,insufficient_clinical_evidence,0.84,moderate,0,0,1,folate,FOLATE_MISSING
P000760,B6_deficiency,0.000570526584714,0,unknown,insufficient_clinical_evidence,0.84,moderate,0,0,1,vitamin_B6,B6_NO_VALIDATED_RULE
P000760,copper_deficiency,0.0001478887331271,0,unknown,insufficient_clinical_evidence,0.84,moderate,0,0,2,copper|ceruloplasmin,COPPER_NO_VALIDATED_RULE
P000760,inflammation_anemia,7.062166860249604e-05,0,against,agree_negative,0.9999293783313975,high,0,1,0,sTfR,INFLAMMATION_NO_ANEMIA
P000761,iron_deficiency,0.2240641129314558,0,unknown,insufficient_clinical_evidence,0.7759358870685442,moderate,0,1,4,TSAT|Ret_He|sTfR,IRON_INSUFFICIENT_OR_MIXED
P000761,B12_deficiency,0.0002114465775122,0,unknown,insufficient_clinical_evidence,0.84,moderate,0,0,4,vitamin_B12|homocysteine,B12_NO_TOTAL_B12
P000761,folate_deficiency,0.0996895156936791,0,unknown,insufficient_clinical_evidence,0.84,moderate,0,0,1,folate,FOLATE_MISSING
P000761,B6_deficiency,0.002243042391924,0,unknown,insufficient_clinical_evidence,0.84,moderate,0,0,1,vitamin_B6,B6_NO_VALIDATED_RULE
P000761,copper_deficiency,0.0040500319675764,0,unknown,insufficient_clinical_evidence,0.84,moderate,0,0,2,copper|ceruloplasmin,COPPER_NO_VALIDATED_RULE
P000761,inflammation_anemia,0.0001704519588378,0,against,agree_negative,0.9998295480411622,high,0,1,0,serum_iron|TIBC|TSAT|sTfR,INFLAMMATION_NO_ANEMIA
P000762,iron_deficiency,0.0002267476535662,0,against,agree_negative,0.9997732523464338,high,0,4,1,sTfR,IRON_MULTIPLE_AGAINST
P000762,B12_deficiency,0.0004795749081213,0,unknown,insufficient_clinical_evidence,0.84,moderate,0,0,4,vitamin_B12|MMA|homocysteine,B12_NO_TOTAL_B12
P000762,folate_deficiency,0.9878227964382053,1,supports,agree_positive,0.9878227964382053,high,1,0,0,,FOLATE_LOW
P000762,B6_deficiency,0.0004860827278268,0,unknown,insufficient_clinical_evidence,0.84,moderate,0,0,1,vitamin_B6,B6_NO_VALIDATED_RULE
P000762,copper_deficiency,0.0038567121733182,0,unknown,insufficient_clinical_evidence,0.84,moderate,0,0,2,copper|ceruloplasmin,COPPER_NO_VALIDATED_RULE
P000762,inflammation_anemia,0.0001563676017912,0,against,agree_negative,0.9998436323982088,high,0,1,0,sTfR,INFLAMMATION_NO_ANEMIA
P000763,iron_deficiency,0.9999890189434506,1,supports,agree_positive,0.9999890189434506,high,2,0,3,Ret_He,IRON_MULTIPLE_SUPPORT
P000763,B12_deficiency,0.9998769027555282,1,unknown,insufficient_clinical_evidence,0.84,moderate,0,0,4,,B12_TOTAL_NOT_LOW_BUT_NOT_EXCLUSION
P000763,folate_deficiency,0.1449994765519041,0,unknown,insufficient_clinical_evidence,0.84,moderate,0,0,1,folate,FOLATE_MISSING
P000763,B6_deficiency,0.0007347651558903,0,unknown,insufficient_clinical_evidence,0.84,moderate,0,0,1,vitamin_B6,B6_NO_VALIDATED_RULE
P000763,copper_deficiency,7.389987514546757e-05,0,unknown,insufficient_clinical_evidence,0.84,moderate,0,0,2,copper|ceruloplasmin,COPPER_NO_VALIDATED_RULE
P000763,inflammation_anemia,9.64376139906532e-06,0,supports,conflict_ml_negative_rule_supports,0.64,low,3,0,1,,INFLAMMATION_PATTERN_SUPPORT
P000764,iron_deficiency,0.0001161615173601,0,against,agree_negative,0.99988383848264,high,0,2,3,TSAT|sTfR,IRON_MULTIPLE_AGAINST
P000764,B12_deficiency,0.0017166649080022,0,unknown,insufficient_clinical_evidence,0.84,moderate,0,0,4,active_B12|MMA,B12_TOTAL_NOT_LOW_BUT_NOT_EXCLUSION
P000764,folate_deficiency,0.0017693654845615,0,against,agree_negative,0.9982306345154385,high,0,1,0,,FOLATE_NOT_LOW
P000764,B6_deficiency,0.0042688165090052,0,unknown,insufficient_clinical_evidence,0.84,moderate,0,0,1,vitamin_B6,B6_NO_VALIDATED_RULE
P000764,copper_deficiency,0.0012193145130764,0,unknown,insufficient_clinical_evidence,0.84,moderate,0,0,2,copper|ceruloplasmin,COPPER_NO_VALIDATED_RULE
P000764,inflammation_anemia,0.0006511864319799,0,unknown,insufficient_clinical_evidence,0.84,moderate,1,0,3,CRP|serum_iron|TIBC|TSAT|sTfR,INFLAMMATION_INCOMPLETE_OR_MIXED
P000765,iron_deficiency,0.9724985802392464,1,supports,agree_positive,0.9724985802392464,high,2,0,3,TSAT|sTfR,IRON_MULTIPLE_SUPPORT
P000765,B12_deficiency,0.0024574749150742,0,unknown,insufficient_clinical_evidence,0.84,moderate,0,0,4,vitamin_B12|active_B12|MMA|homocysteine,B12_NO_TOTAL_B12
P000765,folate_deficiency,0.016130718882896,0,unknown,insufficient_clinical_evidence,0.84,moderate,0,0,1,folate,FOLATE_MISSING
P000765,B6_deficiency,0.0171283208225251,0,unknown,insufficient_clinical_evidence,0.84,moderate,0,0,1,vitamin_B6,B6_NO_VALIDATED_RULE
P000765,copper_deficiency,3.8116953935696376e-10,0,unknown,insufficient_clinical_evidence,0.84,moderate,0,0,2,copper|ceruloplasmin,COPPER_NO_VALIDATED_RULE
P000765,inflammation_anemia,0.0001435813547072,0,against,agree_negative,0.9998564186452928,high,0,1,0,serum_iron|TIBC|TSAT|sTfR,INFLAMMATION_NO_ANEMIA
P000766,iron_deficiency,0.0001860041703026,0,supports,conflict_ml_negative_rule_supports,0.64,low,3,1,1,,IRON_MULTIPLE_SUPPORT
P000766,B12_deficiency,0.0006977669520324,0,unknown,insufficient_clinical_evidence,0.84,moderate,0,0,4,vitamin_B12|active_B12|homocysteine,B12_NO_TOTAL_B12
P000766,folate_deficiency,0.0059634151282314,0,unknown,insufficient_clinical_evidence,0.84,moderate,0,0,1,folate,FOLATE_MISSING
P000766,B6_deficiency,0.0084593853746099,0,unknown,insufficient_clinical_evidence,0.84,moderate,0,0,1,vitamin_B6,B6_NO_VALIDATED_RULE
P000766,copper_deficiency,0.0040771337591945,0,unknown,insufficient_clinical_evidence,0.84,moderate,0,0,2,copper|ceruloplasmin,COPPER_NO_VALIDATED_RULE
P000766,inflammation_anemia,0.9999795806684086,1,supports,agree_positive,0.9999795806684086,high,3,0,1,,INFLAMMATION_PATTERN_SUPPORT
P000767,iron_deficiency,0.0008808459025823,0,unknown,insufficient_clinical_evidence,0.84,moderate,0,0,5,ferritin|TSAT|Ret_He|sTfR,IRON_INSUFFICIENT_OR_MIXED
P000767,B12_deficiency,0.9431299730059984,1,unknown,insufficient_clinical_evidence,0.84,moderate,0,0,4,active_B12|MMA,B12_TOTAL_NOT_LOW_BUT_NOT_EXCLUSION
P000767,folate_deficiency,0.027464483527587,0,unknown,insufficient_clinical_evidence,0.84,moderate,0,0,1,folate,FOLATE_MISSING
P000767,B6_deficiency,0.0016154704452438,0,unknown,insufficient_clinical_evidence,0.84,moderate,0,0,1,vitamin_B6,B6_NO_VALIDATED_RULE
P000767,copper_deficiency,0.0041843213931177,0,unknown,insufficient_clinical_evidence,0.84,moderate,0,0,2,copper|ceruloplasmin,COPPER_NO_VALIDATED_RULE
P000767,inflammation_anemia,0.0005710832795912,0,against,agree_negative,0.9994289167204088,high,0,1,0,ferritin|serum_iron|TIBC|TSAT|sTfR,INFLAMMATION_NO_ANEMIA
P000768,iron_deficiency,9.32829416441106e-05,0,against,agree_negative,0.9999067170583559,high,0,2,3,TSAT,IRON_MULTIPLE_AGAINST
P000768,B12_deficiency,0.0732420632844048,0,unknown,insufficient_clinical_evidence,0.84,moderate,0,0,4,active_B12|MMA,B12_TOTAL_NOT_LOW_BUT_NOT_EXCLUSION
P000768,folate_deficiency,0.070425530457169,0,unknown,insufficient_clinical_evidence,0.84,moderate,0,0,1,folate,FOLATE_MISSING
P000768,B6_deficiency,0.0136882266083366,0,unknown,insufficient_clinical_evidence,0.84,moderate,0,0,1,vitamin_B6,B6_NO_VALIDATED_RULE
P000768,copper_deficiency,0.0002462028650838,0,unknown,insufficient_clinical_evidence,0.84,moderate,0,0,2,copper|ceruloplasmin,COPPER_NO_VALIDATED_RULE
P000768,inflammation_anemia,0.0009902055419475,0,against,agree_negative,0.9990097944580525,high,0,1,0,serum_iron|TIBC|TSAT,INFLAMMATION_NO_ANEMIA
P000769,iron_deficiency,2.710986854776213e-05,0,against,agree_negative,0.9999728901314522,high,0,4,1,,IRON_MULTIPLE_AGAINST
P000769,B12_deficiency,0.0065915036754742,0,unknown,insufficient_clinical_evidence,0.84,moderate,0,0,4,vitamin_B12|active_B12|MMA|homocysteine,B12_NO_TOTAL_B12
P000769,folate_deficiency,0.020325481704403,0,unknown,insufficient_clinical_evidence,0.84,moderate,0,0,1,folate,FOLATE_MISSING
P000769,B6_deficiency,0.3412193894648679,0,unknown,insufficient_clinical_evidence,0.6587806105351321,moderate,0,0,1,,B6_NO_VALIDATED_RULE
P000769,copper_deficiency,0.1292319282877354,0,unknown,insufficient_clinical_evidence,0.84,moderate,0,0,2,copper,COPPER_NO_VALIDATED_RULE
P000769,inflammation_anemia,0.0003156519456801,0,unknown,insufficient_clinical_evidence,0.84,moderate,2,1,1,,INFLAMMATION_INCOMPLETE_OR_MIXED
P000770,iron_deficiency,0.0001075431275012,0,against,agree_negative,0.9998924568724988,high,0,3,2,Ret_He|sTfR,IRON_MULTIPLE_AGAINST
P000770,B12_deficiency,0.0006819734709412,0,unknown,insufficient_clinical_evidence,0.84,moderate,0,0,4,vitamin_B12|active_B12|homocysteine,B12_NO_TOTAL_B12
P000770,folate_deficiency,0.0358957432976897,0,unknown,insufficient_clinical_evidence,0.84,moderate,0,0,1,,FOLATE_BORDERLINE
P000770,B6_deficiency,0.0045545305920048,0,unknown,insufficient_clinical_evidence,0.84,moderate,0,0,1,vitamin_B6,B6_NO_VALIDATED_RULE
P000770,copper_deficiency,0.0042873055856507,0,unknown,insufficient_clinical_evidence,0.84,moderate,0,0,2,copper|ceruloplasmin,COPPER_NO_VALIDATED_RULE
P000770,inflammation_anemia,1.705435753015733e-05,0,against,agree_negative,0.9999829456424698,high,0,1,0,sTfR,INFLAMMATION_NO_ANEMIA
P000771,iron_deficiency,8.224861877741917e-05,0,against,agree_negative,0.9999177513812226,high,0,3,2,Ret_He,IRON_MULTIPLE_AGAINST
P000771,B12_deficiency,0.0001715429554556,0,unknown,insufficient_clinical_evidence,0.84,moderate,0,0,4,active_B12|homocysteine,B12_TOTAL_NOT_LOW_BUT_NOT_EXCLUSION
P000771,folate_deficiency,0.0006172383824205,0,against,agree_negative,0.9993827616175796,high,0,1,0,,FOLATE_NOT_LOW
P000771,B6_deficiency,0.0779890397829983,0,unknown,insufficient_clinical_evidence,0.84,moderate,0,0,1,vitamin_B6,B6_NO_VALIDATED_RULE
P000771,copper_deficiency,0.0002931709447264,0,unknown,insufficient_clinical_evidence,0.84,moderate,0,0,2,copper|ceruloplasmin,COPPER_NO_VALIDATED_RULE
P000771,inflammation_anemia,0.00035685087456,0,against,agree_negative,0.99964314912544,high,0,1,0,CRP,INFLAMMATION_NO_ANEMIA
P000772,iron_deficiency,0.999817265154933,1,supports,agree_positive,0.999817265154933,high,4,0,1,Ret_He,IRON_MULTIPLE_SUPPORT
P000772,B12_deficiency,0.0358368115736022,0,unknown,insufficient_clinical_evidence,0.84,moderate,0,0,4,active_B12|homocysteine,B12_TOTAL_NOT_LOW_BUT_NOT_EXCLUSION
P000772,folate_deficiency,0.9227429192472048,1,supports,agree_positive,0.9227429192472048,high,1,0,0,,FOLATE_LOW
P000772,B6_deficiency,0.0028942676535559,0,unknown,insufficient_clinical_evidence,0.84,moderate,0,0,1,vitamin_B6,B6_NO_VALIDATED_RULE
P000772,copper_deficiency,0.0002392578572404,0,unknown,insufficient_clinical_evidence,0.84,moderate,0,0,2,copper,COPPER_NO_VALIDATED_RULE
P000772,inflammation_anemia,2.0237722774479383e-05,0,unknown,insufficient_clinical_evidence,0.84,moderate,1,2,1,,INFLAMMATION_INCOMPLETE_OR_MIXED
P000773,iron_deficiency,0.0021893428574213,0,unknown,insufficient_clinical_evidence,0.84,moderate,0,1,4,TSAT|Ret_He,IRON_INSUFFICIENT_OR_MIXED
P000773,B12_deficiency,0.0002026706058715,0,unknown,insufficient_clinical_evidence,0.84,moderate,0,0,4,active_B12|MMA|homocysteine,B12_TOTAL_NOT_LOW_BUT_NOT_EXCLUSION
P000773,folate_deficiency,0.2109369798345615,0,unknown,insufficient_clinical_evidence,0.7890630201654385,moderate,0,0,1,folate,FOLATE_MISSING
P000773,B6_deficiency,0.0056535821554696,0,unknown,insufficient_clinical_evidence,0.84,moderate,0,0,1,vitamin_B6,B6_NO_VALIDATED_RULE
P000773,copper_deficiency,0.0076539446915898,0,unknown,insufficient_clinical_evidence,0.84,moderate,0,0,2,copper|ceruloplasmin,COPPER_NO_VALIDATED_RULE
P000773,inflammation_anemia,0.0005517028863842,0,against,agree_negative,0.9994482971136158,high,0,1,0,CRP|serum_iron|TIBC|TSAT,INFLAMMATION_NO_ANEMIA
P000774,iron_deficiency,0.0020130618348063,0,unknown,insufficient_clinical_evidence,0.84,moderate,0,1,4,TSAT|Ret_He|sTfR,IRON_INSUFFICIENT_OR_MIXED
P000774,B12_deficiency,0.0038187495232158,0,unknown,insufficient_clinical_evidence,0.84,moderate,0,0,4,vitamin_B12|MMA|homocysteine,B12_NO_TOTAL_B12
P000774,folate_deficiency,0.7479508541176552,1,unknown,insufficient_clinical_evidence,0.7479508541176552,moderate,0,0,1,folate,FOLATE_MISSING
P000774,B6_deficiency,0.0077680844345028,0,unknown,insufficient_clinical_evidence,0.84,moderate,0,0,1,vitamin_B6,B6_NO_VALIDATED_RULE
P000774,copper_deficiency,0.0007320656760132,0,unknown,insufficient_clinical_evidence,0.84,moderate,0,0,2,copper|ceruloplasmin,COPPER_NO_VALIDATED_RULE
P000774,inflammation_anemia,6.435537513102367e-06,0,unknown,insufficient_clinical_evidence,0.84,moderate,1,0,3,serum_iron|TIBC|TSAT|sTfR,INFLAMMATION_INCOMPLETE_OR_MIXED
P000775,iron_deficiency,0.9999942312992568,1,supports,agree_positive,0.9999942312992568,high,4,0,1,Ret_He|sTfR,IRON_MULTIPLE_SUPPORT
P000775,B12_deficiency,8.368223730153738e-05,0,unknown,insufficient_clinical_evidence,0.84,moderate,0,0,4,active_B12,B12_TOTAL_NOT_LOW_BUT_NOT_EXCLUSION
P000775,folate_deficiency,0.0014823092919923,0,against,agree_negative,0.9985176907080077,high,0,1,0,,FOLATE_NOT_LOW
P000775,B6_deficiency,0.0059896026681213,0,unknown,insufficient_clinical_evidence,0.84,moderate,0,0,1,vitamin_B6,B6_NO_VALIDATED_RULE
P000775,copper_deficiency,0.0029591092390671,0,unknown,insufficient_clinical_evidence,0.84,moderate,0,0,2,ceruloplasmin,COPPER_NO_VALIDATED_RULE
P000775,inflammation_anemia,0.000132355698415,0,unknown,insufficient_clinical_evidence,0.84,moderate,1,2,1,CRP|sTfR,INFLAMMATION_INCOMPLETE_OR_MIXED
P000776,iron_deficiency,0.0014233466211087,0,unknown,insufficient_clinical_evidence,0.84,moderate,0,0,5,ferritin|TSAT|Ret_He,IRON_INSUFFICIENT_OR_MIXED
P000776,B12_deficiency,0.0009784105674999,0,unknown,insufficient_clinical_evidence,0.84,moderate,0,0,4,vitamin_B12|MMA,B12_NO_TOTAL_B12
P000776,folate_deficiency,0.2551550710824203,0,unknown,insufficient_clinical_evidence,0.7448449289175797,moderate,0,0,1,,FOLATE_BORDERLINE
P000776,B6_deficiency,0.000519262546908,0,unknown,insufficient_clinical_evidence,0.84,moderate,0,0,1,vitamin_B6,B6_NO_VALIDATED_RULE
P000776,copper_deficiency,0.0020235476808708,0,unknown,insufficient_clinical_evidence,0.84,moderate,0,0,2,copper|ceruloplasmin,COPPER_NO_VALIDATED_RULE
P000776,inflammation_anemia,5.466563570761283e-05,0,against,agree_negative,0.9999453343642923,high,0,1,0,CRP|ferritin|serum_iron|TIBC|TSAT,INFLAMMATION_NO_ANEMIA
P000777,iron_deficiency,8.399534603638528e-05,0,against,agree_negative,0.9999160046539636,high,0,2,3,ferritin|Ret_He,IRON_MULTIPLE_AGAINST
P000777,B12_deficiency,0.9997968735467528,1,unknown,insufficient_clinical_evidence,0.84,moderate,0,0,4,homocysteine,B12_TOTAL_NOT_LOW_BUT_NOT_EXCLUSION
P000777,folate_deficiency,0.0066400412779934,0,unknown,insufficient_clinical_evidence,0.84,moderate,0,0,1,folate,FOLATE_MISSING
P000777,B6_deficiency,0.0032760547107083,0,unknown,insufficient_clinical_evidence,0.84,moderate,0,0,1,vitamin_B6,B6_NO_VALIDATED_RULE
P000777,copper_deficiency,0.0078174393780025,0,unknown,insufficient_clinical_evidence,0.84,moderate,0,0,2,copper|ceruloplasmin,COPPER_NO_VALIDATED_RULE
P000777,inflammation_anemia,5.5461459380437325e-05,0,against,agree_negative,0.9999445385406196,high,0,1,0,CRP|ferritin,INFLAMMATION_NO_ANEMIA
P000778,iron_deficiency,0.0002022796694256,0,against,agree_negative,0.9997977203305743,high,0,3,2,Ret_He|sTfR,IRON_MULTIPLE_AGAINST
P000778,B12_deficiency,0.0044268648515093,0,unknown,insufficient_clinical_evidence,0.84,moderate,0,0,4,vitamin_B12|active_B12|homocysteine,B12_NO_TOTAL_B12
P000778,folate_deficiency,0.3667497379856587,0,supports,conflict_ml_negative_rule_supports,0.6332502620143413,low,1,0,0,vitamin_B12|homocysteine,FOLATE_LOW
P000778,B6_deficiency,0.0006605317306202,0,unknown,insufficient_clinical_evidence,0.84,moderate,0,0,1,vitamin_B6,B6_NO_VALIDATED_RULE
P000778,copper_deficiency,0.006604244790507,0,unknown,insufficient_clinical_evidence,0.84,moderate,0,0,2,copper|ceruloplasmin,COPPER_NO_VALIDATED_RULE
P000778,inflammation_anemia,5.747685327792565e-05,0,against,agree_negative,0.999942523146722,high,0,1,0,sTfR,INFLAMMATION_NO_ANEMIA
P000779,iron_deficiency,4.291599926377111e-05,0,unknown,insufficient_clinical_evidence,0.84,moderate,0,1,4,TSAT|Ret_He|sTfR,IRON_INSUFFICIENT_OR_MIXED
P000779,B12_deficiency,0.0952885301029328,0,unknown,insufficient_clinical_evidence,0.84,moderate,0,0,4,active_B12|MMA,B12_TOTAL_NOT_LOW_BUT_NOT_EXCLUSION
P000779,folate_deficiency,0.0922675281145458,0,unknown,insufficient_clinical_evidence,0.84,moderate,0,0,1,,FOLATE_BORDERLINE
P000779,B6_deficiency,0.0151426978386452,0,unknown,insufficient_clinical_evidence,0.84,moderate,0,0,1,vitamin_B6,B6_NO_VALIDATED_RULE
P000779,copper_deficiency,0.0056220164480081,0,unknown,insufficient_clinical_evidence,0.84,moderate,0,0,2,copper|ceruloplasmin,COPPER_NO_VALIDATED_RULE
P000779,inflammation_anemia,0.0003051478516433,0,unknown,insufficient_clinical_evidence,0.84,moderate,1,0,3,serum_iron|TIBC|TSAT|sTfR,INFLAMMATION_INCOMPLETE_OR_MIXED
P000780,iron_deficiency,0.9999437660315568,1,supports,agree_positive,0.9999437660315568,high,4,0,1,Ret_He|sTfR,IRON_MULTIPLE_SUPPORT
P000780,B12_deficiency,0.0010884922308249,0,unknown,insufficient_clinical_evidence,0.84,moderate,0,0,4,vitamin_B12|active_B12|MMA|homocysteine,B12_NO_TOTAL_B12
P000780,folate_deficiency,0.0120498451020062,0,unknown,insufficient_clinical_evidence,0.84,moderate,0,0,1,folate,FOLATE_MISSING
P000780,B6_deficiency,0.0016153754433407,0,unknown,insufficient_clinical_evidence,0.84,moderate,0,0,1,vitamin_B6,B6_NO_VALIDATED_RULE
P000780,copper_deficiency,0.0077220140516268,0,unknown,insufficient_clinical_evidence,0.84,moderate,0,0,2,copper|ceruloplasmin,COPPER_NO_VALIDATED_RULE
P000780,inflammation_anemia,3.1874755506339415e-05,0,against,agree_negative,0.9999681252444936,high,0,1,0,CRP|sTfR,INFLAMMATION_NO_ANEMIA
P000781,iron_deficiency,0.999941919092921,1,supports,agree_positive,0.999941919092921,high,3,0,2,,IRON_MULTIPLE_SUPPORT
P000781,B12_deficiency,0.0004249751043789,0,unknown,insufficient_clinical_evidence,0.84,moderate,0,0,4,active_B12|MMA|homocysteine,B12_TOTAL_NOT_LOW_BUT_NOT_EXCLUSION
P000781,folate_deficiency,0.0652708313085359,0,unknown,insufficient_clinical_evidence,0.84,moderate,0,0,1,folate,FOLATE_MISSING
P000781,B6_deficiency,0.0024880970677042,0,unknown,insufficient_clinical_evidence,0.84,moderate,0,0,1,vitamin_B6,B6_NO_VALIDATED_RULE
P000781,copper_deficiency,0.0056669317651364,0,unknown,insufficient_clinical_evidence,0.84,moderate,0,0,2,copper|ceruloplasmin,COPPER_NO_VALIDATED_RULE
P000781,inflammation_anemia,0.0010605150262015,0,supports,conflict_ml_negative_rule_supports,0.64,low,3,0,1,,INFLAMMATION_PATTERN_SUPPORT
P000782,iron_deficiency,0.9998595699038302,1,supports,agree_positive,0.9998595699038302,high,3,0,2,,IRON_MULTIPLE_SUPPORT
P000782,B12_deficiency,0.0084278489274132,0,unknown,insufficient_clinical_evidence,0.84,moderate,0,0,4,active_B12|MMA,B12_TOTAL_NOT_LOW_BUT_NOT_EXCLUSION
P000782,folate_deficiency,0.0074481699649071,0,unknown,insufficient_clinical_evidence,0.84,moderate,0,0,1,folate,FOLATE_MISSING
P000782,B6_deficiency,0.0010767739516717,0,unknown,insufficient_clinical_evidence,0.84,moderate,0,0,1,vitamin_B6,B6_NO_VALIDATED_RULE
P000782,copper_deficiency,0.0002780664645019,0,unknown,insufficient_clinical_evidence,0.84,moderate,0,0,2,copper,COPPER_NO_VALIDATED_RULE
P000782,inflammation_anemia,0.0001132625325743,0,against,agree_negative,0.9998867374674257,high,0,1,0,CRP,INFLAMMATION_NO_ANEMIA
P000783,iron_deficiency,0.9999465407983068,1,supports,agree_positive,0.9999465407983068,high,4,0,1,sTfR,IRON_MULTIPLE_SUPPORT
P000783,B12_deficiency,0.009039412321311,0,unknown,insufficient_clinical_evidence,0.84,moderate,0,0,4,vitamin_B12|active_B12|homocysteine,B12_NO_TOTAL_B12
P000783,folate_deficiency,0.0012557465308979,0,against,agree_negative,0.9987442534691021,high,0,1,0,,FOLATE_NOT_LOW
P000783,B6_deficiency,0.0006978201834285,0,unknown,insufficient_clinical_evidence,0.84,moderate,0,0,1,vitamin_B6,B6_NO_VALIDATED_RULE
P000783,copper_deficiency,0.0043511067743063,0,unknown,insufficient_clinical_evidence,0.84,moderate,0,0,2,copper|ceruloplasmin,COPPER_NO_VALIDATED_RULE
P000783,inflammation_anemia,1.8997366547869336e-05,0,against,agree_negative,0.9999810026334521,high,0,1,0,sTfR,INFLAMMATION_NO_ANEMIA
P000784,iron_deficiency,0.0001428420406471,0,against,agree_negative,0.9998571579593529,high,0,2,3,TSAT|sTfR,IRON_MULTIPLE_AGAINST
P000784,B12_deficiency,0.007654840559056,0,unknown,insufficient_clinical_evidence,0.84,moderate,0,0,4,active_B12|MMA,B12_TOTAL_NOT_LOW_BUT_NOT_EXCLUSION
P000784,folate_deficiency,0.7591953923083482,1,supports,agree_positive,0.7591953923083482,moderate,1,0,0,,FOLATE_LOW
P000784,B6_deficiency,0.0567428112257268,0,unknown,insufficient_clinical_evidence,0.84,moderate,0,0,1,,B6_NO_VALIDATED_RULE
P000784,copper_deficiency,0.0050454893455809,0,unknown,insufficient_clinical_evidence,0.84,moderate,0,0,2,copper|ceruloplasmin,COPPER_NO_VALIDATED_RULE
P000784,inflammation_anemia,2.2570540485600888e-05,0,unknown,insufficient_clinical_evidence,0.84,moderate,1,0,3,serum_iron|TIBC|TSAT|sTfR,INFLAMMATION_INCOMPLETE_OR_MIXED
P000785,iron_deficiency,0.0030592038307405,0,against,agree_negative,0.9969407961692595,high,0,4,1,,IRON_MULTIPLE_AGAINST
P000785,B12_deficiency,0.0001336027152233,0,unknown,insufficient_clinical_evidence,0.84,moderate,0,0,4,vitamin_B12|homocysteine,B12_NO_TOTAL_B12
P000785,folate_deficiency,0.9275900979640236,1,supports,agree_positive,0.9275900979640236,high,1,0,0,,FOLATE_LOW
P000785,B6_deficiency,0.00090371156816,0,unknown,insufficient_clinical_evidence,0.84,moderate,0,0,1,vitamin_B6,B6_NO_VALIDATED_RULE
P000785,copper_deficiency,0.0049298667927026,0,unknown,insufficient_clinical_evidence,0.84,moderate,0,0,2,copper|ceruloplasmin,COPPER_NO_VALIDATED_RULE
P000785,inflammation_anemia,7.360504208876758e-05,0,against,agree_negative,0.9999263949579112,high,0,1,0,CRP,INFLAMMATION_NO_ANEMIA
P000786,iron_deficiency,0.9999863448279565,1,supports,agree_positive,0.9999863448279565,high,3,0,2,Ret_He|sTfR,IRON_MULTIPLE_SUPPORT
P000786,B12_deficiency,0.0006370967701837,0,unknown,insufficient_clinical_evidence,0.84,moderate,0,0,4,vitamin_B12|active_B12|MMA|homocysteine,B12_NO_TOTAL_B12
P000786,folate_deficiency,0.0066962726627082,0,unknown,insufficient_clinical_evidence,0.84,moderate,0,0,1,folate,FOLATE_MISSING
P000786,B6_deficiency,0.0058428755461244,0,unknown,insufficient_clinical_evidence,0.84,moderate,0,0,1,vitamin_B6,B6_NO_VALIDATED_RULE
P000786,copper_deficiency,3.108087196466054e-05,0,unknown,insufficient_clinical_evidence,0.84,moderate,0,0,2,copper|ceruloplasmin,COPPER_NO_VALIDATED_RULE
P000786,inflammation_anemia,4.966918315634e-05,0,against,agree_negative,0.9999503308168437,high,0,1,0,sTfR,INFLAMMATION_NO_ANEMIA
P000787,iron_deficiency,8.4082285177257e-05,0,against,agree_negative,0.9999159177148227,high,0,3,2,Ret_He|sTfR,IRON_MULTIPLE_AGAINST
P000787,B12_deficiency,0.999809634450256,1,supports,agree_positive,0.999809634450256,high,1,0,3,active_B12,B12_LOW_TOTAL
P000787,folate_deficiency,0.028512616686136,0,unknown,insufficient_clinical_evidence,0.84,moderate,0,0,1,,FOLATE_BORDERLINE
P000787,B6_deficiency,0.0005369672282314,0,unknown,insufficient_clinical_evidence,0.84,moderate,0,0,1,vitamin_B6,B6_NO_VALIDATED_RULE
P000787,copper_deficiency,0.1220477109121342,0,unknown,insufficient_clinical_evidence,0.84,moderate,0,0,2,ceruloplasmin,COPPER_NO_VALIDATED_RULE
P000787,inflammation_anemia,0.0002796698665814,0,unknown,insufficient_clinical_evidence,0.84,moderate,2,1,1,CRP|sTfR,INFLAMMATION_INCOMPLETE_OR_MIXED
P000788,iron_deficiency,5.890080656789354e-05,0,against,agree_negative,0.9999410991934321,high,0,3,2,Ret_He|sTfR,IRON_MULTIPLE_AGAINST
P000788,B12_deficiency,0.9892187970762124,1,unknown,insufficient_clinical_evidence,0.84,moderate,0,0,4,active_B12|homocysteine,B12_TOTAL_NOT_LOW_BUT_NOT_EXCLUSION
P000788,folate_deficiency,0.830133971751646,1,supports,agree_positive,0.830133971751646,moderate,1,0,0,,FOLATE_LOW
P000788,B6_deficiency,0.0016662181532152,0,unknown,insufficient_clinical_evidence,0.84,moderate,0,0,1,vitamin_B6,B6_NO_VALIDATED_RULE
P000788,copper_deficiency,0.0095347513371841,0,unknown,insufficient_clinical_evidence,0.84,moderate,0,0,2,copper|ceruloplasmin,COPPER_NO_VALIDATED_RULE
P000788,inflammation_anemia,0.0004841548358163,0,unknown,insufficient_clinical_evidence,0.84,moderate,2,1,1,CRP|sTfR,INFLAMMATION_INCOMPLETE_OR_MIXED
P000789,iron_deficiency,6.615099392420784e-05,0,against,agree_negative,0.9999338490060757,high,0,3,2,Ret_He|sTfR,IRON_MULTIPLE_AGAINST
P000789,B12_deficiency,0.9389510009620144,1,unknown,insufficient_clinical_evidence,0.84,moderate,0,0,4,MMA|homocysteine,B12_TOTAL_NOT_LOW_BUT_NOT_EXCLUSION
P000789,folate_deficiency,0.0227170154294371,0,unknown,insufficient_clinical_evidence,0.84,moderate,0,0,1,folate,FOLATE_MISSING
P000789,B6_deficiency,0.0024057197667223,0,unknown,insufficient_clinical_evidence,0.84,moderate,0,0,1,vitamin_B6,B6_NO_VALIDATED_RULE
P000789,copper_deficiency,0.0001153839610359,0,unknown,insufficient_clinical_evidence,0.84,moderate,0,0,2,copper|ceruloplasmin,COPPER_NO_VALIDATED_RULE
P000789,inflammation_anemia,0.0001239457527454,0,against,agree_negative,0.9998760542472546,high,0,1,0,sTfR,INFLAMMATION_NO_ANEMIA
P000790,iron_deficiency,0.9992298338214384,1,supports,agree_positive,0.9992298338214384,high,3,1,1,sTfR,IRON_MULTIPLE_SUPPORT
P000790,B12_deficiency,0.0055742087817769,0,unknown,insufficient_clinical_evidence,0.84,moderate,0,0,4,homocysteine,B12_TOTAL_NOT_LOW_BUT_NOT_EXCLUSION
P000790,folate_deficiency,0.4475039669151271,1,supports,agree_positive,0.4475039669151271,low,1,0,0,,FOLATE_LOW
P000790,B6_deficiency,0.0023336168150642,0,unknown,insufficient_clinical_evidence,0.84,moderate,0,0,1,,B6_NO_VALIDATED_RULE
P000790,copper_deficiency,0.0016555940414449,0,unknown,insufficient_clinical_evidence,0.84,moderate,0,0,2,ceruloplasmin,COPPER_NO_VALIDATED_RULE
P000790,inflammation_anemia,0.0003818826216164,0,against,agree_negative,0.9996181173783836,high,0,1,0,sTfR,INFLAMMATION_NO_ANEMIA
P000791,iron_deficiency,0.9999298912300616,1,supports,agree_positive,0.9999298912300616,high,3,1,1,Ret_He|sTfR,IRON_MULTIPLE_SUPPORT
P000791,B12_deficiency,0.000572152042966,0,unknown,insufficient_clinical_evidence,0.84,moderate,0,0,4,active_B12|MMA,B12_TOTAL_NOT_LOW_BUT_NOT_EXCLUSION
P000791,folate_deficiency,0.0024297460804368,0,against,agree_negative,0.9975702539195632,high,0,1,0,,FOLATE_NOT_LOW
P000791,B6_deficiency,0.0013265613703348,0,unknown,insufficient_clinical_evidence,0.84,moderate,0,0,1,,B6_NO_VALIDATED_RULE
P000791,copper_deficiency,0.0001041101914423,0,unknown,insufficient_clinical_evidence,0.84,moderate,0,0,2,copper|ceruloplasmin,COPPER_NO_VALIDATED_RULE
P000791,inflammation_anemia,8.435861877102141e-05,0,against,agree_negative,0.999915641381229,high,0,1,0,sTfR,INFLAMMATION_NO_ANEMIA
P000792,iron_deficiency,0.0001251502036393,0,against,agree_negative,0.9998748497963607,high,0,2,3,ferritin|Ret_He|sTfR,IRON_MULTIPLE_AGAINST
P000792,B12_deficiency,0.9998037044309718,1,unknown,insufficient_clinical_evidence,0.84,moderate,0,0,4,active_B12|MMA|homocysteine,B12_TOTAL_NOT_LOW_BUT_NOT_EXCLUSION
P000792,folate_deficiency,0.9528750275127786,1,supports,agree_positive,0.9528750275127786,high,1,0,0,,FOLATE_LOW
P000792,B6_deficiency,0.0117755231203976,0,unknown,insufficient_clinical_evidence,0.84,moderate,0,0,1,,B6_NO_VALIDATED_RULE
P000792,copper_deficiency,4.706169561864945e-05,0,unknown,insufficient_clinical_evidence,0.84,moderate,0,0,2,copper,COPPER_NO_VALIDATED_RULE
P000792,inflammation_anemia,5.058317928984112e-05,0,unknown,insufficient_clinical_evidence,0.84,moderate,1,1,2,ferritin|sTfR,INFLAMMATION_INCOMPLETE_OR_MIXED
P000793,iron_deficiency,0.0004335478270087,0,against,agree_negative,0.9995664521729913,high,0,2,3,ferritin|Ret_He|sTfR,IRON_MULTIPLE_AGAINST
P000793,B12_deficiency,0.991969603585371,1,supports,agree_positive,0.991969603585371,high,1,0,3,active_B12|MMA|homocysteine,B12_LOW_TOTAL
P000793,folate_deficiency,0.9849391531335524,1,supports,agree_positive,0.9849391531335524,high,1,0,0,,FOLATE_LOW
P000793,B6_deficiency,0.0014382526515,0,unknown,insufficient_clinical_evidence,0.84,moderate,0,0,1,,B6_NO_VALIDATED_RULE
P000793,copper_deficiency,0.0015906405289187,0,unknown,insufficient_clinical_evidence,0.84,moderate,0,0,2,copper|ceruloplasmin,COPPER_NO_VALIDATED_RULE
P000793,inflammation_anemia,2.236325949609986e-05,0,unknown,insufficient_clinical_evidence,0.84,moderate,1,1,2,ferritin|sTfR,INFLAMMATION_INCOMPLETE_OR_MIXED
P000794,iron_deficiency,0.0023430363975718,0,against,agree_negative,0.9976569636024282,high,0,2,3,Ret_He|sTfR,IRON_MULTIPLE_AGAINST
P000794,B12_deficiency,0.0009254731661232,0,unknown,insufficient_clinical_evidence,0.84,moderate,0,0,4,active_B12|MMA|homocysteine,B12_TOTAL_NOT_LOW_BUT_NOT_EXCLUSION
P000794,folate_deficiency,0.9950195953864268,1,supports,agree_positive,0.9950195953864268,high,1,0,0,,FOLATE_LOW
P000794,B6_deficiency,0.0022474765054211,0,unknown,insufficient_clinical_evidence,0.84,moderate,0,0,1,vitamin_B6,B6_NO_VALIDATED_RULE
P000794,copper_deficiency,3.546511544217084e-09,0,unknown,insufficient_clinical_evidence,0.84,moderate,0,0,2,copper|ceruloplasmin,COPPER_NO_VALIDATED_RULE
P000794,inflammation_anemia,1.249632453588672e-05,0,unknown,insufficient_clinical_evidence,0.84,moderate,2,1,1,CRP|sTfR,INFLAMMATION_INCOMPLETE_OR_MIXED
P000795,iron_deficiency,0.9998869903182932,1,supports,agree_positive,0.9998869903182932,high,3,1,1,,IRON_MULTIPLE_SUPPORT
P000795,B12_deficiency,0.0079337901887757,0,unknown,insufficient_clinical_evidence,0.84,moderate,0,0,4,vitamin_B12|active_B12|MMA,B12_NO_TOTAL_B12
P000795,folate_deficiency,0.0119201237390581,0,unknown,insufficient_clinical_evidence,0.84,moderate,0,0,1,folate,FOLATE_MISSING
P000795,B6_deficiency,0.0002452320335065,0,unknown,insufficient_clinical_evidence,0.84,moderate,0,0,1,vitamin_B6,B6_NO_VALIDATED_RULE
P000795,copper_deficiency,3.360092157109478e-05,0,unknown,insufficient_clinical_evidence,0.84,moderate,0,0,2,copper|ceruloplasmin,COPPER_NO_VALIDATED_RULE
P000795,inflammation_anemia,1.6179314469209477e-05,0,against,agree_negative,0.9999838206855308,high,0,1,0,CRP,INFLAMMATION_NO_ANEMIA
P000796,iron_deficiency,6.146596547696962e-05,0,against,agree_negative,0.999938534034523,high,0,3,2,Ret_He|sTfR,IRON_MULTIPLE_AGAINST
P000796,B12_deficiency,0.8451600280997127,1,unknown,insufficient_clinical_evidence,0.84,moderate,0,0,4,vitamin_B12|MMA,B12_NO_TOTAL_B12
P000796,folate_deficiency,0.9882703083555864,1,supports,agree_positive,0.9882703083555864,high,1,0,0,,FOLATE_LOW
P000796,B6_deficiency,0.0015647241170513,0,unknown,insufficient_clinical_evidence,0.84,moderate,0,0,1,vitamin_B6,B6_NO_VALIDATED_RULE
P000796,copper_deficiency,1.209841672481338e-07,0,unknown,insufficient_clinical_evidence,0.84,moderate,0,0,2,ceruloplasmin,COPPER_NO_VALIDATED_RULE
P000796,inflammation_anemia,7.644086860302928e-06,0,unknown,insufficient_clinical_evidence,0.84,moderate,2,1,1,sTfR,INFLAMMATION_INCOMPLETE_OR_MIXED
P000797,iron_deficiency,0.9999014124061016,1,unknown,insufficient_clinical_evidence,0.84,moderate,1,0,4,TSAT|Ret_He,IRON_INSUFFICIENT_OR_MIXED
P000797,B12_deficiency,0.0011184041434408,0,unknown,insufficient_clinical_evidence,0.84,moderate,0,0,4,vitamin_B12|active_B12|MMA,B12_NO_TOTAL_B12
P000797,folate_deficiency,0.0022819341844943,0,against,agree_negative,0.9977180658155057,high,0,1,0,,FOLATE_NOT_LOW
P000797,B6_deficiency,0.02384940760447,0,unknown,insufficient_clinical_evidence,0.84,moderate,0,0,1,vitamin_B6,B6_NO_VALIDATED_RULE
P000797,copper_deficiency,7.749616503910805e-07,0,unknown,insufficient_clinical_evidence,0.84,moderate,0,0,2,copper|ceruloplasmin,COPPER_NO_VALIDATED_RULE
P000797,inflammation_anemia,0.0004455277692742,0,unknown,insufficient_clinical_evidence,0.84,moderate,0,1,3,CRP|serum_iron|TIBC|TSAT,INFLAMMATION_INCOMPLETE_OR_MIXED
P000798,iron_deficiency,0.0008744580193837,0,against,agree_negative,0.9991255419806163,high,0,3,2,Ret_He|sTfR,IRON_MULTIPLE_AGAINST
P000798,B12_deficiency,5.188013507261504e-05,0,unknown,insufficient_clinical_evidence,0.84,moderate,0,0,4,,B12_TOTAL_NOT_LOW_BUT_NOT_EXCLUSION
P000798,folate_deficiency,0.0003490010534354,0,against,agree_negative,0.9996509989465646,high,0,1,0,,FOLATE_NOT_LOW
P000798,B6_deficiency,0.0159123278781432,0,unknown,insufficient_clinical_evidence,0.84,moderate,0,0,1,vitamin_B6,B6_NO_VALIDATED_RULE
P000798,copper_deficiency,0.0001338628320942,0,unknown,insufficient_clinical_evidence,0.84,moderate,0,0,2,copper|ceruloplasmin,COPPER_NO_VALIDATED_RULE
P000798,inflammation_anemia,0.9998822215652944,1,unknown,insufficient_clinical_evidence,0.84,moderate,2,1,1,sTfR,INFLAMMATION_INCOMPLETE_OR_MIXED
P000799,iron_deficiency,0.9999921118428666,1,supports,agree_positive,0.9999921118428666,high,3,0,2,Ret_He|sTfR,IRON_MULTIPLE_SUPPORT
P000799,B12_deficiency,0.0002852845552969,0,unknown,insufficient_clinical_evidence,0.84,moderate,0,0,4,active_B12|MMA|homocysteine,B12_TOTAL_NOT_LOW_BUT_NOT_EXCLUSION
P000799,folate_deficiency,0.8858868385976103,1,supports,agree_positive,0.8858868385976103,high,1,0,0,,FOLATE_LOW
P000799,B6_deficiency,0.0007027204537656,0,unknown,insufficient_clinical_evidence,0.84,moderate,0,0,1,vitamin_B6,B6_NO_VALIDATED_RULE
P000799,copper_deficiency,9.68081500585545e-05,0,unknown,insufficient_clinical_evidence,0.84,moderate,0,0,2,copper|ceruloplasmin,COPPER_NO_VALIDATED_RULE
P000799,inflammation_anemia,8.770107122451784e-06,0,unknown,insufficient_clinical_evidence,0.84,moderate,2,1,1,CRP|sTfR,INFLAMMATION_INCOMPLETE_OR_MIXED
P000800,iron_deficiency,0.0105108385243796,0,unknown,insufficient_clinical_evidence,0.84,moderate,0,0,5,TSAT|Ret_He,IRON_INSUFFICIENT_OR_MIXED
P000800,B12_deficiency,0.0025792970508477,0,unknown,insufficient_clinical_evidence,0.84,moderate,0,0,4,active_B12|MMA|homocysteine,B12_TOTAL_NOT_LOW_BUT_NOT_EXCLUSION
P000800,folate_deficiency,0.9678770641648212,1,supports,agree_positive,0.9678770641648212,high,1,0,0,,FOLATE_LOW
P000800,B6_deficiency,0.0010838819075057,0,unknown,insufficient_clinical_evidence,0.84,moderate,0,0,1,vitamin_B6,B6_NO_VALIDATED_RULE
P000800,copper_deficiency,0.0014749887001128,0,unknown,insufficient_clinical_evidence,0.84,moderate,0,0,2,copper|ceruloplasmin,COPPER_NO_VALIDATED_RULE
P000800,inflammation_anemia,0.0884910439889542,0,unknown,insufficient_clinical_evidence,0.84,moderate,1,0,3,serum_iron|TIBC|TSAT,INFLAMMATION_INCOMPLETE_OR_MIXED
P000801,iron_deficiency,0.9214411896105764,1,supports,agree_positive,0.9214411896105764,high,3,1,1,Ret_He|sTfR,IRON_MULTIPLE_SUPPORT
P000801,B12_deficiency,0.0002399758510396,0,unknown,insufficient_clinical_evidence,0.84,moderate,0,0,4,active_B12|MMA|homocysteine,B12_TOTAL_NOT_LOW_BUT_NOT_EXCLUSION
P000801,folate_deficiency,0.0050474801706284,0,against,agree_negative,0.9949525198293716,high,0,1,0,,FOLATE_NOT_LOW
P000801,B6_deficiency,0.0047391171499463,0,unknown,insufficient_clinical_evidence,0.84,moderate,0,0,1,,B6_NO_VALIDATED_RULE
P000801,copper_deficiency,9.568646910375312e-07,0,unknown,insufficient_clinical_evidence,0.84,moderate,0,0,2,copper|ceruloplasmin,COPPER_NO_VALIDATED_RULE
P000801,inflammation_anemia,0.0002377733994272,0,unknown,insufficient_clinical_evidence,0.84,moderate,2,1,1,CRP|sTfR,INFLAMMATION_INCOMPLETE_OR_MIXED
P000802,iron_deficiency,0.0600510110022155,0,unknown,insufficient_clinical_evidence,0.84,moderate,1,1,3,TSAT|sTfR,IRON_INSUFFICIENT_OR_MIXED
P000802,B12_deficiency,0.0006155571458042,0,unknown,insufficient_clinical_evidence,0.84,moderate,0,0,4,vitamin_B12|active_B12|MMA|homocysteine,B12_NO_TOTAL_B12
P000802,folate_deficiency,0.0631992688688983,0,unknown,insufficient_clinical_evidence,0.84,moderate,0,0,1,,FOLATE_BORDERLINE
P000802,B6_deficiency,0.0347618572785489,0,unknown,insufficient_clinical_evidence,0.84,moderate,0,0,1,vitamin_B6,B6_NO_VALIDATED_RULE
P000802,copper_deficiency,0.0010263952828417,0,unknown,insufficient_clinical_evidence,0.84,moderate,0,0,2,copper|ceruloplasmin,COPPER_NO_VALIDATED_RULE
P000802,inflammation_anemia,1.6595362723626616e-05,0,against,agree_negative,0.9999834046372764,high,0,1,0,serum_iron|TIBC|TSAT|sTfR,INFLAMMATION_NO_ANEMIA
P000803,iron_deficiency,6.989902560587486e-05,0,against,agree_negative,0.9999301009743942,high,0,2,3,TSAT|sTfR,IRON_MULTIPLE_AGAINST
P000803,B12_deficiency,0.9998396004355694,1,unknown,insufficient_clinical_evidence,0.84,moderate,0,0,4,active_B12|homocysteine,B12_TOTAL_NOT_LOW_BUT_NOT_EXCLUSION
P000803,folate_deficiency,0.0021359718954968,0,against,agree_negative,0.9978640281045033,high,0,1,0,,FOLATE_NOT_LOW
P000803,B6_deficiency,0.0018927213339627,0,unknown,insufficient_clinical_evidence,0.84,moderate,0,0,1,vitamin_B6,B6_NO_VALIDATED_RULE
P000803,copper_deficiency,0.0004261185473472,0,unknown,insufficient_clinical_evidence,0.84,moderate,0,0,2,copper|ceruloplasmin,COPPER_NO_VALIDATED_RULE
P000803,inflammation_anemia,0.0004310008298471,0,unknown,insufficient_clinical_evidence,0.84,moderate,1,0,3,serum_iron|TIBC|TSAT|sTfR,INFLAMMATION_INCOMPLETE_OR_MIXED
P000804,iron_deficiency,0.0173342083123211,0,unknown,insufficient_clinical_evidence,0.84,moderate,0,1,4,ferritin|TSAT|sTfR,IRON_INSUFFICIENT_OR_MIXED
P000804,B12_deficiency,0.0002118618802529,0,unknown,insufficient_clinical_evidence,0.84,moderate,0,0,4,active_B12|MMA|homocysteine,B12_TOTAL_NOT_LOW_BUT_NOT_EXCLUSION
P000804,folate_deficiency,0.0188879631148863,0,unknown,insufficient_clinical_evidence,0.84,moderate,0,0,1,folate,FOLATE_MISSING
P000804,B6_deficiency,0.0098565288957396,0,unknown,insufficient_clinical_evidence,0.84,moderate,0,0,1,vitamin_B6,B6_NO_VALIDATED_RULE
P000804,copper_deficiency,0.0021533740732678,0,unknown,insufficient_clinical_evidence,0.84,moderate,0,0,2,copper|ceruloplasmin,COPPER_NO_VALIDATED_RULE
P000804,inflammation_anemia,0.0001280138340502,0,against,agree_negative,0.9998719861659499,high,0,1,0,CRP|ferritin|serum_iron|TIBC|TSAT|sTfR,INFLAMMATION_NO_ANEMIA
P000805,iron_deficiency,0.9999920240641966,1,supports,agree_positive,0.9999920240641966,high,4,0,1,sTfR,IRON_MULTIPLE_SUPPORT
P000805,B12_deficiency,0.8233139027270804,1,unknown,insufficient_clinical_evidence,0.8233139027270804,moderate,0,0,4,active_B12|MMA|homocysteine,B12_TOTAL_NOT_LOW_BUT_NOT_EXCLUSION
P000805,folate_deficiency,0.0384435765839194,0,unknown,insufficient_clinical_evidence,0.84,moderate,0,0,1,,FOLATE_BORDERLINE
P000805,B6_deficiency,0.0007797906433543,0,unknown,insufficient_clinical_evidence,0.84,moderate,0,0,1,vitamin_B6,B6_NO_VALIDATED_RULE
P000805,copper_deficiency,0.0058572907769366,0,unknown,insufficient_clinical_evidence,0.84,moderate,0,0,2,copper|ceruloplasmin,COPPER_NO_VALIDATED_RULE
P000805,inflammation_anemia,9.37394323866324e-06,0,unknown,insufficient_clinical_evidence,0.84,moderate,2,1,1,sTfR,INFLAMMATION_INCOMPLETE_OR_MIXED
P000806,iron_deficiency,0.7965483159365442,1,against,conflict_ml_positive_rule_against,0.64,low,0,3,2,Ret_He|sTfR|CRP,IRON_MULTIPLE_AGAINST
P000806,B12_deficiency,0.9998186129657708,1,unknown,insufficient_clinical_evidence,0.84,moderate,0,0,4,,B12_TOTAL_NOT_LOW_BUT_NOT_EXCLUSION
P000806,folate_deficiency,0.0332550940263094,0,against,agree_negative,0.9667449059736906,high,0,1,0,,FOLATE_NOT_LOW
P000806,B6_deficiency,0.0027305331587259,0,unknown,insufficient_clinical_evidence,0.84,moderate,0,0,1,vitamin_B6,B6_NO_VALIDATED_RULE
P000806,copper_deficiency,0.000834245089469,0,unknown,insufficient_clinical_evidence,0.84,moderate,0,0,2,copper,COPPER_NO_VALIDATED_RULE
P000806,inflammation_anemia,0.0001666887863786,0,unknown,insufficient_clinical_evidence,0.84,moderate,2,1,1,CRP|sTfR,INFLAMMATION_INCOMPLETE_OR_MIXED
P000807,iron_deficiency,0.0107867082890967,0,unknown,insufficient_clinical_evidence,0.84,moderate,0,0,5,ferritin|TSAT|Ret_He|sTfR,IRON_INSUFFICIENT_OR_MIXED
P000807,B12_deficiency,0.0356463089069299,0,unknown,insufficient_clinical_evidence,0.84,moderate,0,0,4,active_B12,B12_TOTAL_NOT_LOW_BUT_NOT_EXCLUSION
P000807,folate_deficiency,0.0010120990186715,0,against,agree_negative,0.9989879009813285,high,0,1,0,,FOLATE_NOT_LOW
P000807,B6_deficiency,0.0023979254617032,0,unknown,insufficient_clinical_evidence,0.84,moderate,0,0,1,vitamin_B6,B6_NO_VALIDATED_RULE
P000807,copper_deficiency,3.5116301160742462e-09,0,unknown,insufficient_clinical_evidence,0.84,moderate,0,0,2,copper|ceruloplasmin,COPPER_NO_VALIDATED_RULE
P000807,inflammation_anemia,0.0037574553890111,0,unknown,insufficient_clinical_evidence,0.84,moderate,0,0,4,ferritin|serum_iron|TIBC|TSAT|sTfR,INFLAMMATION_INCOMPLETE_OR_MIXED
P000808,iron_deficiency,5.532448039639103e-05,0,against,agree_negative,0.9999446755196036,high,0,3,2,Ret_He|sTfR,IRON_MULTIPLE_AGAINST
P000808,B12_deficiency,0.8437257080092582,1,unknown,insufficient_clinical_evidence,0.84,moderate,0,0,4,vitamin_B12|active_B12|MMA|homocysteine,B12_NO_TOTAL_B12
P000808,folate_deficiency,0.1764928848875649,0,unknown,insufficient_clinical_evidence,0.8235071151124351,moderate,0,0,1,folate,FOLATE_MISSING
P000808,B6_deficiency,0.4148062323166582,0,unknown,insufficient_clinical_evidence,0.5851937676833419,low,0,0,1,,B6_NO_VALIDATED_RULE
P000808,copper_deficiency,0.0003122895029138,0,unknown,insufficient_clinical_evidence,0.84,moderate,0,0,2,copper|ceruloplasmin,COPPER_NO_VALIDATED_RULE
P000808,inflammation_anemia,1.87615273682666e-05,0,unknown,insufficient_clinical_evidence,0.84,moderate,2,1,1,CRP|sTfR,INFLAMMATION_INCOMPLETE_OR_MIXED
P000809,iron_deficiency,0.0023962143988117,0,supports,conflict_ml_negative_rule_supports,0.64,low,2,1,2,Ret_He,IRON_MULTIPLE_SUPPORT
P000809,B12_deficiency,0.000399318619986,0,unknown,insufficient_clinical_evidence,0.84,moderate,0,0,4,vitamin_B12|active_B12|homocysteine,B12_NO_TOTAL_B12
P000809,folate_deficiency,0.0043024323957318,0,unknown,insufficient_clinical_evidence,0.84,moderate,0,0,1,,FOLATE_BORDERLINE
P000809,B6_deficiency,0.003946806808639,0,unknown,insufficient_clinical_evidence,0.84,moderate,0,0,1,vitamin_B6,B6_NO_VALIDATED_RULE
P000809,copper_deficiency,6.77073498614131e-05,0,unknown,insufficient_clinical_evidence,0.84,moderate,0,0,2,copper|ceruloplasmin,COPPER_NO_VALIDATED_RULE
P000809,inflammation_anemia,0.9992496386984472,1,supports,agree_positive,0.9992496386984472,high,3,0,1,,INFLAMMATION_PATTERN_SUPPORT
P000810,iron_deficiency,0.999923767539359,1,unknown,insufficient_clinical_evidence,0.84,moderate,1,0,4,TSAT|Ret_He,IRON_INSUFFICIENT_OR_MIXED
P000810,B12_deficiency,0.0078979389426445,0,unknown,insufficient_clinical_evidence,0.84,moderate,0,0,4,vitamin_B12|active_B12|MMA|homocysteine,B12_NO_TOTAL_B12
P000810,folate_deficiency,0.0028572698863786,0,against,agree_negative,0.9971427301136214,high,0,1,0,,FOLATE_NOT_LOW
P000810,B6_deficiency,0.0158137616495552,0,unknown,insufficient_clinical_evidence,0.84,moderate,0,0,1,vitamin_B6,B6_NO_VALIDATED_RULE
P000810,copper_deficiency,0.0013899150401617,0,unknown,insufficient_clinical_evidence,0.84,moderate,0,0,2,copper|ceruloplasmin,COPPER_NO_VALIDATED_RULE
P000810,inflammation_anemia,4.596764635014561e-05,0,unknown,insufficient_clinical_evidence,0.84,moderate,0,1,3,serum_iron|TIBC|TSAT,INFLAMMATION_INCOMPLETE_OR_MIXED
P000811,iron_deficiency,0.0038141941788658,0,unknown,insufficient_clinical_evidence,0.84,moderate,0,0,5,ferritin|TSAT|Ret_He|sTfR,IRON_INSUFFICIENT_OR_MIXED
P000811,B12_deficiency,0.7585895137095413,1,unknown,insufficient_clinical_evidence,0.7585895137095413,moderate,0,0,4,active_B12|MMA|homocysteine,B12_TOTAL_NOT_LOW_BUT_NOT_EXCLUSION
P000811,folate_deficiency,0.224128389198602,0,unknown,insufficient_clinical_evidence,0.775871610801398,moderate,0,0,1,,FOLATE_BORDERLINE
P000811,B6_deficiency,0.0008352033302327,0,unknown,insufficient_clinical_evidence,0.84,moderate,0,0,1,vitamin_B6,B6_NO_VALIDATED_RULE
P000811,copper_deficiency,0.0024263570991769,0,unknown,insufficient_clinical_evidence,0.84,moderate,0,0,2,copper|ceruloplasmin,COPPER_NO_VALIDATED_RULE
P000811,inflammation_anemia,6.348756748681597e-05,0,against,agree_negative,0.9999365124325131,high,0,1,0,CRP|ferritin|serum_iron|TIBC|TSAT|sTfR,INFLAMMATION_NO_ANEMIA
P000812,iron_deficiency,0.9998565796181664,1,supports,agree_positive,0.9998565796181664,high,2,0,3,Ret_He|sTfR,IRON_MULTIPLE_SUPPORT
P000812,B12_deficiency,0.9998830302671065,1,unknown,insufficient_clinical_evidence,0.84,moderate,0,0,4,,B12_TOTAL_NOT_LOW_BUT_NOT_EXCLUSION
P000812,folate_deficiency,0.0146315384107812,0,unknown,insufficient_clinical_evidence,0.84,moderate,0,0,1,folate,FOLATE_MISSING
P000812,B6_deficiency,0.012549816217187,0,unknown,insufficient_clinical_evidence,0.84,moderate,0,0,1,,B6_NO_VALIDATED_RULE
P000812,copper_deficiency,0.0006761751855009,0,unknown,insufficient_clinical_evidence,0.84,moderate,0,0,2,ceruloplasmin,COPPER_NO_VALIDATED_RULE
P000812,inflammation_anemia,0.0002252855626026,0,supports,conflict_ml_negative_rule_supports,0.64,low,3,0,1,sTfR,INFLAMMATION_PATTERN_SUPPORT
P000813,iron_deficiency,0.0431869394841527,0,against,agree_negative,0.9568130605158474,high,0,2,3,ferritin|Ret_He|sTfR,IRON_MULTIPLE_AGAINST
P000813,B12_deficiency,0.9897925423745996,1,supports,agree_positive,0.9897925423745996,high,1,0,3,active_B12|MMA|homocysteine,B12_LOW_TOTAL
P000813,folate_deficiency,0.1556754349329315,0,unknown,insufficient_clinical_evidence,0.84,moderate,0,0,1,folate,FOLATE_MISSING
P000813,B6_deficiency,0.0017433291246808,0,unknown,insufficient_clinical_evidence,0.84,moderate,0,0,1,vitamin_B6,B6_NO_VALIDATED_RULE
P000813,copper_deficiency,0.0064700170242305,0,unknown,insufficient_clinical_evidence,0.84,moderate,0,0,2,copper|ceruloplasmin,COPPER_NO_VALIDATED_RULE
P000813,inflammation_anemia,4.494691773183989e-05,0,unknown,insufficient_clinical_evidence,0.84,moderate,1,1,2,ferritin|sTfR,INFLAMMATION_INCOMPLETE_OR_MIXED
P000814,iron_deficiency,0.0003155655215415,0,against,agree_negative,0.9996844344784585,high,0,3,2,Ret_He|sTfR,IRON_MULTIPLE_AGAINST
P000814,B12_deficiency,0.99880175992183,1,unknown,insufficient_clinical_evidence,0.84,moderate,0,0,4,MMA|homocysteine,B12_TOTAL_NOT_LOW_BUT_NOT_EXCLUSION
P000814,folate_deficiency,0.2758577452945597,0,unknown,insufficient_clinical_evidence,0.7241422547054404,moderate,0,0,1,folate,FOLATE_MISSING
P000814,B6_deficiency,0.0010631673420965,0,unknown,insufficient_clinical_evidence,0.84,moderate,0,0,1,vitamin_B6,B6_NO_VALIDATED_RULE
P000814,copper_deficiency,0.0045027296205846,0,unknown,insufficient_clinical_evidence,0.84,moderate,0,0,2,copper|ceruloplasmin,COPPER_NO_VALIDATED_RULE
P000814,inflammation_anemia,0.0006414402682142,0,unknown,insufficient_clinical_evidence,0.84,moderate,2,1,1,sTfR,INFLAMMATION_INCOMPLETE_OR_MIXED
P000815,iron_deficiency,7.838425254533512e-05,0,against,agree_negative,0.9999216157474546,high,0,3,2,Ret_He|sTfR,IRON_MULTIPLE_AGAINST
P000815,B12_deficiency,0.0046223718144563,0,unknown,insufficient_clinical_evidence,0.84,moderate,0,0,4,,B12_TOTAL_NOT_LOW_BUT_NOT_EXCLUSION
P000815,folate_deficiency,0.9794296249520013,1,supports,agree_positive,0.9794296249520013,high,1,0,0,,FOLATE_LOW
P000815,B6_deficiency,0.0022622279016138,0,unknown,insufficient_clinical_evidence,0.84,moderate,0,0,1,,B6_NO_VALIDATED_RULE
P000815,copper_deficiency,0.0076188723881423,0,unknown,insufficient_clinical_evidence,0.84,moderate,0,0,2,copper|ceruloplasmin,COPPER_NO_VALIDATED_RULE
P000815,inflammation_anemia,0.00566931948212,0,unknown,insufficient_clinical_evidence,0.84,moderate,2,1,1,CRP|sTfR,INFLAMMATION_INCOMPLETE_OR_MIXED
P000816,iron_deficiency,0.0008043362802688,0,against,agree_negative,0.9991956637197312,high,0,3,2,Ret_He,IRON_MULTIPLE_AGAINST
P000816,B12_deficiency,0.0001148648831965,0,unknown,insufficient_clinical_evidence,0.84,moderate,0,0,4,active_B12|MMA|homocysteine,B12_TOTAL_NOT_LOW_BUT_NOT_EXCLUSION
P000816,folate_deficiency,0.0070117459210718,0,unknown,insufficient_clinical_evidence,0.84,moderate,0,0,1,folate,FOLATE_MISSING
P000816,B6_deficiency,0.1575818856860989,0,unknown,insufficient_clinical_evidence,0.84,moderate,0,0,1,vitamin_B6,B6_NO_VALIDATED_RULE
P000816,copper_deficiency,0.005422771823555,0,unknown,insufficient_clinical_evidence,0.84,moderate,0,0,2,copper|ceruloplasmin,COPPER_NO_VALIDATED_RULE
P000816,inflammation_anemia,1.3725213294592476e-05,0,unknown,insufficient_clinical_evidence,0.84,moderate,2,1,1,,INFLAMMATION_INCOMPLETE_OR_MIXED
P000817,iron_deficiency,3.848048748518727e-05,0,unknown,insufficient_clinical_evidence,0.84,moderate,0,1,4,TSAT|Ret_He|sTfR,IRON_INSUFFICIENT_OR_MIXED
P000817,B12_deficiency,0.0006161787009507,0,unknown,insufficient_clinical_evidence,0.84,moderate,0,0,4,active_B12|MMA|homocysteine,B12_TOTAL_NOT_LOW_BUT_NOT_EXCLUSION
P000817,folate_deficiency,0.007208416274109,0,unknown,insufficient_clinical_evidence,0.84,moderate,0,0,1,,FOLATE_BORDERLINE
P000817,B6_deficiency,0.0176721147564312,0,unknown,insufficient_clinical_evidence,0.84,moderate,0,0,1,vitamin_B6,B6_NO_VALIDATED_RULE
P000817,copper_deficiency,0.0006510787647879,0,unknown,insufficient_clinical_evidence,0.84,moderate,0,0,2,copper|ceruloplasmin,COPPER_NO_VALIDATED_RULE
P000817,inflammation_anemia,0.9784416609764568,1,unknown,insufficient_clinical_evidence,0.84,moderate,1,0,3,serum_iron|TIBC|TSAT|sTfR,INFLAMMATION_INCOMPLETE_OR_MIXED
P000818,iron_deficiency,0.0204034084554845,0,unknown,insufficient_clinical_evidence,0.84,moderate,0,1,4,TSAT|Ret_He|sTfR,IRON_INSUFFICIENT_OR_MIXED
P000818,B12_deficiency,0.9993566217272232,1,unknown,insufficient_clinical_evidence,0.84,moderate,0,0,4,active_B12|MMA|homocysteine,B12_TOTAL_NOT_LOW_BUT_NOT_EXCLUSION
P000818,folate_deficiency,0.4360609577927331,1,unknown,insufficient_clinical_evidence,0.4360609577927331,low,0,0,1,folate,FOLATE_MISSING
P000818,B6_deficiency,0.0013128536422224,0,unknown,insufficient_clinical_evidence,0.84,moderate,0,0,1,,B6_NO_VALIDATED_RULE
P000818,copper_deficiency,0.0071216630637271,0,unknown,insufficient_clinical_evidence,0.84,moderate,0,0,2,copper,COPPER_NO_VALIDATED_RULE
P000818,inflammation_anemia,0.0001613404259002,0,unknown,insufficient_clinical_evidence,0.84,moderate,1,0,3,serum_iron|TIBC|TSAT|sTfR,INFLAMMATION_INCOMPLETE_OR_MIXED
P000819,iron_deficiency,3.586693407556939e-05,0,against,agree_negative,0.9999641330659245,high,0,3,2,Ret_He|sTfR,IRON_MULTIPLE_AGAINST
P000819,B12_deficiency,0.0034703679849074,0,unknown,insufficient_clinical_evidence,0.84,moderate,0,0,4,vitamin_B12|active_B12|homocysteine,B12_NO_TOTAL_B12
P000819,folate_deficiency,0.0008090958078901,0,against,agree_negative,0.9991909041921099,high,0,1,0,,FOLATE_NOT_LOW
P000819,B6_deficiency,0.0101645403148151,0,unknown,insufficient_clinical_evidence,0.84,moderate,0,0,1,vitamin_B6,B6_NO_VALIDATED_RULE
P000819,copper_deficiency,0.0097348703571462,0,unknown,insufficient_clinical_evidence,0.84,moderate,0,0,2,copper|ceruloplasmin,COPPER_NO_VALIDATED_RULE
P000819,inflammation_anemia,0.0005040135968285,0,unknown,insufficient_clinical_evidence,0.84,moderate,2,1,1,CRP|sTfR,INFLAMMATION_INCOMPLETE_OR_MIXED
P000820,iron_deficiency,0.9648620992058634,1,unknown,insufficient_clinical_evidence,0.84,moderate,0,0,5,TSAT|Ret_He|sTfR,IRON_INSUFFICIENT_OR_MIXED
P000820,B12_deficiency,0.0001809372371153,0,unknown,insufficient_clinical_evidence,0.84,moderate,0,0,4,active_B12|MMA|homocysteine,B12_TOTAL_NOT_LOW_BUT_NOT_EXCLUSION
P000820,folate_deficiency,0.0221187761310292,0,unknown,insufficient_clinical_evidence,0.84,moderate,0,0,1,folate,FOLATE_MISSING
P000820,B6_deficiency,0.0706510438130939,0,unknown,insufficient_clinical_evidence,0.84,moderate,0,0,1,vitamin_B6,B6_NO_VALIDATED_RULE
P000820,copper_deficiency,0.0001550667815825,0,unknown,insufficient_clinical_evidence,0.84,moderate,0,0,2,copper|ceruloplasmin,COPPER_NO_VALIDATED_RULE
P000820,inflammation_anemia,0.0022263493565273,0,against,agree_negative,0.9977736506434727,high,0,1,0,serum_iron|TIBC|TSAT|sTfR,INFLAMMATION_NO_ANEMIA
P000821,iron_deficiency,0.0190595276902826,0,unknown,insufficient_clinical_evidence,0.84,moderate,1,2,2,ferritin|Ret_He,IRON_INSUFFICIENT_OR_MIXED
P000821,B12_deficiency,0.0005993285360661,0,unknown,insufficient_clinical_evidence,0.84,moderate,0,0,4,vitamin_B12|active_B12|MMA|homocysteine,B12_NO_TOTAL_B12
P000821,folate_deficiency,0.001388135492057,0,unknown,insufficient_clinical_evidence,0.84,moderate,0,0,1,,FOLATE_BORDERLINE
P000821,B6_deficiency,0.0728013015283858,0,unknown,insufficient_clinical_evidence,0.84,moderate,0,0,1,,B6_NO_VALIDATED_RULE
P000821,copper_deficiency,0.00815412356383,0,unknown,insufficient_clinical_evidence,0.84,moderate,0,0,2,copper,COPPER_NO_VALIDATED_RULE
P000821,inflammation_anemia,2.193724537004545e-05,0,against,agree_negative,0.99997806275463,high,0,2,2,CRP|ferritin,INFLAMMATION_PATTERN_AGAINST
P000822,iron_deficiency,0.9923090867341906,1,unknown,insufficient_clinical_evidence,0.84,moderate,0,1,4,TSAT|Ret_He,IRON_INSUFFICIENT_OR_MIXED
P000822,B12_deficiency,1.539350143888311e-05,0,unknown,insufficient_clinical_evidence,0.84,moderate,0,0,4,homocysteine,B12_TOTAL_NOT_LOW_BUT_NOT_EXCLUSION
P000822,folate_deficiency,0.0364454039317328,0,unknown,insufficient_clinical_evidence,0.84,moderate,0,0,1,folate,FOLATE_MISSING
P000822,B6_deficiency,0.0074700594546647,0,unknown,insufficient_clinical_evidence,0.84,moderate,0,0,1,vitamin_B6,B6_NO_VALIDATED_RULE
P000822,copper_deficiency,0.0008811601096654,0,unknown,insufficient_clinical_evidence,0.84,moderate,0,0,2,copper|ceruloplasmin,COPPER_NO_VALIDATED_RULE
P000822,inflammation_anemia,6.927852856282752e-05,0,against,agree_negative,0.9999307214714371,high,0,1,0,serum_iron|TIBC|TSAT,INFLAMMATION_NO_ANEMIA
P000823,iron_deficiency,0.0019317835992042,0,unknown,insufficient_clinical_evidence,0.84,moderate,0,0,5,ferritin|TSAT|Ret_He,IRON_INSUFFICIENT_OR_MIXED
P000823,B12_deficiency,0.99972475008509,1,supports,agree_positive,0.99972475008509,high,1,0,3,,B12_LOW_TOTAL
P000823,folate_deficiency,0.1164698094564801,0,unknown,insufficient_clinical_evidence,0.84,moderate,0,0,1,folate,FOLATE_MISSING
P000823,B6_deficiency,0.0009223876107564,0,unknown,insufficient_clinical_evidence,0.84,moderate,0,0,1,,B6_NO_VALIDATED_RULE
P000823,copper_deficiency,0.0075738262912988,0,unknown,insufficient_clinical_evidence,0.84,moderate,0,0,2,copper|ceruloplasmin,COPPER_NO_VALIDATED_RULE
P000823,inflammation_anemia,0.0002340024978744,0,against,agree_negative,0.9997659975021256,high,0,1,0,CRP|ferritin|serum_iron|TIBC|TSAT,INFLAMMATION_NO_ANEMIA
P000824,iron_deficiency,0.0002530677059762,0,against,agree_negative,0.9997469322940238,high,0,2,3,TSAT,IRON_MULTIPLE_AGAINST
P000824,B12_deficiency,0.0133368065097376,0,unknown,insufficient_clinical_evidence,0.84,moderate,0,0,4,,B12_TOTAL_NOT_LOW_BUT_NOT_EXCLUSION
P000824,folate_deficiency,0.1104262246487044,0,unknown,insufficient_clinical_evidence,0.84,moderate,0,0,1,,FOLATE_BORDERLINE
P000824,B6_deficiency,0.0126302240099382,0,unknown,insufficient_clinical_evidence,0.84,moderate,0,0,1,,B6_NO_VALIDATED_RULE
P000824,copper_deficiency,0.0003770407785252,0,unknown,insufficient_clinical_evidence,0.84,moderate,0,0,2,copper|ceruloplasmin,COPPER_NO_VALIDATED_RULE
P000824,inflammation_anemia,0.0011688299446539,0,unknown,insufficient_clinical_evidence,0.84,moderate,1,0,3,CRP|serum_iron|TIBC|TSAT,INFLAMMATION_INCOMPLETE_OR_MIXED
P000825,iron_deficiency,0.0054359012659812,0,against,agree_negative,0.9945640987340189,high,0,3,2,Ret_He|sTfR,IRON_MULTIPLE_AGAINST
P000825,B12_deficiency,7.62176298716393e-05,0,unknown,insufficient_clinical_evidence,0.84,moderate,0,0,4,vitamin_B12|MMA|homocysteine,B12_NO_TOTAL_B12
P000825,folate_deficiency,0.1101975573800056,0,unknown,insufficient_clinical_evidence,0.84,moderate,0,0,1,,FOLATE_BORDERLINE
P000825,B6_deficiency,0.027174209420268,0,unknown,insufficient_clinical_evidence,0.84,moderate,0,0,1,vitamin_B6,B6_NO_VALIDATED_RULE
P000825,copper_deficiency,0.0087126068874215,0,unknown,insufficient_clinical_evidence,0.84,moderate,0,0,2,ceruloplasmin,COPPER_NO_VALIDATED_RULE
P000825,inflammation_anemia,5.598915905339785e-05,0,unknown,insufficient_clinical_evidence,0.84,moderate,2,1,1,sTfR,INFLAMMATION_INCOMPLETE_OR_MIXED
P000826,iron_deficiency,0.0577373100608532,0,supports,conflict_ml_negative_rule_supports,0.64,low,2,1,2,ferritin|Ret_He|sTfR,IRON_MULTIPLE_SUPPORT
P000826,B12_deficiency,0.0021744104831465,0,unknown,insufficient_clinical_evidence,0.84,moderate,0,0,4,active_B12|MMA,B12_TOTAL_NOT_LOW_BUT_NOT_EXCLUSION
P000826,folate_deficiency,0.0017305396061672,0,unknown,insufficient_clinical_evidence,0.84,moderate,0,0,1,folate,FOLATE_MISSING
P000826,B6_deficiency,0.0050317268783601,0,unknown,insufficient_clinical_evidence,0.84,moderate,0,0,1,vitamin_B6,B6_NO_VALIDATED_RULE
P000826,copper_deficiency,0.0041341394563105,0,unknown,insufficient_clinical_evidence,0.84,moderate,0,0,2,copper|ceruloplasmin,COPPER_NO_VALIDATED_RULE
P000826,inflammation_anemia,0.9999058326782836,1,supports,agree_positive,0.9999058326782836,high,2,0,2,ferritin|sTfR,INFLAMMATION_PATTERN_SUPPORT
P000827,iron_deficiency,0.0003452169411741,0,unknown,insufficient_clinical_evidence,0.84,moderate,0,0,5,ferritin|TSAT|Ret_He|sTfR,IRON_INSUFFICIENT_OR_MIXED
P000827,B12_deficiency,0.0028240064453817,0,unknown,insufficient_clinical_evidence,0.84,moderate,0,0,4,active_B12|MMA|homocysteine,B12_TOTAL_NOT_LOW_BUT_NOT_EXCLUSION
P000827,folate_deficiency,0.0007976960903123,0,against,agree_negative,0.9992023039096877,high,0,1,0,,FOLATE_NOT_LOW
P000827,B6_deficiency,0.009762675065136,0,unknown,insufficient_clinical_evidence,0.84,moderate,0,0,1,vitamin_B6,B6_NO_VALIDATED_RULE
P000827,copper_deficiency,0.0182692408352314,0,unknown,insufficient_clinical_evidence,0.84,moderate,0,0,2,copper,COPPER_NO_VALIDATED_RULE
P000827,inflammation_anemia,0.9994446055835222,1,unknown,insufficient_clinical_evidence,0.84,moderate,0,0,4,ferritin|serum_iron|TIBC|TSAT|sTfR,INFLAMMATION_INCOMPLETE_OR_MIXED
P000828,iron_deficiency,0.0001987373273591,0,unknown,insufficient_clinical_evidence,0.84,moderate,0,1,4,TSAT|Ret_He|sTfR,IRON_INSUFFICIENT_OR_MIXED
P000828,B12_deficiency,0.0001500337074985,0,unknown,insufficient_clinical_evidence,0.84,moderate,0,0,4,active_B12|MMA,B12_TOTAL_NOT_LOW_BUT_NOT_EXCLUSION
P000828,folate_deficiency,0.0768505998864943,0,unknown,insufficient_clinical_evidence,0.84,moderate,0,0,1,,FOLATE_BORDERLINE
P000828,B6_deficiency,0.0223278603911327,0,unknown,insufficient_clinical_evidence,0.84,moderate,0,0,1,vitamin_B6,B6_NO_VALIDATED_RULE
P000828,copper_deficiency,0.0006904079575024,0,unknown,insufficient_clinical_evidence,0.84,moderate,0,0,2,ceruloplasmin,COPPER_NO_VALIDATED_RULE
P000828,inflammation_anemia,0.9365762379274034,1,unknown,insufficient_clinical_evidence,0.84,moderate,1,0,3,serum_iron|TIBC|TSAT|sTfR,INFLAMMATION_INCOMPLETE_OR_MIXED
P000829,iron_deficiency,0.999985194779152,1,supports,agree_positive,0.999985194779152,high,3,0,2,Ret_He|sTfR,IRON_MULTIPLE_SUPPORT
P000829,B12_deficiency,0.0062024801283915,0,unknown,insufficient_clinical_evidence,0.84,moderate,0,0,4,vitamin_B12|MMA|homocysteine,B12_NO_TOTAL_B12
P000829,folate_deficiency,0.0051617770156027,0,unknown,insufficient_clinical_evidence,0.84,moderate,0,0,1,folate,FOLATE_MISSING
P000829,B6_deficiency,0.0020196256143479,0,unknown,insufficient_clinical_evidence,0.84,moderate,0,0,1,vitamin_B6,B6_NO_VALIDATED_RULE
P000829,copper_deficiency,0.0049318539011556,0,unknown,insufficient_clinical_evidence,0.84,moderate,0,0,2,copper|ceruloplasmin,COPPER_NO_VALIDATED_RULE
P000829,inflammation_anemia,0.0002223625972826,0,unknown,insufficient_clinical_evidence,0.84,moderate,2,1,1,CRP|sTfR,INFLAMMATION_INCOMPLETE_OR_MIXED
P000830,iron_deficiency,0.9999317751098152,1,supports,agree_positive,0.9999317751098152,high,2,0,3,Ret_He|sTfR,IRON_MULTIPLE_SUPPORT
P000830,B12_deficiency,0.0344081969335349,0,unknown,insufficient_clinical_evidence,0.84,moderate,0,0,4,vitamin_B12|active_B12|MMA|homocysteine,B12_NO_TOTAL_B12
P000830,folate_deficiency,0.0970198219636015,0,unknown,insufficient_clinical_evidence,0.84,moderate,0,0,1,folate,FOLATE_MISSING
P000830,B6_deficiency,0.0003560886147733,0,unknown,insufficient_clinical_evidence,0.84,moderate,0,0,1,vitamin_B6,B6_NO_VALIDATED_RULE
P000830,copper_deficiency,0.0032503024221713,0,unknown,insufficient_clinical_evidence,0.84,moderate,0,0,2,copper|ceruloplasmin,COPPER_NO_VALIDATED_RULE
P000830,inflammation_anemia,7.334878551102152e-05,0,supports,conflict_ml_negative_rule_supports,0.64,low,3,0,1,CRP|sTfR,INFLAMMATION_PATTERN_SUPPORT
P000831,iron_deficiency,5.878953808994948e-05,0,against,agree_negative,0.9999412104619101,high,0,2,3,ferritin|Ret_He|sTfR,IRON_MULTIPLE_AGAINST
P000831,B12_deficiency,0.0004285589981539,0,unknown,insufficient_clinical_evidence,0.84,moderate,0,0,4,vitamin_B12|MMA|homocysteine,B12_NO_TOTAL_B12
P000831,folate_deficiency,0.0026149001211675,0,unknown,insufficient_clinical_evidence,0.84,moderate,0,0,1,folate,FOLATE_MISSING
P000831,B6_deficiency,0.0257473407617967,0,unknown,insufficient_clinical_evidence,0.84,moderate,0,0,1,vitamin_B6,B6_NO_VALIDATED_RULE
P000831,copper_deficiency,0.0023430213282182,0,unknown,insufficient_clinical_evidence,0.84,moderate,0,0,2,copper,COPPER_NO_VALIDATED_RULE
P000831,inflammation_anemia,6.055820270183379e-05,0,unknown,insufficient_clinical_evidence,0.84,moderate,1,1,2,CRP|ferritin|sTfR,INFLAMMATION_INCOMPLETE_OR_MIXED
P000832,iron_deficiency,0.0005542225205501,0,against,agree_negative,0.9994457774794498,high,0,2,3,ferritin|Ret_He,IRON_MULTIPLE_AGAINST
P000832,B12_deficiency,0.0001373710972712,0,unknown,insufficient_clinical_evidence,0.84,moderate,0,0,4,active_B12|homocysteine,B12_TOTAL_NOT_LOW_BUT_NOT_EXCLUSION
P000832,folate_deficiency,0.0015311170673728,0,against,agree_negative,0.9984688829326273,high,0,1,0,,FOLATE_NOT_LOW
P000832,B6_deficiency,0.0116992430729468,0,unknown,insufficient_clinical_evidence,0.84,moderate,0,0,1,,B6_NO_VALIDATED_RULE
P000832,copper_deficiency,0.0015188130667282,0,unknown,insufficient_clinical_evidence,0.84,moderate,0,0,2,ceruloplasmin,COPPER_NO_VALIDATED_RULE
P000832,inflammation_anemia,1.3726695528910311e-05,0,unknown,insufficient_clinical_evidence,0.84,moderate,1,1,2,CRP|ferritin,INFLAMMATION_INCOMPLETE_OR_MIXED
P000833,iron_deficiency,0.9999797350838552,1,supports,agree_positive,0.9999797350838552,high,4,0,1,Ret_He|sTfR,IRON_MULTIPLE_SUPPORT
P000833,B12_deficiency,0.0012815032427617,0,unknown,insufficient_clinical_evidence,0.84,moderate,0,0,4,vitamin_B12|active_B12|homocysteine,B12_NO_TOTAL_B12
P000833,folate_deficiency,0.0152397969742343,0,unknown,insufficient_clinical_evidence,0.84,moderate,0,0,1,folate,FOLATE_MISSING
P000833,B6_deficiency,0.0102911847939717,0,unknown,insufficient_clinical_evidence,0.84,moderate,0,0,1,vitamin_B6,B6_NO_VALIDATED_RULE
P000833,copper_deficiency,0.0002062427273724,0,unknown,insufficient_clinical_evidence,0.84,moderate,0,0,2,copper,COPPER_NO_VALIDATED_RULE
P000833,inflammation_anemia,0.0001302490967366,0,unknown,insufficient_clinical_evidence,0.84,moderate,1,2,1,CRP|sTfR,INFLAMMATION_INCOMPLETE_OR_MIXED
P000834,iron_deficiency,0.0002235129830526,0,against,agree_negative,0.9997764870169474,high,0,3,2,Ret_He|sTfR,IRON_MULTIPLE_AGAINST
P000834,B12_deficiency,0.0042886246966099,0,unknown,insufficient_clinical_evidence,0.84,moderate,0,0,4,vitamin_B12|active_B12|homocysteine,B12_NO_TOTAL_B12
P000834,folate_deficiency,0.0292837648850786,0,unknown,insufficient_clinical_evidence,0.84,moderate,0,0,1,folate,FOLATE_MISSING
P000834,B6_deficiency,0.0096411119998899,0,unknown,insufficient_clinical_evidence,0.84,moderate,0,0,1,vitamin_B6,B6_NO_VALIDATED_RULE
P000834,copper_deficiency,0.0008423240082462,0,unknown,insufficient_clinical_evidence,0.84,moderate,0,0,2,copper,COPPER_NO_VALIDATED_RULE
P000834,inflammation_anemia,4.091409042611776e-06,0,against,agree_negative,0.9999959085909574,high,0,1,0,CRP|sTfR,INFLAMMATION_NO_ANEMIA
P000835,iron_deficiency,7.769358723598456e-05,0,unknown,insufficient_clinical_evidence,0.84,moderate,1,2,2,ferritin|sTfR,IRON_INSUFFICIENT_OR_MIXED
P000835,B12_deficiency,0.9786076395365556,1,supports,agree_positive,0.9786076395365556,high,1,0,3,active_B12|homocysteine,B12_LOW_TOTAL
P000835,folate_deficiency,0.1028814822096339,0,unknown,insufficient_clinical_evidence,0.84,moderate,0,0,1,folate,FOLATE_MISSING
P000835,B6_deficiency,0.0010788800864183,0,unknown,insufficient_clinical_evidence,0.84,moderate,0,0,1,,B6_NO_VALIDATED_RULE
P000835,copper_deficiency,0.0003562849642313,0,unknown,insufficient_clinical_evidence,0.84,moderate,0,0,2,copper|ceruloplasmin,COPPER_NO_VALIDATED_RULE
P000835,inflammation_anemia,9.94492231494658e-05,0,against,agree_negative,0.9999005507768506,high,0,1,0,ferritin|sTfR,INFLAMMATION_NO_ANEMIA
P000836,iron_deficiency,0.9998207281992026,1,supports,agree_positive,0.9998207281992026,high,4,0,1,sTfR,IRON_MULTIPLE_SUPPORT
P000836,B12_deficiency,0.0314665289726242,0,unknown,insufficient_clinical_evidence,0.84,moderate,0,0,4,MMA|homocysteine,B12_TOTAL_NOT_LOW_BUT_NOT_EXCLUSION
P000836,folate_deficiency,0.0141694639561392,0,unknown,insufficient_clinical_evidence,0.84,moderate,0,0,1,folate,FOLATE_MISSING
P000836,B6_deficiency,0.0030183892152485,0,unknown,insufficient_clinical_evidence,0.84,moderate,0,0,1,vitamin_B6,B6_NO_VALIDATED_RULE
P000836,copper_deficiency,0.0077532546813715,0,unknown,insufficient_clinical_evidence,0.84,moderate,0,0,2,copper,COPPER_NO_VALIDATED_RULE
P000836,inflammation_anemia,3.130175744583306e-05,0,unknown,insufficient_clinical_evidence,0.84,moderate,2,1,1,sTfR,INFLAMMATION_INCOMPLETE_OR_MIXED
P000837,iron_deficiency,6.83474162969873e-05,0,against,agree_negative,0.999931652583703,high,0,2,3,ferritin|Ret_He,IRON_MULTIPLE_AGAINST
P000837,B12_deficiency,0.0007980473512419,0,unknown,insufficient_clinical_evidence,0.84,moderate,0,0,4,active_B12|MMA|homocysteine,B12_TOTAL_NOT_LOW_BUT_NOT_EXCLUSION
P000837,folate_deficiency,0.0728081975740381,0,unknown,insufficient_clinical_evidence,0.84,moderate,0,0,1,folate,FOLATE_MISSING
P000837,B6_deficiency,0.0024643303273157,0,unknown,insufficient_clinical_evidence,0.84,moderate,0,0,1,vitamin_B6,B6_NO_VALIDATED_RULE
P000837,copper_deficiency,0.0051841340565446,0,unknown,insufficient_clinical_evidence,0.84,moderate,0,0,2,copper,COPPER_NO_VALIDATED_RULE
P000837,inflammation_anemia,2.851216034771412e-05,0,unknown,insufficient_clinical_evidence,0.84,moderate,1,1,2,CRP|ferritin,INFLAMMATION_INCOMPLETE_OR_MIXED
P000838,iron_deficiency,0.9750434929811992,1,unknown,insufficient_clinical_evidence,0.84,moderate,0,0,5,TSAT|Ret_He|sTfR,IRON_INSUFFICIENT_OR_MIXED
P000838,B12_deficiency,0.0059803221608875,0,unknown,insufficient_clinical_evidence,0.84,moderate,0,0,4,active_B12,B12_TOTAL_NOT_LOW_BUT_NOT_EXCLUSION
P000838,folate_deficiency,0.0003226944252793,0,against,agree_negative,0.9996773055747207,high,0,1,0,,FOLATE_NOT_LOW
P000838,B6_deficiency,0.0188894927908408,0,unknown,insufficient_clinical_evidence,0.84,moderate,0,0,1,vitamin_B6,B6_NO_VALIDATED_RULE
P000838,copper_deficiency,0.0001294119933625,0,unknown,insufficient_clinical_evidence,0.84,moderate,0,0,2,copper|ceruloplasmin,COPPER_NO_VALIDATED_RULE
P000838,inflammation_anemia,0.0006635970787435,0,against,agree_negative,0.9993364029212565,high,0,1,0,serum_iron|TIBC|TSAT|sTfR,INFLAMMATION_NO_ANEMIA
P000839,iron_deficiency,0.0005615717254298,0,against,agree_negative,0.9994384282745702,high,0,3,2,Ret_He,IRON_MULTIPLE_AGAINST
P000839,B12_deficiency,0.0093074041362896,0,unknown,insufficient_clinical_evidence,0.84,moderate,0,0,4,vitamin_B12|active_B12|MMA,B12_NO_TOTAL_B12
P000839,folate_deficiency,0.0152093119730102,0,against,agree_negative,0.9847906880269898,high,0,1,0,,FOLATE_NOT_LOW
P000839,B6_deficiency,0.0297231338512173,0,unknown,insufficient_clinical_evidence,0.84,moderate,0,0,1,vitamin_B6,B6_NO_VALIDATED_RULE
P000839,copper_deficiency,0.0690527074668233,0,unknown,insufficient_clinical_evidence,0.84,moderate,0,0,2,copper,COPPER_NO_VALIDATED_RULE
P000839,inflammation_anemia,0.0452978775715305,0,unknown,insufficient_clinical_evidence,0.84,moderate,2,1,1,,INFLAMMATION_INCOMPLETE_OR_MIXED
P000840,iron_deficiency,0.0002080992057611,0,supports,conflict_ml_negative_rule_supports,0.64,low,3,2,0,sTfR,IRON_MULTIPLE_SUPPORT
P000840,B12_deficiency,0.0002097668595198,0,unknown,insufficient_clinical_evidence,0.84,moderate,0,0,4,active_B12|MMA|homocysteine,B12_TOTAL_NOT_LOW_BUT_NOT_EXCLUSION
P000840,folate_deficiency,0.0055645212366695,0,unknown,insufficient_clinical_evidence,0.84,moderate,0,0,1,folate,FOLATE_MISSING
P000840,B6_deficiency,0.0122053741329025,0,unknown,insufficient_clinical_evidence,0.84,moderate,0,0,1,vitamin_B6,B6_NO_VALIDATED_RULE
P000840,copper_deficiency,0.0038751953979759,0,unknown,insufficient_clinical_evidence,0.84,moderate,0,0,2,copper|ceruloplasmin,COPPER_NO_VALIDATED_RULE
P000840,inflammation_anemia,0.9999946134883044,1,supports,agree_positive,0.9999946134883044,high,3,0,1,sTfR,INFLAMMATION_PATTERN_SUPPORT
