patient_id,y_true,L1_full__pred,L1_full__proba__B12_deficiency_anemia,L1_full__proba__B12_deficiency_no_anemia,L1_full__proba__B6_deficiency,L1_full__proba__anemia_other,L1_full__proba__copper_deficiency,L1_full__proba__folate_deficiency_anemia,L1_full__proba__folate_deficiency_no_anemia,L1_full__proba__inflammation_anemia,L1_full__proba__iron_deficiency_anemia,L1_full__proba__latent_deficiency,L1_full__proba__mixed_deficiency,L1_full__proba__no_anemia_no_deficiency,L1_compact__pred,L1_compact__proba__B12_deficiency_anemia,L1_compact__proba__B12_deficiency_no_anemia,L1_compact__proba__B6_deficiency,L1_compact__proba__anemia_other,L1_compact__proba__copper_deficiency,L1_compact__proba__folate_deficiency_anemia,L1_compact__proba__folate_deficiency_no_anemia,L1_compact__proba__inflammation_anemia,L1_compact__proba__iron_deficiency_anemia,L1_compact__proba__latent_deficiency,L1_compact__proba__mixed_deficiency,L1_compact__proba__no_anemia_no_deficiency,CatBoost_full__pred,CatBoost_full__proba__B12_deficiency_anemia,CatBoost_full__proba__B12_deficiency_no_anemia,CatBoost_full__proba__B6_deficiency,CatBoost_full__proba__anemia_other,CatBoost_full__proba__copper_deficiency,CatBoost_full__proba__folate_deficiency_anemia,CatBoost_full__proba__folate_deficiency_no_anemia,CatBoost_full__proba__inflammation_anemia,CatBoost_full__proba__iron_deficiency_anemia,CatBoost_full__proba__latent_deficiency,CatBoost_full__proba__mixed_deficiency,CatBoost_full__proba__no_anemia_no_deficiency,CatBoost_compact__pred,CatBoost_compact__proba__B12_deficiency_anemia,CatBoost_compact__proba__B12_deficiency_no_anemia,CatBoost_compact__proba__B6_deficiency,CatBoost_compact__proba__anemia_other,CatBoost_compact__proba__copper_deficiency,CatBoost_compact__proba__folate_deficiency_anemia,CatBoost_compact__proba__folate_deficiency_no_anemia,CatBoost_compact__proba__inflammation_anemia,CatBoost_compact__proba__iron_deficiency_anemia,CatBoost_compact__proba__latent_deficiency,CatBoost_compact__proba__mixed_deficiency,CatBoost_compact__proba__no_anemia_no_deficiency
P000001,B12_deficiency_no_anemia,B12_deficiency_no_anemia,0.00020946150131715888,0.7129927210492044,0.0008345359967989395,0.0012248476632833695,6.868412981060643e-05,0.0003776510648395083,0.1435533560697553,0.00020154717998735082,5.094547688769596e-05,0.006966591548704577,0.0003050664212973896,0.13321459189811358,folate_deficiency_no_anemia,0.0019234988218184918,0.3822428488503009,0.004312849072019259,0.00867188052421737,0.0041344895467815565,0.007100036540064412,0.41618489831149047,0.0016787393533451824,0.0005287004348619167,0.04115517389499981,0.0011811424707861037,0.13088574217931462,B12_deficiency_no_anemia,0.0058549552082256245,0.3795250293021017,0.04432434920568449,0.010997416192216386,0.0063915886392355336,0.005897296279509798,0.14351773271533252,0.011399085388095314,0.007762940691464952,0.07032623770043835,0.007015831943379288,0.3069875367343161,B12_deficiency_no_anemia,0.009443065465428818,0.5571809619070637,0.02653668026025489,0.016951750736140116,0.008929479542696322,0.008222436590603436,0.1451868547300627,0.007462081064004832,0.006651088025085083,0.03223565917518976,0.00662111659560999,0.17457882590786047
P000002,folate_deficiency_no_anemia,B12_deficiency_anemia,0.2735561251314514,0.0759377640008663,0.03685728818380594,0.09411261097271853,0.04283130623821256,0.22336880560435135,0.14113016442023296,0.014930919392196552,0.015702210296017313,0.003363479618629204,0.029529475923698416,0.048679850217819516,folate_deficiency_anemia,0.28451842817936285,0.03858117475188254,0.01618859326191834,0.0234879352140848,0.044909313316179714,0.48206845958795885,0.09783514614423083,0.00227822064912929,0.0018864927656903022,0.00027070224534144263,0.004908314740989601,0.0030672191432316474,folate_deficiency_anemia,0.08203744303809926,0.050798062023083755,0.08302996005862243,0.11189381268092591,0.12247410000262322,0.2315767168737055,0.10890543040028208,0.017178959142706233,0.03498260168570575,0.014285155001074346,0.06609639108831315,0.07674136800485842,folate_deficiency_no_anemia,0.0882318805437133,0.11397161871628679,0.03953897456150215,0.0609388764554753,0.09139455660218822,0.20722203604325445,0.2521158188986532,0.008705460434269584,0.019015007983335042,0.01644149736103465,0.03640653828202325,0.06601773411826416
P000003,latent_deficiency,latent_deficiency,3.5691041169920236e-09,1.1746875286060015e-09,3.043312588125655e-08,2.6518915302585486e-09,1.5860484631294615e-09,8.670890799895465e-09,9.804897417515833e-07,8.556681720761533e-09,0.0005652035794519618,0.998819491404087,0.0004479280116048507,0.00016633987268454845,latent_deficiency,4.146360150194813e-06,3.3545908084111597e-06,1.062465209782891e-05,9.715160167146076e-06,0.00024826009364725297,6.867100612088904e-06,0.0003130600355288368,3.7467303400923003e-06,0.011843980560723442,0.9773001625259592,0.008508255549753084,0.0017478266402125965,latent_deficiency,0.0006168343086080636,0.002000127925741065,0.0052699932883150166,0.0011312034224399868,0.002110767710928634,0.0009517653812796953,0.0038052516527984047,0.0016624018775255177,0.005606822924811462,0.966946292209297,0.0027108199915425795,0.007187719306712735,latent_deficiency,0.00142469159338634,0.0034508823444695264,0.007395933662750545,0.003289870390520398,0.006701878067976237,0.0024023585273057852,0.004278351411292641,0.0035500727868687312,0.007686027235897631,0.9475179455193748,0.0050720783538045055,0.007229910106352689
P000004,B12_deficiency_no_anemia,B12_deficiency_no_anemia,7.942591444144191e-05,0.9955373092222548,1.1255132076507767e-06,8.912515936848349e-07,2.647274034066126e-06,1.486092451925406e-05,6.483466515447937e-05,7.721267956383374e-06,5.719672069560386e-06,1.218397196104472e-06,0.004284046354016119,1.995435564855414e-07,B12_deficiency_no_anemia,0.011444635763776348,0.912593445522051,0.0008665924807057283,1.6644986192598273e-05,1.0541986245412177e-05,0.0006513853919570392,0.0011326753577005212,0.00015080493314359293,0.00012353521095333035,1.927517362230115e-06,0.07300721010805962,6.007418525079e-07,B12_deficiency_no_anemia,0.021406363175251415,0.5154332908481034,0.08187294781002066,0.028701097595280917,0.03014927834154381,0.03103096671623827,0.08669267526489989,0.04638873455077864,0.027417041881392535,0.04696474981498619,0.05366528038374733,0.030277573617756858,B12_deficiency_no_anemia,0.03363533491448003,0.33042459050683304,0.1500876852686308,0.03888644353794387,0.07985161777795659,0.05285267486925463,0.13192658656750406,0.046328630454726294,0.035053842880178376,0.043517136123507195,0.035248202176957476,0.02218725492202772
P000005,B12_deficiency_anemia,B12_deficiency_anemia,0.8770313542424124,0.002839598616811729,4.018933046518498e-06,0.00016032965263018475,8.778728620944321e-05,0.0003958211869663208,9.591553310561601e-05,0.00010397711676966437,7.685931632905888e-06,1.1817664130284242e-06,0.11926235743966743,9.972294334835837e-06,B12_deficiency_anemia,0.852754923347879,0.007773079498733929,4.311038261181763e-05,0.000502353602875716,0.0011348801598083783,0.00792338272272448,0.0006020211601204717,0.00029785086270453726,6.214368420584978e-05,8.577630197682629e-06,0.12884254245309118,5.51344950471802e-05,B12_deficiency_anemia,0.9269122399096363,0.003530887020681046,0.0013951942333304509,0.003428267238143647,0.0020211989491237723,0.0048054668043147715,0.001855169193756082,0.0014258730082871932,0.0018161241746393578,0.0005897646950421577,0.05138829755234813,0.0008315172206971255,B12_deficiency_anemia,0.9344514110024614,0.002554611628113697,0.0015828905984754853,0.006030887333037708,0.006812096700723691,0.009380159617716356,0.0019971469360008246,0.0022346399262272265,0.001622348226495834,0.000631528196037882,0.03165949684431128,0.0010427829903983674
P000006,anemia_other,anemia_other,0.00021543455251583636,0.0003212411535143969,0.0024843581086834553,0.9741373576695862,0.007385396464347707,0.003062350355771018,0.00017506331419022133,0.004556340148575991,0.004453029776708625,0.00012816150158451801,0.00018666912377136968,0.0028945978307508844,anemia_other,0.0001990004307627919,0.00017603531252147786,0.021595226691160416,0.5972671536463194,0.14152770725704136,0.0036246529466197183,7.427072463319617e-05,0.16713430912164393,0.06760640309835868,0.00011715363361074819,0.00011342184558166846,0.0005646652917464823,anemia_other,0.004991988907030841,0.004101032111379329,0.005140968020881648,0.9163842902311936,0.008121539062448451,0.013648149259507227,0.005301215268112915,0.01554767234407438,0.0132999033413815,0.001805136815103109,0.005780744475356527,0.005877360163530467,anemia_other,0.005180645966236457,0.008252390387726617,0.02280991577944414,0.5896221669187108,0.038231774061834374,0.015469476317207053,0.005538356383903255,0.23050609068324854,0.058635180297705036,0.003899344862566503,0.013095346549239951,0.008759311792177116
P000007,inflammation_anemia,inflammation_anemia,0.0032388288597253547,0.019788353971197662,0.003338498806090983,0.009907415295567101,0.0004760642711187348,8.515366062796778e-06,3.577827779118913e-06,0.9588030343689156,0.0005045536031828943,5.646859415208686e-05,2.091984416572372e-05,0.003853769192042026,inflammation_anemia,0.0013566657955939125,0.002314474886462866,0.00015365434950467447,0.006947078845412045,0.0005594601386700878,1.1445324126160456e-07,6.7279688436181435e-09,0.9876498590625862,5.925561365274857e-07,1.4397663976471145e-09,7.54929660911636e-08,0.001018016251690999,inflammation_anemia,0.004763900619632751,0.008268024453456318,0.02939023266085149,0.027195094424810835,0.007451941329313078,0.003978918688357755,0.005295977754963099,0.880842068701188,0.010955173190719043,0.006886339261733702,0.005231669838237525,0.009740659076736375,inflammation_anemia,0.00875104605964634,0.00829251273349505,0.030948788697769274,0.13457471305565047,0.01680460312027955,0.005705390749985783,0.006046544276180961,0.7614782294180158,0.009070613079000225,0.004716008820349967,0.005217946371848218,0.008393603617778408
P000008,B12_deficiency_anemia,mixed_deficiency,0.33413687110937595,0.00034168854494995147,2.9666851192802532e-08,0.003773737233031476,2.0682047882793082e-06,0.2227664701352153,0.000351622117737408,0.006846931522018159,0.0007744499493007051,1.8317816492282555e-07,0.4310051698632738,7.78475292785034e-07,folate_deficiency_anemia,0.3129147171084141,0.0009921883148542561,3.889555236043168e-06,0.057289185791165105,3.028532973984643e-05,0.34106534580071357,0.009640357997010502,0.004873262922362373,0.0019336010792873274,3.711993463734252e-05,0.27118579901180495,3.424715477473068e-05,folate_deficiency_anemia,0.07337033237843703,0.007285254382056468,0.010416954334979526,0.03827800219091499,0.05501179361222834,0.6114713814488544,0.011949356504589385,0.009956103323019687,0.012671726529442281,0.0027441980429269482,0.16344295062895445,0.0034019466235963866,folate_deficiency_anemia,0.06422994932014861,0.005446568245972546,0.012384354105938973,0.06691602569023641,0.11097443474211102,0.5848036778958159,0.008641841090818475,0.008111610485546558,0.012838666586316466,0.003800230880006556,0.11682745718502308,0.005025183772065473
P000009,B12_deficiency_anemia,B12_deficiency_anemia,0.8789246999949284,0.004021383843687936,5.1908046793419717e-05,0.09846866682644327,1.485650119611109e-05,0.01520430458909002,2.4308497981854685e-05,0.0004283997373785637,9.528957991572476e-06,1.3771846375806158e-09,0.0028509426763043484,9.989510198239532e-07,B12_deficiency_anemia,0.6680200456759872,0.012728816832891208,0.0008170411566298434,0.24105793396962108,5.217092772060671e-05,0.06131278866455593,0.001130347656093412,0.0026543499528379278,9.962518076414504e-05,8.254266704302984e-07,0.012069288176217411,5.676638001075551e-05,B12_deficiency_anemia,0.6258188759432869,0.027275409264516694,0.0070525032057759725,0.06712326940624008,0.039532922056925705,0.16583290640427606,0.011256675818439883,0.00656773329172382,0.005910551051498983,0.002606650754012103,0.03594784849231723,0.005074654310986402,B12_deficiency_anemia,0.6558802977969911,0.023211753076536685,0.010778385762923887,0.09621553671018808,0.04931268483540003,0.0824963317747158,0.009147751436656122,0.010312476466962957,0.01093406375016295,0.004599097435759404,0.03884618148596402,0.00826543946773881
P000010,latent_deficiency,latent_deficiency,8.162144348370077e-06,4.3155472745484993e-05,0.002172371699750527,0.0002402373576248627,0.0002195658033595502,6.962583888091025e-06,1.598601179844851e-05,1.4165029422296936e-05,0.01904953946793994,0.9744879882634583,5.149978272578598e-05,0.0036903663829382606,latent_deficiency,1.0204445384849274e-05,3.7962939049914265e-05,0.0014534479962510325,0.0002452032583314726,0.0002305685579638076,1.73056685184169e-06,6.3911550222487384e-06,0.00011131484738907999,0.015388537550264822,0.980051514915567,4.242972907963256e-05,0.0024206940388442916,latent_deficiency,0.0007938213063091866,0.00674437630871906,0.00994034790780763,0.003087865177006988,0.00173827277339877,0.0008916403860570968,0.006052971322923636,0.002775061162954251,0.010148294642574055,0.9376278931056813,0.0030446302517982498,0.017154825654769962,latent_deficiency,0.000991906586035906,0.005355634196063561,0.007080969866568879,0.004133937841847687,0.0015390238339399484,0.0011545429647141223,0.0029311646172059847,0.006154359893161409,0.009944089456635464,0.9497792262195134,0.003812780262267089,0.0071223642620467376
P000011,iron_deficiency_anemia,iron_deficiency_anemia,0.0002861572339920238,1.6688967673164464e-08,3.8114526436531294e-06,3.869344842541935e-06,6.660465019360445e-06,4.937609012814722e-07,8.76033447917919e-11,6.931029156746917e-07,0.974851631152178,1.208948751118799e-07,0.024846545815975528,8.593397720238316e-14,iron_deficiency_anemia,0.0012409988439857265,3.681816288610373e-06,0.0005380588942319063,0.00015835246347423371,0.0002713048707471525,1.1508711996393132e-05,2.653185002706346e-07,1.4200895892725566e-05,0.9081701957907866,5.382155397292054e-05,0.08953761021451001,6.256134832766253e-10,iron_deficiency_anemia,0.0013344406725009099,0.000613305541916981,0.003857581892780051,0.0029501976759147928,0.001540493263129963,0.001338538261477831,0.0006068772273938483,0.0017898118934005472,0.8908929625026348,0.0013825110756948472,0.09325140473202245,0.00044187526113291135,iron_deficiency_anemia,0.0014638921919515285,0.0006618291694781649,0.0044883844659361245,0.002658209363800926,0.0020833447028107033,0.0009530447341276798,0.0006457051131416664,0.0024223190886904057,0.9013499063496003,0.0017090977409968413,0.08085609844843926,0.0007081686310264074
P000012,no_anemia_no_deficiency,no_anemia_no_deficiency,0.0037529347408838502,0.08849722436718643,4.7625036222821935e-05,0.009093318484724416,0.0032336015032489486,0.006007364082307793,0.17998617791176774,0.0015129009444949262,0.0012652944911579523,0.0774669877467662,0.004237180966919148,0.6248993897243198,no_anemia_no_deficiency,0.0003703076213214146,0.07776119444987006,2.254837894985262e-06,0.0012928641657478875,0.0039205544802375205,0.0011177099543163477,0.20155295037790008,0.0007363056087344452,0.00011190179755395087,0.05173767257830682,0.0006483168449784835,0.660747967283138,no_anemia_no_deficiency,0.004707082972534554,0.16478935893138547,0.012712871564929135,0.0062586987459344184,0.01778740199089422,0.006927947905947501,0.36761678967079775,0.005600696514614641,0.00425540033159862,0.034409156885205995,0.0032682933660876934,0.37166630112007004,no_anemia_no_deficiency,0.007849168494607383,0.21867800194840015,0.006051758864425611,0.005223084948676931,0.01686516143549181,0.005771314593997,0.17345115254527915,0.005228516842975221,0.004148281806438743,0.046557219734388346,0.002877911009799917,0.5072984277755198
P000013,mixed_deficiency,mixed_deficiency,0.013469067286394533,1.5878884512340944e-05,3.713703927416485e-05,0.00015068428522486063,0.00020508835196918744,0.00039953765160837765,3.407974417770901e-07,2.966232773728202e-05,0.0024230501773302316,1.3871870801169303e-06,0.9832681655559512,4.554758757399537e-10,mixed_deficiency,0.00887132293266866,9.89145210298148e-09,4.892918735303067e-08,2.2714893280199692e-06,3.054521650506464e-07,2.6494123412082502e-05,1.4254394424102118e-10,4.98424829261982e-07,8.282812689102288e-05,1.777604685922157e-10,0.9910162203096671,9.497503919151274e-14,mixed_deficiency,0.2772182127158374,0.010423384203335023,0.00504752127584167,0.00826208267137127,0.00984941815903167,0.01009576087829595,0.005483375504589114,0.00558683363981459,0.03518519728759171,0.004071482439324087,0.6263411823439679,0.0024355488809996995,mixed_deficiency,0.354065500006409,0.013081888140150079,0.005726638185798625,0.01192885175106724,0.0118774067211679,0.03407770123424346,0.012536682916611083,0.0064810267972392225,0.05399640155543301,0.006034344903298781,0.4866254092744151,0.0035681485141663186
P000014,inflammation_anemia,inflammation_anemia,2.5255236784323986e-07,2.9684547533332405e-07,0.0001968029069033645,2.8961230386324645e-05,3.016988411349463e-08,9.322931734560687e-06,3.8992861466095745e-06,0.9997507299423307,1.4088769450505013e-06,2.2488935306418303e-10,7.944383000954298e-08,8.215589106839789e-06,inflammation_anemia,1.7164309039251712e-08,1.563681886610214e-07,3.7075401718976087e-06,1.3488170899342512e-05,1.7739985019783898e-06,1.1179561956388698e-05,2.7624951934461162e-08,0.9999695994253742,1.0684606056914724e-08,2.973611826945673e-13,1.1586179492785799e-09,3.830212525236266e-08,inflammation_anemia,0.001106501439769835,0.0006093478220968428,0.006689370795573959,0.010378523964230857,0.003307429657641995,0.0010881278999493882,0.0007860000128154417,0.9685712193620806,0.0035800508710081384,0.0007321263400018527,0.001779995999148691,0.0013713058356824904,inflammation_anemia,0.0006139822004770342,0.00054024837918569,0.005070275185252021,0.00989080183191909,0.0026898799393510696,0.0009978305402760022,0.00048587266897682547,0.975156693766977,0.0019624828076612887,0.0004177380540314893,0.0012900310403813938,0.0008841635855110672
P000015,folate_deficiency_anemia,folate_deficiency_anemia,3.082671839655502e-05,6.630712544215176e-08,7.398905102138533e-09,6.684334328819039e-05,0.0015637737794202198,0.8751377189300636,0.12188832623799875,0.00017869232146419033,0.0002854333337970338,9.827581767283667e-08,0.0005897217344946914,0.0002584916192286165,folate_deficiency_anemia,0.0012174745282770684,2.9231570928929824e-06,4.531041332496439e-07,0.014974766817290734,0.004228596144876046,0.843869217872134,0.10822432562883146,0.018655125647426864,0.0015631858952102888,3.425827791880056e-05,0.006202366834874172,0.001027306091934294,folate_deficiency_anemia,0.05388513144853638,0.024429489572197594,0.023491604561170516,0.0329342532788443,0.044690750702507234,0.6760176662907623,0.027833428259933117,0.021187189899921206,0.021244186725664846,0.003639823265218132,0.06193567623346877,0.008710799761775443,folate_deficiency_anemia,0.02582548457847656,0.016809262080355453,0.021624295305497282,0.048473900109659455,0.030121236590972086,0.7275958370345577,0.02880641421957224,0.03638309151125589,0.01305970289286273,0.0039606724023531995,0.040889371519592564,0.006450731754844952
P000016,latent_deficiency,latent_deficiency,0.002760024206556626,0.046642288113513855,0.02558113719357617,0.01569357713595358,0.009821455671630721,0.008655286998849323,0.2228027842009211,0.005612114685796219,0.032690161602410964,0.4724299897473029,0.014284345445503407,0.14302683499798524,latent_deficiency,8.106139261996692e-05,0.006536778960370107,0.0020204175042489343,0.0019298372312158895,0.0029020761847639814,0.0008442493851546176,0.09064876313003505,0.0022374792674405212,0.004974628493528177,0.4607298677510232,0.0005931358911480624,0.42650170480845156,latent_deficiency,0.0018351457311702455,0.1053177984465163,0.05938982571301354,0.007806865907855606,0.01956349474830329,0.003648639899917829,0.14439224613370608,0.007251045200579492,0.010038023661765894,0.3193835105242259,0.005218429293554588,0.31615497473939114,no_anemia_no_deficiency,0.0011596328804157456,0.1238849702761877,0.024998058724406722,0.007029325058541584,0.01758457440697746,0.0036708839694919375,0.1346342280820904,0.006271189208867154,0.006775677669500437,0.18379635433467598,0.002237642402019054,0.487957462986826
P000017,B12_deficiency_anemia,B12_deficiency_anemia,0.9862515663088688,0.012017474701334864,1.1885559247169818e-06,4.808101990759372e-05,1.1491499798194695e-05,4.212964831227038e-06,7.343343577142422e-08,1.0466605002644324e-05,3.789829664417015e-07,5.243342278142155e-07,0.001649256831059736,5.284762642323347e-06,B12_deficiency_anemia,0.9963479372349622,0.0031930190169176566,1.5938046551376635e-09,7.063754820513937e-07,2.599502346899229e-08,5.989075274185152e-08,7.426818020452014e-11,9.400882677382685e-08,1.141138117860223e-09,1.0122369106283253e-10,0.0004581378789129929,1.6688687549943934e-08,B12_deficiency_anemia,0.9113964022860492,0.008876765535222817,0.0018422136381658159,0.005115900682925713,0.002800082074015951,0.014916794177119093,0.004926911985373609,0.002905059229330783,0.0016654339662482097,0.0010649721266178837,0.04262982530639859,0.001859638992532335,B12_deficiency_anemia,0.8948529902099301,0.010935358051820472,0.001941295579149215,0.012033618441513842,0.004730608990801364,0.020932577879563343,0.006174473650623526,0.006052348658671151,0.0028094447428841933,0.0019369090429122424,0.0348037254849134,0.002796649267217279
P000018,mixed_deficiency,iron_deficiency_anemia,0.0009385139511559313,0.00034471457197993535,0.23371571674734024,0.0015722560850687224,0.0012420852230209487,0.007918057809865604,0.010531736451384765,0.0015084554385386474,0.39758652686755036,0.035382725917976116,0.30921477146083204,4.443947528663139e-05,iron_deficiency_anemia,0.0005633804326456943,0.00038874040671908733,0.3010818264796797,0.0027014764840983235,0.004198635024625655,0.012330408770263607,0.005476006988777001,0.004459547610457178,0.3726677142429342,0.02934854823127686,0.26675390358634765,2.9811742175021648e-05,iron_deficiency_anemia,0.003878271852444538,0.0019694683404219196,0.0629906153790026,0.012771174194807666,0.004946091454098089,0.016040551023063964,0.006081202321654036,0.013160361247059695,0.43800795261437797,0.009073868112268178,0.42859022343048364,0.00249022003031767,iron_deficiency_anemia,0.002866459944620636,0.002285870434660133,0.04530413005309768,0.006500309604239576,0.0038735217374250195,0.014702865589848966,0.002981852106720904,0.01779171580943727,0.5473858306043857,0.009727974899186441,0.34483478318340544,0.0017446860329722493
P000019,latent_deficiency,latent_deficiency,1.2435170240650794e-05,0.00507579450997463,0.001062132230395528,0.00010352695977256002,1.508196513296446e-05,2.2602743703074715e-05,0.03522698998251854,9.014573279596238e-06,0.0016069621487296792,0.941996538859577,0.00027812503845844514,0.014590795818217211,latent_deficiency,0.0008760990569319828,0.025268390083019423,0.004195058668428973,0.00445109443442435,0.003396921208425844,0.0005910085049455745,0.043114445250444305,0.0001837024938808454,0.01322044814276164,0.8221008445341496,0.006689702059770905,0.07591228556281664,latent_deficiency,0.000537128492342154,0.0054853978122132415,0.006536271484944901,0.0015295342647033054,0.0016346270378704052,0.0005212614992031291,0.006162946953644822,0.0015017189414106137,0.006843326082508668,0.944571318497769,0.001591536125523322,0.02308493280786653,latent_deficiency,0.00035861085785335447,0.002663623838860435,0.0031942190000881087,0.0011515293681249757,0.0017319798018166296,0.00029030703935532814,0.004006588566953856,0.001227063174121197,0.005055725384873444,0.9621890348743293,0.0015822346388697675,0.016549083454753782
P000020,mixed_deficiency,mixed_deficiency,0.033587780453694226,0.00035172366108546254,0.003089820754635353,0.012538387891061174,0.012481030444462186,0.09498430257525978,0.002092113352837348,0.0064819894119394076,0.37595188186920847,7.123441763993585e-05,0.45836799656065275,1.7386075239180144e-06,mixed_deficiency,0.023410463369018596,6.17054048441513e-06,0.00013912789414760167,0.0006282253615283805,0.013205681982605652,0.08906659997423895,0.0001068670724333911,0.0018566805929690344,0.3823490755987087,4.131639429435789e-07,0.4892306925733096,1.876612824019062e-09,mixed_deficiency,0.014967229933772835,0.001735581221953151,0.00463241237632503,0.008774947491782118,0.008109765246693459,0.017113033368300987,0.0038032038614967336,0.004141870063784108,0.10897930650728622,0.002382600788942386,0.8242525737069007,0.001107475432762201,mixed_deficiency,0.009041134872093686,0.0017291529948258004,0.0017977426432436772,0.0028882592301314788,0.005836625526457338,0.01451161759947343,0.004442341950424364,0.004437644623813226,0.0460906149529099,0.002029327745479641,0.906183185987386,0.0010123518737616003
P000021,no_anemia_no_deficiency,no_anemia_no_deficiency,5.370648209575343e-06,0.00048595957335063596,9.274822673531587e-06,0.0006127196187765658,5.476024609197763e-06,8.520442436616091e-06,0.0028874299749179332,4.170478214092865e-06,6.367631078907118e-07,0.00025464142124568683,6.495570548490826e-08,0.9957257352767528,no_anemia_no_deficiency,0.0005131233438359604,0.015465524816587523,0.000689758041777663,0.013781638746794717,0.0019356890569740273,0.0006283320094153527,0.06978071156689916,0.000897315107792566,9.187656604120375e-05,0.011433704246862684,2.8634568742944004e-05,0.8847536919282761,no_anemia_no_deficiency,0.0007630368686418845,0.021038582581728454,0.005372035307458488,0.002319300742785356,0.005476951872581471,0.0013754398821145908,0.0879777712158848,0.0022784966875687438,0.0014192613647810294,0.020006613576841782,0.0006750125743558933,0.8512974973252574,no_anemia_no_deficiency,0.0014462474101620982,0.03831782207858503,0.0045959179331591165,0.0035246676066141855,0.010631524139531093,0.001628754208161409,0.15622274857643897,0.001495982609168281,0.001071262523993184,0.020847663656705148,0.0007462040110693787,0.7594712052464121
P000022,anemia_other,anemia_other,0.013637679808652846,0.004454878497382532,0.00899620004853252,0.8669634262776603,0.015390430015558579,0.030904679591932414,0.0036075614196026903,0.007056588427586058,0.017349453950587023,0.0008680962842473933,0.02961829485104012,0.001152710827217456,anemia_other,0.032055402711142614,0.0020733109252594854,0.0031884905794926153,0.654593608373133,0.05686253713305368,0.08873362391966237,0.0008265404391615354,0.04405200846134941,0.02704031227488138,6.605273716936782e-05,0.09016552809436523,0.0003425843513293741,anemia_other,0.007750101308258646,0.007686903037421107,0.011022795076202574,0.8718298905466113,0.02821895192400435,0.018096434432885833,0.007480494119154933,0.013980078778640201,0.011967934852762135,0.002368842945544761,0.01522980135802183,0.0043677716204923245,anemia_other,0.020054754009314748,0.03523683492184525,0.01975907697245606,0.3425544263902818,0.19812246708149656,0.10605324474324254,0.023372938779345407,0.15047150529837255,0.0340842881403857,0.008390308041742931,0.03973750173787636,0.022162653883640138
P000023,folate_deficiency_no_anemia,folate_deficiency_no_anemia,0.0007266986923632492,0.002556186772738554,0.0002956354994037341,0.002476288753349529,0.00034964598620506584,0.17156323895284206,0.7875824286799876,0.00036021420779548734,3.264922233697104e-05,0.0015033118578816043,0.0015988203494720125,0.030954881025624003,folate_deficiency_no_anemia,4.931902258384796e-06,2.6997554568896477e-05,2.0726507591886958e-07,4.301792147875519e-05,3.644183975681811e-06,0.12253231955431826,0.8771259186382215,2.53954709702391e-06,5.2618923422722885e-08,5.177973261297489e-06,5.6561223331418906e-05,0.00019863161748939108,folate_deficiency_no_anemia,0.006467616521913952,0.0770491827267626,0.0033251798285590436,0.00609922380618701,0.0040851330943247575,0.041117876430967634,0.8257054750249078,0.00322465268007003,0.001834823136410232,0.004709937556902613,0.003725936973471805,0.022654962219522557,folate_deficiency_no_anemia,0.0046861653100262095,0.11632116417184835,0.0035583187162886135,0.006304973847142554,0.005530293331108756,0.088148408675278,0.7119693784907453,0.0035091176505954434,0.002498940498942557,0.008842625778105339,0.003960779718629501,0.04466983381128947
P000024,mixed_deficiency,mixed_deficiency,0.10190521190483165,0.13322226898277015,0.0008778828991624328,0.0041087004785305215,0.0015477356527064065,9.828273115176183e-05,0.00018664583561627747,0.0006271089609138942,0.05133246869942248,0.006214857722231033,0.6997960313195749,8.28048130884628e-05,mixed_deficiency,0.03283876618212254,0.032656678551493686,1.3022265180941933e-05,3.548594885483056e-05,0.00012643591004266486,1.3783759637029789e-06,5.173043135569754e-07,9.435478184989304e-05,0.034871775277049294,0.0002561026020561765,0.8991042059688953,1.2768321773957786e-06,mixed_deficiency,0.0731657092057593,0.01796209510256808,0.042462100335575195,0.0381240358498637,0.02051273324024697,0.0069120060272874415,0.007841321984186203,0.021593809673227216,0.19935086089759074,0.011715719469716173,0.5532496128805946,0.00710999533338448,mixed_deficiency,0.03944690055026865,0.006599141773283762,0.036541800713667666,0.03938545919034216,0.011034439931800168,0.006763869396215162,0.003685665001411652,0.04572441674366141,0.3025260074506017,0.010903104916514222,0.49302343203427906,0.004365762297954425
P000025,anemia_other,anemia_other,0.022526060930414843,0.040209977103211496,0.04453396824562449,0.42370299041057713,0.15841559071703207,0.09068856687741123,0.05153265349839654,0.007135852954458207,0.05507783495540917,0.006985381741990651,0.05382978871752336,0.04536133384795107,anemia_other,0.003975741585598396,0.0031263790374366036,0.010049896612502319,0.842951960489944,0.08768776903822863,0.008655542652066795,0.004251568098671492,0.0025652065354541047,0.0135622706080446,0.00047211603799957497,0.004135415961467015,0.01856613334258615,anemia_other,0.04885221080430616,0.021215322000864418,0.10240627976495455,0.3446247650270009,0.17370454287245377,0.0584182147593688,0.0262796794599014,0.021714584754261686,0.06862443589754424,0.013561816550415353,0.10012079731683204,0.02047735079209665,anemia_other,0.04520839015376847,0.027869208313953057,0.10170776399846188,0.512925685753451,0.0680244271111839,0.05833752570338189,0.023215668809402824,0.04996655632126338,0.034871042149209636,0.010065277666538716,0.03744904785884382,0.030359406160541592
P000026,latent_deficiency,latent_deficiency,2.402204223177384e-09,2.406043948087184e-07,8.033169605083491e-06,4.2330481307642066e-07,9.827494016883943e-08,1.5863409258796472e-07,4.808389664238961e-05,7.319834856360234e-07,0.0016560647990169052,0.9975536678619467,3.8222226096410604e-05,0.0006942728427619928,latent_deficiency,1.5265168196203365e-07,0.0017088385805680943,2.505552840182789e-06,2.7638161109776397e-07,4.103274749717866e-06,2.8985497426282127e-06,5.404628605135625e-06,7.248409503782091e-07,0.0011739739953286824,0.9924185432327579,0.00011429229819979516,0.004568286012964392,latent_deficiency,0.0034333308741592416,0.021746850046938583,0.3323289065156258,0.009083121717035781,0.013597633965522828,0.005748730427530896,0.020926174279318338,0.008621655558080091,0.02413611942753792,0.48774389432159376,0.01034274783423258,0.06229083503242435,latent_deficiency,0.0040006390395495115,0.023610937254498306,0.19633843287486025,0.007159353059617392,0.01611820013400988,0.00522981816290642,0.022175842664171695,0.006160523610629798,0.022014729817528948,0.6439147196246578,0.010352235934231374,0.04292456782333874
P000027,latent_deficiency,latent_deficiency,0.00013131757886996877,0.0005917657977575425,1.6391989703401203e-05,0.004783060368922766,0.0008588001555680353,0.000999994247928382,0.009390596829303445,0.00046450561450382536,0.14378144765329767,0.7996194290317414,0.014977580290481948,0.02438511044192162,latent_deficiency,1.6486187594655432e-07,1.0056746259772232e-05,2.99564194774103e-07,0.0008969717989321368,0.0007709275915066739,6.151282394445844e-06,0.0003788700496008603,1.3859180827601971e-06,0.07062114938147232,0.9229006974844888,0.0014678070480834322,0.0029455182731079996,latent_deficiency,0.0025181458852859876,0.01699931039838618,0.08856036829119396,0.015527478908383479,0.008597316459677712,0.004697870738347766,0.024109451459153903,0.016227082393011422,0.06639323636627098,0.6511019173037855,0.022600315183394535,0.08266750661310857,latent_deficiency,0.0015589194437339406,0.007757445843010265,0.031234395898606732,0.010756419315003665,0.006153509696833358,0.003032078179683734,0.011864533453573488,0.009311369345808406,0.035280034914203666,0.8510167819280149,0.009765902089312804,0.022268609892214988
P000028,B12_deficiency_anemia,B12_deficiency_anemia,0.7610506974893214,4.8988467249371246e-05,3.426637613710877e-06,9.28673736625748e-05,5.792412436658582e-05,0.001013151531345046,2.0366093571244036e-05,0.0001065288203515011,3.628022705114623e-05,3.573409854972969e-07,0.23756603276643734,3.3791280448341073e-06,B12_deficiency_anemia,0.8061319300881118,1.5515413582132918e-06,1.424888484427844e-08,3.3753743749961694e-07,1.4314726200204094e-06,5.767625434416825e-05,6.622798213177693e-08,8.68137855476742e-07,2.961251403524484e-07,3.0242230122934146e-11,0.19380582750190212,8.341210182817241e-10,B12_deficiency_anemia,0.8395173609751132,0.005166671874814306,0.0030534641881712586,0.007006144370946912,0.009332464014485037,0.02344747119893409,0.003966739607302719,0.006271981708477491,0.004353001560615036,0.0012706128115900369,0.09468344193096472,0.0019306457585852603,B12_deficiency_anemia,0.7603776460066533,0.009080045703508137,0.00761596058900249,0.015771848128231278,0.025231688536121073,0.050985366150042725,0.005160557210744515,0.029273412140870488,0.0074481007413996015,0.003197658690179225,0.08201105177633762,0.0038466643269094995
P000029,latent_deficiency,latent_deficiency,3.7385106301111236e-06,8.11975460526937e-06,0.010899140261001309,0.0005248521168827419,0.0004698079385936811,0.00010319769229683621,0.00494690462130733,0.00030840305251529545,0.11128207768108878,0.8575522085467058,0.0010903762618736873,0.012811173562499277,latent_deficiency,9.67637290784576e-10,7.07308409797269e-09,0.0009725494274071574,8.29856047236498e-06,0.00011912560936526629,3.4806352152257885e-07,3.0044339348597178e-05,3.948322249579814e-06,0.021276044683906415,0.9773461432024313,6.401335890267434e-06,0.0002370884146861883,latent_deficiency,0.001068796042016082,0.00690883317802995,0.012062444239144906,0.003421029208629941,0.002896099025354809,0.0016114659213599353,0.006866293892799787,0.003157356857137595,0.054670944562455775,0.8869766911220477,0.010820201763861236,0.009539844187162253,latent_deficiency,0.0015041876291542748,0.006434651988404548,0.00862026892383788,0.0038609792347105046,0.003029516078168364,0.0018164730489622794,0.006705310310915438,0.00586399208210843,0.06033912796298955,0.8827914256125586,0.011882071117705844,0.007151996010484225
P000030,iron_deficiency_anemia,iron_deficiency_anemia,0.00020331653955146437,3.5174251220886893e-06,0.001065058748877229,0.0019637054305372396,0.0008844390849081193,0.00014102599266419788,2.669245454788648e-06,0.00018559629800959536,0.9658624527667341,0.00010772042692178547,0.029580399025975958,9.901524360888687e-08,iron_deficiency_anemia,5.4596285572810364e-05,2.113862581593666e-06,0.0013461752177328112,0.0020160102211329643,0.001092459473310648,7.162766213891349e-05,1.914390960854614e-06,8.732775533998878e-05,0.9751361777996164,5.163388939081805e-05,0.020139924453372378,3.89888499045264e-08,iron_deficiency_anemia,0.0030012704803023585,0.0010059212934569537,0.0038552776565475167,0.010328420562608562,0.0071160627919538404,0.0020664478149127067,0.0010483194825703051,0.003428857157697967,0.9049742564578429,0.0033165296697004656,0.058964146395209624,0.0008944902371968519,iron_deficiency_anemia,0.0012541182456041887,0.0006242854248053844,0.0019613066551233825,0.0027512926188685313,0.002859264663247922,0.0006889915643748019,0.0006810894229121274,0.0034003660681887287,0.9458994324279506,0.0025482780680387883,0.03677928252374284,0.0005522923171425462
P000031,iron_deficiency_anemia,iron_deficiency_anemia,1.4682904440228863e-05,2.3308047279963277e-11,8.232955248555657e-07,6.757247052485746e-06,6.155802931039482e-05,6.176240359431478e-05,1.2730396353157008e-08,2.4466869925902448e-05,0.9738400935488453,2.2018217241380666e-06,0.025987641107478632,1.8399354063640647e-11,iron_deficiency_anemia,5.7122754647239774e-08,1.9211329402447489e-16,7.823309407255961e-08,1.1588348340820824e-07,3.343066143150569e-05,2.4368255696194823e-05,3.6048703764749176e-13,3.333171366932364e-09,0.9983881510201842,1.6562695996581683e-08,0.0015537789271280117,6.33713604804743e-17,iron_deficiency_anemia,0.0033943398244598634,0.0012113317289397098,0.011292517108399442,0.0061704817480516035,0.007394123266310704,0.0038152617215292985,0.0013839154536661022,0.007532378172074749,0.8475661664188777,0.0030421174604042074,0.10603356485196218,0.0011638022453243709,iron_deficiency_anemia,0.0033801977993661867,0.001430450056136048,0.007230690520920175,0.008996846929122728,0.01295656512531033,0.004995786865311563,0.0019924963324547576,0.006195965076914655,0.8494527223969294,0.004005263229253099,0.09780128059099445,0.0015617350772866704
P000032,iron_deficiency_anemia,latent_deficiency,0.014600724909041374,0.031953376782541947,0.013976899770286013,0.014560832879317639,0.006516866102626774,0.0049956678899483326,0.04745818107696105,0.0022526731983717936,0.14660173882894362,0.5079720205849259,0.16413567518185568,0.04497534279517989,latent_deficiency,0.007935918184198964,0.02787673703826339,0.007177677339780123,0.011459728884330193,0.010091332238362685,0.00550421927727542,0.026961523875659643,0.018811592029577995,0.12622008550822697,0.6589830313041717,0.07096543841512724,0.02801271590502569,latent_deficiency,0.012561384678175453,0.05735597538572205,0.03260968542442883,0.04074932661558791,0.01698128605577967,0.008134446237372065,0.09267723201927024,0.0381976506899872,0.05923713628677716,0.5152705854561921,0.04206766093176638,0.08415763021894097,latent_deficiency,0.007772466053273804,0.053308738064152435,0.01920500662706475,0.029208057686490093,0.012289004513864802,0.008780898129698978,0.0582907136136788,0.07458872764934248,0.03503273900531719,0.5955757474938116,0.035657553433546214,0.0702903477297588
P000033,folate_deficiency_no_anemia,folate_deficiency_no_anemia,0.0023633185150477806,0.030185488495132768,9.610804089212285e-06,0.0011625713190326866,0.001176021408004483,0.08997881921629884,0.8504301280963743,0.0011309925994023948,0.0002983534067373506,0.008618388808313001,0.0117371151186737,0.0029091922128934252,folate_deficiency_no_anemia,7.097202869001443e-05,0.008250407889447526,5.323342563418279e-10,1.1676590393988174e-05,2.2579757758810457e-05,0.12118675240417975,0.8680874062315539,1.0215526196309225e-06,2.0848202964295447e-06,0.00012505577430822304,0.001960949667787501,0.0002810927506298757,folate_deficiency_no_anemia,0.007294258632785711,0.3698159040800189,0.007868122018493837,0.004403813043361172,0.007963732445991347,0.018156991518342207,0.5400242861264918,0.002549281269160029,0.0030808168082414175,0.010182658137293127,0.0069947592501473565,0.02166537666967308,folate_deficiency_no_anemia,0.0066758263897259956,0.2551720655998265,0.004728567889851429,0.004109114067868752,0.009374860561006776,0.03508249412695418,0.644150635316351,0.0021972156096713587,0.0033821950253206355,0.00951686556532108,0.0112874784361035,0.014322681411998902
P000034,anemia_other,anemia_other,0.04356495041081792,0.0015820155377893246,0.021802733916358227,0.5371202133372517,0.10685739787009677,0.20190219255605568,0.006677036582678779,0.012750717019238376,0.028070627415989202,1.5959611907970522e-05,0.03917797010809086,0.0004781856337251412,anemia_other,0.0036285305037620607,1.0335586910090676e-05,0.0024087840401239456,0.9321092538798978,0.018972917506384725,0.03919466718775687,1.8229481571390134e-05,7.515901132209021e-05,0.001893440201858964,6.545969087959557e-09,0.0016880361407153402,6.399137271560683e-07,anemia_other,0.05757815589642254,0.005326000048012307,0.0461182645583499,0.572451085032329,0.1145232014894796,0.06161649994344899,0.017085721603489833,0.033052994749195555,0.02551435807984736,0.004441010240314693,0.05255053638837624,0.009742171970733977,anemia_other,0.028050101616988215,0.003325033464250106,0.038212638901180665,0.7942467548347607,0.05036613619393599,0.031860824653723974,0.004679425757409883,0.020601205452658287,0.008688387765811672,0.0021660795389554116,0.014357436215996956,0.0034459756043281635
P000035,anemia_other,anemia_other,4.276122494966632e-06,1.4733130661465387e-06,8.15755605949201e-05,0.999674757037049,0.00016963939671247718,2.805915665857117e-05,3.964936439501185e-07,2.2230423829229436e-05,1.0670449673744173e-05,5.9515299749769385e-08,2.958968650219779e-07,6.5666341122194e-06,anemia_other,2.9695455476860383e-05,8.127467053832834e-07,0.0017376714345424035,0.9951629113496671,0.0018400104162713195,0.0010753306718633221,2.901482598485682e-07,0.00011273752925117963,3.118846256220602e-05,5.46974452035896e-09,2.391813322164219e-07,9.107134323405152e-06,anemia_other,0.012380842046060325,0.0035123881712013716,0.008477925391550836,0.8850650678283258,0.022140674718702923,0.0424414756914643,0.0039104224149031745,0.010481833525333828,0.0036574743314900823,0.001256410518207635,0.003280011010373391,0.0033954743523861345,anemia_other,0.019165463565801257,0.002278382213786089,0.019441246605566603,0.8067492710309069,0.028677227970074805,0.08300819215662836,0.003125487379750536,0.025420190851446773,0.0037199961763620245,0.0013698780801187913,0.003271199945458809,0.0037734640240989067
P000036,no_anemia_no_deficiency,no_anemia_no_deficiency,1.863661288853855e-06,0.000608853367810587,0.00010181443545337159,0.030355043928838168,9.945725750813787e-05,0.0002499980717183929,0.007688495546138657,0.0001354204277340085,0.0012447300225570364,0.06493049905271793,4.6876135399444535e-06,0.8945791366146948,no_anemia_no_deficiency,2.381467001559283e-06,0.0012521157726977366,0.0010699341633407433,0.011901905855446019,0.008506451965087342,0.0013876242481718794,0.01917429006871873,0.0003491393421759359,0.0008718615659437528,0.13037524187859315,1.8937482570662268e-06,0.8251071599245661,no_anemia_no_deficiency,0.0011926770206225376,0.04669076437346805,0.01607432827371861,0.006521619057322703,0.009225335396869157,0.004930756716080647,0.13008114868403137,0.004452575478153878,0.0048967614494697664,0.1413804570602657,0.0018917365388073913,0.6326618399511903,no_anemia_no_deficiency,0.0030911457946260173,0.16567761740843862,0.017438888072799218,0.00956071240718832,0.039114594970941795,0.007774288031925652,0.23931063381804635,0.00460339830930015,0.0041358994893937115,0.12603701012136498,0.0024029232360874113,0.3808528883398878
P000037,folate_deficiency_anemia,folate_deficiency_anemia,0.002123279108158402,0.000311893586179151,2.57577939621325e-05,0.0004270778835297215,0.0005843747809276038,0.7008808877650439,0.04227119806565829,0.00018982025806205805,3.218976091195261e-05,4.5136698039272127e-07,0.25315294779136166,1.2183922475667537e-07,folate_deficiency_anemia,0.022127819127446928,0.0023373397948530253,0.0002671491122047675,0.006223844960033275,0.005500853930038434,0.8019265927155982,0.03683827354485463,0.001750888837891038,0.0002187818929810962,3.4850056706625e-05,0.12276696417069191,6.641856700183223e-06,folate_deficiency_anemia,0.033168915320174866,0.0060762633811604965,0.002052256111949492,0.011409734438099046,0.005935822736792236,0.8286584343402814,0.009131917747036193,0.002500157706340283,0.0029594207695474418,0.0010188424079405416,0.09557429424010765,0.0015139408005703644,folate_deficiency_anemia,0.03915734750393139,0.004786010983543463,0.001464521961574252,0.01103538370914409,0.0052305590101317115,0.8157008849645623,0.00802052026111519,0.0015059594240559465,0.0015986074636825318,0.000896330181390093,0.10913676193843701,0.0014671125984321725
P000038,folate_deficiency_no_anemia,folate_deficiency_no_anemia,6.696469624920495e-06,0.0005322335699950305,3.528926172436486e-06,0.00012374684768105365,3.4337605238047445e-06,0.01373698539051295,0.9835912673857828,2.864543708554623e-06,1.8275149809564476e-06,6.261409247537293e-05,4.576767605772219e-06,0.0019302247309362786,folate_deficiency_no_anemia,2.596496241230405e-06,0.0007723386152921947,6.186117404134051e-06,2.738489234130231e-05,2.4108692132124414e-05,0.0035925094339619014,0.9930751529748038,2.475461580986891e-06,1.7772441438865454e-06,2.9321031375083486e-05,2.1779187330849663e-06,0.0024639711219902115,folate_deficiency_no_anemia,0.003551305203949558,0.11920682386949494,0.0029861279314382224,0.004878214270025936,0.005619453855683201,0.014011091164634079,0.8041692061905407,0.001570210955747862,0.002269987156039859,0.0065468207034177625,0.0025109368974673943,0.03267982180156039,folate_deficiency_no_anemia,0.0031058872585963903,0.07717699358723425,0.0024900529454548836,0.0029519985978708053,0.00436119211625423,0.012988692869323146,0.8364871953458852,0.0015736282046743698,0.0021769313552335162,0.009696936994783138,0.0031950593564984355,0.043795431368191855
P000039,inflammation_anemia,inflammation_anemia,0.0014552858311094924,0.0004127948569643196,0.0288434913343728,0.008784142838391929,0.014205298569428785,0.0093307936763778,0.009735298540395076,0.9126547075680908,0.007020019657401362,8.469598115391038e-06,0.005712178849939944,0.0018375186794124775,inflammation_anemia,0.00019012612182449785,3.7203423915520227e-06,0.007774554521977954,0.0007391916373913834,0.00391125389442762,0.008826349728156968,0.00012754030734187592,0.9781916545528575,0.00013401961713829983,4.587714382522429e-11,6.818599943523978e-05,3.3403231179831394e-05,inflammation_anemia,0.01217235025121055,0.006700106230741225,0.19088734554871645,0.18268986459242856,0.08192214880720268,0.04009703330887442,0.00817896792532503,0.3185696623617061,0.10733369511387114,0.005794243878770955,0.0393389997310672,0.006315582250085773,inflammation_anemia,0.014181424900580488,0.005469784097072862,0.17731743863445612,0.21513271148055407,0.09213584703177342,0.038471526525216244,0.007198467963253295,0.35191287161767326,0.06494319757532858,0.004792234743793529,0.023906087159612906,0.00453840827068528
P000040,B12_deficiency_anemia,B12_deficiency_anemia,0.9684000136854598,5.642191410131457e-05,1.7036363853666357e-07,1.1372919981739124e-05,4.072649774096678e-08,0.0002115808615676945,2.624781482131623e-05,2.55077061010753e-06,3.258571962053647e-07,7.658759841137044e-08,0.03129108819731954,1.103012078153671e-07,B12_deficiency_anemia,0.9555586609902964,1.2622352301217752e-06,8.124424810366417e-13,2.7863106860127992e-09,5.943903763396604e-09,2.577190330912168e-06,2.4094076499631875e-07,3.251780416971103e-10,2.23212853721271e-10,2.1359056608470963e-12,0.044437249357003335,4.82063824015709e-12,B12_deficiency_anemia,0.661291943775305,0.004406259901752459,0.0037511422692309785,0.007006245875117115,0.006622098505024545,0.0349911105639782,0.004692547740126056,0.0028025506988836025,0.0056647375816158375,0.0021325995887676594,0.2644638364570295,0.00217492704316893,B12_deficiency_anemia,0.7243508813847006,0.002647625540316007,0.0010107902037484223,0.0012650130675668952,0.001404955659530246,0.008362658048751432,0.001451850205378193,0.0009419181535418858,0.0015630979934372164,0.000758305772734273,0.2555576114414426,0.0006852925288521607
P000041,iron_deficiency_anemia,iron_deficiency_anemia,9.851436195018174e-06,6.807078254853909e-10,0.0007751745000812094,1.5292159257797188e-05,3.936168040690599e-05,3.982791355893779e-07,1.324683958491401e-08,1.515885125467025e-06,0.9967634145461226,0.0005818561934753058,0.0018131160717685907,5.3208840403434286e-09,iron_deficiency_anemia,6.21631073490922e-05,2.1863587594877163e-07,0.011344736897119125,0.0004986117360508606,0.00025013413793762004,1.2650894735184117e-05,5.730060841528534e-06,1.8898848939772234e-05,0.974000835027646,0.006220270557770077,0.00758501780521404,7.322905206977285e-07,iron_deficiency_anemia,0.0011247562877542436,0.0008478288362035136,0.003518671961617904,0.0026249040297772427,0.001682258213038488,0.0009932912701520185,0.0006056997318875754,0.001697452221946541,0.9485995739959013,0.0028984147535673363,0.03494599095671258,0.00046115774144132437,iron_deficiency_anemia,0.0005203807378393864,0.00027892692500998737,0.001820495019276459,0.0016678361345395885,0.0005236198901615969,0.0007609430524411537,0.00029157331310380736,0.0016053510792897227,0.9671896181219893,0.0012193612331489131,0.02381421456758283,0.00030767992561735164
P000042,B12_deficiency_anemia,B12_deficiency_anemia,0.944054133368498,0.006901712589185967,0.00018559215944639735,0.0012201423464870097,0.000682434297836649,4.1783388664008674e-05,2.094844555253411e-06,0.00020864019057481635,0.001363429496751547,6.61344386568832e-05,0.045259864492022905,1.4038387320402898e-05,B12_deficiency_anemia,0.9550529371375885,0.002039358460342213,1.5301437667028892e-06,9.66434900258602e-05,1.479669966360997e-05,2.795748626887593e-07,1.8737415111651973e-09,1.5322904643256982e-05,0.0002806088581645852,7.556932402897769e-07,0.042497665584846536,9.957911431933865e-08,B12_deficiency_anemia,0.3698823655248411,0.03760031909678703,0.016134813004058564,0.049659929381361295,0.034782548698096535,0.05588123742482334,0.013742885231014445,0.018519863698795488,0.05349360903479069,0.006183137828497766,0.33882933133890475,0.005289959738028988,B12_deficiency_anemia,0.36952849106718244,0.0264970991183031,0.012343482335608535,0.048821123513357004,0.021553962080978217,0.06473633175038725,0.015483576025884287,0.025539665753935254,0.07716412794842128,0.009100665446152166,0.32321442879443574,0.006017046165354772
P000043,iron_deficiency_anemia,iron_deficiency_anemia,6.9337226624291726e-06,0.0002520728231142395,0.0003442998739355182,0.0006510651570615755,4.6936073791413456e-05,1.2326357232113008e-05,3.027846814153379e-05,0.0003410200938433217,0.8694533922490006,0.10134452016608997,0.02729866618908098,0.00021848882604634707,iron_deficiency_anemia,0.0003532825922981589,0.0013145717519842857,0.0068285366806709975,0.005044234839707389,0.003297007874116089,0.00021928139575499487,0.00022910720500351708,0.00013519560804425,0.7262115006764348,0.17463696894788688,0.08167960860775512,5.070382034356061e-05,iron_deficiency_anemia,0.003021497638765917,0.0025325346820425196,0.017701833133152774,0.01065183752752372,0.0067255289377706915,0.003610047601982771,0.002962155763259347,0.0068354419911295814,0.8833830168606955,0.025042243618489113,0.033181642638770846,0.004352219606417141,iron_deficiency_anemia,0.0034479687913965542,0.001732052076852772,0.01988412062536599,0.01393405980284224,0.006355115846777525,0.005125783372405131,0.0017870877332655786,0.008425035984284615,0.8228974886606771,0.04488200134837482,0.06999961386527538,0.0015296718924823806
P000044,iron_deficiency_anemia,iron_deficiency_anemia,0.0002927208427167329,1.8638176867834436e-07,0.0055312589346115625,0.0005887172345680465,0.00018100683510586645,3.900705625825595e-05,3.8265017677046015e-08,0.0005337540166789377,0.8280468991976547,2.3599260991961295e-07,0.16478617523362757,9.381911694864768e-12,iron_deficiency_anemia,0.0012257326583922155,2.013222258292935e-05,0.07114541530494815,0.012618449577425856,0.0026107866282038036,0.00047076526091509617,1.1572168943239908e-05,0.000389601990467595,0.8031151737486885,7.416349723597334e-05,0.10831814564885654,6.129334016481408e-08,iron_deficiency_anemia,0.0010807777348085426,0.0006736993341571275,0.005595917402436052,0.002703251614785746,0.0017949795887502432,0.0019595533170888154,0.0006703482720388069,0.0025486617993027974,0.8949823803547523,0.0017617149475967144,0.08572816356151812,0.0005005520727646428,iron_deficiency_anemia,0.001119650005257027,0.000616464436865252,0.007662929839998148,0.002779789279359483,0.001706828270634976,0.0010908417631303497,0.0005283291324525418,0.002094842160493239,0.9218173780705391,0.002364376905743621,0.05765017370672698,0.0005683964287993237
P000045,latent_deficiency,latent_deficiency,0.0007229288493190749,0.00883447702193657,0.07663556924012527,0.0009641797034797431,0.0004273248009350014,4.8241455062682965e-05,0.021102874498522942,0.0003285936436755202,0.07113642313563998,0.7928294839453068,0.0020236510697451034,0.02494625263625132,latent_deficiency,0.002320107393554992,0.024000366645842867,0.03795644416029023,0.027428773268945893,0.010689863096059229,0.0010688071936927018,0.04400955254495013,0.002750158311953414,0.13131686853328062,0.5972851849480895,0.009343997654466344,0.11182987624887405,latent_deficiency,0.001123597450563479,0.007051779836790889,0.037857842515259865,0.0027302714114200506,0.0030702468129545648,0.0012115423594953921,0.00835855018032015,0.003907628175858777,0.0192299856659052,0.897506277483074,0.003667730651974066,0.014284547456383571,latent_deficiency,0.0010510974681518655,0.005274343123233966,0.01912934291994983,0.0029324446276391683,0.004452702493714778,0.0008227683280546408,0.007370420130463005,0.003644284694198974,0.02552711253223474,0.9127573727129711,0.005427708456509686,0.011610402512878301
P000046,mixed_deficiency,mixed_deficiency,0.02240545335990753,0.0013526952388260636,0.00011310154960725295,0.0035240679600062694,0.0012219788217017109,1.6058758333917187e-05,7.52019271576687e-08,0.00029367214289287904,0.30228990701259467,0.003788824417731786,0.6649774206191865,1.6744917284326253e-05,mixed_deficiency,0.010940661302384627,1.5946884042805692e-05,8.819031721318264e-07,2.6223579894770233e-05,6.585988994205084e-06,2.6984770856552608e-09,5.60743642205e-14,9.5623594213876e-07,0.03683393459852669,2.0263534882642883e-05,0.9521545403730035,2.9006232153707115e-09,mixed_deficiency,0.015054326933082392,0.0038024554815428028,0.006741531468727436,0.040461821994299194,0.019319175042136878,0.006993720445554855,0.0025033491301553203,0.009078399455105596,0.2237598847709595,0.00763848558467057,0.6616064478994083,0.0030404017943572196,mixed_deficiency,0.019553707992399538,0.0035449845199064327,0.008017983499572038,0.025553692121082897,0.00636984684753341,0.003856843647443562,0.0029615483917439316,0.010286334548378216,0.3268198004170807,0.01398519096860641,0.5755894543253806,0.0034606127208723046
P000047,mixed_deficiency,mixed_deficiency,0.00019320329779628134,0.0002663383199104188,0.00011879872003561504,5.351921782165708e-05,0.0006117070000639881,0.0014948538615846558,0.0036889759588806447,0.00010347697254332213,0.0401341077297542,0.017591694686365927,0.9357376066868691,5.717548374021676e-06,mixed_deficiency,3.883035362054272e-07,1.4904182419021627e-06,9.842635908958659e-08,1.9881827928547924e-08,1.1634861173107625e-06,3.1119048742504226e-05,4.410758612665801e-06,6.196358659545518e-08,0.0020092761258246094,0.00013793229671200187,0.9978140379728995,1.3175397910509273e-09,mixed_deficiency,0.004218137106477006,0.0030277676620962413,0.00462873373839947,0.004458523246908787,0.009693381325520651,0.008076091468186466,0.005796771304682979,0.002246782483578651,0.049848632206741385,0.004467385920619548,0.9020008919842069,0.001536901552582062,mixed_deficiency,0.003104063617923913,0.0016189791494861578,0.0013668271569161978,0.001451113221328714,0.001691303821560759,0.005988460603895292,0.004715678745708818,0.0020902128269658657,0.017754767258656615,0.0030242502447000363,0.9564665521659539,0.0007277911869035405
P000048,inflammation_anemia,inflammation_anemia,0.018409455040507623,5.011355519746409e-05,0.03463020334062466,0.0152658851991599,0.0025458478196488457,8.350540693333196e-07,1.2353295655364943e-07,0.9260337776894045,0.0028288189411964943,3.8309371656443775e-05,8.443377777326459e-05,0.0001121966778051098,inflammation_anemia,0.08503231564655986,0.001361074124144556,0.08111106523979217,0.13258401718100213,0.04622099273048171,0.0002747136732983491,4.392939197984173e-05,0.6270633222485831,0.021774607450684484,0.0010042680949024368,0.0018325491409521629,0.0016971450776190912,inflammation_anemia,0.020054376694635483,0.006216069368742934,0.025878350647922276,0.14944425234673728,0.02170276473348145,0.04830512192378492,0.00956087793816863,0.5894983448435331,0.07080132107557864,0.005657437216131777,0.04806484838071992,0.004816234830563672,inflammation_anemia,0.02626160791207974,0.004445892979581789,0.03221058283200375,0.16153284284746275,0.020665630164743747,0.03241009939001496,0.004250014381206891,0.6185020963918617,0.06305833569804604,0.004463948430743528,0.026977740652267868,0.00522120831998706
P000049,folate_deficiency_anemia,folate_deficiency_anemia,0.008155085184523962,0.0013702927372349252,0.0007781992993303507,0.07069525571981614,0.006868843628045283,0.5646589308213888,0.3297143711555556,0.002073596206331678,0.00019162315672932286,7.375242633277938e-05,0.014002099790849097,0.0014179498738618418,folate_deficiency_anemia,0.000810765654919447,6.023854357221139e-05,1.454776135224107e-06,0.003474505302059613,0.0005588658859141243,0.8180624331276171,0.17527382260211904,8.20295695280443e-07,8.257921511680347e-07,2.2526201320656896e-08,0.001733777120930123,2.24683726852815e-05,folate_deficiency_anemia,0.11233532401228183,0.054576100691454084,0.019164664858584868,0.0490215626840745,0.0903904032520556,0.2955808927514729,0.25966894478800917,0.010870069564564159,0.013015140122344185,0.007886783217708816,0.07212664830482317,0.015363465752626674,folate_deficiency_anemia,0.09198859271698503,0.06189162068756458,0.01574016238023431,0.0542260624417915,0.08475576285777955,0.3743921886672914,0.2137752453309312,0.014562525895087745,0.00763253906151982,0.007298594826661336,0.05876217738081353,0.014974527753340199
P000050,no_anemia_no_deficiency,no_anemia_no_deficiency,8.604768035942919e-07,0.02770273154232213,2.0430330690856652e-05,0.0005761988027891505,4.343448107912925e-05,0.00022978845087671214,0.2258286995243085,0.00010795625863980905,1.0400119548186028e-05,0.007048055395902085,1.781497327795849e-07,0.7384312664673071,no_anemia_no_deficiency,6.153296358580649e-08,0.037556991157571176,0.00011011384278988299,0.0001623960408350753,8.432108078749787e-05,0.0001252691822541046,0.07228237490915893,5.076408224264397e-05,5.044747511215853e-06,0.0027338437220824083,1.709337261430969e-08,0.8868888026084307,no_anemia_no_deficiency,0.0010818422412903412,0.051129037915223795,0.0037032578334212536,0.004730736820982973,0.011909276971796022,0.0044321377637238915,0.33373620247710206,0.0035962295507896693,0.0012650794850822826,0.012981114500136911,0.0009067177280974941,0.5705283667123533,no_anemia_no_deficiency,0.000930044490979921,0.025036444179865898,0.0033039949382029214,0.00482475448383955,0.019572226421174597,0.002234426198719365,0.13722664246683003,0.003516526357593697,0.0009282398104339292,0.009189886514212329,0.0007406084485679144,0.7924962056895799
P000051,B12_deficiency_anemia,B12_deficiency_anemia,0.9994168058893814,1.3501638801733041e-05,5.851378228170405e-06,4.9675063881156164e-05,7.609674367353636e-06,1.3161002882263057e-09,2.895105258006648e-11,6.673047399107338e-05,2.6542228714769208e-05,5.499446457548159e-08,0.0004131631836230349,6.412949547300616e-08,B12_deficiency_anemia,0.9868874336431216,0.0008921144752394519,0.000663516685381098,0.004316879525958376,0.0021417399622526948,4.908250413012639e-07,1.7140669713420563e-09,0.003394434558586061,0.0009029850853082622,2.3084900181132445e-06,0.0007924570179451363,5.638017081015371e-06,B12_deficiency_anemia,0.6156865112966177,0.012373838672585638,0.009124221699580647,0.0430681055934006,0.02011481161638853,0.08153442264693343,0.012444341714336447,0.017120255559414405,0.026168717344666217,0.004520832740146344,0.15427497429248319,0.0035689668234468656,B12_deficiency_anemia,0.43755657244456175,0.007691998587597549,0.014112355724038234,0.2378890234203102,0.026900478894111696,0.08715210327003185,0.010203129954978154,0.023395027977869184,0.05313601022286,0.004908310024326339,0.09156791939030381,0.005487070089011253
P000052,B12_deficiency_anemia,mixed_deficiency,0.45571343676673837,0.027012978367734985,1.5595188282412576e-08,5.479814551209505e-06,7.062296933307032e-07,0.00021089714087828228,1.78261924513692e-07,6.091901357868709e-05,1.7643412559820268e-07,1.0657604096714274e-10,0.5169952118177787,4.5123195696694557e-10,B12_deficiency_anemia,0.6550264096858701,0.008364242096776097,7.161348176375171e-07,2.5202366393603124e-05,5.745775089692214e-06,0.0011512060977518042,2.779208620975147e-07,4.0755479330385075e-05,3.178957738054003e-07,1.800190327461588e-11,0.33538512645349505,7.583798654091015e-11,B12_deficiency_anemia,0.6940899136713471,0.04442915698229097,0.004392826318571536,0.02228936358546046,0.008492240502474328,0.08195448068343855,0.011034926049092066,0.013515224497577635,0.0065636381736597724,0.003230142185184934,0.10541921820279233,0.004588869148110444,B12_deficiency_anemia,0.5014592968153794,0.10092505727400516,0.005178830007378182,0.05185442145896332,0.021310644345679607,0.2024137560775337,0.018409383353162317,0.0125994199231795,0.010402397419735128,0.005173043479945905,0.06254559054019758,0.007728159304840168
P000053,copper_deficiency,copper_deficiency,4.6026718777345446e-05,1.3475072442657674e-07,0.0018688843519479347,0.31564318880129555,0.6811281282863455,3.3344870153774926e-05,6.677420061139351e-05,8.045623271550349e-05,0.0001764302352990311,3.3414175392635997e-07,2.2459301995085327e-07,0.0009560728173557167,copper_deficiency,0.00030874183403659447,3.2146658291110675e-06,0.001434157416925288,0.03359850531694891,0.9579009742352902,0.0002511127522855582,0.0003212893772057118,0.00015744778883976013,0.00047472992769387285,4.396403206339685e-05,9.930266195552908e-06,0.005495932386686043,copper_deficiency,0.0733813327885265,0.04770732553802192,0.020334635166719208,0.07428149232395136,0.4930942377738075,0.12282079393515434,0.03585908295407707,0.0193672750225719,0.028887477126651673,0.017477571050642675,0.04892334428011924,0.01786543203975646,copper_deficiency,0.04869769607739505,0.029611776331212387,0.030342920452900764,0.12120621616196596,0.4496862962857851,0.17750477637396564,0.02888947585426292,0.03240233429594682,0.01864030799736807,0.019587051757700463,0.017498694775021036,0.02593245363647579
P000054,copper_deficiency,copper_deficiency,4.591208100816698e-08,1.2999069615842316e-07,1.233009127988074e-05,1.3149594922333428e-05,0.9995493701450057,3.098328561901307e-07,1.0889813872120878e-05,1.661168506244051e-07,5.559138436314611e-07,3.473486631908248e-06,1.28535365632251e-07,0.00040945056659492804,copper_deficiency,6.352535947188628e-05,0.00015438444063630767,0.007616693217765783,0.01271797814364108,0.8983129622282418,0.00035681648587572147,0.004645790192528054,0.0008047260358655408,0.000989040100396474,0.0015119294015694506,4.1752972127200396e-05,0.07278440142188083,copper_deficiency,0.008289247926660918,0.030655549848234737,0.15881355328596355,0.023408824106863926,0.32968035102450927,0.009341955110305784,0.05212818248583642,0.029044455965555403,0.011203945424307651,0.09458731353661308,0.006747628069984543,0.24609899321516476,copper_deficiency,0.008246613514689652,0.02512308202780976,0.16132221455895016,0.026478577041152508,0.3946717437213319,0.011881555854338045,0.043526438011241654,0.040235928199206586,0.010304831332931565,0.04677053832189506,0.007069941792176876,0.22436853562427606
P000055,B12_deficiency_anemia,B12_deficiency_anemia,0.976142623239965,0.0006561370885367484,0.0005679060626389411,0.0005527193051994379,2.3646031253009285e-05,2.164680775074778e-05,9.5350663523646e-06,0.0001140014979557394,0.0021479234782734464,3.714016658292588e-07,0.01976217835738948,1.3116630193939877e-06,B12_deficiency_anemia,0.7947357157754029,0.006601337597733182,0.006465548347303389,0.017165189485537996,0.014550978117422026,0.0038372846881332356,0.001295252308056197,0.01181301480453758,0.01342657366505951,0.0002670080355908609,0.12960216719880496,0.0002399299764181837,B12_deficiency_anemia,0.4547444158340423,0.01633403407295601,0.03145129568911588,0.10606206479232792,0.07807991861304159,0.056188106004623685,0.007348725375437418,0.03995732310014899,0.059574632977891694,0.004278790945542513,0.13876157775456657,0.007219114840305467,B12_deficiency_anemia,0.5836907376137042,0.011543448966238212,0.021383536070352708,0.1221564711226217,0.03529960280504378,0.03577204745170542,0.005933260590769096,0.03613322532156364,0.04605203228570369,0.003764306209648229,0.0943868335914942,0.0038844979711551066
P000056,folate_deficiency_anemia,folate_deficiency_anemia,0.002582207760943923,0.0002559495423909053,0.0015299527210952456,0.02407554951158214,0.012690821072272998,0.9277171094620335,0.013854664017673221,0.005254965215276894,0.001103566673421312,1.6680219317719777e-05,0.010914081156570173,4.452647421810334e-06,folate_deficiency_anemia,0.0005114070842250363,3.578592618485105e-06,6.093287782513121e-06,0.0007630742385755556,0.0014165030391999286,0.9921584792067075,0.0023229254610909987,4.326739738670388e-05,1.7563708945383486e-05,4.254324874082812e-09,0.0027570920900259386,1.1639117002401066e-08,folate_deficiency_anemia,0.11482813808206291,0.009779109569687838,0.006910067477807784,0.012393643434828253,0.026974001585751122,0.6189312578909443,0.014446779933971508,0.00830006226102025,0.009461646988520138,0.0020869545743104475,0.17399817784363136,0.001890160357464048,folate_deficiency_anemia,0.02584949253021064,0.006656268519030931,0.0032318374729562935,0.007019838743281659,0.013580541369246968,0.8537065876504262,0.014593248112909952,0.004027294971511114,0.004106835983136386,0.0013812843329612148,0.06448494629163778,0.0013618240226908338
P000057,anemia_other,anemia_other,0.00028110005472697057,0.00010508961749626863,0.0006017356629518982,0.9927431907390701,0.0005321583106850964,0.002349986527692954,0.0010847696547454148,0.00045226345710727966,0.0007143979177741772,5.742724290196288e-05,0.0005196506998766633,0.0005582301149712119,anemia_other,0.010168365282231294,0.005943794018456517,0.03378298922155715,0.29917162520233026,0.10543270000473215,0.19042739153729266,0.08437897838348302,0.16845218521897956,0.04660019731424378,0.003685015157498406,0.023194160218278026,0.028762598440917213,anemia_other,0.004960580971075791,0.0033410448162927552,0.011853323854720429,0.8781542459273375,0.011675910771451624,0.04352016728158961,0.00662384327123155,0.022491890957165285,0.005037402565127649,0.0013859981886053785,0.006094437224621135,0.004861154170780962,anemia_other,0.013035138583917494,0.0075613664190238026,0.056146693124597614,0.4350851389889773,0.08360064178853495,0.13814753771566593,0.015325587684411819,0.19929152719700566,0.017433610146297265,0.003759132838591277,0.017214441544620953,0.01339918396835579
P000058,anemia_other,anemia_other,0.0551786117652628,0.0161372191646133,0.05577411682939417,0.7057319450718074,0.0007838323967290675,0.09813670719945373,0.006629411019219722,0.02227329145776582,0.014619943147232346,2.183038083207022e-05,0.021836067806862196,0.002877023760827297,anemia_other,0.03030208665814011,0.0016083434070697977,0.06503887298678819,0.8407665708463943,0.022619684168227124,0.03244919688112632,0.00035963033825985697,0.0013298307850558243,0.0011632108108583774,7.792951727996333e-09,0.00426305144891406,9.951387621439169e-05,anemia_other,0.023414962950572497,0.005193328066075129,0.17027908976985545,0.5734169002748146,0.06746683891700359,0.04451926792007664,0.005088720223330289,0.05796318589144619,0.02382462211752941,0.0027088100425877474,0.020160861239146604,0.005963412587561744,anemia_other,0.014274302511676008,0.003796502210784702,0.2208957815601985,0.6352784268868401,0.03272849797343984,0.02451432251803522,0.0031759571250611833,0.03148508607308715,0.01756155096595899,0.0020497619830453393,0.010928671413819641,0.0033111387780531553
P000059,anemia_other,anemia_other,0.0003849982996604033,4.885606940908598e-05,0.0003251489468928043,0.99324066169398,0.0002821711014832931,0.0046791203349679155,0.0003216433994375666,0.0001179297518101639,0.0003470549629297603,1.0302825762831165e-06,6.563986857429555e-05,0.0001857452882784773,anemia_other,0.002684353228710014,4.696894752353159e-05,0.0044832599160217835,0.8464173775635198,0.08110951922108546,0.053635278105861106,0.0011763309184418867,0.0040842340563651,0.005122554892462671,2.1776326004692592e-07,0.00044462420926525374,0.0007952811774836682,anemia_other,0.006324707350354536,0.0017744465265111123,0.008385136594136243,0.9155055202338415,0.011281772397837706,0.039914497959108175,0.004627681892905894,0.004123437555997367,0.0023231838409336083,0.0007663470402620277,0.002736050644081119,0.0022372179640305287,anemia_other,0.035138476155198536,0.0052986376095500685,0.028600598044929523,0.5681943838746164,0.04825584280124936,0.2510177659676882,0.012779493127508514,0.02913709373638694,0.004291473630321235,0.001577247966339521,0.010096337765704434,0.005612649320507468
P000060,anemia_other,anemia_other,0.008128738299349311,0.003305837929814644,0.010041029661704707,0.4963874212548459,0.04352165355669327,0.38784047659691345,0.015527848508358064,0.024463762671637128,0.008349137315706604,4.292090876126606e-06,0.0015453052194617696,0.0008844968946393398,folate_deficiency_anemia,0.0012645467405118164,0.00015793068598050512,0.004784306262506569,0.4495719628210215,0.03029076761016535,0.5034775980461661,0.0017337342273536615,0.008354914226173646,0.00033040302323852417,5.316745333737895e-10,2.7125525334476802e-05,6.710299873120987e-06,anemia_other,0.04941469906640728,0.008155119278228786,0.027169065856528552,0.5914733013311403,0.026809813705005986,0.2063775741837185,0.015467185450196966,0.041076874355406884,0.008043991415033746,0.0021086997904068033,0.01603191483096163,0.007871760736964445,anemia_other,0.049974612412109876,0.005271905617993027,0.024810617027110127,0.5581630162339095,0.0734157159579563,0.22925880427812653,0.010256246468623628,0.02465249035079601,0.004890722249101851,0.0015908169451324219,0.012051666434882325,0.005663386024258167
P000061,no_anemia_no_deficiency,no_anemia_no_deficiency,7.962901230250905e-05,1.2600866776779887e-05,0.044809098257948744,0.009094164412892741,0.0006941033120826062,0.00547855786020722,0.1678216516884914,0.0007263939592082949,0.00045152726617522044,0.05152916625732001,5.7009310081417034e-05,0.7192460977965132,no_anemia_no_deficiency,1.6973644806349167e-08,5.230498027425806e-09,0.004268884572565957,0.002260523222320103,0.000761115698111726,0.0011631789471081978,0.3589976812650888,0.000667869372742056,6.150490318892046e-06,0.004996873510853432,7.146627006223856e-08,0.626877629250478,no_anemia_no_deficiency,0.0011776805413057138,0.051455180801219434,0.01660010194777236,0.009741666826871453,0.00782082548829227,0.0034052437501478658,0.06999353083432748,0.003964591103798643,0.0026963237844091,0.07912571185933129,0.0016113367487452545,0.7524078063137792,no_anemia_no_deficiency,0.000856544274569745,0.019375622576612225,0.006779781043379127,0.004728945034740156,0.006792053199764577,0.0026997930664314283,0.05691803742216112,0.003324301473109075,0.0015031164473787266,0.056211028489205145,0.0009365279006937791,0.839874249071955
P000062,B12_deficiency_no_anemia,B12_deficiency_no_anemia,0.0002832692873235147,0.7933376370663332,0.004640833450973095,0.0027657314254475743,0.0011942278565309778,8.568642414296084e-05,0.0427649705309831,0.0007681453929556304,0.0041183349664285,0.07177302042779796,0.0007131811347387041,0.0775549620363448,B12_deficiency_no_anemia,0.0004571893419113944,0.9176100387950836,0.0014888407767450905,0.0009087781321365307,0.0005361117979434076,0.00010472536394944672,0.019268765608924522,0.0005044910582550477,0.0015683683128484688,0.021190828693501224,0.00014349873108638096,0.03621836338761452,no_anemia_no_deficiency,0.0022932192287153765,0.09828702951620832,0.03680219692685854,0.011039786438413714,0.016579806467422048,0.004390575752561096,0.22043675847300054,0.008134188945815754,0.008767349722193412,0.09506530852694439,0.0031094220700138005,0.49509435793185297,B12_deficiency_no_anemia,0.003934149390308139,0.35846596146147797,0.017259450813741056,0.010700204804279604,0.021022142780617203,0.003610441038435217,0.1274464024854073,0.007198799100265307,0.008462083590398177,0.1020496179596636,0.002862230431283347,0.3369885161441231
P000063,folate_deficiency_anemia,folate_deficiency_anemia,0.00463024645461,5.556956142635841e-05,0.00039775276781640266,0.015628901943883812,0.0024966409528305723,0.780844094227332,0.17896707767184175,0.0009483091947995559,0.00017600062360662995,2.7899488704816817e-05,0.015707804904082717,0.00011970220906535838,folate_deficiency_anemia,0.0007813347691255634,1.1139930337831837e-06,4.1136202107064395e-07,0.0001788737991753827,7.205961351630622e-06,0.9697363767943972,0.026881685028774704,4.83513876924262e-06,4.44751625954087e-07,4.042576767624118e-09,0.0024076220635471505,9.229560157577394e-08,folate_deficiency_anemia,0.04025226000587449,0.004727156550145388,0.006908813233975296,0.019869551363256067,0.005403135373661528,0.870114479732032,0.012343070170219577,0.003434949456603187,0.0030217840029285142,0.0016171688226448368,0.02977119156283041,0.0025364397258288204,folate_deficiency_anemia,0.07952956627017077,0.005588542535530045,0.004264665576382768,0.025873858438696613,0.005292623609813727,0.8116309932103064,0.01789001209096404,0.004119117268755503,0.004102264851464308,0.002483021840824985,0.035807422622090676,0.003417911685000186
P000064,iron_deficiency_anemia,iron_deficiency_anemia,5.546720257713317e-05,2.956979724669255e-07,0.00017315794394761073,0.0004316905631532401,0.0001907686068950051,1.1648198685535002e-05,1.1699123023384907e-07,1.0183036074059422e-05,0.9860717241259583,9.501038868790935e-06,0.013045445142853876,1.451783610506296e-09,iron_deficiency_anemia,4.747975264506133e-05,3.1012942199098726e-07,0.0005064136962321744,0.0004619341820922095,0.00037681571489228726,9.646793563584522e-06,2.3753493727950817e-07,5.2149859263128584e-05,0.9856442994440522,5.7103137078858474e-06,0.012895001805532078,7.736601336884784e-10,iron_deficiency_anemia,0.002777381008197623,0.0010612370769976657,0.003955699603488736,0.002898582202673116,0.0034162544660929833,0.0015570541710916706,0.0010077586334569732,0.0027413933935730764,0.8372929810023996,0.0019177772251751323,0.14078182689856555,0.0005920543182881296,iron_deficiency_anemia,0.0008892815363922313,0.0004478076674404226,0.0014090919324530964,0.001091099509895042,0.0012248307337866678,0.000375683112564734,0.00043019582679814744,0.0022016493234768694,0.9319558615499726,0.0015506186166997485,0.05815300828921132,0.0002708719013092651
P000065,copper_deficiency,copper_deficiency,2.2037087898425015e-06,9.436176059680409e-06,9.334945492487203e-06,0.00012619915436103967,0.9997550907549353,2.6589450868954583e-05,1.6138757252965415e-05,7.825016342368269e-06,1.970789306507504e-05,3.5637766149015316e-06,6.6224617514653315e-06,1.7287904465766326e-05,copper_deficiency,3.573201091947091e-07,5.494656935539287e-06,1.926117618879693e-06,0.0005004408649141417,0.9993192639936783,7.190878447028538e-05,8.985914435676431e-06,5.13749280121734e-05,2.244942568572581e-05,1.1633244061303456e-06,1.6017909104715675e-06,1.5032878823446372e-05,copper_deficiency,0.0143474838069515,0.005246293246770698,0.005364621931081996,0.0357439511949291,0.8493276423985666,0.043548270969711714,0.004975707841977382,0.011263029942212475,0.010771155572088796,0.0017186020531079658,0.014399742904385452,0.0032934981382162897,copper_deficiency,0.005994073044858768,0.008752877257970141,0.00416808025135494,0.03596913900752669,0.8126714225631655,0.0771653619745095,0.008928592370731611,0.020410483122559997,0.011943278740655597,0.002267047187181723,0.00571575308021751,0.006013891399267988
P000066,folate_deficiency_no_anemia,folate_deficiency_no_anemia,0.009141452678724786,0.017343557458940825,0.0010915637861743355,0.0005793988877398675,0.0018936835278573092,0.39913800422302115,0.5307908324114176,0.00025206374486287886,0.0014406082187896421,6.0991732388632074e-05,0.03805063116919148,0.00021721216089137064,folate_deficiency_no_anemia,0.02454780004409889,0.027028548368675773,0.0022452890079768762,0.0040125444865994325,0.008255668990449619,0.3136843539118897,0.5030736866259061,0.008154305883188533,0.0032605823115267403,0.0014017962542625033,0.1033284644259867,0.0010069596894391817,folate_deficiency_anemia,0.08295387006735426,0.179860844848386,0.026418483901040922,0.02992281243726192,0.0512703655043702,0.2375754973518388,0.20862470286620072,0.02173749992247283,0.02845904753689397,0.007493611333475994,0.10795872071945296,0.017724543511251384,folate_deficiency_no_anemia,0.07402311711161734,0.263209094657427,0.008650768187674681,0.012446176791896095,0.030139353580720663,0.2510489482927395,0.2778839706681187,0.008912360365085165,0.009162065875695229,0.0063740257675413544,0.05101501053569474,0.007135108165789553
P000067,iron_deficiency_anemia,iron_deficiency_anemia,0.0019998040612262554,3.4526128293945774e-05,0.0015736623949218727,0.01055702161611984,0.0002220972890565848,0.0006615714102626569,2.4779136521305702e-05,0.0007712069861385196,0.8189520022303284,0.0018632879404169255,0.16332778444811258,1.225635860095123e-05,iron_deficiency_anemia,2.9852470931966456e-05,1.3706210034228168e-07,4.599141422993696e-05,0.0009179060678091824,0.0007948360837614073,1.5426433703731841e-06,4.800888774210702e-09,1.8616680367261425e-07,0.9392280982088212,0.00017245983701626985,0.058808967341653855,1.7902613010219073e-08,iron_deficiency_anemia,0.002035473785697202,0.0009432652402761386,0.008537312236550323,0.010700929294386416,0.003327526893038489,0.002626369657363646,0.0009557035538708072,0.003500857272941967,0.7364040680541839,0.003231243005747096,0.22704689597361044,0.0006903550323336191,iron_deficiency_anemia,0.003350219224665714,0.0009432360865652537,0.004881075284066591,0.004409378161234149,0.0042415065623869095,0.0013767902584116338,0.0007819054064869369,0.0023501827056911875,0.638063178077088,0.00320042733391628,0.33582938707384163,0.0005727138256455946
P000068,mixed_deficiency,mixed_deficiency,0.09775191178833878,3.1411522665979745e-05,3.4964859782088657e-06,9.517003128917486e-07,2.0664684512412167e-10,2.074276844571619e-07,1.323549679940605e-08,8.309382762042943e-07,0.1170202106344798,2.64405778796327e-07,0.7851907016311864,2.3154752154989615e-11,mixed_deficiency,0.07113252326324306,0.00014893188664796448,8.474266652421073e-05,3.694483246789667e-05,3.97163755610578e-08,7.085237414967515e-06,4.648410819957098e-06,1.2381511787264902e-05,0.04880986031829415,6.160604753963626e-05,0.8797012175360236,1.8572861799797304e-08,mixed_deficiency,0.0146740001288231,0.002363999257049178,0.010722989925398838,0.009567879310808488,0.009949319926329105,0.0037770733667068304,0.002788883455591884,0.008115000955263307,0.4025147501417561,0.004270277361772592,0.5296981545493464,0.001557671621154241,mixed_deficiency,0.02835010966892737,0.0031473108569533216,0.00995441257563271,0.00895713222445181,0.01032412442426357,0.003186611806552318,0.0029880830506141113,0.009836139445209202,0.4533162356654559,0.004522114530760441,0.46280047050371187,0.0026172552474672
P000069,inflammation_anemia,inflammation_anemia,0.023284725117458032,0.029345890106443943,0.017493395048329793,0.020059705751313564,0.0035611424771073074,0.003244202198268314,0.0017195734124385359,0.8370780935037453,0.009820132798946996,0.001045738211317874,0.005323451392228692,0.04802394998240176,inflammation_anemia,0.0008415648404867913,0.0009486261404936518,0.0006379474519161026,0.005882437186341037,0.005354586733564315,2.4587284950085768e-05,7.373350468953031e-06,0.9846898687439606,4.4324773705676205e-05,2.455371536642945e-07,8.206053325455242e-05,0.0014863774237045184,inflammation_anemia,0.010980609724876637,0.007628381289904213,0.01691586208037496,0.0768255360122891,0.01842017449828298,0.025042967537755156,0.009988599309066482,0.7923307831679651,0.013481014164756075,0.0033674022287943457,0.011251061038335192,0.013767608947599796,inflammation_anemia,0.00994421101263015,0.006162997972491055,0.00648810472288828,0.089306202200777,0.01627762643123867,0.011067577188037117,0.007445963640293259,0.8281967034612231,0.00948115139606808,0.0021457025546423067,0.008378267350784119,0.005105492068926738
P000070,latent_deficiency,latent_deficiency,4.267329235348589e-06,0.0019055691334991882,1.2726340200483364e-05,1.4398739100366687e-05,4.278030803281635e-06,1.8491890979188558e-06,0.00042558255914926387,5.215820964407994e-05,0.0023353572628101995,0.9877159409527668,0.0012164462246724225,0.006311426029020665,latent_deficiency,1.750947940513588e-05,0.007650374794149231,0.0003974158789158475,1.7759175189015388e-05,0.00012660394415152298,8.832376015904329e-06,0.0004813917215535533,3.327025900873828e-05,0.005383670335602495,0.9766587436678137,0.0015161659453699881,0.007708262422824855,latent_deficiency,0.0004908157003532103,0.003166208758082951,0.003184139164421514,0.0011490349974069777,0.0010623056527703193,0.0005869906134630957,0.0031482720452901463,0.0009564211683479078,0.004814030111307787,0.9667015897796856,0.0032067054522187085,0.011533486556651816,latent_deficiency,0.0005821044242303448,0.0036001762437028236,0.004145923547472736,0.0010819673286761584,0.0015228407443714186,0.0006839998193569188,0.001738355085478263,0.001121205779609747,0.0074587325366289306,0.9692952605119971,0.00406443880374189,0.004704995174733618
P000071,iron_deficiency_anemia,iron_deficiency_anemia,0.0006474102589490903,9.672351076078915e-06,0.0008050896173794437,0.00021580221805470937,1.1510423853747527e-05,0.0004969526040601486,1.261693536471032e-05,0.0001268026854579557,0.751303268734572,0.0021232987980188086,0.24424744194568584,1.3342752746637624e-07,iron_deficiency_anemia,2.6291869260366456e-05,1.8482737228236194e-07,3.235219472841762e-05,3.6037315199696558e-06,3.646889258897106e-05,9.421160136337882e-07,1.752514478135491e-09,4.359128371896976e-08,0.9032253045713052,0.00012103910289288199,0.09655376718570782,1.648122741523549e-10,iron_deficiency_anemia,0.0015564719455686167,0.0008625871888911404,0.008580707745088987,0.0038486753327692303,0.0028482048520256605,0.0015667898772104949,0.0007969789416358432,0.0031483618724750724,0.8757416174288376,0.002163918409804038,0.09837210053487878,0.0005135858708146337,iron_deficiency_anemia,0.0005739276458743954,0.00029776945537997594,0.002790583808575003,0.001524627736006952,0.0009451410647974891,0.0006354900210596572,0.00023442791000624164,0.000997189484321841,0.911450552429693,0.0013258990862173197,0.07903738472945226,0.00018700662861578264
P000072,no_anemia_no_deficiency,no_anemia_no_deficiency,0.001538274030500694,0.05690816210745348,0.004677556920508294,0.029792540239738725,0.0013891941010550823,0.008937503585533075,0.1193887502668162,0.003659008917314354,0.0019080289610512976,0.014345760901983645,0.0012566331488595658,0.7561985868191856,no_anemia_no_deficiency,0.00019854338548109626,0.07251925928686241,0.000833318051172393,0.011651601890810074,0.005385031806722956,0.00474112406962411,0.21592294094970924,0.006782594338231263,0.00024617738957602426,0.00438041348230239,0.00016947389515471848,0.6771695214543533,no_anemia_no_deficiency,0.001388229587268777,0.05183240832414566,0.006000795317576511,0.007753519382165622,0.010155181073616824,0.004299533824507404,0.15414776678865483,0.003781834265891176,0.001870711427391794,0.015147699419370532,0.0011807879821670484,0.7424415326072439,no_anemia_no_deficiency,0.001555811512823105,0.08325642928937686,0.00881780035076137,0.016167395733254562,0.02833493150351045,0.004801193159199338,0.17670928095139118,0.010689361691095974,0.0020087891199907257,0.019248790822355373,0.0014403778029069953,0.6469698380633341
P000073,mixed_deficiency,B12_deficiency_anemia,0.8443766309446937,0.0004359087394809463,7.767122773176137e-08,7.972316654134127e-05,1.1376663219707918e-05,0.018671512291180886,0.002535993761849027,1.5497109187413999e-06,7.623769089097187e-08,1.835244702495683e-08,0.13388709216289274,4.029785741703886e-08,B12_deficiency_anemia,0.634092586480232,0.00012339062639424265,1.3913456528696516e-06,3.120626417526885e-05,7.706004027107568e-05,0.026737328051536103,0.01866972628723361,1.0048186671381565e-06,4.0813410562240315e-07,2.3602449244924354e-08,0.3202655433114915,3.3103779123768995e-07,mixed_deficiency,0.3707982540103449,0.01070887483491994,0.010402944634712433,0.027987201385892252,0.0193012176326073,0.13062526513451653,0.010661323172988176,0.005207164256123684,0.007417843336091876,0.003486155245050806,0.3999614052292172,0.0034423511275350205,mixed_deficiency,0.1676418927669773,0.007030578007112431,0.012428292224801933,0.02162992271497568,0.011528795426301287,0.1646509365237813,0.01708519266076982,0.004539700295998889,0.008783175733289732,0.0032734057432229928,0.5768398860665064,0.00456822183626231
P000074,latent_deficiency,latent_deficiency,2.6772054725760733e-08,0.0002651756424790496,6.359002377148427e-06,5.4394452652228276e-08,1.920173256283642e-07,3.8518572661538825e-08,0.00038552376796647977,8.26163432859988e-08,3.0092895400597413e-05,0.9980041778856554,2.859957384978132e-06,0.0013054165299873578,latent_deficiency,7.244367632046595e-06,0.004280424226147938,0.00015066263199537905,4.6662993571321715e-05,9.64085299048055e-05,1.1658253185709342e-05,0.005707791933351666,8.579101398770069e-06,0.0013633432111285265,0.9474191958987276,0.00024275177443865934,0.04066527707851744,latent_deficiency,0.0004233082510376123,0.003096082403576129,0.0033231571357318105,0.0011975453592333594,0.0006933133862274974,0.00039440648986906695,0.0033158484495884794,0.0011101205280701406,0.004648580332618689,0.957297406158832,0.0010666407223954213,0.023433590782819994,latent_deficiency,0.00043670724989555677,0.0021450403694193037,0.002404005128261803,0.001194244582213481,0.0009017531685223424,0.00042503329461297834,0.0025397441013902083,0.0014204143394812845,0.004574336595160878,0.9612204146237302,0.001387585675968172,0.021350720871343862
P000075,B12_deficiency_anemia,B12_deficiency_anemia,0.9992210255808645,4.803279506477542e-07,7.816343759701069e-10,4.5431222927844285e-06,7.039181852807663e-08,2.3214678780823226e-07,3.0527313430315543e-09,5.355435033022727e-09,9.437262287686492e-10,1.326487512166095e-15,0.0007736382207159379,7.604165423581331e-11,B12_deficiency_anemia,0.9989045204478538,3.420197870172176e-07,4.776491658371845e-09,1.4413874387017194e-05,3.055956448884149e-07,3.65198439976805e-06,1.2204591742126544e-09,2.2550781331219374e-08,4.846065003428567e-10,3.4666921341416546e-16,0.0010767370194792395,2.6108936900539656e-11,B12_deficiency_anemia,0.6230359439039439,0.01632947420449077,0.019149780442498925,0.0705538633187717,0.018331243781070195,0.047974588018372864,0.01825340807250749,0.025347534331703135,0.0099643690739829,0.007208748906842806,0.13218126758276408,0.011669778363051185,B12_deficiency_anemia,0.41304016079800354,0.026007935355121435,0.024207496221928713,0.12505578866115624,0.040769671458802614,0.09533494728918983,0.01961626960337658,0.0535473701125121,0.01248785606938296,0.011171363429390704,0.1570726870896163,0.021688453911518878
P000076,iron_deficiency_anemia,iron_deficiency_anemia,0.00042721241346555276,3.1823947691986644e-08,4.9502268637381945e-06,0.0025493159081547835,1.8998718361930708e-05,1.1594742252156313e-08,1.0668817855877467e-12,0.0001627290402566285,0.9952143585305564,2.1768626983601782e-05,0.0016004101419866256,2.1297361385927285e-07,iron_deficiency_anemia,0.02412203510473038,3.9815326052784636e-05,0.00024880342840920966,0.007417663914886858,0.006259011438576612,2.3906886215285603e-08,4.604708555432892e-12,0.0031273712115398103,0.9302019891221347,8.72835539364798e-06,0.028574553012274368,5.174510944081782e-09,iron_deficiency_anemia,0.010619824034242784,0.005535088261308584,0.013312629619196227,0.06498394514059246,0.010193215238704312,0.031988804069997274,0.006565842415459917,0.020514543231963056,0.6193291041238164,0.014479229101174858,0.1952991666507021,0.007178608112842226,iron_deficiency_anemia,0.03364729703378033,0.006907643340116193,0.005118047648311792,0.08632988582370796,0.02204599565681405,0.02765595759155566,0.008378387726843486,0.017569877445782162,0.6008576903215733,0.013561891907488473,0.17396983401753977,0.003957491486486884
P000077,latent_deficiency,latent_deficiency,2.7780713976594725e-07,3.9445672444343e-05,4.472994647557801e-06,4.2665403465911254e-07,2.0839367405332264e-08,4.136522005492432e-07,0.0002797156199513511,2.2429484116056308e-07,0.0015729496189132147,0.9958286859957876,0.002084152019258861,0.00018921483141370873,latent_deficiency,7.34106990946738e-05,0.002106540549829524,0.0002980267524469305,7.35984046239143e-05,0.00013650104692804267,8.640652555448979e-05,0.00876973759415055,1.7949558100112684e-05,0.015829807984449905,0.9535218660306048,0.016128395782943707,0.0029577590712733417,latent_deficiency,0.0004607531135440553,0.002318496038014089,0.003974208769213505,0.0006281493137202551,0.0008244178602010586,0.000673491478843685,0.002989017937787889,0.000804659464427277,0.00830927282164784,0.9721675781587041,0.0040315295609621256,0.002818425482934238,latent_deficiency,0.0004390449428340792,0.0015049581156430661,0.0022964822998397033,0.0006246045516899294,0.000710578064431084,0.00043855281087458263,0.002669628502115728,0.0006748790995975934,0.005035959666339281,0.9807512940076024,0.0028942423244785456,0.001959775614554073
P000078,no_anemia_no_deficiency,no_anemia_no_deficiency,3.763491517744349e-05,0.016589634815726725,0.001180842290996423,0.0007798928095639488,4.778708830609609e-05,6.976068985450324e-05,0.023075293840312622,7.614043520714646e-05,4.7202590490774305e-05,0.028790788326198254,6.82577410945293e-06,0.9292981964240566,no_anemia_no_deficiency,7.539760929234553e-09,0.00014104266576550224,4.811903772845268e-06,0.0001129148267354108,2.33734308969992e-05,6.648699212815247e-08,0.0003617923574055312,1.5230812375275073e-07,9.049445842313294e-08,0.0018884323337843996,1.4607774392006186e-09,0.9974673141915266,no_anemia_no_deficiency,0.0012594879490942976,0.026039791357012922,0.022081740043643383,0.0067347937884127546,0.00518349827081355,0.002721942516029488,0.031136828196642215,0.0035658233615941054,0.004118149677848088,0.10624177275271532,0.001992770752704057,0.7889234013334898,no_anemia_no_deficiency,0.0025540215099353124,0.023814918061385477,0.011511315706968403,0.008650563275992305,0.008435342302503914,0.00395020010222511,0.03313801611635296,0.003051091501895045,0.0022963450650654625,0.059642976457026015,0.001903144108689879,0.8410520657919602
P000079,mixed_deficiency,mixed_deficiency,0.0017959604301501335,0.0002828417721090193,1.1406349316282697e-05,2.941235553724486e-05,6.547393533796518e-05,0.00010616632143088644,2.0241289029909738e-06,1.1358762241676279e-05,0.0368240080598196,0.00010607433461377446,0.960765234805839,3.874470153099559e-08,mixed_deficiency,3.845410643601061e-05,3.43118922662507e-07,9.633089781992866e-10,6.390374827745849e-09,2.250201325893618e-08,1.9580144141188385e-08,4.996420765976131e-12,5.342346955421246e-10,0.0008398754551898677,5.5428962590784696e-08,0.9991212219151302,2.863535871789425e-13,mixed_deficiency,0.012868838070233092,0.001991371055908716,0.003174514945326253,0.006950441896771163,0.006150774477532887,0.004140653832733644,0.0013508571129008623,0.0031555231597563743,0.040785203513076414,0.00222534651144176,0.916146540577119,0.001059934847199853,mixed_deficiency,0.00700569538916289,0.0010393564140431697,0.0020863779031453176,0.0024615321511740145,0.0015602745428420501,0.0015772487328724223,0.0006072423521606464,0.001170275701285056,0.025328033557499855,0.0012782239280145218,0.9554282563774794,0.00045748295032071377
P000080,iron_deficiency_anemia,iron_deficiency_anemia,0.016648664065315656,9.603654170967944e-06,0.000671132588798466,0.00037698431391747835,0.000243384485055006,0.0003012022569170734,3.168700590993562e-06,6.913329059922573e-05,0.9175450506941085,9.226515640599918e-05,0.06403925118740018,1.5960672078745114e-07,iron_deficiency_anemia,0.005389307033830298,0.0006141606455934825,0.032721691581146004,0.007771470734259902,0.004129387199970998,0.0014610932831323057,0.0002739382932869907,0.0028983002974025647,0.7991791490340445,0.0016028987942909188,0.14394858863445778,1.0014468584308372e-05,iron_deficiency_anemia,0.003694793969899941,0.001558482864268667,0.02199350951293737,0.009600715241748227,0.004562128452327595,0.0021836915529075116,0.0014946269214259264,0.005213376190705718,0.8861919498763577,0.0026003103984287377,0.05988351544949094,0.0010228995695017997,iron_deficiency_anemia,0.004637705313211429,0.0013404664299719988,0.011547231052069088,0.009321479749331067,0.0049391733780493625,0.0025942434042590837,0.001373228933771515,0.006608578499966355,0.8844794355126921,0.0025863181495130493,0.06943742612078446,0.0011347134563805396
P000081,iron_deficiency_anemia,iron_deficiency_anemia,3.4382273992511416e-05,4.242090839922978e-10,5.565111109090744e-05,9.188609129358528e-05,1.1526530730354863e-05,9.336885124141429e-05,2.6203066864168516e-06,0.0008354825171500174,0.985423090184558,0.004280384892317963,0.00917155365840261,5.3158327129004144e-08,iron_deficiency_anemia,0.00019939014858845255,1.4583277422484506e-05,0.00010938656149352823,6.542355673720643e-05,0.005892526446904149,0.00020772243807158563,1.1561312317527693e-05,6.871614277902199e-05,0.9544474511239268,0.004138470072735704,0.03484476085990538,8.059117926159172e-09,iron_deficiency_anemia,0.0021251609076616508,0.0008467936186183242,0.005561238406928992,0.0043543650625309,0.002219800809592001,0.0031496854228413936,0.0010986064118440858,0.005029981283262391,0.8381397941444106,0.003737656064146023,0.13273475516755923,0.0010021627006044764,iron_deficiency_anemia,0.0031868567892700747,0.0010461359511457237,0.004634194624769081,0.0068880724410852546,0.004039657629477243,0.0030112055040999873,0.0012666196570649507,0.0035180652502703187,0.7600943027939638,0.004487160201695704,0.2070968941173122,0.0007308350398454078
P000082,mixed_deficiency,iron_deficiency_anemia,0.004735178318445052,5.2382280840195684e-05,0.00401871399397631,0.0037948291700646477,0.005159745985226934,0.10888841822087321,0.00474362141096281,0.002599163146878268,0.596022165086231,0.0016425630587624414,0.26833594258722826,7.276740510900918e-06,iron_deficiency_anemia,0.00017503842883480203,2.5361891826998334e-07,0.0002922302793953064,4.84421608984358e-05,0.0017882363062444743,0.01671314961522525,0.0004905907728043822,0.0017256784095160973,0.7901840801684916,8.138421282060607e-05,0.18850088263211412,3.339473645439267e-08,mixed_deficiency,0.003369649830513103,0.0010590065103633548,0.004714462443728025,0.004684718481680753,0.005306386616435778,0.007905328420542236,0.0022483320311973195,0.003825499757844402,0.27157171830345106,0.0018064340555513179,0.6928717618637337,0.000636701684958825,mixed_deficiency,0.0020711409898502148,0.0007640898382268961,0.0017370541428733926,0.0031501559561023604,0.002670145373178504,0.0053813503463496,0.0023385163962766136,0.005222923097411081,0.1980313745543019,0.0019154032637061283,0.7760063915188896,0.0007114545228336553
P000083,mixed_deficiency,mixed_deficiency,5.915824567668396e-07,1.3302971205042916e-08,1.0113598117055099e-10,4.95247575921923e-09,2.94422310835383e-09,7.142584600033244e-08,4.740252095206136e-13,1.5177723610820942e-08,0.012565461314293466,1.0128266050826646e-06,0.9874328263717919,3.083554156338903e-15,mixed_deficiency,1.927991121963939e-06,7.673635126320602e-09,2.3581275746253133e-09,6.33095204014608e-11,6.988866038216444e-08,3.635168862904918e-08,4.7806455285490467e-14,5.449381948484134e-10,0.0047446078545795274,5.345595890664569e-07,0.995252812714299,3.3659358365100068e-15,mixed_deficiency,0.012414028372924633,0.0024583868968524364,0.0018580300865277937,0.0038178817839790193,0.004580882332621331,0.004315000235918256,0.001980414947378141,0.0017498004058658857,0.1306465488663553,0.002146807674481042,0.8333286661152756,0.0007035522818205736,mixed_deficiency,0.008674452004393034,0.001202183455088556,0.0028634205406452805,0.006942553125584694,0.005076518148618072,0.004637981236992895,0.0012241584941499934,0.003046888927615628,0.383452988117779,0.004057480592413761,0.5780282168586529,0.0007931584980663078
P000084,anemia_other,anemia_other,8.72248683740888e-05,0.00016732757810209708,0.00011263664427274943,0.7824428887146028,0.0006392046117646067,0.0018426338733774571,0.007461908856419391,0.0001988701214934318,0.0004045130803831242,2.423876370344122e-05,1.3605225226702831e-06,0.2066171923649842,anemia_other,0.004053368161330959,0.00312501985454271,0.0048269464983936305,0.8529676409924216,0.018538375763921023,0.011147252702252853,0.03817164378535199,0.0020244414864186958,0.0026577947962834365,0.0004885967020429947,0.00014547581247267174,0.061853443444567474,B6_deficiency,0.007061317958236748,0.010586146390950983,0.5261296013030662,0.2701875193876232,0.02103401453630849,0.02696718830987882,0.02200422310007809,0.04128001322864899,0.026191842883500915,0.010514099224742704,0.011751950272715089,0.02629208340424976,B6_deficiency,0.013199104069133969,0.009522100244248963,0.49335530713468295,0.342501220486006,0.0212724379556216,0.0211864820985782,0.014309968304682799,0.027653425895310203,0.02087429362713415,0.007852568497816072,0.009372722542375861,0.01890036914440942
P000085,inflammation_anemia,inflammation_anemia,0.0001902686160418933,7.177522492566384e-05,0.0005784497112346831,0.0012252576003938128,7.346168598918e-05,5.06614144369788e-06,1.0164918233112886e-06,0.9971150323785012,0.0005517957759055919,4.1048477737529824e-05,9.303286704275377e-05,5.379502896036795e-05,inflammation_anemia,1.520383989045567e-13,7.72019161683385e-15,2.153512192421144e-13,7.793031478684672e-12,1.327497266289672e-13,1.0496956928697319e-15,1.8327719627073524e-18,0.9999999999914297,2.33908294062745e-13,2.41259580337419e-15,2.328506537552441e-14,8.656193028541213e-15,inflammation_anemia,0.009390149748559984,0.0061675732729716305,0.082436213819322,0.136307465866725,0.012764854216396443,0.008707765835413626,0.007595620413000761,0.6496058753850894,0.05606219010739571,0.0067291276374269,0.014924725032733349,0.009308438664965286,inflammation_anemia,0.008132183583837105,0.0053590315147075945,0.02581181601152363,0.12338273228917075,0.01550412290938579,0.006861813915064249,0.0025742731355870925,0.7753351449603301,0.02152757823092625,0.003566315510267423,0.006606331823426989,0.00533865611577289
P000086,folate_deficiency_no_anemia,folate_deficiency_no_anemia,0.0076927528851915205,0.08925838730761311,0.01889966082061795,0.021756775858977364,0.008254684566296059,0.04037614445094513,0.354245952520278,0.004299515014071213,0.010191272186117267,0.08786681653857842,0.015824306628312114,0.3413337312230018,folate_deficiency_no_anemia,0.006520233254367536,0.09038930992362176,0.012215241160687368,0.03780608664275254,0.017037472981730726,0.030843720378976962,0.36575831594664593,0.02708583657544084,0.008559834964971329,0.08097611041784294,0.014744528078841893,0.3080633096741203,no_anemia_no_deficiency,0.0013413087255618923,0.09562667955243344,0.013697673778836314,0.007166914415555237,0.007419590956004889,0.00271552141597115,0.12537646242885903,0.007174386427274601,0.0016994610564223134,0.028702988955863862,0.0010021307481340369,0.7080768815390831,no_anemia_no_deficiency,0.0014733125075215233,0.08092587966692226,0.011873849943194917,0.010506927545811902,0.010085693053191572,0.003355206599300436,0.1286832635438321,0.011957733445329898,0.0019396901700503987,0.03089609067846665,0.0013988209985051731,0.7069035318478732
P000087,mixed_deficiency,mixed_deficiency,1.3377883625934596e-05,1.0609926343506886e-06,5.142147734978252e-08,2.182797911840158e-09,1.8195352635056895e-09,1.8272665759332032e-09,2.3533093595949252e-11,1.1065006199714225e-09,0.04783751256849851,2.0554856694083178e-07,0.9521477846255513,1.2362897743556385e-14,mixed_deficiency,0.00021820058211251655,0.00011470038383851808,0.00010884648211333402,3.4064327422001144e-05,5.3816568573245554e-05,6.199081432947085e-06,1.0162398707231714e-06,1.8030271838579478e-06,0.35938290167199427,0.0007685876507777484,0.6393098549045596,9.080121391664868e-09,mixed_deficiency,0.006880221198202108,0.002216542888868307,0.003536763324060077,0.003244939453047019,0.0023354361474268717,0.002247388408724424,0.001540142277616869,0.0026869202291537634,0.4174160743593999,0.003070108703364342,0.5538488351606616,0.0009766278494745511,mixed_deficiency,0.0032100850177741633,0.001967605780544899,0.0018150098226431093,0.00181200562952238,0.001558830576090501,0.0016186087713020913,0.0009605687496608182,0.0016431770020135634,0.3447002687944849,0.002152490893329632,0.6378181942078507,0.0007431547547832152
P000088,anemia_other,anemia_other,3.278160982571727e-06,1.4274598282879144e-07,1.5020036286522418e-05,0.9994320950276876,1.9412570572521406e-05,4.267807683415055e-09,3.4521641656021204e-12,8.769278113012624e-06,0.0005212336516315853,9.76332485521302e-10,3.494528182234326e-08,8.335869289512662e-09,anemia_other,0.006512710688830545,0.00013341682396785269,0.014487835583550749,0.7061835599771302,0.08405155377683594,5.65277989956821e-07,7.241628717222153e-10,0.0737309193067452,0.1148387147106266,6.829955161653977e-07,5.5941288669398544e-05,4.098845974490017e-06,anemia_other,0.0025904171167526265,0.0013951889493840708,0.011392390241739138,0.9326604059883763,0.008027765737079053,0.004922845230942308,0.00120899721777892,0.02248199753699529,0.008689097190477658,0.0006294984141431336,0.004895197976955747,0.0011061983993755284,anemia_other,0.007928117737656318,0.005840367575613463,0.03586760905974797,0.7300575559491501,0.05636052183693828,0.01053198986165779,0.004179680505540148,0.10952709027733325,0.025164214703979976,0.0022103289802607785,0.007560912311326104,0.004771611200796033
P000089,iron_deficiency_anemia,iron_deficiency_anemia,1.3733259017077854e-05,1.4452035421002479e-08,0.012563210979790625,0.00020116176105888922,9.444414785120521e-06,1.9974409766110073e-06,3.136082190780346e-07,9.933314379005607e-05,0.978088283848738,0.00028637521157620643,0.008736120975730515,1.0904282084374113e-08,iron_deficiency_anemia,7.062489043511402e-05,2.2321213711697512e-06,0.07751882706358408,0.006694283374005023,0.0007679515305045392,0.00010460067627033611,3.29827126903997e-05,0.00025989265100864663,0.9026608026438873,0.001434607304715439,0.0104516360906081,1.5589409199645877e-06,iron_deficiency_anemia,0.0007935656455431514,0.0010752128721182425,0.00999736759147727,0.0022437227676389117,0.0009847008651600422,0.0014169874560230396,0.000903041417499648,0.004636606574616847,0.93818075941827,0.006803640160630701,0.03209139405019955,0.000873001180822891,iron_deficiency_anemia,0.0012021089491984654,0.000819372493727769,0.009513673148878715,0.005214462188821144,0.0017112431204690216,0.002459764635950439,0.0008276201927361637,0.014196160939146949,0.9238383495074884,0.004471585050448925,0.03473822063197524,0.0010074391411586871
P000090,latent_deficiency,no_anemia_no_deficiency,0.00010808533562340515,0.04623220197061507,0.0002919245563489103,0.002581846602888553,0.00014051030179460436,0.00011170151228412305,0.03861308575733998,0.00032631448621380334,0.0005632464219030007,0.06953258693067602,6.01558513623785e-05,0.8414383402729502,no_anemia_no_deficiency,7.604028185878476e-05,0.08589093083550887,0.0009574440136413238,0.001373748902692775,0.0008097574767861292,9.527756248926108e-05,0.024445774858299983,0.00033798501589722354,0.00020355677771266394,0.06330194571830029,2.6091609480643514e-05,0.8224814469473319,no_anemia_no_deficiency,0.0011919342329669133,0.05475304475853064,0.004822871627718707,0.0036672847852858544,0.004311647630472984,0.001983359443387364,0.24821050181938506,0.0026647653797059545,0.0022037092277311858,0.02819138992641346,0.0009068385392582294,0.6470926526291436,no_anemia_no_deficiency,0.0013743293610759377,0.06935001636696746,0.004799904052712954,0.0046520318343871376,0.008133996889053724,0.0018033447395401539,0.13200873466263985,0.0032530986722032864,0.002041737151350644,0.02717027522518934,0.0009463520735246928,0.7444661789713548
P000091,inflammation_anemia,inflammation_anemia,0.0001806432395192471,7.593113774201711e-06,0.0007673340265447265,0.01232743760244685,2.2905099228615642e-05,3.00308901339218e-07,1.8933807980084928e-10,0.9842244595421196,0.002447023865107448,1.1573172708673173e-05,1.1334436439568646e-06,9.596396667430997e-06,inflammation_anemia,1.4722739133081136e-05,5.360335441281822e-07,0.0007090873279156814,0.0011695516268450305,0.005231456320387909,3.0394404746542546e-07,5.430556240925845e-11,0.9923984852391431,0.0004750724328869952,5.333062003740965e-07,5.848305792047387e-08,1.924925327417602e-07,inflammation_anemia,0.006801499714715351,0.001896535286832477,0.02875700254380943,0.030754254872840815,0.008485456604371357,0.007355951725850631,0.0027746909733664233,0.8240262575137993,0.0677856744674951,0.001753779343045868,0.017302469918360416,0.0023064270355126807,inflammation_anemia,0.007349320924239686,0.0018659375092264154,0.01966564771254019,0.03334813610066295,0.008569680618331015,0.006363600293596245,0.0016320715970229024,0.8721056192687349,0.03429269672131341,0.002158611997175712,0.01080401990561313,0.0018446573515434896
P000092,folate_deficiency_no_anemia,folate_deficiency_no_anemia,7.775638238976116e-05,0.0011746863889939457,0.00043264681599088897,0.00028452615951203434,6.745170288175303e-05,0.00023181667833443366,0.7604527365090142,0.0002558166812758952,1.0215095154743061e-05,0.0019792722324658398,1.5478968743884552e-05,0.23501759638524242,folate_deficiency_no_anemia,0.0049097019124823135,0.07147991745234648,0.004852036090723827,0.028461037763859894,0.008328669090445065,0.023229172761094624,0.446506512382728,0.0022263971315409845,0.000587640862865574,0.01846390882814329,0.0015275672264004362,0.38942743849736966,no_anemia_no_deficiency,0.0033637863212885037,0.09403452623973398,0.013901987053037333,0.00688878510558356,0.004793897908006799,0.006795164531130162,0.33629262703692037,0.003712271853692843,0.0025820261068533507,0.022542585217428104,0.0019117108256667427,0.5031806318006583,folate_deficiency_no_anemia,0.003713012393336364,0.08766384290665534,0.01023452174088995,0.006894172550740787,0.005690948822807531,0.004946073046956274,0.43933915529354284,0.002775612564721874,0.0018299142687520514,0.01178766522967298,0.0019805004124358577,0.4231445807694881
P000093,no_anemia_no_deficiency,no_anemia_no_deficiency,1.5962456146361338e-08,2.599226488529324e-05,5.144952990536318e-07,8.899905802447879e-06,2.06618719895219e-08,1.386184647155094e-07,0.0008112887695962717,2.506645037789857e-09,2.4115838177790884e-07,0.013599990570072317,1.1332066094228072e-08,0.9855528837544588,no_anemia_no_deficiency,3.155982978319987e-05,0.00833836278504613,0.00010040881068766041,0.000658000617197314,0.00011703863244063366,4.8984493641042035e-05,0.022169801417633184,2.0926227771586243e-06,3.8612804298085776e-05,0.05250626378684021,1.5602797357155407e-05,0.9159732714022982,no_anemia_no_deficiency,0.0022320319179544978,0.03511668372841371,0.027681789314663977,0.00823501219163664,0.0075475584707896705,0.004036238990855563,0.04665233855011524,0.004904383287362949,0.005280062038295511,0.11212710842506188,0.0024818326625311057,0.7437049604223193,no_anemia_no_deficiency,0.002952996592540382,0.028851927524545847,0.014439256647621567,0.00727291244074742,0.007575017277587995,0.0036909486814144755,0.05479317689269063,0.0027053231830377407,0.0035391892832772835,0.05706295380837746,0.0029650544023778025,0.8141512432657814
P000094,mixed_deficiency,mixed_deficiency,5.5879481383573924e-05,1.571262624536383e-05,1.8612745879176273e-07,1.2525167267970597e-05,1.6814746077711366e-05,0.012217632494407544,3.5914637357702914e-06,2.3316078667019806e-05,0.008120352510565487,1.0388528587569214e-05,0.979523600765739,9.864174600767906e-12,mixed_deficiency,0.000131712637961158,4.921614918815849e-05,2.3788453942182204e-06,4.829506538453583e-06,4.2238068045966734e-05,0.0028216573978591475,5.769156493556898e-06,1.8185088039785612e-05,0.03729242557565059,2.301909300559124e-06,0.959629285664883,6.454486741643024e-13,mixed_deficiency,0.0023283631335311206,0.0011457273241097443,0.0010114445571113137,0.001270778138585322,0.0016166791130857272,0.008815438803501116,0.0011531597170346022,0.000897297393402485,0.025191219121050046,0.0009887309814525691,0.9552435613475425,0.00033760036959334987,mixed_deficiency,0.0009851096089508887,0.0005842407086522701,0.0006874558232545011,0.001136168006011792,0.0006588740597722599,0.004344496683604639,0.0007434414248508835,0.0008172523282103647,0.01428694331528483,0.0010627154386249594,0.974446899324539,0.0002464032782437562
P000095,B6_deficiency,B6_deficiency,1.5579525739424358e-08,4.189273515363649e-06,0.9998282370208272,5.608206790402878e-06,4.22563539434089e-08,5.128987542461854e-07,2.2700053240064287e-05,1.0005031789595813e-06,4.6467168742902425e-06,9.1501993321264e-05,6.812224741563244e-07,4.086427514399442e-05,B6_deficiency,2.826947707228032e-07,1.6940421387716655e-05,0.9993570061287677,0.00011757066861824672,1.5021637583878672e-05,2.2957994083830173e-05,0.00027075809295586356,8.673448883400279e-07,1.1157069542253932e-05,0.00013803133637397972,1.4314569954044095e-06,4.797515403204163e-05,B6_deficiency,0.0018832861036527215,0.013306548027485819,0.7005883699455256,0.007794221476142604,0.008025940398070194,0.0035908770454738796,0.05234071019459095,0.007018950597960774,0.008070450544897556,0.08916698315385505,0.003003901934593641,0.10520976057775089,B6_deficiency,0.002376738796410068,0.016245733385548692,0.786619170950565,0.011646137680542176,0.009832081792693383,0.00361075835085905,0.02780073419332544,0.005246188288800327,0.006516928993227907,0.061732316824917054,0.0035519082831220058,0.0648213024599888
P000096,mixed_deficiency,mixed_deficiency,0.00397777718031508,0.002364925646978978,0.0004890746087172951,0.00036146307017796616,0.00046760284961950107,0.0002985663141902717,0.0002490120112479103,0.000391060231146047,0.14174819690445245,0.004235674195888891,0.845413450000107,3.1969871586142974e-06,mixed_deficiency,0.0004446001256636078,5.731155901625337e-05,2.8604828563739105e-06,6.802590257511898e-07,1.1623070508697067e-05,1.053973854442525e-05,6.67681944990519e-07,3.955660662489202e-06,0.028089662686997485,6.901608893105934e-05,0.9713090803250831,2.3207657679418043e-09,mixed_deficiency,0.006865701982593651,0.0015830430851663238,0.003222504812178776,0.002645753942051988,0.0029029152337640414,0.002362807633575906,0.0013626198166662503,0.00193237595403844,0.0901364611836326,0.002266941819976819,0.8840311422766334,0.0006877322597218183,mixed_deficiency,0.005475430515701971,0.0015646405483923887,0.002142344297500299,0.0013088740293862558,0.0010685464421229915,0.0009781197122485225,0.0011899485118885063,0.00212001977108769,0.05555984982560889,0.001718818389657775,0.9262987940917269,0.0005746138646777344
P000097,iron_deficiency_anemia,iron_deficiency_anemia,0.0006333293199990591,0.00028052863374473426,0.00047095303417054565,0.00025899669390785994,0.0009031115709718358,0.0009281108903936352,0.00018821217224551355,0.0001547975350536161,0.7802020333274152,0.031591116295125475,0.1843782797431387,1.0530783833766754e-05,iron_deficiency_anemia,1.943146960112352e-05,1.758673719642864e-05,4.10563464179333e-05,9.068517645755725e-06,0.0002174467287152862,5.839079647619459e-06,3.1844473688717946e-07,1.8876506822101196e-07,0.9423428439407938,0.008684464586311069,0.04866170640603078,4.8977834977236996e-08,iron_deficiency_anemia,0.002900190879581662,0.0009742850002243683,0.005718152005531714,0.008000458026105542,0.007715087646344275,0.0015857887728192449,0.0007377548479849643,0.003903044882925746,0.6536434921943151,0.003586773843155177,0.3105791040618956,0.0006558678391165643,iron_deficiency_anemia,0.0021346322285936566,0.0007461935846179323,0.00495414993007561,0.0035770670332979397,0.002400872874086179,0.0007697119708933736,0.0007118740161087106,0.002099591608409956,0.7494584823272211,0.002129845015112687,0.23054006570330954,0.0004775137082733248
P000098,latent_deficiency,latent_deficiency,0.00013171129493945715,0.003195330412993058,0.0010127888735152338,0.0002299122427136399,0.00024331133124299353,6.815706422708072e-05,0.005350156690426502,3.6174602477987654e-05,0.029746576952802865,0.949085722700636,0.006947769352918753,0.003952388481106393,latent_deficiency,0.00011771167126788597,0.00338323064926402,0.001160528548412193,0.00033899778548370716,0.0005150019276031791,0.00011238580183407924,0.005383070686563614,0.0001354579139930669,0.031815927041217426,0.9472415767685465,0.006335517268482498,0.0034605939373318025,latent_deficiency,0.0003096787115655052,0.0026075606008910965,0.0048067723836167945,0.0008750506856391721,0.0006937690978425421,0.0003452096841309153,0.002558191176151108,0.0009944483550590473,0.0045630167992655605,0.9767658367594533,0.0014470472701168366,0.00403341847626795,latent_deficiency,0.0002935642619935194,0.0020076564283126462,0.002710415706254587,0.0005069677866656583,0.0005456971033389144,0.00030650362353787895,0.001110829889853606,0.0008734822928046682,0.0030930241462994966,0.9850990219541431,0.0010088425566674487,0.0024439942501285256
P000099,iron_deficiency_anemia,mixed_deficiency,0.020514899726289306,0.040132958367757356,0.060333835381482286,0.1277724043558902,0.0009737935735133103,0.024156248711520667,0.04884803823637444,0.025284250929808162,0.2082802226214154,0.07834853875262762,0.3621060025671591,0.003248806776162185,mixed_deficiency,0.044774480333049614,0.029646675525724343,0.009694217693359621,0.1336589277500684,0.0002215233554167161,0.0288940652553775,0.020159729129718248,0.06538871259263826,0.26788511534253184,0.027409957593678015,0.3519448431623835,0.02032175226605392,iron_deficiency_anemia,0.018329750636341985,0.04130749424033973,0.09278436647256262,0.0818972457269643,0.2154698735732819,0.03183453481636033,0.05857473353992654,0.05931072226101845,0.2316886460734466,0.05605181076946096,0.0781913268656681,0.03455949502462833,copper_deficiency,0.024143165429292044,0.021435632953178255,0.018688422758315393,0.18096683794106616,0.3528615275757707,0.08877300221005249,0.022210516785725488,0.11661161802764419,0.08209455634484471,0.01361958604328366,0.053969250279177886,0.02462588365164891
P000100,iron_deficiency_anemia,iron_deficiency_anemia,1.7587468288971646e-05,5.341962448871588e-10,0.0007374180287330835,2.6759135191231473e-05,8.388634523907397e-06,2.2126302418656003e-05,9.737802444698755e-08,8.868011003375737e-06,0.9532028240017948,2.4848465651972856e-05,0.045951081385497895,6.54675610888483e-10,iron_deficiency_anemia,0.0002746267359444055,8.686979986190519e-07,0.0047568659859933545,0.0020393800001787766,0.0008664056700363276,0.0006409214924342739,2.67834142394806e-05,0.00019640054228243104,0.8727859609597572,0.0009335562577938037,0.11747786475670657,3.654866346530573e-07,iron_deficiency_anemia,0.0009107315471040295,0.0006143857119579571,0.00551348914199255,0.004215288523391522,0.0012764014403238307,0.002175615205600463,0.0007156146606852312,0.0025225218637067322,0.9048059796481043,0.001890987226935251,0.0749778380002691,0.00038114702992887565,iron_deficiency_anemia,0.0006760048060972956,0.00031342993788539657,0.0030623048361803464,0.0032698342123401686,0.0008944108593766739,0.0011826551859297819,0.0003733597219956119,0.00244976779866882,0.9244238807478999,0.001530724487899484,0.06148293371315329,0.0003406936925732242
P000101,copper_deficiency,copper_deficiency,4.2554090526733845e-09,2.164145717308987e-09,1.06345301482301e-08,1.071741577256802e-07,0.9999943181441727,4.64767639743109e-06,8.72835771326174e-07,1.1449923719802452e-09,9.880089780428305e-10,4.859150129690906e-10,1.3209564500645797e-08,2.1286934927963507e-08,copper_deficiency,6.791497809959056e-06,3.7877761886839926e-06,9.422082489855877e-06,0.00017982204648870622,0.9984270771305748,0.0008388026022031953,0.0004743140050890386,2.183697587511024e-06,2.496740121846729e-06,3.6609829250146363e-06,3.283751940343835e-06,4.835768658111473e-05,copper_deficiency,0.041994178374663516,0.05941893028891624,0.017649979106595815,0.018469412522243097,0.633183219170349,0.09372348093476907,0.06666149046431091,0.00935246921000201,0.010909200402404276,0.01086785356477481,0.013419727691520994,0.0243500582694502,copper_deficiency,0.029199987256249275,0.05145441047399726,0.02205228634954653,0.03329709462535402,0.5575338537457858,0.16115695268510583,0.0528063108066114,0.018053628044442844,0.01065050669648243,0.013661044829346122,0.013207447956509829,0.036926476530568776
P000102,inflammation_anemia,anemia_other,0.07311867751912428,2.2602606002569225e-06,0.0016527337534672875,0.43932844328492976,0.02710488392731768,0.00015808519895077431,5.163187572005883e-08,0.4367193736575661,0.021686538720515066,1.9133579224170775e-06,5.1945398805774874e-05,0.00017509328892474017,anemia_other,0.004285426799357799,9.667097852841503e-05,0.003964468800819058,0.592500301324699,0.09733036121954246,1.4892159418871756e-05,1.5877175863575577e-08,0.2957877089239299,0.005985159865776718,1.1543161724637099e-07,2.946087211601208e-05,5.417747018400329e-06,anemia_other,0.04375956359996633,0.012514055253611668,0.020051349092350432,0.4245623846274442,0.14145787372994306,0.12202960441872092,0.010470931837290072,0.13469143565276548,0.036207669244909126,0.00448797191305776,0.039294198872484136,0.010472961757456977,anemia_other,0.012708162841906493,0.005785161684015076,0.015411490406113663,0.7381071460564758,0.05448896050302608,0.028958319792165337,0.007731614748946609,0.09556524289355829,0.019333333829021436,0.003374045267159063,0.012870838633483305,0.005665683344128733
P000103,iron_deficiency_anemia,iron_deficiency_anemia,8.659866813983393e-05,5.3893936559214825e-05,0.00036149752093685985,0.0009421357473669602,0.00034638148111385534,0.000337223408674678,2.98014355946926e-05,0.0004355994355035549,0.932158490115626,0.0030377918833396824,0.06220020980216952,1.0376564975143048e-05,iron_deficiency_anemia,0.002070982964110763,0.002574636512081928,0.008121910026328312,0.006600013801567689,0.012462183375344674,0.017027175984672682,0.0035314916455471807,0.0031457400395185444,0.6490803484216484,0.024747033713516865,0.2705299694930725,0.00010851402259043222,iron_deficiency_anemia,0.010194186142562919,0.005617212600545792,0.019093334288656467,0.0373774883941032,0.013527058448366266,0.02211975352575832,0.006115634736738862,0.018045945939191513,0.6203258852995159,0.007142249024360784,0.2360732733620376,0.004367978238162451,iron_deficiency_anemia,0.021106074387434233,0.0041835041908456026,0.010470718405586284,0.02741775893247982,0.014251650960937952,0.02213538495135175,0.0034427491436010227,0.01292306586675966,0.495205044832455,0.0067667932640849806,0.37945463744824376,0.002642617616220001
P000104,no_anemia_no_deficiency,no_anemia_no_deficiency,6.344258871652148e-07,0.002230516342111348,5.474258558784268e-06,4.659179474621904e-05,1.1359064551762896e-06,5.921782805704159e-05,0.16654502284249553,2.713218923127331e-07,5.862328227654591e-07,0.0015703220788047764,8.114868736295204e-07,0.8295394154812953,no_anemia_no_deficiency,3.8902207760088606e-07,0.0024682336158690235,1.0421735510660587e-05,1.6114812149163132e-05,1.1045468241426723e-06,2.2033812580418534e-05,0.07306175719601185,8.071317679264988e-08,6.701116953308481e-08,0.0002813993351669369,3.1052231199472746e-07,0.9241380876771519,no_anemia_no_deficiency,0.002829693838579264,0.031085539237621054,0.005440864270362247,0.007258795773061565,0.009651402032549824,0.006731717964762139,0.26122809514258477,0.003365480583830918,0.002167578252543322,0.017394979235292016,0.0016960009046714367,0.6511498527641414,no_anemia_no_deficiency,0.0032715895925997454,0.027337672033923562,0.006294077758215293,0.0114975911818637,0.012978544934233347,0.00744103329223324,0.14603819951365238,0.005345541486626351,0.001750030220761759,0.012679489161094504,0.0021093663164053087,0.7632568645083908
P000105,B12_deficiency_anemia,mixed_deficiency,0.3743290941130777,2.533698888774532e-05,7.350300629238469e-07,2.0849726356323738e-05,3.484197188135464e-05,0.0005242124579397824,1.0259183537318625e-06,1.571032767850604e-05,1.4222088901723451e-06,4.5272852476717485e-09,0.6250467657840117,9.455748030752095e-10,mixed_deficiency,0.4373916678047408,3.69590541996405e-09,9.2285816762404e-11,4.0725136971445834e-08,4.6617167778429866e-08,1.9047451268357855e-05,5.882403076313586e-09,1.6834516294753046e-08,3.2622925610537774e-09,1.697404327988885e-14,0.5625891676342618,4.2609167249451525e-15,B12_deficiency_anemia,0.8706496531067891,0.0036231749647481592,0.0008100450378257192,0.0015580921895660045,0.0023197924352540357,0.006429948999654167,0.0015779897945512004,0.00132158162549483,0.001287505275088442,0.000669059384550901,0.10917012307237786,0.0005830341140997584,B12_deficiency_anemia,0.8131708127915711,0.004202803846595082,0.0015679517264322075,0.002955278579931377,0.004701763908192383,0.01979898534113383,0.003225382401658586,0.0024387995049023046,0.0024114409818390653,0.001145599448942004,0.14332279618364555,0.0010583852851565668
P000106,copper_deficiency,copper_deficiency,2.0230649022575036e-06,8.59087640089716e-06,4.127402295135914e-07,1.536943023702821e-06,0.9999776083185145,4.083127274560629e-07,7.159353195768744e-07,6.060484186698474e-07,1.7497795567265983e-06,2.6850989836179437e-06,1.2833976111268345e-06,2.3794843116866843e-06,copper_deficiency,1.9135195419390307e-05,0.0008033860793815794,1.7978428670460211e-06,8.56751835538909e-05,0.9984959415094068,1.4526844721748489e-05,1.2288063776581142e-05,1.2737610632552955e-05,7.084880653319719e-05,0.00021255769153172781,1.6713047013933495e-05,0.00025439212516151737,copper_deficiency,0.017242062614598704,0.20631495636118957,0.008568424617786683,0.008609316713305056,0.5661652383698949,0.01686587529486697,0.11208031320000215,0.00531712223636788,0.012443082180106502,0.013262045097686961,0.011975797187279444,0.021155766126915155,copper_deficiency,0.018574108524289094,0.3432996435524659,0.007062346283233199,0.007854466783398238,0.3826722103105577,0.018959569699880368,0.14403407403575808,0.003939425197146026,0.012041025684629744,0.019758386290587484,0.010012388820657778,0.03179235481739641
P000107,copper_deficiency,copper_deficiency,0.06680503064397578,0.0022774821544045932,0.002092588393336871,0.13494703054421428,0.5972849238474194,0.13201501064202587,0.0008742608842668511,0.03566881515867509,0.005994987761712464,6.467586445960383e-05,0.02178650169766969,0.00018869240783955782,B12_deficiency_anemia,0.3714853473850319,0.0017950110077528405,0.0006375243966368622,0.3022198407405461,0.0332888260768478,0.08966906975060691,9.492494985853627e-05,0.01525558614043393,0.016354937525542276,4.765113830375067e-06,0.16918124736395326,1.2919548959220373e-05,folate_deficiency_anemia,0.22399239903536597,0.014871247085034985,0.012857629359058017,0.0725342330902453,0.18003521512649226,0.3389681583461863,0.016934110756454998,0.0473562410006806,0.028334399355721216,0.0047548810722827,0.05095862986226643,0.008402855910211207,anemia_other,0.21863441901735028,0.03354650526971166,0.011405537697423666,0.24202228769345543,0.1374439534314611,0.19867944612827618,0.027493520755807646,0.02689131836304761,0.03989410406386802,0.005504438381196373,0.045677593018229344,0.01280687618017282
P000108,folate_deficiency_anemia,folate_deficiency_anemia,0.002952835369299454,0.0009405231807562166,0.0013012088681070633,0.00629532671864178,0.0041813166039163276,0.6355361179938481,0.3321890538612154,0.002666737969322363,0.00028248914224852527,0.0001026429196077991,0.01274672433560482,0.0008050230374320398,folate_deficiency_anemia,0.00010270212944558956,2.1570442891425325e-05,4.8326585973058144e-06,0.0007813596926050345,0.00024841659583915677,0.8374577839928334,0.15992104852419708,3.271687517779195e-05,2.018921615192384e-06,5.127515813936994e-08,0.0014202006983469924,7.298193292797737e-06,folate_deficiency_anemia,0.06603188022943042,0.007163504700341266,0.004265729815263408,0.019934685956240195,0.011589766932108767,0.8292628838967674,0.014686124383543823,0.004227442746462402,0.002769110730209074,0.0011544771381635831,0.03696629396486595,0.0019480995066037947,folate_deficiency_anemia,0.058383990997752655,0.008223740092221273,0.0034315748728753646,0.013601972869272552,0.009349076790876565,0.8572005199883864,0.018300635102187907,0.004337613571001012,0.0014319071737096643,0.0011252716725388694,0.02292907770399464,0.0016846191651829665
P000109,no_anemia_no_deficiency,no_anemia_no_deficiency,0.0016289139161161964,0.015574313413891065,0.006891184836766325,0.012799998137996406,0.0016756809511389917,0.0051750079914346,0.0856222379427851,0.0020984697289303084,0.002688677615580601,0.10058563286595637,0.0015321606165511537,0.7637277219828529,no_anemia_no_deficiency,0.0011287371051641984,0.015080501772397234,0.006118632021079137,0.013692440688391976,0.00469206623408885,0.005222652676374019,0.07675429202984964,0.008923001321185947,0.0025103588777859527,0.10586876993013684,0.0014446757429348103,0.7585638716006113,no_anemia_no_deficiency,0.0005499078778627445,0.03248475197856998,0.009541147186979737,0.003537585995954909,0.002509284829180634,0.0016399610373545657,0.0521102606718988,0.0023639162687252423,0.0017767371074882128,0.05292346194518641,0.0006806538485485294,0.8398823312522503,no_anemia_no_deficiency,0.0008065363777931613,0.043712183624448966,0.00915555547520994,0.006845637173087171,0.00432055745951761,0.00193213296448961,0.03190172044133911,0.003438778678348581,0.0017000453078326527,0.03698348948900994,0.0009106210314348765,0.8582927419774884
P000110,no_anemia_no_deficiency,latent_deficiency,0.0012145266579545845,0.237376780462624,0.008913544857564215,0.0030693957736183147,0.00033198859476223384,0.0006135314913620642,0.08339499088893347,0.0007365031309338351,0.0028785608655480122,0.34382650843751217,0.0017265293194688336,0.3159171395197182,B12_deficiency_no_anemia,0.0014767144772112168,0.3874278532922087,0.00350514396437575,0.0034019635073957834,0.0018372880212990607,0.0007573814756366066,0.07158527500905512,0.003074093251496175,0.0022838309124951326,0.24963770380069733,0.002246119417166962,0.2727666328709623,no_anemia_no_deficiency,0.0011262947430607478,0.05832765737889154,0.11588368953730054,0.005913696340860695,0.003556628867155054,0.001675288468690616,0.029758762775657917,0.005485431531191491,0.005417416835333943,0.3204692881838689,0.0017856292269960877,0.45060021611099244,no_anemia_no_deficiency,0.0018687976037965069,0.0968906481034726,0.10868563357273757,0.008321958198286867,0.008962806279306956,0.0030565498069356463,0.01578692383855865,0.007301346031853343,0.005056476364339753,0.30442597418207473,0.002536070642408504,0.43710681537622875
P000111,no_anemia_no_deficiency,no_anemia_no_deficiency,0.00041641506687925116,0.003650427138744408,0.0022973787973242068,0.0023108225202887163,0.0009960935580494844,0.007743760677075749,0.14394799163201394,0.0007207348121365736,0.0011446976299803661,0.038736831471246735,0.0007502105019752084,0.7972846361942854,no_anemia_no_deficiency,2.922647919888336e-06,0.00014552244387287837,0.0001347621322455837,0.001235682319951074,0.0006017149654007638,0.0005588130506822693,0.055542384566447306,0.0007325183068647739,6.223601590477898e-05,0.024732290290196975,1.649516852784057e-05,0.9162346580919859,no_anemia_no_deficiency,0.0013100021384884317,0.07597617956348121,0.004118573787011355,0.0036363854231580115,0.005879980671254694,0.0061295926481668836,0.22904143650420167,0.002524564509424089,0.0029865609134070237,0.02731956358189569,0.001550552924282511,0.6395266073352284,no_anemia_no_deficiency,0.0017582590547095625,0.17927014813890074,0.006706020681332054,0.008298655637562762,0.017458434785514825,0.007761965856565643,0.22339534334663924,0.0042252883932074525,0.0032006082453672163,0.027114063366228135,0.0018662954982114554,0.5189449169957608
P000112,iron_deficiency_anemia,iron_deficiency_anemia,0.005100242113348066,3.208360626943264e-06,0.0013901009880661554,0.001587739866987378,0.0029094498367340967,0.00046943378185820947,2.2741107905239335e-07,0.0011921914840938653,0.7945050644512027,0.003260200511266282,0.1895770889796331,5.052215104314195e-06,iron_deficiency_anemia,4.7802713236790484e-05,1.208507212655968e-09,0.00015717211478652796,2.23971207423398e-05,4.049919613857844e-05,1.0836526706609594e-06,1.2502231821999577e-12,0.00010176286324718668,0.962434509788844,0.00014890342827523852,0.03704586588048108,2.031820126947605e-09,folate_deficiency_anemia,0.2094013819398779,0.014562115002554438,0.015646240202603846,0.038886309008568716,0.06913665577569712,0.25351077985623116,0.011273526058127236,0.020933702119253418,0.17632719652259654,0.0043315115234071645,0.18170285313558954,0.004287728855492969,iron_deficiency_anemia,0.13395148297461912,0.009807210938452961,0.026746167726458072,0.09777226106150035,0.06139905611008882,0.11367482682100963,0.011400832071986649,0.03266079991850668,0.36260959720484137,0.008642958995049653,0.13450983567124783,0.006824970506239036
P000113,iron_deficiency_anemia,iron_deficiency_anemia,0.0011381785923350461,0.004334832140186348,0.003822668703426739,0.00333340840541617,0.0026797956773054717,0.008952321371794011,0.017931722781576936,0.0002949792083676615,0.6792481417018101,0.1521394761816428,0.11297295809454412,0.013151517141594533,iron_deficiency_anemia,3.5340728207819027e-06,0.0001627987505742308,0.000297157834615752,0.00010464031902104609,0.0002854514750282133,7.008535700592254e-05,0.00016148278154711688,0.0012857414745569109,0.9227730903622205,0.04823199480904318,0.026359279522991663,0.0002647432405747333,iron_deficiency_anemia,0.004893864765074896,0.006228448618527059,0.026408347864164947,0.024849682182196835,0.012476009457770578,0.01572150989764609,0.015025264154956194,0.008521015844067245,0.6885415246747372,0.04198620034403485,0.1395495577232195,0.015798574473604648,iron_deficiency_anemia,0.004108305599002015,0.0048286216597825445,0.020488246178679177,0.019348616117101976,0.00792479760612322,0.006447282674086884,0.0058050953290232615,0.07309951976709574,0.6190695268673315,0.044382471932133134,0.18894421894367813,0.0055532973259624
P000114,no_anemia_no_deficiency,no_anemia_no_deficiency,0.00011050697040546437,0.029983613696801446,0.0005211626892866367,0.0010521062356108602,0.00013641738493584465,1.2974528222663618e-06,0.00012025750555008289,4.983337201447532e-05,0.00016274290385729343,0.02869027195012633,3.967596395851657e-06,0.9391678222421935,no_anemia_no_deficiency,6.050025549297382e-07,0.006001297818562012,5.284338051457903e-06,3.306813411668716e-05,3.059863204073076e-06,2.7203175733584535e-09,1.573118899917985e-06,9.39671104976298e-06,1.426548026775427e-06,0.0034758410481078514,2.48848049510557e-09,0.9904684422086284,no_anemia_no_deficiency,0.0007955824354219129,0.009959219716590032,0.0061090762085995644,0.003931462532992664,0.0016870977782339738,0.0009505175674586431,0.020861184040749093,0.001642717050994514,0.0013940391297501593,0.02097345047356059,0.0005877956793309744,0.9311078573863178,no_anemia_no_deficiency,0.0010096287608027906,0.014280011552478463,0.007243065834213803,0.006869391114318042,0.0025744332841781386,0.0009655772223741948,0.018184118082217513,0.0047271993258583885,0.0012824955356240371,0.012302351746217011,0.000731012263922325,0.9298307152777953
P000115,B12_deficiency_anemia,B12_deficiency_anemia,0.8868097250917968,0.01554072299215627,3.33737587075413e-06,0.000654691145564171,0.0011279243245752282,0.0015929333574409667,1.5907029304605446e-06,0.002084950282984288,4.8150826788621736e-06,2.5739200940192136e-08,0.09217926990724858,1.3997552400991126e-08,B12_deficiency_anemia,0.9905859821259362,1.026645571127594e-05,2.9410296321770063e-10,1.504714638390749e-06,4.6537644263588713e-07,0.0007344823672423772,1.3844149609272095e-08,4.192956821267441e-08,3.168510049926116e-08,4.876163004652991e-13,0.008667211206105212,5.148617206992861e-13,B12_deficiency_anemia,0.7667596140204753,0.006457071683237315,0.0034411822735384576,0.0065241485151359855,0.005825187365512723,0.01894079616135289,0.002753294672860276,0.0040132254179040495,0.0038869706511638776,0.0021961072163513467,0.17721953903196774,0.0019828629904999544,B12_deficiency_anemia,0.8530886798592947,0.0028219257846678267,0.0014856767334751999,0.002504047547490733,0.0016992763615200877,0.013613789233009538,0.001454556511093527,0.0011789251983466305,0.002435869994834293,0.0007502252803197215,0.11830973229812902,0.0006572951978185378
P000116,mixed_deficiency,mixed_deficiency,0.00015271758195958498,5.378363005826515e-06,2.9600432398713254e-08,5.0226455264711334e-11,1.2637270236334745e-08,2.808048363267562e-09,1.4123196905727046e-11,4.3719670467119815e-08,3.351624068738478e-05,5.612539443068246e-06,0.9998026864440134,1.119785075842542e-12,mixed_deficiency,0.004594627144754391,0.00018672646725049604,1.4062091137078338e-06,2.493574283129847e-07,4.710761053192438e-06,2.7377429112141746e-07,6.340073924303717e-08,8.546616553674002e-08,0.00031348388189345413,0.00016889884499323224,0.994729473634859,1.0574582468152635e-09,mixed_deficiency,0.016644443407815207,0.004155897150116401,0.003619594878210574,0.00938720741081423,0.0027652200319896072,0.008847143425436896,0.0018712060277631928,0.0044376414891059745,0.0534189895135009,0.003598006368655658,0.8899813383760105,0.0012733119205808744,mixed_deficiency,0.015869249026070436,0.00195097589122498,0.002063165623717922,0.003809975579213974,0.001671438812478911,0.0022903911730848938,0.0011939570155350286,0.001844341161772963,0.03249162313656735,0.002126402229702151,0.9338805194569091,0.0008079608937223759
P000117,latent_deficiency,latent_deficiency,0.0006277073313886442,0.024096324010575158,0.003544930653041815,0.0022771144145721724,0.0012861243127261822,0.00039550972469425317,0.0010466985989597574,0.005025453222550521,0.06520132699852729,0.8195797294148569,0.011724940662685986,0.06519414065542135,latent_deficiency,0.0006358945545527626,0.016056092010669033,0.001929421540027969,0.0019501949989535505,0.0024037872601582184,0.000236186712263549,0.0007920277336145432,0.0013606418611649303,0.05970144197678383,0.8621171562774844,0.009092215043488628,0.04372494003083861,latent_deficiency,0.007804787850880407,0.07671370686456602,0.02130168033731552,0.014211455477121295,0.012247015842392132,0.018993041275745293,0.07797601476052266,0.019566029833388683,0.04651002685082276,0.6216808413938288,0.02031086987475185,0.06268452963866462,latent_deficiency,0.0064904056597155585,0.04156685239454036,0.01036058799024211,0.01710549882900028,0.010937873885622819,0.011779246427034472,0.02885805810252916,0.016652106503268833,0.04050879060241151,0.7682374616637156,0.019235164328428735,0.028267953613490427
P000118,no_anemia_no_deficiency,no_anemia_no_deficiency,2.5184315801476612e-06,0.009723926123250314,0.0002228403513516628,0.00029937066566559326,9.466765762983562e-06,0.0001805649416505055,0.24690909984277967,3.586194639309785e-05,0.0001366816795014194,0.030767565239345908,8.134438960995717e-05,0.7116307596231087,no_anemia_no_deficiency,2.6293098455747512e-05,0.03638464939859189,0.001796930391898319,0.0007792841557395362,0.00018568794282718495,0.0009230519551092869,0.2847608875606443,5.570977817566811e-05,8.295037483112685e-05,0.04187682598481048,0.0001483806109865857,0.6329793487479299,no_anemia_no_deficiency,0.0007414241915972074,0.014546297957675697,0.018614409617989467,0.0037985175182031357,0.004286269056152565,0.0020542025668030357,0.1078483463787062,0.004774608441272112,0.0023544431437395436,0.04631754409185175,0.0009253349062682913,0.793738602129741,no_anemia_no_deficiency,0.0015145469782986986,0.022824908641869132,0.029268374456022886,0.010109638676358125,0.017885140687305054,0.003373350499126486,0.20050342746783026,0.008076819725940603,0.003110004894228798,0.04881501127983624,0.001879232659365636,0.6526395440338181
P000119,inflammation_anemia,inflammation_anemia,0.0011876257594540076,0.0014818939201253754,0.004383795993818215,0.008649610045538434,0.0012638540948867927,0.011706251451048564,0.03914259771488297,0.9181589965492705,0.0009202398890930732,0.00011638628671565104,0.0012989861123332879,0.01168976218283272,inflammation_anemia,0.00041660619779518613,0.000587300040965158,0.0005565081562291319,0.0006347782419139286,0.0015247697652412576,0.003280094522329698,0.004576080948033877,0.9880021458534569,2.4790606247104938e-05,1.2275116713582325e-07,7.286963245620588e-05,0.0003239332841648092,inflammation_anemia,0.0016967243663416967,0.0018707095858929788,0.017884161793560168,0.019293252916817896,0.004554713646013021,0.008965457771352164,0.002611866164679752,0.929934856675728,0.00424155845214152,0.0012678781547005077,0.003539893783637982,0.004138926689134298,inflammation_anemia,0.002510860908082226,0.0021157661846838848,0.010482289455084337,0.02486987816680761,0.0064201197494774325,0.00801206541013227,0.002490905661912185,0.9329592862946502,0.0028047406458345378,0.0012163099626816634,0.002826840410666097,0.0032909371499876853
P000120,B6_deficiency,anemia_other,0.00016056845341897252,4.442106009530115e-06,0.007650830237644822,0.4941183660937466,0.000947863026920432,8.801399215051181e-06,2.1863959308057485e-08,0.10322777018224703,0.39331077727866487,0.0003028238203357131,2.3651997273200397e-06,0.0002653703381104473,anemia_other,0.00027902478462350945,7.862839046191082e-05,0.012080266403494038,0.500356895029645,0.27324486910482754,6.075285902968542e-06,6.8521264502395e-09,0.04226713984450602,0.17153190658540107,0.00013908979322190573,5.193823723927976e-06,1.090410206554788e-05,iron_deficiency_anemia,0.011815338924485344,0.0068039108152074534,0.05238254742172836,0.2848390205759805,0.030288310127284272,0.04273456628962051,0.005938585553228056,0.17374913287578478,0.33280734308139165,0.006346480401852766,0.043780889444305214,0.008513874489131037,anemia_other,0.024840704450562134,0.007916400573302805,0.06630989338469129,0.3573670173877896,0.07719441274829102,0.03422231761697821,0.007087017298927925,0.103596462024991,0.2604748262779025,0.007605579291100629,0.048085690490047156,0.005299678455415658
P000121,no_anemia_no_deficiency,no_anemia_no_deficiency,3.3425547775549427e-06,0.008720317363294249,0.0016121509458810507,0.01639204667548121,0.00019688452062964867,0.00015873323352853913,0.10796291469321832,1.0004885677094115e-05,0.00010971524853944506,0.017683796812878454,8.420536970182476e-07,0.8471492510123975,no_anemia_no_deficiency,0.00021487662178887133,0.042927476058674786,0.005449895509648292,0.025680473077887456,0.004917522541767264,0.0036137635688725735,0.15417890977501889,0.0004936190291754839,0.0007455004095963161,0.037136519604294545,9.723775292921204e-05,0.7245442060503464,no_anemia_no_deficiency,0.0013359713400170287,0.04580021337362565,0.016316919475639107,0.00618116664542608,0.005554749974025949,0.0017846857273872744,0.07701212830925412,0.0026520635527555883,0.0022549168434820954,0.031862568072911615,0.0011583112237274094,0.8080863054617481,no_anemia_no_deficiency,0.0011738179401924896,0.026622190851025934,0.013705132547762634,0.00648612108098203,0.006211054065573741,0.0014331852015491559,0.08527109801647387,0.0018692262206516635,0.0015633553337191315,0.020637203459639396,0.0009904158313473424,0.8340371994510826
P000122,mixed_deficiency,mixed_deficiency,0.2047753682304203,0.06026649542557947,0.00022517743054352205,8.651005457788232e-05,0.00013779649594530049,4.2278125652917884e-05,2.282666689736392e-05,4.517873567862991e-05,0.014531323845714475,0.0009371556001381418,0.7189290937181472,7.956707047881932e-07,mixed_deficiency,0.2621975235221951,0.017105968688543832,1.7041030922951786e-07,1.5771367441133216e-07,1.6327606539318442e-06,3.852869704312875e-07,1.3851323507448743e-08,3.832415893859253e-08,0.00045778804019347793,4.955786483157274e-06,0.7202313654788005,1.366932954980036e-10,mixed_deficiency,0.018262358210073694,0.003239569969344066,0.005778858105172594,0.0062600317761933215,0.004876431714811699,0.002952028086169385,0.0024084596454793604,0.00340264578234056,0.06431994751614169,0.0027937478152412014,0.8840694110806255,0.0016365102984069629,mixed_deficiency,0.016098087070701782,0.001801603489122681,0.0024600988816149776,0.001965036741987259,0.0009380842837312208,0.0009638974953998685,0.0010544907819062396,0.001923354195439651,0.01910064048019709,0.0017459807619592848,0.9511893903049687,0.0007593355129711377
P000123,anemia_other,anemia_other,3.8613231035652704e-05,0.00015026795886431625,0.013479576225860244,0.9624285662154687,0.002780051317923645,0.016058540422325338,0.0016163515874207475,0.0018590986015703766,0.0005581876324130145,7.521081581579551e-05,5.26610880352211e-06,0.0009502698824985835,anemia_other,8.960536751140101e-05,0.0023583707416871807,0.023572740097877243,0.8859207239626564,0.06500877639118284,0.0101152564802113,0.0011594879154346747,0.006660641273451376,0.003160103530290156,0.0001502629136610422,2.732204271075713e-05,0.001776709283325608,anemia_other,0.0034278678377342433,0.0042258439775378605,0.04355787983292699,0.844120653152388,0.020440580743919218,0.012746604754331156,0.006096379536993594,0.021491312028866005,0.026567415095321654,0.0026881263081304655,0.008601830261433718,0.006035506470416997,anemia_other,0.005317956779783659,0.003063220626606933,0.026384848160787497,0.9067796968578997,0.012303021068345734,0.011639300742128237,0.004482388913331295,0.008818860802542192,0.008802384658696656,0.002097924797109999,0.00493188492270403,0.005378511670064258
P000124,latent_deficiency,latent_deficiency,4.6042893904343687e-07,4.1650284594835006e-05,9.14261595911128e-05,2.1443159131656248e-05,1.3589495180731375e-05,5.730130156115299e-06,0.0006219928239651473,2.9781741731554745e-06,0.004033698545223346,0.9903854891089066,0.0001621438081047971,0.004619397882033668,latent_deficiency,8.387069873741463e-12,2.365085595562615e-07,6.580588229445909e-07,2.0789741049942678e-07,1.4672863920488133e-06,7.587814922120662e-10,4.574701102756611e-06,1.1529921937345696e-10,9.387031030883925e-05,0.9998115988449243,3.97213868125013e-07,8.698829614307239e-05,latent_deficiency,0.00045694217682317454,0.005618956640876606,0.004860885694222578,0.001522579969985262,0.0011275200771142823,0.0006722769843622205,0.003553597013950836,0.0013632620504928819,0.006553992839833311,0.9585706611925406,0.0017875250907097898,0.013911800269088268,latent_deficiency,0.0004699373372104042,0.004079826279547998,0.0026872087241034395,0.00167514052651837,0.0009223322610776911,0.0007423638943272258,0.0023429190965768456,0.0016077170675005941,0.00587888950599101,0.9710490783214718,0.002096250176475304,0.006448336809199105
P000125,iron_deficiency_anemia,iron_deficiency_anemia,2.458387138569663e-05,1.8211673012020842e-06,0.0010328860329787478,6.464971282408879e-05,3.223314271309212e-05,3.949617147870807e-07,3.89283457181635e-09,1.795528666587728e-05,0.9790893644740525,0.000571078045021212,0.019164944192050733,8.522045746987221e-08,iron_deficiency_anemia,1.4639487980781175e-06,6.3427794556543926e-09,0.00016410913282476715,9.297691040416563e-06,1.3950540932270568e-05,3.284659653054628e-10,9.569481141396193e-15,5.6752856040836645e-09,0.9971986271992643,1.0641860357316469e-05,0.00260189726943908,1.0803161928830733e-11,iron_deficiency_anemia,0.0017671667725321159,0.0007709515531424813,0.006832579959750157,0.0048711156675619255,0.0026952977584782604,0.0010756897125717075,0.0007981161114911168,0.002609034902502916,0.9131355049389901,0.003399817464176774,0.06134583157955909,0.0006988935792429959,iron_deficiency_anemia,0.0014943997854809578,0.0005617556410079551,0.003936084181962566,0.003354544287021679,0.001555048491304714,0.0008578512527513609,0.0005116001300767834,0.001304972817607254,0.9261512927616112,0.001782469104648097,0.058070972876908517,0.00041900866961869346
P000126,iron_deficiency_anemia,iron_deficiency_anemia,1.3595708788537755e-08,7.362339093543859e-07,5.126249384018365e-05,2.9277806242182802e-05,2.887525599861966e-08,1.3318285467299696e-09,2.4061458387865996e-10,4.661227475925495e-06,0.9375033719119232,0.02802898134232826,0.03438166356755375,1.3733190064837335e-09,iron_deficiency_anemia,1.2634219385468144e-07,1.6896120501017027e-07,0.0002456047988552717,5.5746964199057454e-05,3.935172673858673e-05,4.1909573748083275e-08,1.29985636782359e-09,1.3118516404802474e-06,0.9954223023949554,0.0016783126290499844,0.0025570309689102793,1.5282195949569302e-10,iron_deficiency_anemia,0.004477224573903905,0.003306971942409345,0.017146841568794226,0.0075189934581124775,0.00391124602798636,0.003175096803496825,0.0026553702655621614,0.005963627531435839,0.7240524429769327,0.02241711138502082,0.20296879631028902,0.0024062771560561663,iron_deficiency_anemia,0.0025442732880024796,0.0006176213623389006,0.0036089426164683646,0.0042189361827196376,0.0027661787545397117,0.0014632673757653547,0.0006588105695979706,0.00256011840791374,0.8140319619064729,0.0017307091260672204,0.16537255171640927,0.0004266286937045271
P000127,anemia_other,anemia_other,3.174684967671443e-08,1.264849770758067e-09,1.1645524368061353e-06,0.9999905684100197,1.3052456947649694e-09,2.9951708180121007e-06,1.1198700220141523e-07,4.885999024489632e-08,4.170875727270529e-06,1.2096567299480984e-09,1.2940620723957278e-08,8.916767833094406e-07,anemia_other,0.00047819731622381187,0.00010978869526089955,0.010275227226063999,0.926913209011817,0.010662053263300294,0.026802031198879035,0.008292017548271092,0.0003119153920082179,0.0060554270623883405,0.00016186138312041876,0.0008094886799849545,0.009128783222681819,anemia_other,0.0017349155730548235,0.0009667646926011864,0.005308940408489953,0.9635444540547142,0.009906496244720195,0.004128066594022206,0.001148748091908141,0.006592175677927772,0.0024836388927937146,0.0008717794999208496,0.0018023544797168087,0.0015116657901300744,anemia_other,0.0066011521544417666,0.001818314694703098,0.03206329617516596,0.880169788520298,0.011960658604819752,0.018902354579180942,0.0031558917378494227,0.02881762177200345,0.005941367406724082,0.001566107743454249,0.005394957819174969,0.0036084887921841694
P000128,inflammation_anemia,inflammation_anemia,0.0003352949453332124,6.010664788846449e-08,0.007367689477713639,0.00043860580676720085,1.1378787232567873e-11,0.00013031705364046996,9.621270644100931e-07,0.9886114340604366,0.0031084126683022686,5.1101163497698896e-08,6.530272303638612e-06,6.423692482753611e-07,inflammation_anemia,0.010046679536184606,4.473766126099424e-05,0.029792593389912646,0.09605066153988608,4.85649378913353e-11,0.00017005191533258986,1.035877334120753e-05,0.8362267843024246,0.027208535358941396,2.1744649415587472e-08,0.0004488049827914517,7.707467100190546e-07,inflammation_anemia,0.013556936709521242,0.004179230051314988,0.11459101642769287,0.10625265592377846,0.06012535496936567,0.026272457134282213,0.00521802966247371,0.5568072891167285,0.07101870929969792,0.004173470167614028,0.033873729751626884,0.003931120785903418,inflammation_anemia,0.01980918691998243,0.00662958632678434,0.1991982825088154,0.1683048292358251,0.1944191785642374,0.019177060250712606,0.006583403995941813,0.2612736991444958,0.08751310107263686,0.006359217330384201,0.02575894587035199,0.004973508779832223
P000129,iron_deficiency_anemia,iron_deficiency_anemia,0.0014337925389332708,2.562322262297268e-08,0.004651613228548512,0.0003661330729045811,1.0928458496228744e-05,1.7927129436267344e-08,8.208860702024967e-12,0.0001891822719086546,0.9924740799931081,1.7016940562459983e-06,0.0008725251813009782,2.182395114121311e-12,iron_deficiency_anemia,0.0014165275704924307,2.0872937742478106e-05,0.011476439454044876,0.0007163138228481528,0.0010372703776794017,1.7890938041545468e-06,3.5083922077935396e-08,0.00021793317764175036,0.9749272531457904,7.694772467970014e-05,0.010108613218708212,4.392646163831077e-09,iron_deficiency_anemia,0.0012585218646560827,0.0005949753379412075,0.002930917561639027,0.0030125712615732244,0.002615073887494506,0.001128466776622063,0.0006366880478617498,0.002084042516482903,0.9409087036204278,0.0012442941981881802,0.043144189478249446,0.000441555448863845,iron_deficiency_anemia,0.0009644114629503682,0.00046776252826114326,0.0016837354831021642,0.0023670820703951758,0.0013370113769124927,0.0004959848853253018,0.00035610780430504166,0.0013417364909893983,0.9606960382390445,0.0012128722601547264,0.028714671978546977,0.0003625854200128215
P000130,iron_deficiency_anemia,iron_deficiency_anemia,0.004932076061306341,0.017801858429993923,0.025384575053405214,0.03138183884751501,0.04110075273818331,0.006563822573511094,0.0008906920364162462,0.017067200503775724,0.8090328704244177,0.01700414174902891,0.026528264772541905,0.0023119068099045387,iron_deficiency_anemia,0.0002801014860912397,0.0008650008939959603,0.006558269166214887,0.02034139211674129,0.027466397068987358,3.3788040628353745e-05,3.0261522653808293e-06,0.010936980317638949,0.9286622874675023,0.002277758946344128,0.0024967528113746837,7.824553221536863e-05,iron_deficiency_anemia,0.004287281246077658,0.0025089814577616714,0.019738310491747894,0.028944478646527633,0.010017767948907592,0.006068184272027975,0.0027619458812536976,0.010625570536173518,0.7564374073899497,0.010692307770513606,0.14603366577028204,0.0018840985887769212,iron_deficiency_anemia,0.003399722276369422,0.0026291751811946223,0.019978037725811068,0.020955531682132232,0.0054247119731335195,0.002931934034310619,0.0017871568125302799,0.035199434547698874,0.8027831964380634,0.014011021810772174,0.08821337039012239,0.0026867071278613344
P000131,inflammation_anemia,inflammation_anemia,1.822849285656883e-05,4.055875412756468e-05,0.0007626118044388542,0.0005833235265811106,0.00037057877394257365,0.0002535168838030559,2.784924282076864e-05,0.997499416430544,0.0004024001898164745,6.129786553127018e-08,3.787323579323797e-05,3.5813674101278176e-06,inflammation_anemia,5.060809155410171e-07,3.351920302109341e-07,5.991983864861003e-05,1.3876121768067914e-05,3.0292090739265677e-05,5.369111146043703e-06,1.921318986494387e-08,0.9998860921791471,3.504275532868082e-06,7.637203938319624e-14,7.902916678162427e-08,6.867639473041952e-09,inflammation_anemia,0.002013942431855871,0.0014634641848726465,0.010113458557244817,0.0077214903145219295,0.00860764688249599,0.0021209447891532237,0.00095930465303433,0.9491664508076054,0.010404676812791983,0.001059497160526042,0.00559480417541623,0.000774319230481766,inflammation_anemia,0.002123277509201758,0.0009749516479250968,0.012050686006976005,0.00973283885639301,0.009669408613083432,0.0028857982486804653,0.0008250298412426727,0.9499552534940978,0.007223318077326103,0.000751377302735707,0.002921902215486374,0.0008861581868515535
P000132,copper_deficiency,copper_deficiency,0.0053614967303941725,1.9658646913607898e-05,0.012568369885669622,0.0025830848234532707,0.7847118173240212,0.17370137728439095,0.005657706411307961,0.004838510615586447,0.005251823594268619,0.00017338269182302804,0.004131956904214459,0.001000815087956466,anemia_other,0.034363789562496236,0.0023960240125774257,0.06714563559665446,0.3078307680596574,0.06689469770711882,0.17762384881053758,0.0878783414708492,0.09497306598261789,0.07081340472978284,0.0075983293098495965,0.06041590221208432,0.02206619254577417,copper_deficiency,0.03922278112772682,0.022386643165025765,0.1251426828781554,0.1475828924591529,0.2681061682416122,0.15329873234043184,0.023296756179222146,0.09568735037365614,0.07729891922128423,0.009181166389732728,0.02630720799335694,0.012488699630642914,anemia_other,0.03611915909962207,0.012899460639183711,0.09473664425371202,0.47466597000889077,0.06538879064773008,0.11294379675935928,0.013670812860854108,0.12354187471063038,0.03512504423495948,0.004969778789743978,0.017393286148477256,0.00854538184683709
P000133,B12_deficiency_no_anemia,B12_deficiency_no_anemia,0.053276303997653825,0.896097197239342,0.0016652716420969245,0.015218138558987578,0.01163793064496169,0.00018229860622124286,5.459752987730672e-05,0.004602468012275597,0.005409616213341188,0.005806300334606464,0.003150992649679419,0.002898884570956655,B12_deficiency_no_anemia,0.021078800483845556,0.9782178058786429,1.786119270339505e-06,0.0001805869839701146,0.0003006361311027964,1.2532668692642384e-06,1.5082592894507286e-07,3.3141707148806254e-05,6.637291418693395e-05,2.329337710884457e-05,4.500474736737951e-05,5.116756455805388e-05,B12_deficiency_no_anemia,0.12451284114080083,0.4435617383813229,0.012245476367242596,0.016096392499132136,0.027055204943008684,0.05512842286761484,0.2148261868912839,0.009778903968585318,0.01649021687267738,0.00908422712797696,0.05134367620569636,0.019876712734658162,B12_deficiency_no_anemia,0.1619403358986262,0.5586404490195584,0.011028255713947166,0.01974694528197981,0.03438142813599721,0.030075279215397363,0.09428789674305232,0.012442699307457318,0.016798453687409922,0.011493756808383443,0.031023108444932744,0.018141391743257913
P000134,no_anemia_no_deficiency,no_anemia_no_deficiency,0.0023642533127233548,0.08575339324830857,0.026754765789210242,0.07393176224001838,0.011370173736866478,0.0003958026843992996,0.001979960113500168,0.002417893799094042,0.03281679738558211,0.3021610969109197,0.0015060002561526756,0.4585481005232248,no_anemia_no_deficiency,0.002477850808671284,0.12387782293325648,0.027638965400641424,0.07085918869833073,0.014431538021915408,0.00013350033390248546,0.0008318073429740306,0.04635608621439736,0.03271453537551488,0.23650324418491364,0.0016794555367521823,0.4424960051487301,latent_deficiency,0.00616621136742088,0.07183237704344571,0.12784029930783383,0.02978636776907263,0.01729520959425716,0.0055494432788631845,0.062150812112973824,0.015132065076787153,0.030497501626427084,0.37635327741449454,0.009286502928939733,0.24810993247948432,latent_deficiency,0.007711558179457427,0.11798442621250704,0.08029241395215121,0.04048547281660988,0.012400844973485595,0.0057772248416453065,0.03275619177517551,0.06989866436860809,0.03544535324862164,0.43786634687714204,0.014786044472142008,0.14459545828245426
P000135,latent_deficiency,latent_deficiency,0.0001090603210683202,0.0037211526726549744,0.0004384521945346658,0.00013089481190021226,0.00010251216508518849,2.3119726805569873e-06,0.00017915089263439117,4.3415341778396834e-05,0.009897011687561142,0.953988152574668,0.0007147881103514496,0.03067309725508276,latent_deficiency,2.4909666089362535e-07,0.00014135856441243423,2.2446826399045906e-06,5.349300855515509e-07,4.482612677725018e-07,2.697502621749489e-09,5.924542618533146e-07,4.066278965126128e-06,0.0009833526153357841,0.9908066083011413,8.562143037365808e-06,0.008051979974689195,latent_deficiency,0.0004887055878211737,0.0033786962344229165,0.0022682487492491766,0.0013544549836793907,0.0008382385886944744,0.0006101313716883114,0.002796374872530964,0.0011755079163265046,0.008012191194607696,0.9643924580921517,0.002200664558707156,0.012484327850120562,latent_deficiency,0.00038860893532178923,0.0022409496053679223,0.0017236340801231999,0.0012044992730879359,0.00044258341611453717,0.00041834742405442147,0.001649158536556319,0.0019183438313362775,0.003995589479416644,0.9763587120986856,0.0012927385106627084,0.008366834809272515
P000136,no_anemia_no_deficiency,no_anemia_no_deficiency,0.00011396147057642371,0.012166125155595857,0.0002298985582122399,0.00023326283515138439,5.202115537085693e-05,0.00019614298509742055,0.02714314242764142,1.965577038666725e-05,2.6419771506861502e-06,0.0028211112150511165,2.7020464966655543e-06,0.9570193344032694,no_anemia_no_deficiency,0.0026262164326306494,0.06842453111886201,0.0015164214609898023,0.008967671922571363,0.0026776744963500462,0.0029944408529107287,0.13309061478660664,0.0015600023460998948,0.0001100084456449348,0.014688143524054481,0.000150541096880396,0.763193733516399,no_anemia_no_deficiency,0.0007028534587176007,0.0215250338888839,0.004996773453267873,0.001791126462580024,0.002295558226493613,0.001288463045259217,0.04432569680079446,0.0013417951075466005,0.0006617754278897547,0.013425834981277774,0.00037628442609246616,0.9072688047211966,no_anemia_no_deficiency,0.0016065163918619137,0.026880004413209764,0.004833829787089698,0.0026255764232944005,0.004112995903959757,0.0019903614436509046,0.0960360078500752,0.001205338271497045,0.0008655070237405411,0.010951389448580522,0.0007868913817869039,0.8481055816612534
P000137,no_anemia_no_deficiency,no_anemia_no_deficiency,0.0010248944547996434,0.06289537180008617,0.0014640595283646636,0.01191822694410796,0.005209495059561179,0.00504940714067997,0.15917952639185945,0.0014469573100137645,0.00131833386488338,0.04897502879845019,0.0017573725323850298,0.6997613261748086,no_anemia_no_deficiency,0.0007190727380559885,0.06274435046622998,0.0022635486158253905,0.014897550998442012,0.0033936251849454075,0.005343563193945658,0.2068661883490175,0.007155395967782953,0.0011454995818697936,0.047886669365550895,0.0015763061487196444,0.6460082293896147,no_anemia_no_deficiency,0.00200499887731014,0.06972047584046179,0.009766420187716791,0.010045743937767608,0.020173064801557065,0.003507787243563527,0.11938951773198421,0.009413222812114373,0.003085530359145834,0.031653769775177344,0.0020765079485882336,0.719162960484613,no_anemia_no_deficiency,0.0014754151275216914,0.15636310914613108,0.009554358140087734,0.008985465275953832,0.006614497770694459,0.0034715013793026935,0.10473387373454757,0.006663862831886279,0.0022900237542407627,0.03753613228958324,0.0017347402686817316,0.6605770202813688
P000138,no_anemia_no_deficiency,no_anemia_no_deficiency,0.006162764398704886,0.22123599491555795,0.027535487779167932,0.06514153737754297,0.02743874903172028,0.001959198973264033,0.012384579602583923,0.014730854464711706,0.010740737312099872,0.09696174425433936,0.001361296094941389,0.5143470557953657,no_anemia_no_deficiency,0.0008409577329714384,0.11806810985916379,0.002590594218881955,0.026306475847964465,0.006082447395206901,0.00011203073628067102,0.0022473198470927447,0.004980816481499847,0.0010157335076986364,0.027613910305256506,2.6926206591983693e-05,0.810114677861391,no_anemia_no_deficiency,0.004466196235237156,0.1277599764736147,0.04771004689157612,0.02257381117382547,0.032713789880690215,0.004578542102060537,0.16034511831374249,0.011360145881770206,0.008239824667960156,0.07924175653415572,0.003554726732264988,0.49745606511310214,no_anemia_no_deficiency,0.0027462287779308594,0.11035736036771422,0.01721362115675092,0.033149697828424134,0.025606120202600353,0.0047000784798165475,0.13633949145848825,0.013647783889757395,0.006034217108523731,0.04546869495258586,0.002522587721941115,0.6022141180554667
P000139,inflammation_anemia,inflammation_anemia,4.454030853937685e-05,0.0005059397801431153,0.003912739422889156,0.0010656174357844825,0.0010291232742245537,0.0005573746478379796,0.004755719818781452,0.9862405715243956,0.0003356148899813188,2.171504922073224e-06,1.7710815190996295e-05,0.001532876577309723,inflammation_anemia,3.020993852092009e-08,2.1314089562290356e-07,6.159896295465143e-06,3.809199216496883e-06,2.7366888539674616e-05,9.778636947060447e-07,1.482780314242109e-06,0.9999589060982202,5.60536277514026e-08,9.22825333420144e-13,3.8746164904384857e-10,9.974808728193926e-07,inflammation_anemia,0.0004787221843471832,0.000510801259039514,0.0050538491465370984,0.0041064118759471845,0.0015087453364713709,0.0012466621171623048,0.0009318988447306193,0.9815256728794135,0.0018533926077739713,0.0005963329039524756,0.0012935095003312118,0.0008940013442934652,inflammation_anemia,0.0013212461524596106,0.0010624704321684543,0.0050157336361821726,0.011245478742751565,0.005166373588073894,0.0028168631575793733,0.00146599667518236,0.9635571646279906,0.0027024525632549376,0.0008802930120658786,0.0032883559871019876,0.0014775714251892814
P000140,B6_deficiency,B6_deficiency,3.433093392257887e-06,7.0785466891702065e-06,0.9986364047265377,0.00029005341773467934,1.9408734423441358e-05,0.00012789407909959675,0.0007637301331199548,4.1900343924435645e-05,9.966295988996459e-05,1.7639387910410493e-06,7.394380153806848e-06,1.2756462437993076e-06,B6_deficiency,6.952377767875834e-05,4.755823886570969e-05,0.9803880413340795,0.007595497926243475,0.0018272991704980823,0.007053272012754597,0.0019201487802930379,7.717196846253332e-05,0.0009695646155634827,6.351752885462906e-06,4.162782565045432e-05,3.942597025106588e-06,B6_deficiency,0.00721570265934372,0.004546523196059215,0.7245584057585416,0.07586174813260722,0.021146324080992207,0.039676294694560424,0.013057488034171567,0.02721148985442712,0.025880114579371255,0.004415490513395969,0.0514369556282307,0.0049934628682991025,B6_deficiency,0.01428150875163443,0.0032043691103891595,0.7151758402472712,0.09698454896448609,0.021034365978422856,0.06651465798553274,0.008311951735544377,0.008971782181905379,0.013569880619050014,0.002471977394714299,0.04668898851469161,0.0027901285163576188
P000141,folate_deficiency_anemia,folate_deficiency_anemia,0.10072432274633894,0.01988214561487772,0.0008344433770392657,0.054241468305482904,0.005678847381418972,0.447887222383951,0.1946251720244359,0.001018617276339045,0.002138392964742749,0.0006175556676757255,0.17074140196382315,0.0016104102938747174,folate_deficiency_anemia,0.05193452381038004,0.005063496138434383,0.00010439150604529882,0.003510701791315414,0.0006165016600597636,0.5159612862741105,0.17708558161123605,1.246356034258387e-05,0.00013247356040662728,1.7457712035421786e-05,0.24551634459604038,4.477777959369404e-05,folate_deficiency_anemia,0.08906227353753406,0.011750901478276584,0.0046772828399799645,0.017470271605787634,0.016030980851148215,0.6973078914685654,0.018493803901634947,0.003116963640700048,0.005165609628424865,0.0021373933725551014,0.132544225469458,0.0022424022059351375,folate_deficiency_anemia,0.09082647688080865,0.018722509290107235,0.006472844247994559,0.010422007613802681,0.007559381215652043,0.7272747706002275,0.0259761172825389,0.0038719339194417056,0.004650211811018578,0.0026292466283536534,0.09884825456019727,0.002746245949857429
P000142,folate_deficiency_anemia,folate_deficiency_anemia,0.0434476376780545,0.015534304155710426,4.853349363311876e-05,0.14138450410627715,0.03754862188449234,0.6664656829270009,0.026903497790322733,0.05485132304500192,0.0011214126624693448,0.00017734456409812847,0.0011679049086470922,0.011349232784292338,anemia_other,0.04495736515058714,0.0022238922218920398,3.2746662873428797e-06,0.5419428192525236,0.035427152472438286,0.32152832986132435,0.008152923564856198,0.044877841489533214,6.399959519119437e-05,2.270029466179515e-06,0.00014343120719829218,0.0006767004887021682,folate_deficiency_anemia,0.11878875681828174,0.015029701419715193,0.03306594904957842,0.18592433184769028,0.0353462869814729,0.4844705087624902,0.045416972450654056,0.02201793352655085,0.016929821996074516,0.00468089666981974,0.022205218160535757,0.016123622317136314,folate_deficiency_anemia,0.163154853084956,0.013802883995187008,0.03111348929180271,0.2418199115626114,0.04663130702717873,0.39891997744967533,0.02995742265444275,0.013295900946188413,0.016250933555603118,0.004874859376592268,0.028046343520465842,0.012132117535296395
P000143,mixed_deficiency,mixed_deficiency,0.0471358161361142,0.013093542714370087,0.000406687290724611,0.001054951252086712,0.0004594621988375094,0.000877685936628005,0.00024579689823402796,0.0006978343018043938,0.25986615664375756,0.008174714014718178,0.667978780154909,8.572457815579465e-06,mixed_deficiency,0.03409034137918605,0.034076262039580286,0.000584785895842703,0.001107402749985985,0.002398684302837091,0.0006862877885203076,0.00018921273075859322,0.000619697789222932,0.32815483077681085,0.012436253734316886,0.5856517929483775,4.447864560816082e-06,mixed_deficiency,0.015946070206164398,0.0032844800018136684,0.012366987956252627,0.00826753287750554,0.004686103609141663,0.005122742536892584,0.0018421344608739606,0.010073753125081651,0.43199040529360744,0.006361570987690265,0.4987150969941644,0.0013431219508117564,mixed_deficiency,0.006818609663298041,0.0015223945264373432,0.0037258421701323544,0.0037408088716541182,0.0036651752827200714,0.001057823382646055,0.0009096367932448244,0.006097539279085816,0.35653298923991456,0.0044225684588098686,0.6108259622784346,0.0006806500536224702
P000144,mixed_deficiency,mixed_deficiency,8.077841998533315e-05,0.0035282804253637047,3.8154730928853786e-07,7.386977259942942e-07,1.2880232059217283e-06,2.918971243846159e-07,5.4810478690720505e-11,1.1988235654640571e-05,0.010881297086127494,0.00010610102195278884,0.9853888544391691,1.515707465868948e-10,mixed_deficiency,0.00028485066765937295,0.00041342669080441285,6.847873473967336e-06,5.412872057461639e-08,9.586811473013624e-07,1.635200441971504e-07,1.1331943277545048e-12,5.203498995353339e-06,0.007152672948401167,8.855676895407842e-06,0.9921269662998005,1.2924569738607933e-11,mixed_deficiency,0.008404062550285836,0.004181952005412699,0.004173935756932136,0.005386765264690027,0.00310665332894292,0.0048659407621417065,0.002086161189555105,0.003955567645097838,0.23477749346276838,0.004937709359693491,0.7228130383807494,0.0013107202937304378,mixed_deficiency,0.006592157939555122,0.0026869181016330353,0.004060877363825282,0.006615278534707461,0.0029697892803212016,0.004143234821081466,0.0015528305667583827,0.005080493428884029,0.2604026473276938,0.008623632208756584,0.6960334179579728,0.0012387224688107652
P000145,mixed_deficiency,mixed_deficiency,0.0010571584615499895,0.01066016181745753,0.0026963147124509004,0.0013534315441735497,0.003814778609618755,0.028641133179709115,0.05253243433269687,0.0009544820942153494,0.07780434359539591,0.03179685767490317,0.7886101974154557,7.870656237323426e-05,mixed_deficiency,2.0752354574149193e-05,0.0017147892364623733,6.891309007678621e-05,1.2106650343073088e-05,0.000373304439649205,0.002516643547412921,0.001914873201052566,4.6308871707796994e-05,0.03329486899104983,0.0043358550305589915,0.9556997427183048,1.8418688074765737e-06,mixed_deficiency,0.007388511714386457,0.006948252730282216,0.013884943856385001,0.009459274836583554,0.007891335549451189,0.013087806469211425,0.008290905850994363,0.0076849657886738434,0.11521637924637156,0.006090502396381077,0.8021153923675234,0.0019417291937558285,mixed_deficiency,0.0034023221005727413,0.0022112577212126065,0.004443162467995203,0.002621196528748585,0.0016208784867953636,0.0063254291509742275,0.00375046244080811,0.005534907887694544,0.04563556699586956,0.0038751659611423674,0.9198358337413807,0.0007438165168062056
P000146,latent_deficiency,latent_deficiency,7.26918289821853e-05,0.014865740950513373,0.0005114268465647024,0.00034879120366800747,5.531845276499643e-05,0.0002838991898069797,0.015373739075460677,4.718630345505821e-05,0.002196067929521798,0.6534432214018907,0.00238901628350035,0.3104129005338712,latent_deficiency,2.7489228313051805e-07,0.003294927261521002,6.018947354088247e-06,1.3813098747767578e-05,4.695237700527975e-05,4.668799187687488e-06,0.0024204345992040683,1.1403633184258213e-06,0.00018984658025794876,0.9317182887027058,0.0004474796534923955,0.06185615472492242,latent_deficiency,0.0015567679488748044,0.015612774056621679,0.005840815511111584,0.004680157388884877,0.002904127473574048,0.002973860256683926,0.03440526358898231,0.004678539411226926,0.005952765323498652,0.6664295230259143,0.0035213734740546726,0.25144403254057235,latent_deficiency,0.003752984212095963,0.021383398741312645,0.004283994387946321,0.00636186084139729,0.004732661555987537,0.004559720386747915,0.0281332869552839,0.0072641962825830304,0.009195471623470272,0.7407024104459269,0.006039465988154887,0.16359054857909347
P000147,iron_deficiency_anemia,iron_deficiency_anemia,0.00010052520707620502,4.046081916045191e-05,0.00473887433285666,0.0005846629841088237,0.00028900011709542074,7.42008057007517e-06,1.940836017370811e-05,0.0005835757973450362,0.9344199266643679,0.004382981289784342,0.05483186452207261,1.2998253886490155e-06,iron_deficiency_anemia,1.2368233751773987e-05,1.570549251842064e-07,0.0014297782278765167,6.26440560275211e-05,0.00013628921332233963,1.4214121077903896e-06,9.416099086411477e-09,8.053601442628919e-05,0.9678672386953963,9.118966661513136e-05,0.030318364477338617,3.5321133356591895e-09,iron_deficiency_anemia,0.0006913423134504508,0.000556892978414808,0.003909305256146649,0.0016042352581948157,0.0009255153438792838,0.0005537488168740211,0.0006101111704123539,0.0018266006120702847,0.952549440175433,0.002296844612233854,0.033947096933572805,0.0005288665293173792,iron_deficiency_anemia,0.000991149202778101,0.0004709407150384548,0.0025826048027900047,0.0014588048345113831,0.0014519539823952213,0.0006956093814410218,0.00046628603773581615,0.0032771533290944285,0.9158869382455727,0.0020122990980823447,0.07031930644087177,0.0003869539296887915
P000148,no_anemia_no_deficiency,folate_deficiency_no_anemia,0.0005131646462924594,0.1862928603490433,0.001956040176998183,0.0008117845091411004,0.00045995083358970305,0.0007897168392181343,0.2894706164461883,0.000304960722681049,0.0015828431128559334,0.25102798808330123,0.0007710031803392806,0.2660190711003513,no_anemia_no_deficiency,8.975294999898798e-05,0.2453276807121195,0.00263794599384487,0.00022748199781615053,0.0005789975364111848,0.00025431344713052514,0.18385387191608338,0.00021629474689552477,0.0003697853483445891,0.1426483632268265,0.00011833441593537907,0.42367717770859337,no_anemia_no_deficiency,0.004265383853143876,0.21372185856641787,0.0660459393426028,0.012847500817301466,0.05615293096636766,0.010072634028035382,0.10891172035927346,0.013343477610070506,0.0077741632043440805,0.18827545774389556,0.005903524559373525,0.31268540894917385,no_anemia_no_deficiency,0.0032027030563561575,0.17371862410706734,0.028049322775971226,0.011913211794442985,0.045520475212952306,0.006200795311276329,0.1801986555295612,0.008369389075185345,0.005640354939410393,0.16236341590451953,0.0027439894089638177,0.3720790628842934
P000149,inflammation_anemia,inflammation_anemia,3.0302459461225883e-09,1.1258293981055897e-15,4.815172405198271e-07,1.400981089774648e-07,2.868289332698855e-14,5.810388048300162e-07,5.220437973497338e-11,0.9999987047995738,8.813178830861574e-08,5.588508578189184e-14,3.1670795597909404e-11,1.300276630761047e-09,inflammation_anemia,3.5432123576683925e-07,7.21302910968575e-11,0.00016609257534009643,0.00028827707511037097,2.036633614145315e-10,8.053771397372064e-05,1.2876572237159117e-06,0.9994352303621598,2.7203179576930905e-05,1.0411614831199815e-09,8.544185633962671e-07,1.613798609991635e-07,inflammation_anemia,0.0016484067810481982,0.001087758747892549,0.017161701567328824,0.016359032469556726,0.00530279318962606,0.003711214005735684,0.0016557153032608718,0.9425900396979376,0.00544559235736957,0.0011940500476723642,0.002595364224064726,0.00124833160850656,inflammation_anemia,0.0024518794448551502,0.0014927496730537905,0.02963901089840196,0.016562840708496517,0.008427632771330422,0.004260689894443041,0.0021124734417616183,0.9199735358479226,0.007252359136746702,0.0021028419822399125,0.0038725657784480696,0.001851420422300088
P000150,B12_deficiency_anemia,B12_deficiency_anemia,0.9772159503741625,0.002075707703346044,1.6177853037160447e-06,5.959300183176316e-05,2.753869026463227e-05,3.3987160926432965e-05,5.855148339073581e-07,8.802406911307454e-06,4.82750174163302e-07,4.310856132244631e-08,0.020575166270251306,5.252334328365791e-07,B12_deficiency_anemia,0.9702419803540572,0.0024515899858872396,7.184830593703538e-06,0.0006246181251997892,0.00019855057264420148,0.00035008015329610813,5.744051471406804e-06,1.7951492320829593e-05,5.812707877172983e-06,3.2310577742762106e-07,0.026093317227186427,2.8473936885512855e-06,B12_deficiency_anemia,0.8988209622453912,0.0028236665599488987,0.0007942415029574864,0.0023631920623103427,0.0014139904980183858,0.00952120450240957,0.0012307686174804896,0.0005996219330280052,0.001230984709075032,0.0004893517257534447,0.08014979698229369,0.0005622186613335531,B12_deficiency_anemia,0.9350574284657635,0.001823419481171509,0.0006059749943404907,0.0019814963900181776,0.0009415724323751607,0.009545234585803152,0.001232855534219951,0.0005747909270482176,0.000851247169677567,0.00032378226057766394,0.046685226872360645,0.0003769708866440757
P000151,B6_deficiency,B6_deficiency,0.0003841089525402061,0.28188587790262715,0.31646896223274007,0.0011137427564451,0.0007099432447140489,0.00011027406026365971,0.02125379512824226,0.00048439973626488174,0.0037676753952269196,0.13554417062026963,0.0014644837106321288,0.23681256626003383,B12_deficiency_no_anemia,5.2181443082449834e-05,0.5664056939116154,0.24455974219703802,0.00014895519429905722,0.00016816623822389528,5.177194906843195e-06,0.002978989391504078,0.00017918551614016996,0.0011786444546878088,0.1426196240271904,0.0003022585409841513,0.04140138189032769,B6_deficiency,0.0026843148124561884,0.078757424432698,0.382650846530051,0.006521348472229313,0.008086660798469267,0.004443360510037145,0.04648065723622602,0.004504495834314804,0.011484250566238098,0.2176400519256155,0.004220263689963538,0.23252632519170127,B6_deficiency,0.003247597052584106,0.0849484507690038,0.5791728107888962,0.007552949793298119,0.010422263740449878,0.004297416566321393,0.02696895647113407,0.0056253663510421785,0.008973542487170189,0.20867986813581835,0.005104185671005436,0.055006592173276254
P000152,iron_deficiency_anemia,iron_deficiency_anemia,0.012142686863324521,0.0007657549065629981,0.006300521869860635,0.09107857899550273,0.03812686361695112,0.019352242144506718,0.0007427721667864332,0.01251445147602915,0.6814774925061696,0.00021795476878361735,0.13726920692904404,1.1473756478292424e-05,iron_deficiency_anemia,0.005989306492386112,1.1833849020671144e-05,0.0019813005396326208,0.05473688981163699,0.04999947434537543,0.0035068097408283536,4.4279715653603395e-06,0.027606617342810804,0.8223402120964756,3.905294021576927e-06,0.033819052886234845,1.6963001162865772e-07,iron_deficiency_anemia,0.018374608341488515,0.005787512271220667,0.24906077574742094,0.06103817482983888,0.04935591307238833,0.01616942318119629,0.006737123645325552,0.029982053388406076,0.4490009955859311,0.006439010020959205,0.10419050507642767,0.00386390483939678,iron_deficiency_anemia,0.007372418342413591,0.0063137415364055306,0.30215366577541747,0.04241171003610331,0.04008164475647243,0.014529554698945998,0.007719905726195837,0.051719292018606935,0.4515413042992265,0.00775348045259921,0.06353197117850792,0.00487131117910531
P000153,inflammation_anemia,inflammation_anemia,0.002072824722923872,0.001276446790472726,0.026592143893500914,0.05165866138118846,0.00855132518731761,0.007697926147935919,0.005905910740605753,0.8526558824818509,0.019499514905583694,0.003470812555434766,0.0017482673183185971,0.01887028387486664,inflammation_anemia,0.0032685470663212277,0.0005746415246662848,0.017827592005775342,0.047928820720706776,0.03361922252632031,0.00816020017652459,0.007994125401586507,0.8471760042794242,0.014352013016719446,0.0036848455717553115,0.0019588836634447005,0.01345510404675522,inflammation_anemia,0.011082546114177683,0.009566935403892435,0.045031100633202176,0.06301511639558238,0.0225250965597879,0.02442785868753372,0.009040445791180225,0.6952550067749323,0.08195621116267834,0.007719206513961619,0.02331209575175202,0.007068380211319121,inflammation_anemia,0.023910318664747725,0.0138704119986064,0.07415419362978182,0.1237741943674337,0.10375550385520536,0.03665364831726977,0.011411036672430435,0.42555887638073886,0.12199023121233363,0.011367434753955397,0.044679575475137616,0.008874574672359307
P000154,folate_deficiency_anemia,folate_deficiency_no_anemia,0.0053932050185653115,0.002526878100118444,0.009947830206803536,0.01163206194019836,0.0015417392831420704,0.3826314792660456,0.5230525254874154,0.03843204132163984,0.0018223291026354805,0.000736787728760295,0.016747588243232754,0.00553553430144286,folate_deficiency_anemia,0.0004946284703490733,7.113413708071755e-05,0.0009265846728873815,0.002345525747677532,0.0037081749451963767,0.5276779604715329,0.4581147153484007,0.004608156633703682,4.2931650789103155e-05,5.908162329139524e-06,0.001769754246817417,0.00023452551323592617,folate_deficiency_anemia,0.05478212308350631,0.02263687428367376,0.019164223061938927,0.07486738534996148,0.058191161530327294,0.559393555207765,0.04046916724452625,0.044821566592802536,0.017188250183883976,0.007179855464950234,0.08779387813240394,0.013511959864260166,folate_deficiency_anemia,0.038947817573608594,0.016426323309998877,0.025198034218525817,0.06896455870065044,0.03553809832860445,0.5270369371586322,0.034293302377179216,0.12872902217868462,0.013205006126094248,0.0076211572151633055,0.0946458118345461,0.00939393097831213
P000155,B12_deficiency_no_anemia,B12_deficiency_no_anemia,0.0023354075941982937,0.8078268586449223,0.00024245429404346156,0.00012904940239344596,0.0004423034406406734,0.0005600865990607042,0.16758993350556575,0.0004852967899679331,4.709483034392072e-05,0.008804067031904764,0.0043409457971303,0.007196502069828571,B12_deficiency_no_anemia,0.024535997482417467,0.6502653902060549,0.001968367390642057,0.0034775863079572335,0.007749410399698494,0.009602800156211391,0.17531843340765724,0.0033779842407209403,0.0005998361102393537,0.05963400333659742,0.019511115750850027,0.043959075210953574,B12_deficiency_no_anemia,0.0030293514339778736,0.8194410716859288,0.0017193825908459665,0.0016798650524233116,0.004832561441742813,0.0022642189572625072,0.13251696763571497,0.0011747866328568174,0.0011089234798372478,0.005507541859967002,0.001501101819789581,0.025224227409653206,B12_deficiency_no_anemia,0.00227549698826065,0.9029303462791498,0.0011633532983930694,0.0012716821624121951,0.002785162413286475,0.0018460038412841959,0.05461698275505457,0.000706920737374102,0.0007118130758000735,0.0037578096351034585,0.001116433122277933,0.02681799569160361
P000156,folate_deficiency_anemia,folate_deficiency_anemia,0.000437129998328504,0.006988316969355135,6.028417585515839e-05,0.00031805469695163265,2.5066812204687397e-05,0.7598612740949812,0.21521502837042783,1.3419321244370894e-05,1.9265665701700524e-06,3.3402596871762936e-07,0.01707387198030632,5.292987806285438e-06,folate_deficiency_anemia,0.0007888314960419003,0.0025489082022178908,3.130649917139045e-05,0.00010075964984539614,1.5185415343546693e-05,0.8754181311139416,0.11198524431638278,4.561158893469944e-07,3.6152977339220215e-07,2.6489756509122374e-08,0.009110056754383934,7.324172522848525e-07,folate_deficiency_anemia,0.06269445963370104,0.19185451127397646,0.010227172222635965,0.020792676093025746,0.02559074107307141,0.33534840093164553,0.29224985893621847,0.006729381913945214,0.005044857408978735,0.005907583764005241,0.03351776281735191,0.010042593931444315,folate_deficiency_no_anemia,0.03283232035102831,0.1387491231731729,0.006910688496931931,0.01483529973466196,0.021491507275338273,0.3039539683263227,0.4188674205604291,0.006069178197308694,0.004097529647492189,0.008114063219590115,0.03226510176898213,0.011813799248741675
P000157,folate_deficiency_no_anemia,no_anemia_no_deficiency,0.0005205181706281761,0.02576380772947446,0.0014701279971367838,0.002328412723777552,0.0005042928470055483,0.0017927550624742155,0.08493440091811727,0.0008320228989216407,6.499265886520524e-05,0.009169574708020725,0.00011841597590498673,0.8725006783096735,no_anemia_no_deficiency,0.0006500111937960538,0.04005222768245046,0.0005660419462379103,0.002480715979945239,0.0010546049834717736,0.0022735268784709528,0.07720604647001353,0.0014089313102712106,4.7461496528003926e-05,0.010916718760266602,0.00013961227928432343,0.863204101019264,no_anemia_no_deficiency,0.0011092390472012652,0.05245173746240685,0.0028793376438460013,0.0022230686379289626,0.00518522716918172,0.0037564258342455505,0.09994536954235496,0.002396059148392147,0.0009618851550690479,0.012703541311249901,0.0007302889781895307,0.815657820069934,no_anemia_no_deficiency,0.0016262003269985265,0.04463573835384772,0.0024266765411247583,0.00318347469331605,0.012366412859453245,0.005530207492855111,0.0866394249777307,0.0020361456295905087,0.001005996925498891,0.007666394430508605,0.0009579390220502894,0.8319253887470256
P000158,inflammation_anemia,inflammation_anemia,1.2857505105846928e-05,4.670159307897131e-10,0.001552207646179453,7.339934530179998e-05,8.965823761534312e-05,0.00013293453747911983,2.6886474111194614e-06,0.9981208325029196,1.1788760826877206e-05,3.415278336959147e-09,2.6827545296936845e-06,9.461803366664263e-07,inflammation_anemia,5.69350785753272e-06,1.39495965845674e-06,1.2480816050933654e-05,0.00014558566727558653,1.444366321731939e-05,0.001213412424212645,4.0081586259240985e-07,0.9986052139560723,3.044204097189533e-07,2.0562058300193483e-11,1.0504169796674234e-06,1.9331841131047025e-08,inflammation_anemia,0.000839704338892324,0.0004862768576158637,0.005883345394713505,0.012092630363639618,0.002709367255186309,0.003504053425817135,0.0005606363515386771,0.9683619810095919,0.002497538531643502,0.0004512190941100845,0.0021860786642807595,0.00042716871297012116,inflammation_anemia,0.000922350332122893,0.00039662020982133515,0.004790703287381819,0.00882944834835296,0.0026493746602044674,0.002698337811503195,0.0003371438424757257,0.9750320989307948,0.0021448870736464113,0.0003556532349468398,0.0014405542801853401,0.0004028279885641108
P000159,B6_deficiency,B6_deficiency,0.00018387399585983097,3.253627870754763e-08,0.64147171983237,0.3428489487044087,4.300083908517746e-05,0.015192900803648041,5.02809389514347e-07,1.1545889763088212e-05,0.0002446728979870801,8.087466287330774e-10,2.7497637357734742e-06,5.1118727723397323e-08,B6_deficiency,0.0015128631603416745,2.3301488329256534e-05,0.9357355902420811,0.05345103779825092,0.0018377828830203927,0.005460540488198862,6.252505715710204e-05,0.00019155224411637926,0.0009059807607200962,2.2347402773819522e-07,0.000816817173951998,1.7852298045907993e-06,B6_deficiency,0.014255807029022665,0.008215311583644571,0.43846883840550677,0.3507184176421994,0.02063474279051568,0.08769581846791594,0.008378116267701163,0.027533488788777254,0.0208092577939302,0.003755562531994022,0.014092808452870153,0.005441830245922454,B6_deficiency,0.014540551873521362,0.002953938581819967,0.48591507338591217,0.39983986922704756,0.015651758933104352,0.02700367652352801,0.002485009654036482,0.02405833208427173,0.013146687540874814,0.001713033698337602,0.010047790662205389,0.0026442778353406634
P000160,no_anemia_no_deficiency,no_anemia_no_deficiency,1.3110781928012697e-05,0.004978178477583675,0.00035623793040948635,0.0004925800051412934,2.019900573613774e-07,0.0005349389892366037,0.20104045614112262,0.0002904078771404859,3.596487565523843e-05,0.007879211466005582,1.3935685743711155e-05,0.7843647757799759,folate_deficiency_no_anemia,1.3433644787577495e-07,0.0010822639971143147,2.903734143801779e-05,2.3305979066961477e-05,0.000128272517857146,0.00010706448043414069,0.891075014818942,8.965001881174061e-05,3.331727471066507e-07,0.002136870415089186,8.709476413734683e-08,0.10532796582728755,no_anemia_no_deficiency,0.0017134126926835955,0.03170534718905901,0.0054655653139435885,0.005244225360687138,0.010384682434024656,0.003382571861716134,0.0965368430428281,0.005324097348188083,0.0023774512291536015,0.05134714051982684,0.001889739794027042,0.7846289232138622,no_anemia_no_deficiency,0.001957098298611011,0.03387794059576978,0.005651797701743848,0.007013447702687396,0.008955572968614304,0.01092521250838111,0.2715222941142686,0.003162314561977438,0.001969532080901684,0.03482761152023533,0.00186286045387327,0.6182743174929363
P000161,anemia_other,anemia_other,5.793914674115107e-06,5.267779350068896e-06,6.019133066718567e-05,0.9990645534920309,4.467497743565868e-07,0.00012404133893614497,8.32499338472122e-06,2.1157171642405127e-05,0.0006857042744138282,1.2186231324187667e-06,1.215042643134464e-05,1.1149905562371059e-05,anemia_other,0.0007651204715743175,0.0005118663175305997,0.013797875726198838,0.8671604443524954,0.0006578617860473726,0.004652191967872963,0.0011872548117958033,0.004731125596004692,0.10337288841780014,8.966811992716584e-05,0.002090851426707066,0.0009828510060455788,anemia_other,0.007051260949623911,0.00414241027729621,0.011356499314433952,0.8725619686565178,0.04096861675733591,0.008824785976983936,0.004775160007566367,0.006743950694615456,0.023201022763137784,0.003613175152835174,0.012268327395785593,0.004492822053867784,anemia_other,0.03592634698824602,0.01384631219433569,0.041599406169721846,0.5029624971696688,0.19196373257936647,0.02797363460688175,0.012525723775373273,0.051482967696002996,0.0651039489027106,0.014404652122388475,0.021508684319784727,0.020702093475519368
P000162,anemia_other,anemia_other,0.004104439253805335,0.00038831518299714963,0.007044266499410267,0.950459678619167,0.004482235540557889,0.006364373435234437,9.056785295239029e-05,0.008440937055263706,0.013392167493131874,0.00013748757953664984,0.005075481620885116,2.0049867058302242e-05,anemia_other,0.04755913803686955,0.009734131790249173,0.06478772905731547,0.39888401625617087,0.17133597616004065,0.05034195528877787,0.001500304377364762,0.03076652739571949,0.16549043714920145,0.0011371789077682523,0.058309659725185384,0.00015294585533724982,anemia_other,0.026309954534937206,0.005613508438111047,0.046408482103294804,0.6488091777705095,0.06035844161224709,0.01835793526340028,0.0030962704677864245,0.022235306511311857,0.10627722612764312,0.004377458935809127,0.05380083182749553,0.004355406407454084,anemia_other,0.05005512740296594,0.006969250758981428,0.10158219864717856,0.40047910951328064,0.029456368066683395,0.027965332292550573,0.004136962812719194,0.05425112950004349,0.13828975405878977,0.0061792921826991,0.17687904226959641,0.003756432494511574
P000163,copper_deficiency,copper_deficiency,0.004470401717322517,0.00010768948424327936,0.003178592900704633,0.022937722482603243,0.9523852327876979,0.00011791787382667099,2.123887895938127e-06,0.0009118328473844735,0.013681321813829726,1.3270964515557624e-05,0.0021731852071652804,2.0708032810603876e-05,copper_deficiency,0.015328201127257853,1.3767559528146047e-05,0.045257178805123165,0.24240100475188106,0.558548926443873,7.294027110713483e-05,3.358302078384628e-08,0.03153705752616952,0.1048542601446204,2.55792014419178e-06,0.0019820859210782434,1.9859461965859005e-06,copper_deficiency,0.011844195621442689,0.004314612803607641,0.05369404854562569,0.06998393361331869,0.6847258492269154,0.009281211523098883,0.0037846225158328405,0.028615595561566502,0.09278053685043955,0.003855833049192131,0.03428249653093364,0.0028370641580265136,iron_deficiency_anemia,0.026583273871237413,0.006036205240524751,0.11322400813690436,0.14172958335357325,0.17855509328327293,0.012700545962297423,0.006829742530517878,0.10468536333203808,0.3376882001351103,0.01009643358614469,0.054255007128692335,0.0076165434396864426
P000164,inflammation_anemia,inflammation_anemia,8.467650846327055e-05,0.0012073113592215197,0.004375282428507233,0.005854624527878689,0.0017929271136566934,0.0010719225202278566,0.001205754580868437,0.981413307215132,0.0017351981457845102,9.520434220766384e-05,0.00012930797280358316,0.0010344832852486865,inflammation_anemia,2.9960653129427343e-05,0.00047405184960494284,0.00843089804123449,0.023224749471847238,0.017832886519007517,0.0007739446908136892,0.000791730279737684,0.9462864744235824,0.0005127539859785066,1.6733441353556588e-06,9.367479854161721e-06,0.0016315092610744795,inflammation_anemia,0.003043795805382237,0.003939038123719465,0.0750393799799929,0.04883036629773024,0.02060820441670771,0.0052958641797338155,0.004292530886859978,0.7872046095790594,0.03242147378744364,0.0034038113052074215,0.010606404319079586,0.005314521319083847,inflammation_anemia,0.0008466358262514842,0.0009878013232598596,0.009816536240553212,0.029420569900354455,0.012487404896466641,0.001252309579081987,0.0012011612476090807,0.9343221713293571,0.005678680286123936,0.0009461971348679109,0.001655975584631494,0.0013845566514430097
P000165,no_anemia_no_deficiency,no_anemia_no_deficiency,0.004119431510023255,0.0749215819665785,0.011606271300853642,0.029625950156540227,0.0030736598112883393,0.015789841603977162,0.10664028141220463,0.004676928350361631,0.0017871235064535517,0.014326723795869738,0.0056875413975032985,0.727744665188346,no_anemia_no_deficiency,0.0004314258330253051,0.07715096897761349,0.001076164707315707,0.028418961508806285,0.009445257449666362,0.007369068109320169,0.07833155688017795,0.004234259947275055,0.00028624692582159515,0.0010457821170352778,0.0016634466439624167,0.7905468608999803,no_anemia_no_deficiency,0.0022013115107807116,0.055014698441497374,0.009880453396578052,0.007728983105632591,0.01147318322497597,0.004591424460391266,0.15578889463387774,0.013230709394724254,0.002511129633163957,0.019918418554666993,0.001728663510545178,0.7159321301331658,no_anemia_no_deficiency,0.004935915430428923,0.09646888470240639,0.007274369575713421,0.009657344205745521,0.037522571296946215,0.00692564934103923,0.22987505754555487,0.021994501092969503,0.0028957542342533836,0.024873671241032607,0.002002694220858671,0.5555735871130513
P000166,B6_deficiency,B6_deficiency,4.0522405969463e-06,8.135284314299765e-06,0.9541628494182964,0.00022212209948201537,2.8368683866414818e-05,6.495255604929667e-05,0.0032328068111012287,0.0001191933255453727,0.0003320083303294145,0.016281279988366548,4.032205193617674e-05,0.02550390921011572,B6_deficiency,2.0079680439287253e-08,5.5673844880481235e-08,0.9850136959818495,0.00012655360637285775,8.491158262494016e-06,7.35505144503699e-06,0.0005399644701040199,3.5167215282697435e-05,1.8126198456988075e-05,0.0034564392147802547,3.11117085770146e-07,0.010793820232834931,no_anemia_no_deficiency,0.0036630391696826385,0.04386183972966407,0.19180970263585004,0.016316522385705166,0.05554608394398115,0.00732108191022933,0.07586277139070126,0.019038917353301127,0.015070088296261646,0.22774667463180648,0.005687008530232961,0.33807627002258395,no_anemia_no_deficiency,0.007525608752628641,0.035776088346209545,0.11546078100446483,0.027929084330223536,0.046929336760080126,0.009788736050675874,0.061592737330671866,0.02891037484694459,0.020792357236880027,0.20352179062462095,0.010644979934421494,0.4311281247821785
P000167,iron_deficiency_anemia,iron_deficiency_anemia,8.695053652237522e-07,3.1145601714761515e-08,3.9121751865456645e-06,2.420050709910496e-06,1.7061076590218096e-06,6.18499029939586e-09,4.435564492111688e-12,2.4351931962623167e-06,0.7580099609812078,2.7391600632770916e-06,0.24197591949073224,8.520867922532024e-13,iron_deficiency_anemia,2.538333017205817e-06,6.532191884261621e-08,9.200459405994595e-05,4.7253387855138965e-07,1.4680334059475859e-05,9.280832252316026e-08,2.2007412360033573e-12,1.4972346119800304e-06,0.9110903753156323,1.0221449916123163e-06,0.08879725137704159,2.655202903258796e-13,iron_deficiency_anemia,0.0018456606893072847,0.0012822517948684687,0.005458408101689322,0.0027667054137488372,0.002276550916554724,0.002015017417623925,0.0009898279165760997,0.001976204226532587,0.7296118997474844,0.003865744941090306,0.2470246127623368,0.0008871160721872506,iron_deficiency_anemia,0.0023462817064949376,0.001019196825421589,0.004295003822658349,0.002117182817168671,0.001982207708325582,0.0017831028461529456,0.0007606181546245443,0.001825064736152808,0.6882329588795641,0.003722548777231,0.29137212609838975,0.0005437076278155639
P000168,folate_deficiency_no_anemia,no_anemia_no_deficiency,0.0009201001357962601,0.13426549685121503,0.0051187676417948445,0.03849104256296697,0.010554733572723574,0.02560816940755956,0.22247393126400053,0.009221756046060252,0.0035312486809542256,0.03426820082641801,0.00038713805341755286,0.5151594149570933,folate_deficiency_no_anemia,0.0003546288569562683,0.271806794075346,0.0021846615640083032,0.0468471794177216,0.038476201890702236,0.007216075446796654,0.37604211364677953,0.0022579497181718267,0.00047401014235112446,0.023190313830493886,4.026540719898756e-05,0.23110980600347344,folate_deficiency_no_anemia,0.006041184466912333,0.33935282980460096,0.02027909152543849,0.008741126877563435,0.013053090851002102,0.01478503352810812,0.4430596424661897,0.007188899652182334,0.005648483857007354,0.03408401701696718,0.004813143419394123,0.10295345653463386,folate_deficiency_no_anemia,0.0051634493817153205,0.3484516583330738,0.013052601020490212,0.006520591397726899,0.02549852987040548,0.008418335233655382,0.5029818509446652,0.004341440364741673,0.003565061743226169,0.020183268111836034,0.0030474763796972002,0.058775737218766604
P000169,inflammation_anemia,inflammation_anemia,2.7587739686400156e-05,2.5921233599062133e-05,0.0008958076687274676,0.0004285910216351787,1.8654361532421226e-13,6.60398051469092e-05,0.00028429977202888387,0.9980164115245683,4.960739280802535e-05,1.2018369898735657e-05,1.2325661656799543e-05,0.00018138981005767958,inflammation_anemia,2.5441453211867194e-05,2.0049023104884595e-06,0.0010978252090022948,0.0001350378165199771,3.7606252621149087e-10,4.173660128328298e-06,0.0002520193611530719,0.9980194229386186,2.0005860870402866e-06,4.772747628737894e-08,2.537186472937499e-07,0.00046177225078230106,inflammation_anemia,0.001571477920061038,0.0015415978521425054,0.013781548148556892,0.01069256431316039,0.01460493510472144,0.002275579060395779,0.0013049865160332595,0.9355849914359369,0.01061703768671653,0.0018129375247764772,0.004152711276910326,0.0020596331605882328,inflammation_anemia,0.0009096846217035678,0.0007427447945854332,0.01255074278695391,0.019714220055970885,0.020115532336963286,0.0018398938800925622,0.0010771612829334801,0.9314659876817437,0.007245911956409007,0.0012172490418989235,0.0016280290190141425,0.0014928425417311095
P000170,folate_deficiency_anemia,folate_deficiency_anemia,0.013014778142175878,0.00347720230765113,0.00017647233834836552,0.007626192764479935,0.0015711219326859313,0.7383374721350593,0.21165857192756604,0.0015151013255662721,0.00011343710261488023,5.456680420142005e-05,0.02232114310493582,0.0001339401147149953,folate_deficiency_anemia,0.001972621645625014,0.0005269652421913741,7.138309338587409e-06,0.0011230077262491343,0.0001712081876956235,0.7392966830299873,0.2450291807066372,4.8732380254308916e-05,3.725147708164424e-06,2.72703873243716e-07,0.011813266829659629,7.198090780405445e-06,folate_deficiency_anemia,0.09347331526426339,0.010915552927313594,0.0044741654119180435,0.01696511510572876,0.006733030879494943,0.7974136254355169,0.020281923205381924,0.0030827587952310742,0.0020735929384140366,0.0010766850682414615,0.0418201818879875,0.0016900530805081292,folate_deficiency_anemia,0.03881661593302034,0.004521357533934515,0.0020981520087730867,0.0095133451249584,0.004277279500057314,0.9020757300316767,0.010152966155844418,0.0024663547298908618,0.0012343067468098474,0.0011014451751213674,0.022504270229152336,0.0012381768307610443
P000171,latent_deficiency,latent_deficiency,0.00010852614241573032,0.004789123140194034,0.00037343606959632463,0.0003297141576910117,0.0003067953016354448,0.00024150968748420964,0.00728058575524299,4.882635383750857e-05,0.026997769373256257,0.9277129589000404,0.020933414939406533,0.01087734017919961,latent_deficiency,3.117870095696654e-07,0.0007494575586153569,2.2091167812771982e-06,4.082850022657167e-06,1.977493148659055e-05,2.770782061304887e-06,0.0002597692630301688,5.792394201388763e-06,0.008926921261200876,0.9802493683422264,0.005053115316034285,0.004726426397330131,latent_deficiency,0.0015337078687098949,0.02021669772935852,0.005250737962632765,0.00460973218814943,0.0043982044705367,0.0026951465297212207,0.03197419317272586,0.002898872743127613,0.010311633505996754,0.8167106541080967,0.006517825177996688,0.09288259454294792,latent_deficiency,0.0008655796697215624,0.012130349383766843,0.001686556679488598,0.002173191178661247,0.002366725305059321,0.0011825610504577909,0.014083323422539167,0.002417638392474284,0.003941188365166164,0.9003742339244113,0.0032725633163966576,0.055506089311856924
P000172,mixed_deficiency,mixed_deficiency,0.0018346218893670716,0.00019526950200558825,0.00010885794617151872,0.00020098121441031397,7.225572760561695e-07,0.004286772491202472,0.000914937358137099,0.00014788343960589774,0.005058293852988508,0.0002027590405270723,0.9870486013318356,2.9937647300440345e-07,mixed_deficiency,0.0001902807107180783,1.4855876405486862e-06,1.8515691394575395e-07,1.2892013522627628e-07,4.5745828845379116e-10,0.00014211994939948536,3.2198234397240866e-06,2.2560190377354448e-08,0.00021142046298375708,6.59777986725758e-07,0.9994504765267291,6.640445636607584e-11,mixed_deficiency,0.013173038610803276,0.001549981125860861,0.0022712667809144165,0.005399465722072217,0.00872131822708099,0.03159315322445288,0.003734918058818466,0.0026099369006631697,0.03282836113177072,0.0017767187657677956,0.8955309852778941,0.0008108561739011562,mixed_deficiency,0.0100041124700919,0.0019657106303624925,0.001749531896943342,0.002276266648433767,0.004045832677155281,0.015003294335980622,0.003927718931989527,0.0024446247588175585,0.016344257570511313,0.0021793502191212247,0.9389442576404418,0.001115042220151145
P000173,B6_deficiency,B6_deficiency,5.8353362218353315e-05,0.0002134766124374665,0.9866021744490503,0.010103659356966794,4.537181780011493e-05,0.0003022675232790037,0.001634625590535986,0.0002762749278116513,0.00014168063797399247,2.406372729485404e-05,2.907224627283034e-05,0.0005689797483587508,B6_deficiency,3.400631927187013e-05,0.0001872856190722008,0.9864579859391289,0.010309529418289077,0.00019025703076148049,0.00017120680642901525,0.001981462226829776,0.00019993905316243807,8.99498554859852e-05,8.836187300042454e-06,1.3829313631101124e-05,0.00035571223063800907,B6_deficiency,0.006634933882557894,0.013991783183811373,0.6881730463037545,0.08289430325667065,0.025168235134389247,0.025539752269023747,0.05714536178329571,0.02387547645879003,0.018196300601806964,0.014637329278874315,0.011157216922595255,0.03258626092443036,B6_deficiency,0.023371609636398477,0.023334098820723438,0.3585775066839655,0.16536511098831935,0.09148518239036564,0.04719545853228957,0.08241228580451626,0.10357330865822663,0.02912198464460663,0.020804449054014806,0.025886427867836376,0.028872576918737396
P000174,anemia_other,anemia_other,0.014962610395056045,0.002071418392238328,0.0014943261380284073,0.6025554679559834,0.004963755392190911,5.1838390074054865e-05,3.64957963111562e-08,0.351287378339347,0.01931444917028018,1.5373256859495357e-08,0.0032334214595736523,6.528249817488388e-05,inflammation_anemia,0.018948089883206353,0.0026231855875270198,0.056985329477080994,0.17032663631660058,0.057041713941379586,5.1811211732582736e-05,1.2792532318303254e-08,0.6910019804760125,0.0023310344269219132,3.0098924510912235e-10,0.0006868612601427636,3.34432587412569e-06,anemia_other,0.019092016583348425,0.011551304279918453,0.06424571339868691,0.36999579808854915,0.06394090383149491,0.04414637007483144,0.009127419880180994,0.2818364890964925,0.08747583877976807,0.004476617655296915,0.036053507990753235,0.00805802034067902,anemia_other,0.020479389686612535,0.007851977617330958,0.03421565071273831,0.39888699509664305,0.11293154977566873,0.03940952901761258,0.007454579171238332,0.32432062644349696,0.030310911947724093,0.0032748585106025596,0.015135999130360333,0.005727932889971638
P000175,inflammation_anemia,inflammation_anemia,0.09515977941028385,3.295193887065269e-05,0.014999419257301897,0.019020152278445352,0.01594602784926434,0.03593363628700239,7.863019190469192e-05,0.8024636414084589,0.004770090291926127,6.248508706263304e-08,0.01159488061174205,7.279897124532005e-07,inflammation_anemia,0.03254013915235442,0.00029884187982715833,0.035989300405539555,0.07930384031927322,0.024882926735451942,0.06679416109848253,0.001629935878601449,0.7228379485419425,0.014821659803624364,1.0050192941489068e-05,0.020857775126663033,3.3420865298352924e-05,inflammation_anemia,0.022687647339728244,0.007517615269858728,0.12743298407880166,0.20696120302403698,0.04194554405031623,0.05826241634084832,0.006883227074531575,0.30044513402244255,0.12646297199886292,0.0049439262881843735,0.0927062692529186,0.0037510612594698306,inflammation_anemia,0.013566712140562803,0.004037182360130274,0.12420425666319784,0.13902116605531384,0.02897507652503259,0.029119852181293367,0.0028546991277131994,0.5591344017787886,0.058718579941525066,0.0038446424171771835,0.03292189243888374,0.0036015383703813983
P000176,iron_deficiency_anemia,mixed_deficiency,0.008682154046559762,0.019679975168255388,0.006943310541862637,0.017218925472425334,0.012799220891788013,0.11187452298971041,0.04253570749671008,0.002327478256780585,0.23406747553680982,0.05481555469615924,0.488189239514399,0.000866435388539657,mixed_deficiency,0.008930937278503932,0.012669144524808402,0.003603074546972369,0.006230947449889374,0.009993663905644297,0.04436300081730503,0.039301209933822336,0.005708505606708129,0.1644078908410521,0.03440388202172315,0.6699539000759742,0.0004338429975965532,mixed_deficiency,0.07552960863146965,0.03161278543487102,0.023114166618128193,0.054195840427517745,0.08883104896325306,0.09638113318586014,0.022478412657891498,0.013159460334381935,0.16194956108067304,0.006423395723955681,0.41802970841105297,0.008294878530945049,mixed_deficiency,0.0615205328997769,0.01835003832822675,0.0263123252118543,0.04893806019667562,0.08019783552978406,0.07394652081357245,0.021177386089797554,0.03825630743583375,0.15875352903977574,0.011210626548814363,0.4544620086376633,0.006874829268225151
P000177,no_anemia_no_deficiency,no_anemia_no_deficiency,0.0001288404710449426,0.033978699994010576,0.0011788133975858042,0.0033091053734930075,0.0016519783384113397,0.0036569584701469132,0.05137072379484397,0.0008109399925067906,0.0003244142851582329,0.009756772123762195,6.404502820303026e-05,0.8937687087308333,no_anemia_no_deficiency,1.8075962586110306e-05,0.05585343501837283,0.0002562976909579865,0.016257649373660362,0.0019820557370947523,0.004670592835096687,0.12437151436368254,0.0009507802103585764,0.00013901481572236313,0.016712461352778384,7.960317414249136e-06,0.7787801623222752,no_anemia_no_deficiency,0.0011452989220083918,0.0755132944293869,0.005802242375157725,0.0039019271643663425,0.0056615400851840044,0.003541178946096921,0.13020630114863035,0.0014855607518485226,0.002187411588991758,0.02671878911998759,0.0012012874152861014,0.7426351680530554,no_anemia_no_deficiency,0.0016980825256571676,0.08980405296971408,0.008361762929551753,0.012520208924452044,0.010239334057085207,0.004420811464822448,0.09433324833087653,0.004839862620953809,0.002824465802879877,0.04381885158131465,0.0020901791775003154,0.7250491396151921
P000178,copper_deficiency,copper_deficiency,0.0007927962334140929,0.001362930976367714,0.00019885293812653946,0.0042134243968375345,0.9678375175435988,0.002234988263987505,0.010250625913518963,0.0004363158268079719,3.862318572979998e-05,9.397247618378923e-05,0.00018911863230151266,0.012350833613125717,copper_deficiency,0.000578170346348587,0.00664311672611985,0.00012466663753540666,0.013071726868175964,0.7755664320461725,0.01922479207898673,0.14353409868713696,8.855575996672305e-05,3.849885575976655e-05,0.0001419776997994115,0.00013130327478563935,0.04085666101921259,copper_deficiency,0.019354500443301045,0.12623976515047083,0.013187813054370598,0.022162393405837793,0.4683489114079185,0.05986909762307966,0.1806477747737552,0.009150697369119639,0.007808384031986106,0.014029423411422517,0.008724931260882203,0.07047630806785597,copper_deficiency,0.02165690758872366,0.17577860636095152,0.007986400456571703,0.01267592043940094,0.4555615484627087,0.07546948561787983,0.1845517448907532,0.005504314945469699,0.0045180737270899786,0.007298029187485753,0.008968224403115604,0.040030743919849336
P000179,iron_deficiency_anemia,iron_deficiency_anemia,3.7438623081824165e-07,7.644255995034991e-06,0.018893487800860195,0.000526648491801393,1.4915821172158485e-05,3.8598148729954713e-07,1.1133468565900596e-08,8.606998496198343e-05,0.892630017584977,3.238603619892435e-05,0.08780803641058404,2.2112262566287448e-08,iron_deficiency_anemia,6.894467064724674e-06,3.0695778563931744e-06,0.11516150615647351,0.013112400252225449,0.001250674435887978,5.806186741375047e-06,2.56384265774738e-08,0.0002157755621201802,0.8316851375754352,8.943834353125327e-06,0.0385497645808815,1.7325339681797697e-09,iron_deficiency_anemia,0.0026037145530605973,0.0037229193252173156,0.06352000819698067,0.03004255978615388,0.008040182196760556,0.003982787781984063,0.0036960324415323573,0.021540161389918985,0.7648364869546538,0.021118023536148483,0.07086287203423082,0.006034251803358675,iron_deficiency_anemia,0.003945718515654032,0.004602412084259231,0.04802445604034311,0.08739235625996201,0.021566336697472342,0.006841203564964167,0.005052079120123538,0.06621586514520944,0.6550015363047332,0.01749932830174484,0.0754269640658157,0.008431743899718467
P000180,iron_deficiency_anemia,anemia_other,0.19224380401926194,0.04988600097123403,0.035004193408717854,0.5438632403509265,0.003760322470004138,0.0007550705789373216,0.00034088639972966516,0.004055170540357968,0.13453554534238146,0.0011281870382436475,0.033580104785302774,0.0008474740949027155,anemia_other,0.19237919064518302,0.11120351763216546,0.024024644926415595,0.2785272503009604,0.120307593291694,0.009716936817490553,0.003754274586228859,0.041904408980100914,0.08184692883776651,0.012856172637749366,0.11914476267760866,0.004334318666636599,anemia_other,0.13736041569077678,0.028968510477046704,0.024697508038780056,0.3566866912577384,0.051373802662251694,0.10209220801754842,0.020394735886890742,0.06835424164436793,0.1102069939745468,0.011168827462730853,0.07202623743583128,0.016669827451490402,anemia_other,0.21165845503065714,0.03311381431788023,0.017313255860947417,0.29495453985611136,0.09693869020196187,0.08841720789290645,0.017179274211157575,0.031890653557386336,0.10282323147829028,0.010487024975427101,0.08550183985319741,0.009722012764076434
P000181,iron_deficiency_anemia,iron_deficiency_anemia,0.0005319665251217804,0.0004425767671044229,0.004934207669781686,0.01727797528539667,0.0024097233823859123,0.0009122328613497236,0.0012622523572421243,0.0024682480799915704,0.9120531236781236,0.034779510891118345,0.0220758172421764,0.0008523652602078317,iron_deficiency_anemia,0.00022763193414119252,0.00034067996502655024,0.012392834052167082,0.01952322740199723,0.055165825068937566,0.0010363066686891,0.001334970757794314,0.005609406578832539,0.8599943238032681,0.027837383909343216,0.015949422940325572,0.0005879869194775529,iron_deficiency_anemia,0.0038488339333358954,0.001874074566274509,0.0076386232588386005,0.025178541892662866,0.007509323808156915,0.0039151827124144075,0.0027528875967535705,0.010085607185690145,0.8777444437786169,0.009305245137602187,0.047358543911036194,0.0027886922186179577,iron_deficiency_anemia,0.006354897942376236,0.002846232081328637,0.008688641796836047,0.029559031497203094,0.04193636165685567,0.008946324197194022,0.004219457668446482,0.030183589794331396,0.7771660268620824,0.013812890630348159,0.07257282650003265,0.003713719372965189
P000182,anemia_other,anemia_other,2.361685637623789e-05,7.226746339678981e-07,0.0001180869281165226,0.9996968213167386,2.3390909036689738e-05,9.768642776876563e-05,5.038033384232064e-08,2.7836572163929577e-05,1.0733663066624509e-05,1.5505168095654272e-09,9.825149285134511e-07,7.02063194644056e-08,anemia_other,0.0065549646271497695,0.0032851402510225927,0.0638371296057235,0.8244457322150828,0.03240159912540105,0.03755106442601501,0.0020958386654070533,0.01391770073848131,0.012103360774592222,6.0740401145084575e-05,0.0033451836320057787,0.00040154553797371604,anemia_other,0.0027303890297217903,0.0011443666342889898,0.01786463231681904,0.9512901135378098,0.005707378625461282,0.0026445415996960413,0.0015284844439947957,0.00859295824040665,0.004134183125746358,0.000729549139773864,0.001922998886683285,0.0017104044195978896,anemia_other,0.012681944098307819,0.002747411403721287,0.11743636283583159,0.7574195450985924,0.02771146354057736,0.015785786374503036,0.0035532067791650126,0.033674882758629655,0.014464026679143618,0.0019634798733687707,0.008041639634761299,0.004520250923397993
P000183,folate_deficiency_no_anemia,folate_deficiency_no_anemia,0.0024304979100098155,0.014847553110681522,0.0017924018781460397,0.027798732471949854,0.0008774560134105981,0.08731381159250658,0.8591191055403861,2.4419796500562826e-05,4.0431229133926134e-05,4.918343601261521e-06,0.00010939141894744055,0.005641280694726558,folate_deficiency_no_anemia,0.019658959501162126,0.07449124210857473,0.007416780976963892,0.03356628760073823,0.008977298861600456,0.177456187485907,0.6467112931877356,0.006329512398389903,0.00041992924646776377,0.00034602652215509893,0.004872636026848194,0.019753846083457146,folate_deficiency_no_anemia,0.007554340164488582,0.1488931117059828,0.01709995704945225,0.018940722229677853,0.017327143278114392,0.03344526813146827,0.6578125773043836,0.012573870041838155,0.0035944435129657893,0.011089699012530473,0.009340837522167484,0.06232803004693048,folate_deficiency_no_anemia,0.013023470719407576,0.09187967302092863,0.012738163089983304,0.01722935069176841,0.016854378933915375,0.04653234613313725,0.7153365860238755,0.012942680184820105,0.003193812401736378,0.005203683644153821,0.007574378140966507,0.057491477015307324
P000184,mixed_deficiency,B12_deficiency_anemia,0.7467429525123671,0.0013010253294122945,1.0950149676809186e-05,0.0012934825146570666,0.00031418169315193393,0.0675364998915019,0.002068997820873684,0.0001128822049721311,4.2895424070083725e-06,1.9986078968081392e-07,0.180612237628256,2.300851934367104e-06,B12_deficiency_anemia,0.7560740699873932,4.7047074259104534e-05,7.680887944522754e-10,6.262238293184128e-06,6.854635662476966e-07,0.0039214132808215495,0.00011126555091661335,1.5880993395664555e-07,5.902705016726659e-09,2.013611248091688e-12,0.2398390905083677,4.136411583421578e-10,B12_deficiency_anemia,0.5879023690563809,0.004952291265803825,0.0023832021603690714,0.00875869159337867,0.004010865045749221,0.18166257153026003,0.007117277452318927,0.002648632233675864,0.002040837604679396,0.0011020383848653638,0.19579664927008947,0.0016245744024291282,B12_deficiency_anemia,0.6284376962431903,0.0058436479084113474,0.002301804070498559,0.00800235553462812,0.002913478995652251,0.1010102730630811,0.007141099587382859,0.002189249707825743,0.0016096766302385285,0.0012745682870148479,0.2372863315995301,0.001989818372546073
P000185,inflammation_anemia,inflammation_anemia,0.00016841079529688504,0.0015383539746686888,0.06260451159434512,0.02327228613110241,0.00772232166655922,5.6464271960253315e-05,4.904594822258834e-05,0.8799912757963952,0.012419758949012864,0.0003449143258271468,4.723137388495095e-05,0.01178542517272481,inflammation_anemia,5.266127211092719e-07,2.6474971170429735e-06,0.0031004747638235944,0.0002848996465009769,0.000750397038766345,5.664737268632876e-07,1.0626769624349023e-08,0.9958023008558992,2.8049259547009084e-05,1.5399029586365877e-08,2.0240806443806078e-09,3.0109802018028357e-05,inflammation_anemia,0.004959807903049192,0.003986542153303641,0.035138552442065644,0.02173295549307208,0.01411859172215664,0.008049097949174407,0.0037272053091910594,0.8668312087631601,0.022993104555102256,0.0040682211355521905,0.010196972900923133,0.004197739673249743,inflammation_anemia,0.0017795417308391628,0.001298521641524304,0.01885113678065156,0.009361188652612285,0.004261407041211089,0.0029117739343530215,0.0010322322126087092,0.9499912269808896,0.005979003601305681,0.0012173350406272689,0.002172492759571286,0.0011441396238059546
P000186,latent_deficiency,latent_deficiency,0.0009317706505316193,0.05722065095169027,0.005120272506132635,0.0021600623485311526,0.00045435631442133467,0.0016223952695628562,0.04866695440443465,0.0006609071546221598,0.006377722446029626,0.5543599620345442,0.009039434714450973,0.3133855112050485,latent_deficiency,4.3255698973836566e-05,0.03403096676123523,0.00029295497796985045,0.00020295462459654417,0.0009818947876026837,0.0001559388888003003,0.013683376827649628,6.858390168039818e-05,0.001116551930735303,0.8204007261231184,0.002490554439480718,0.12653224103815702,latent_deficiency,0.0007716140859495937,0.014137717719070778,0.01792740212657281,0.002916213908517209,0.0026989760210983744,0.0019284547214468706,0.015086548122594499,0.0023648046346195274,0.006274862922737254,0.7767225577371522,0.002773928065296869,0.15639691993494406,latent_deficiency,0.0015116321639333087,0.017828011500000292,0.008450585135572578,0.0025553312203939905,0.005510591512067674,0.0023450893833995502,0.018987593387558448,0.0031333717321123293,0.005882267525139329,0.8586448170178745,0.0033517069730710446,0.0717990024488768
P000187,latent_deficiency,latent_deficiency,8.680625656524196e-05,0.001401765556661836,0.05282035738918767,9.723412047374084e-05,4.490658474466137e-05,4.7604825997874814e-05,0.000898920480948227,0.0006755884722759324,0.05559272222612294,0.7929874751757985,0.09498702602595904,0.00035959288526437146,latent_deficiency,2.403821651555445e-07,3.621565775627896e-05,0.0006531138331063309,7.182043240001126e-07,4.723338615592684e-06,4.172853920924907e-08,2.7783939958916154e-07,9.706465112653633e-08,0.01834451063350592,0.9630466697394178,0.017903808693260345,9.582885258884267e-06,latent_deficiency,0.0015914710879486984,0.005086121103299893,0.05888026203409111,0.0023503901447866874,0.003968731817682473,0.0022509182597297596,0.007517571455653223,0.004880165728605565,0.01950408240863748,0.8692373184537688,0.015824365580989017,0.008908601924807174,latent_deficiency,0.0010187834517570106,0.003968734748439046,0.02737792204620043,0.0012630233302228311,0.0029018989637859824,0.0010385791986970917,0.003526712852009529,0.0015388694080558567,0.016106687099477098,0.9219466429943676,0.01581050606249381,0.0035016398444938862
P000188,iron_deficiency_anemia,iron_deficiency_anemia,0.0006976575537361201,0.00011754780706848185,0.0008121410117315216,0.0015095012599588623,6.176347140758785e-07,0.0016915694071286287,0.00033089227803883333,0.0002552497642760384,0.5733144457457051,0.016643818537471614,0.4046083744207829,1.8184579387711687e-05,iron_deficiency_anemia,1.675941102921281e-05,1.0382207924282428e-06,1.4849884316447756e-05,3.9778160797802344e-05,1.9792624511868552e-05,4.852641179996272e-05,5.133304658152624e-07,1.830195104361832e-05,0.6397422362074615,0.0014503643550696007,0.3586477048198863,1.3462282558371793e-07,mixed_deficiency,0.0050288479056425014,0.0024809644643529463,0.009969770419068097,0.015130482175199137,0.01971840621420634,0.00865875141739777,0.0026427108231862877,0.00564939595198884,0.4207405298291547,0.00804923906553641,0.49993657952702475,0.001994322207242266,iron_deficiency_anemia,0.00336126660981115,0.002121469645777468,0.003988295607443109,0.008479582758627082,0.005123321376014647,0.005865541054165177,0.002645040495090639,0.016942931990261013,0.5698390579384203,0.007755231582833557,0.37210096721417496,0.001777293727380957
P000189,anemia_other,anemia_other,0.0001308649904439506,3.055193774242812e-05,0.0006181423119619745,0.9971248331402143,3.2856351192149294e-05,0.0003847333623830162,8.306889119758316e-05,0.0005333137807740794,0.00013405847864253007,1.0527669442144821e-06,3.0481056631428908e-05,0.000896042931872435,anemia_other,0.0017426023335625554,0.0003786134734989951,0.030520610173097287,0.8998126947244114,0.0023855916776334657,0.008312655162446315,0.005399593747545846,0.008487481480672094,0.0044679684448022386,1.6561862727112927e-05,0.0006942877093269248,0.03778133921027582,anemia_other,0.008101384670756571,0.0025530130665094904,0.012366268185322205,0.9124707930367935,0.017676779691407143,0.014485094702490327,0.00443545086295506,0.012174837486948819,0.005978646736976475,0.0016272435890581011,0.00466468760211851,0.003465800368664025,anemia_other,0.04645406221351125,0.007927714043445715,0.030589359001554045,0.5594266245100727,0.17593987219946852,0.043212911076552556,0.014346980504755307,0.0615991857276982,0.023321561823926223,0.006538636618932239,0.01966443529239786,0.010978656987685395
P000190,anemia_other,folate_deficiency_anemia,0.1906062727566023,0.01352876163273967,0.053623723402978316,0.021224842819954074,0.07954613914333697,0.30177517852409075,0.11953854692199183,0.003261088258345756,0.06895059472975168,0.02970508211271982,0.10553532451862956,0.012704445178859191,mixed_deficiency,0.14023120367502465,0.1254050161046505,0.026345391287325853,0.07233347623541903,0.06495629111653856,0.09296220550723353,0.14947430036983764,0.05252146354014886,0.06797362232930385,0.03100897946535037,0.15957372440580814,0.017214325963359072,B12_deficiency_no_anemia,0.06556497267156365,0.1967803877383799,0.07098544319583994,0.03745428864312316,0.19341018734448434,0.07957437021142222,0.15292641413797395,0.03523686733662608,0.05025319053915221,0.023955210812158786,0.043654034588620064,0.05020463278065554,B12_deficiency_no_anemia,0.060295700825106366,0.24223715303909285,0.05236979979816289,0.05022549298426508,0.15481009658805867,0.07158988223730896,0.20028519987761031,0.028657079902443323,0.025688220188551252,0.02474660677845943,0.029615993377758845,0.05947877440318188
P000191,no_anemia_no_deficiency,no_anemia_no_deficiency,0.0004639025980430232,0.116290928623427,0.0010539112983902362,0.0014798377883442923,6.819675080788793e-07,0.0006035419544317024,0.1321547198711352,0.00028995029180798037,0.0008670503971849685,0.23050923466084372,0.0008120583913990685,0.5154741821574848,no_anemia_no_deficiency,4.0485946223456045e-06,0.10202545757353929,6.488731107522544e-06,2.0294393498107954e-05,3.3328446255068736e-05,1.3900941529723231e-05,0.05665413284570183,3.756753051521965e-05,2.7621606681797273e-05,0.15841952591549321,1.5703244727131797e-05,0.6827419301763288,no_anemia_no_deficiency,0.0012742278227201376,0.07112811848160802,0.010312285894886676,0.005274086230635051,0.012862416087053099,0.0021756087768932514,0.04508570281830007,0.0025423577880612585,0.0036034896241259906,0.08205760018011841,0.0015826815766750626,0.762101424718923,no_anemia_no_deficiency,0.0004229793001156719,0.03540791821862159,0.004791194556517846,0.002425406976166982,0.0038311304379446773,0.0010707838198305603,0.06036629174013218,0.0016275243603518451,0.001207039107181522,0.04529998954962493,0.0005819657688070864,0.8429677761647051
P000192,iron_deficiency_anemia,iron_deficiency_anemia,0.014225463610263365,0.00037895954814441023,0.0009239245536744871,0.0009027433521846216,0.00020741619477771884,9.274055117930427e-08,1.4967942599301825e-10,0.00043455655677804506,0.9759149191277732,0.004927523376332251,0.0020842213912438223,1.793985974513921e-07,iron_deficiency_anemia,0.00499418916710229,0.002828306898927483,0.000942524425301878,5.544855195924678e-05,0.002478451971166484,4.703357397470941e-08,1.3854433818824482e-11,0.0010314948695294625,0.981014463227599,0.004670727708063648,0.0019837809551921455,5.651777301141496e-07,iron_deficiency_anemia,0.057961050563834604,0.038431138503284945,0.04315125609173542,0.046491406595634645,0.037882463805650815,0.02650642894459582,0.026779813184937513,0.029698562127564415,0.4274824976225116,0.011135179701747223,0.2424077848845583,0.012072417973944578,iron_deficiency_anemia,0.028829540378746066,0.00434802179945743,0.018924010236317797,0.031090827684436804,0.018387697826520128,0.006788713782214402,0.003171641129991961,0.017833849016588,0.5917991034826605,0.004555475813482053,0.27206166929254505,0.0022094495570399242
P000193,no_anemia_no_deficiency,no_anemia_no_deficiency,9.239240267093935e-05,0.05567647628644433,0.0025324562178291165,0.0005387807527808758,0.00016667265326830437,2.3813977740819257e-05,0.00226542416936041,0.00010699006605246969,0.00037035704106132787,0.04678638034696491,5.489532208406488e-05,0.8913853607637424,no_anemia_no_deficiency,4.805311810567676e-07,0.012000862868704614,5.7788600366005624e-05,3.623361491833506e-05,4.911836219069107e-05,1.5892292809514986e-07,5.829938793250764e-05,2.8588791712283666e-06,4.294863614627281e-06,0.0008172366953635261,2.55266253501733e-07,0.9869724120073758,no_anemia_no_deficiency,0.0033243143512944454,0.021472977488358108,0.04284430851094809,0.013675567050663553,0.013678034844269726,0.0038759467089020967,0.025570851802283485,0.009669139464742375,0.010863732607706839,0.26558707417244454,0.004168385146903922,0.5852696678514829,no_anemia_no_deficiency,0.004306804441788917,0.021031137692285398,0.039021403256967103,0.011305056054522263,0.014333613962609773,0.0030712127972032503,0.01888548433657209,0.01719867135633978,0.005212333653962961,0.09093415314124167,0.0034873962808741137,0.7712127330256326
P000194,B12_deficiency_no_anemia,B12_deficiency_no_anemia,0.006513312612048122,0.6114307174502849,0.007366853722450486,0.005098655927591212,0.002599421228807146,5.042231136405243e-05,0.0007821092630643432,0.0009289996072743736,0.0008463802729117043,0.2270671580711952,0.00030648071667053475,0.1370094888163382,B12_deficiency_no_anemia,0.0029041861644508614,0.8637977119819066,2.2414939357143962e-05,0.000939244886542522,3.4064224302086986e-05,8.591671999754507e-06,3.955204217113119e-05,2.202415388665278e-05,9.734668694129346e-06,0.02388802966519686,8.757408576603937e-06,0.10832568819291558,B12_deficiency_no_anemia,0.005113350563033063,0.5290917185964653,0.016848012062326317,0.010361093188023134,0.008519689047871142,0.005641551812979758,0.16820109620140503,0.0064343221477121135,0.006358422235778893,0.07372855248745865,0.0042575350184866,0.16544465663845995,B12_deficiency_no_anemia,0.006383501363246203,0.6757796486301193,0.009573226098882006,0.015923570433023608,0.00597351044185162,0.00789486002547344,0.13033008410826488,0.005787006274655554,0.0050982193619872485,0.03230616180912306,0.0043697391384438095,0.10058047231492942
P000195,latent_deficiency,latent_deficiency,3.9382661083748405e-09,9.245281046944156e-05,4.067319252321143e-06,4.584203744608517e-09,7.796880792430189e-08,7.497787866087276e-09,7.316666046164597e-05,2.5067960578527735e-08,2.311602392609132e-05,0.9995045120853171,1.1780960937719997e-06,0.0003013879474533026,latent_deficiency,1.4590327245639652e-06,0.0016359913881159329,5.197568814895729e-05,7.451092899806393e-06,2.0015337454069913e-05,1.4899026745541477e-06,0.0019192652768920905,1.186399176742963e-06,0.0012518462483096357,0.9885445887462995,7.558289626406733e-05,0.006489147991040115,latent_deficiency,0.00058632386109495,0.0037961497891391854,0.003934245432471965,0.0008232753976210695,0.001205249304170491,0.0005727236833210779,0.002770612271108624,0.0011991418208433806,0.005736555266753148,0.9724549151864909,0.0020521652526630874,0.004868642734322117,latent_deficiency,0.0006134027291673919,0.0026638202466373146,0.0036424570323527125,0.000990180424565092,0.0014913417776619014,0.0005176251157160043,0.002205897271347333,0.0009221105107288829,0.005089602506499107,0.9745064711648364,0.0018620150738841502,0.00549507614660369
P000196,mixed_deficiency,mixed_deficiency,0.21144440673888246,0.0001824668093541033,3.226542215240545e-05,0.00020320731073333742,7.497591167384307e-05,7.052300595380208e-05,2.3578109937258446e-07,1.212940577863167e-05,0.003377578939302737,1.1092268183990721e-05,0.7845911046682656,1.373861980524652e-08,mixed_deficiency,0.10997659663593085,3.9504819090701217e-05,0.0005455662791297213,0.0017290763994153523,0.003137739805837195,0.0006525015881430506,3.003711607859401e-06,8.876169734608207e-05,0.07376390544031695,0.0002305213667553141,0.8098326961177745,1.2613865238414535e-07,mixed_deficiency,0.08680600271451132,0.003216046716036306,0.002840106798113101,0.012471296766241539,0.008033383673247003,0.004719988264311517,0.0022030711235233396,0.003215311298488078,0.0735572275104085,0.0042146043246148075,0.7970297002634087,0.001693260547095882,mixed_deficiency,0.015805264321199462,0.0009889894359466772,0.0015585462390563202,0.003807774064935107,0.0034667953437337536,0.0020069149104480237,0.0011554110781259073,0.00468675083924579,0.07714442038505293,0.0021114512379798674,0.886675376331996,0.0005923058122801509
P000197,anemia_other,anemia_other,0.0009284182826947656,6.639749161310485e-05,0.0017707514653967536,0.9932346638629497,0.0004328755247195965,1.6140512522021728e-07,1.3341939237719159e-09,0.00034538391758074467,0.0031959867638335503,1.5008476285718328e-07,4.059672886598959e-06,2.115019424304899e-05,anemia_other,0.0071160506777088834,0.0003263814148231781,0.008475162222593943,0.9552953344007618,0.02265732461188194,3.2461959583716453e-06,3.4488190958268418e-09,0.001511498225997745,0.0045993263837978225,1.300776548615758e-07,1.1406408139162578e-05,4.1359318632227025e-06,anemia_other,0.005237104097456754,0.0015016703825937686,0.007273343447202614,0.9458720846679328,0.005482933252700734,0.011227046928252618,0.003426684201891902,0.004967521905952546,0.0071183364549458755,0.0009321530083590214,0.004232714892979328,0.0027284067597317836,anemia_other,0.009191018222966777,0.0032464197762738104,0.007599474315678152,0.9318907804222515,0.009191749053896539,0.013577616680384522,0.005235523445878238,0.004831609245284807,0.006427547639126816,0.000811306713718851,0.0055557221142312875,0.0024412323703087704
P000198,B12_deficiency_no_anemia,B12_deficiency_no_anemia,0.002073153900097355,0.986191803883049,0.0007683169091872017,0.0006420320926025411,0.00029326601954881974,1.3590236969829884e-05,1.0060583680472883e-05,0.00026237549305894596,0.00017126733036376823,0.007945999042274918,0.00019075306854057493,0.001437381440626643,B12_deficiency_no_anemia,0.005286402326756468,0.9885665066686683,0.0002115632423123362,0.00047619348093802527,0.00023475802201378425,3.281949253480087e-06,2.99770115739633e-06,0.00019370945522950014,0.0001204655590327081,0.004025877954106038,0.00022220196813107425,0.0006560416724012417,B12_deficiency_no_anemia,0.003343083688657655,0.7861852967425836,0.010673164653523538,0.0052879114889232155,0.004825480556686928,0.003130435909206742,0.12180545272036246,0.003349926920578387,0.003422141918104165,0.02694155539746954,0.003792331000694416,0.027243219003209168,B12_deficiency_no_anemia,0.002500637601291614,0.922209775706928,0.003688661720778463,0.0024644540700794228,0.0027378706261529046,0.0021452490900700323,0.03550251453656292,0.0017975899145779913,0.001661501918413105,0.014466008194902968,0.0025944277312046887,0.008231308889037644
P000199,iron_deficiency_anemia,iron_deficiency_anemia,0.022544786030173194,5.782995178049262e-05,0.0097842893275562,0.012733153329206688,0.009857328812709492,0.0001891580121632667,2.8711458660245366e-07,0.009392478942265895,0.8913983347856677,0.00011366155174023054,0.043928509256862355,1.8288528813958314e-07,iron_deficiency_anemia,0.02507655196467678,7.475298638632511e-07,0.002433203454709941,0.003129399235723527,0.005433345052128611,1.3869166993848023e-06,2.241877656262396e-11,0.001051182836417681,0.9460616029032515,1.4914520760831103e-06,0.016811088009945983,6.22087907356649e-10,iron_deficiency_anemia,0.0033535726828494354,0.0007697323619399879,0.0072566556870286335,0.007280134768586477,0.0035955257006807986,0.0020360805612375434,0.0010997111002378046,0.003429184685605327,0.7888082977646631,0.002258860393542508,0.179411424753287,0.0007008195403412045,iron_deficiency_anemia,0.0021691817338730618,0.0007752376258983717,0.004170846178240931,0.003200517863052329,0.0018474974299888167,0.0009398931259721203,0.000774946552569874,0.005541362427988798,0.7539568199552498,0.0031368973203426973,0.22275281770052646,0.0007339820862969099
P000200,no_anemia_no_deficiency,no_anemia_no_deficiency,0.005026531032467675,0.04004210500919481,0.02314222354563541,0.34975078859527164,0.00904652890960695,0.012603210990447615,0.15814426856041694,0.0023778034293620697,0.027561862715332244,0.007291991121401739,0.0011230359182545033,0.3638896501726083,folate_deficiency_no_anemia,0.002794821848841648,0.03414415671690838,0.10599190730303344,0.17259012879571387,0.034425642474946345,0.015610087293042014,0.45329353309613213,0.0026288188657364654,0.015173243614483422,0.00222462554924134,0.0006716105172323188,0.16045142392468847,folate_deficiency_no_anemia,0.005406027973900916,0.062165097951326215,0.04394801448005008,0.11278109386952194,0.03175365202577502,0.013591457714713642,0.37452203853428706,0.008567100533031814,0.010289133251550214,0.036949304833867394,0.0078106567913320615,0.29221642204064363,no_anemia_no_deficiency,0.00590327012572502,0.1326523034924736,0.05380885488427657,0.10546320132587995,0.05166549853949103,0.010840486333914347,0.2779092212095138,0.006604593512638623,0.008773419081126799,0.024334853742551257,0.004823341401779568,0.3172209563506296
P000201,latent_deficiency,latent_deficiency,1.636190880343086e-07,0.00097978957745088,5.98755847473622e-05,2.735511843319132e-05,6.586558827688097e-12,1.0773772927056913e-07,0.00041332092494665313,1.0555515673137053e-05,0.00039598094008713416,0.9689979454458837,4.412074449368663e-06,0.029110493454924863,latent_deficiency,4.060007063670338e-07,0.0008168343956331006,0.00016999254968358597,1.3710859404870951e-05,1.3133540047313074e-11,1.4671450334095266e-08,0.00014462935847062435,1.2398058068255694e-06,0.0002426512381576419,0.981451381048772,2.766951056239755e-06,0.017156373107724835,latent_deficiency,0.0014821432664912193,0.0036138955027155283,0.013535899262632533,0.0024275506818566142,0.00430585515872039,0.00112315398114855,0.004975267472179879,0.002850872186057058,0.01991460918459372,0.9051736423975679,0.003964681846781,0.03663242905925586,latent_deficiency,0.0021261962538996395,0.006802648547244111,0.01602829345253629,0.0037692854959259572,0.00641502834231741,0.0019088906787753147,0.0036156628264966692,0.004310610908098168,0.018383239843259902,0.8863207277907169,0.005412193035754594,0.04490722282497509
P000202,iron_deficiency_anemia,iron_deficiency_anemia,2.3380601753297338e-05,3.741916818933192e-08,0.0011986096300492695,6.227758938815257e-06,7.146446406254334e-06,5.633719909106394e-07,5.814015172949232e-09,9.250022510815773e-07,0.9834844480755185,1.2690453105808967e-05,0.015265965418749177,8.053789193589957e-12,iron_deficiency_anemia,0.00015259639544130236,5.20676027722438e-06,0.02052595407776947,0.0005673632337561723,0.00030268693140959494,4.985761389981041e-05,6.778477719429608e-06,1.9404659894558226e-05,0.9595403126975378,0.00018356591220683105,0.01864625181280884,2.1427278826860126e-08,iron_deficiency_anemia,0.0013108175446975604,0.0012210799907807072,0.007845111527000093,0.002327485171304382,0.0016053769868972598,0.001397406408888533,0.0009425088063102174,0.0022421540176147787,0.9283116576375073,0.003292821532894826,0.04878164186052428,0.000721938515580231,iron_deficiency_anemia,0.0013536179686059117,0.0006004954428601131,0.0029028583451176067,0.0024776836432218903,0.0011355023249243435,0.0013133512691930352,0.00047982733714279464,0.0018831421694787273,0.9158355690452488,0.0011883207272029683,0.07041718702041255,0.00041244470659123256
P000203,B6_deficiency,B6_deficiency,0.0007368673609189653,0.0031549406184649452,0.9537834749547334,0.008179402623224712,0.0007676607045000334,0.0011173500771064992,0.0032357684624186116,0.01449888098726051,0.004329251747785313,0.0009607953809009509,0.0025103939677642104,0.006725213114921804,B6_deficiency,6.734646104400434e-05,0.00025735257260171265,0.9921723367730059,0.0020250412782455013,0.0011608018946682782,4.6131615288997184e-05,0.00019879503432220692,0.0032884659367971862,0.0002776339533845958,1.4103638027613586e-05,0.0001910858768478715,0.000300904965766095,B6_deficiency,0.002923185828691571,0.006180519887695975,0.5904210988941708,0.04986754450867211,0.018107399663640028,0.0072184934634101465,0.005775129287926114,0.2744874722396537,0.022324048055506873,0.004374064914097881,0.008006546178393824,0.010314497078141038,B6_deficiency,0.002144436096776396,0.003142825294631728,0.7357786934393736,0.051005820255366416,0.016486400330067243,0.004161049705667099,0.0024494731497401133,0.16418586118533848,0.011591765279878107,0.002365097221092114,0.0032364614081418002,0.0034521166339269126
P000204,mixed_deficiency,mixed_deficiency,0.0028625598106380907,0.00029586626545524735,7.625939649929577e-06,5.296231285304797e-06,8.866436783862842e-05,0.0010587761465165474,5.92655900043762e-05,5.517581731358203e-05,0.0005382929981896454,5.677455250652286e-06,0.995022799084941,2.9291705365526604e-10,mixed_deficiency,0.0003235665259944555,1.8491411168169365e-06,2.7544516409863673e-10,4.146474665668271e-10,1.8125488960270845e-08,5.1713899822023836e-05,4.0161459942691795e-08,2.3254506142497898e-10,1.4597689414182404e-06,3.9020234582837207e-10,0.9996213510643351,1.2658048271384651e-15,mixed_deficiency,0.006710389217207605,0.0015434574804997967,0.003407686529002097,0.002703034983625513,0.003856434798957171,0.009191068761255857,0.002212371363878919,0.0011097309579662835,0.021602922954410724,0.0014109408962714324,0.9454692223904723,0.0007827396664524947,mixed_deficiency,0.0038081202101920403,0.0012680708856318125,0.0016523319756807594,0.0010978582881596849,0.0012029766786440486,0.004971546411200636,0.0021215847030838907,0.0011964899655777287,0.007811210745345144,0.0015015494456505746,0.9726594324325933,0.0007088282582403075
P000205,latent_deficiency,latent_deficiency,3.979701512196566e-06,0.000904556077999641,0.00011007638115026542,4.521825304938621e-05,1.0401953745797402e-05,1.2759998127372996e-09,6.198395776116625e-07,3.964437077199361e-06,0.008357910135165871,0.985662988108652,1.041745817965585e-05,0.004889866377890474,latent_deficiency,4.8122234761704504e-06,0.004291064110671215,0.0014307107704549622,7.123436895662406e-05,6.801274979439111e-05,5.110181351675425e-09,1.099403306791174e-06,1.397246205436401e-05,0.011199931308303138,0.9767756040128157,7.829942546404995e-06,0.006135723537438711,latent_deficiency,0.0006467681142218868,0.005163978721135187,0.006715946641202336,0.0012610631879571513,0.0015699284065435685,0.0006759259513120245,0.0026402494355757954,0.0014763065628629476,0.012119676863089632,0.9521776519959358,0.0022859151158624537,0.01326658900430104,latent_deficiency,0.0009361470156201682,0.007562351178147924,0.007575513938143087,0.0017232987580362263,0.0014497418078138434,0.0009079039724099022,0.0020551925480723015,0.00263069132737119,0.010877516356121301,0.9478760172828357,0.00313984073289297,0.013265785082535439
P000206,B6_deficiency,B6_deficiency,0.0011193387530063158,0.0047002440811473156,0.9610686590116533,0.012772765421140201,0.00021741477860862083,0.00016215490760486514,0.014336571694723426,4.114330403546122e-05,0.0006357900355555258,0.003158173299331316,0.0002504079738211952,0.0015373367393724817,B6_deficiency,0.0047548972345725065,0.022076954191225576,0.8936757126386804,0.007543649248336009,0.004343014232749332,0.0025259629859522665,0.034409904249064246,0.002013263581959902,0.0027373316657045023,0.01279266537112309,0.0016896965146773273,0.011436948085954976,B6_deficiency,0.003864014019632582,0.05960535012602483,0.5558858194064227,0.008273611252786717,0.017203754093802204,0.005091587617743074,0.08231205808251975,0.006480518646922026,0.013962268669160621,0.15204469333397044,0.007087106275629154,0.08818921847538584,B6_deficiency,0.0030971206640779524,0.03848149396661502,0.7502154079169309,0.00628576116220701,0.022087906618624586,0.0034536341962792347,0.061800873300698174,0.0038337604116933694,0.0066295460170409486,0.06155487265381117,0.00286295730806382,0.03969666578395778
P000207,folate_deficiency_anemia,folate_deficiency_anemia,0.0077177459757133545,5.7512842060555033e-05,0.0026534340546375693,0.00447472796727481,0.0007359063092189594,0.8700256068984157,0.07831396248181544,0.0005595260803387747,0.0006411394958591466,4.679893721503661e-05,0.03476785683478216,5.782122668745093e-06,folate_deficiency_anemia,0.012995695541028793,9.949689938277866e-05,0.0011469964905478414,0.002875956708089115,0.0023297438317577217,0.8012018406787017,0.12775415710555282,4.2940807140396944e-05,0.0006804636465030715,2.9481414301554216e-05,0.050840324850342025,2.9020266521169448e-06,folate_deficiency_anemia,0.10377695356337444,0.010480440906551187,0.009343490646185604,0.014212657667395918,0.008723622602475134,0.6059094766571004,0.023844329014401557,0.0028367661905252706,0.01469380081856801,0.002820590426730407,0.20109327547234748,0.002264596034344683,folate_deficiency_anemia,0.09120237283031452,0.006332427981678702,0.00498312400551485,0.006382109123740801,0.005503870058609435,0.6885372288641596,0.009671409084775238,0.0027105920386509487,0.00595642637771817,0.0019214789817777176,0.17528975296139002,0.0015092076916701485
P000208,copper_deficiency,copper_deficiency,8.695074283908529e-05,0.0014326110237523246,0.003282587428431993,0.003272465213584599,0.907138892024299,0.000587913755117546,0.00258602889793946,0.00021804185303855324,4.152736390393245e-05,0.0005248097993084724,1.3144239207673333e-05,0.08081502765857722,copper_deficiency,8.916570244453007e-06,0.00025476249881365706,0.000288654050177757,0.0010739417544944178,0.9846804403405603,7.708766387021714e-05,0.0004098039915428396,0.0002617365839098575,1.6903253208002152e-06,3.9051921716954005e-05,1.2346300802917407e-06,0.012902679669268438,no_anemia_no_deficiency,0.0028919079276185093,0.04805271865327788,0.16127859741275602,0.014137439186488373,0.06969857812481645,0.007628775074279084,0.05496556624096823,0.01824149136989758,0.006891353821042879,0.09761083102783064,0.003433808282848185,0.5151689328781762,no_anemia_no_deficiency,0.0040654668501701454,0.033411203266969294,0.11054531979417498,0.024958050107069835,0.1568430489700425,0.01094040406357761,0.03749858786438431,0.04283903131665277,0.007504452239215805,0.05464088924996054,0.004355073031870838,0.5123984732459114
P000209,mixed_deficiency,mixed_deficiency,0.011058387960236275,0.00019749889848997136,3.838991986411798e-06,3.892628434692225e-05,3.685581647906722e-05,0.00012554551726724539,1.1944351770853938e-05,0.0004805858778749347,0.19455434957936543,0.0022272690796089254,0.7912647899071031,7.735470866535684e-09,mixed_deficiency,0.009310600808118555,0.002651515636104195,8.314679505021397e-05,4.6281587887127876e-06,0.001188666996544434,0.00026803121610901454,5.8305740533707e-05,0.00011496056858114184,0.3719526609092695,0.004569944654906315,0.6097975312693273,7.246666810833448e-09,mixed_deficiency,0.0174485314944265,0.007627054260106356,0.008808881901293907,0.01420819549818982,0.014562944529044034,0.014514501671705949,0.010745221232958247,0.009298124979873597,0.3294244792850851,0.015793356725804238,0.5548103769524785,0.0027583314690338115,iron_deficiency_anemia,0.011247396581299684,0.003367199430517638,0.004898449088961222,0.00999238927205287,0.007460049065938559,0.0075167211915585265,0.004487033832362369,0.006127344809453294,0.5617745003304937,0.008625434667787544,0.37299205480296305,0.0015114269266115951
P000210,folate_deficiency_anemia,folate_deficiency_anemia,0.001290507773612381,0.0002823010486022544,4.5001896335982486e-05,0.00015366083662386444,4.536731601508546e-05,0.9332448022392306,0.04328654745912566,1.1426350925755284e-05,7.509111301867491e-07,3.204190572659087e-08,0.021639173576291918,4.285502007318401e-07,folate_deficiency_anemia,0.0016132950785925522,0.00211627408014169,3.5623147213821246e-05,0.00025121017367694736,2.2923828634537252e-05,0.9623362730498461,0.019674221825853166,5.6417431214686e-07,5.392261243363852e-07,8.304515605698204e-10,0.013949062785222413,1.1799930204404661e-08,folate_deficiency_anemia,0.05000248625790098,0.008878694271435488,0.003159115492348386,0.01083888425195715,0.00293493011319679,0.8290290708840273,0.00784321944537937,0.002410694666045944,0.0021423323338072473,0.0012621799860720168,0.0800336006399734,0.0014647916578558312,folate_deficiency_anemia,0.04583750569408342,0.00449523554930664,0.0017757533540290154,0.007517037798438501,0.0029681388820002796,0.8224224480178022,0.010211660183353038,0.0014517405628121627,0.0014236581287771543,0.0009012134920670316,0.09989161029590501,0.0011039980414254277
P000211,iron_deficiency_anemia,iron_deficiency_anemia,7.698645516154092e-05,2.387444342545432e-05,1.4914883394693752e-05,0.0063580801426526175,0.00022719070504415275,0.0004888975366143976,1.612807990399338e-06,0.00038284555394253993,0.7941362213927704,0.01941460188390968,0.17887393675851207,8.374365820758463e-07,iron_deficiency_anemia,7.331112440129076e-05,4.710647598086113e-06,0.0005185752256607844,0.008017487922174368,0.013822774117227318,0.0007001241699054045,6.0302277818253525e-06,4.971591874042974e-05,0.8924485698714552,0.010008597052750747,0.0743498979283902,2.0579391452246652e-07,iron_deficiency_anemia,0.002349853617060418,0.0009077736552667186,0.00756676266273874,0.005326456692785255,0.0025617165077568664,0.0022790571955450057,0.001106658205327054,0.0031947282547423734,0.7921419937541401,0.0038909467044352703,0.17802272835294708,0.0006513243972552896,iron_deficiency_anemia,0.002236427121633711,0.0008241245836977802,0.00595450634753573,0.009611120216377788,0.003990941075163639,0.003536010477593904,0.0008584216098909522,0.003928241552320522,0.8557525662568257,0.00480788693644964,0.10784556559333854,0.0006541882291720834
P000212,copper_deficiency,copper_deficiency,7.449507264692928e-11,1.0005580210594372e-12,4.900071672515539e-12,3.913175527040228e-10,0.9999999963516228,2.3536529732850926e-09,3.9699080700357797e-13,2.782529367047929e-11,1.9354724062524747e-10,5.231821966027363e-15,6.012343150502598e-10,1.46061935195004e-15,copper_deficiency,9.491557953700926e-09,4.058515406961417e-09,7.842911569381103e-09,4.4861554531882944e-07,0.9999933989857822,5.701144555039736e-06,8.887570494339123e-10,1.2687098473492384e-07,1.6147246063685263e-07,3.0740316660908647e-12,1.4062529679728696e-07,5.594279428368379e-13,copper_deficiency,0.07166258828241022,0.0048188205417496145,0.004767741101189044,0.021842957711825334,0.751751769388162,0.08944205098880657,0.004950908123989273,0.005357887242478945,0.015684068603370075,0.001507620068220558,0.026699343520962766,0.00151424442683544,copper_deficiency,0.06088165566195679,0.008948495568012705,0.007044309143335149,0.033585070482351556,0.735439615951336,0.062267641245698085,0.009555417241320353,0.007236484827826877,0.041611950821267785,0.0025177254954431095,0.028675679439278613,0.0022359541221728535
P000213,copper_deficiency,copper_deficiency,6.177855421512472e-05,4.4113622539054855e-05,5.984009139710768e-07,6.128122532994117e-05,0.9988946986057748,0.0007002460533601666,8.26010491770613e-05,2.193198664519647e-05,1.1049804779773581e-05,3.189236153220851e-05,6.785103255104572e-05,2.1957303181746693e-05,copper_deficiency,0.00047109783435968,0.00022629063016526456,1.281908776715908e-06,0.00017970136308797613,0.9951200034416307,0.002671741074044573,0.0005487700127603201,1.3243123382254817e-05,2.6329598590778898e-05,0.00019698315269047514,0.0004818698547342089,6.268800577732402e-05,copper_deficiency,0.06960609286506711,0.06453029408270618,0.019458867970421463,0.016241381446461315,0.625085134670289,0.0511421063314072,0.05316073459527128,0.009286488771310868,0.017838607491197384,0.014381549902988334,0.04417234376803626,0.015096398104843457,copper_deficiency,0.11726741180052823,0.08835217454776495,0.02093138238863577,0.01304398234485057,0.40459235478013666,0.11093840129777724,0.10104963297713473,0.010399472867538628,0.018295510026633578,0.021790965307660382,0.07524930247392814,0.018089409187410973
P000214,B12_deficiency_anemia,mixed_deficiency,0.09450899081601812,1.0449516521315387e-05,2.2155191596447626e-10,3.4964594676688496e-09,3.3019247929844233e-07,1.0453470284045311e-07,2.8347815574066974e-11,1.3456321755009932e-09,1.5903510434724486e-07,2.418922763096971e-13,0.9054799608129397,1.171516152995148e-15,B12_deficiency_anemia,0.6525655878124,0.0005422965672179098,4.5521917225653233e-07,7.026072287977673e-06,0.0002697799844266502,6.415886022674683e-05,6.920204822186431e-07,3.967811708397372e-06,1.7688238685896894e-05,3.133348216042755e-08,0.3465283156385823,4.4132763263775743e-10,B12_deficiency_anemia,0.7880327683518925,0.006402882839859548,0.002146568491678479,0.005887291224034385,0.03155744343007362,0.00863823362230484,0.0026753830931469007,0.0018185811202740935,0.007257063606209736,0.0012084998975578644,0.1433239866623486,0.0010512976606191816,B12_deficiency_anemia,0.8276905534948752,0.004420867262582512,0.002596301456092051,0.003455429786841872,0.022323847415076065,0.007191367880434222,0.0023452903389042075,0.0019390381153857421,0.0058616907000637085,0.0016185414689812495,0.11904066462979361,0.0015164074509693608
P000215,iron_deficiency_anemia,iron_deficiency_anemia,0.004206621180506811,8.690788981055172e-05,0.0002899442566787515,0.018476441348964655,0.006356398781956097,0.003765496931745659,3.259138559277527e-05,0.0016834461344919234,0.8922776988407908,0.00020614347718004054,0.07261742196506699,8.878072152446537e-07,iron_deficiency_anemia,0.0018139631495188062,9.682733513143271e-05,0.0006876919485410256,0.009036761894077228,0.01587191258968993,0.0017122101776705706,3.9016121858209674e-05,0.004306568083046862,0.9278301302844624,0.0002041820341709109,0.038400341941059166,3.9444077353437474e-07,iron_deficiency_anemia,0.0055056305851045925,0.001239835986091253,0.00994189691163502,0.005272140544406349,0.002755011381693785,0.0034879730083273897,0.001370572245054443,0.002604745773991983,0.6691005822308371,0.0023520881792026146,0.2955168856215539,0.0008526375321015798,iron_deficiency_anemia,0.0039442280683978405,0.0015881587507792388,0.014657233928632102,0.0037943330358946353,0.003836245751850248,0.0015909184217656014,0.0016500660622911654,0.00687960625384489,0.7750349248961959,0.0037573233008099147,0.18215104490263198,0.0011159166269063675
P000216,iron_deficiency_anemia,iron_deficiency_anemia,0.007002570648488311,0.007813888646783342,0.12176157671312623,0.08716929940476505,0.01754856789259493,0.012407233824730518,0.007082221445603059,0.010494978710680601,0.6731635848994131,0.024087164165537897,0.027932301975284284,0.0035366116729927013,iron_deficiency_anemia,0.0008866018985638766,0.0007136734087081014,0.15896088017086654,0.04609751632543809,0.18575515622903682,0.00026811058708133315,9.295682373441685e-05,0.005322778235883066,0.5906895115844611,0.008421861913699768,0.00244302379247729,0.00034792903004958025,iron_deficiency_anemia,0.01591652528529616,0.007530398540268795,0.1886439792940301,0.05191444386959649,0.028622817766511325,0.013820951348681507,0.007483588133197165,0.0407153100817093,0.5212780930839103,0.00884160417625284,0.11083899902715075,0.0043932893933952945,iron_deficiency_anemia,0.03391710308617736,0.00790072538373781,0.11812752051451712,0.05418356978679329,0.09639141657086993,0.015101147752153038,0.005169116989222949,0.031440437422398874,0.44544080610744213,0.007932479589444362,0.18057476291178756,0.003820913885455462
P000217,anemia_other,anemia_other,0.006990864036065804,0.0004814898482945007,0.0016296630312858799,0.9728151224512727,0.002492386030208912,0.00010075812144304694,8.856971823196097e-07,0.00834922902051055,0.006322745484217285,6.976949227106913e-06,0.00046759377480913724,0.0003422855554827448,anemia_other,0.05601526617641502,0.00046476214054656264,0.0234112853573798,0.680526438904548,0.1570761349267776,4.113184002905476e-05,1.650974967607764e-08,0.06285241027372408,0.019210355323074437,1.259181178434382e-07,0.0003483040517043471,5.3768577933432885e-05,anemia_other,0.004844989109932425,0.002315646849703434,0.0106616806272491,0.9287586107036594,0.008983842882353793,0.007266106361026183,0.0018565866313564904,0.019431771748878758,0.008098383582139362,0.001318364531377723,0.003456570590859136,0.003007446381464288,anemia_other,0.023331989231198235,0.009786292747350458,0.03252822786589368,0.6563219988262458,0.06880361860811321,0.024121434861345784,0.0039923001207172425,0.141419414407066,0.02107273276847909,0.0021585010557493007,0.009201666134264814,0.007261823373576522
P000218,folate_deficiency_anemia,folate_deficiency_anemia,0.006863913687958292,7.409356802570722e-05,0.0020298317658031255,0.2622691986307398,0.0032897559102007703,0.6299487670648728,0.08785374802415978,0.002000052849225868,0.0011108923005482248,7.67366866364255e-07,0.0042044552237533615,0.00035452360784597015,folate_deficiency_anemia,0.0012548673089403056,6.109765428132359e-06,0.00021134436022434417,0.017605098409233376,0.0014503930783139924,0.9615523978355263,0.017317470312052295,0.00011192312032043517,1.8017756470931103e-05,1.2873283733932784e-11,0.00046901260647511935,3.3654341414574106e-06,folate_deficiency_anemia,0.019253907038501935,0.004567765746122251,0.01792497651219708,0.08428313729730529,0.01829490415124667,0.8089314210154005,0.010053047090748418,0.009975718839709522,0.005764342703290562,0.001427896131629058,0.016726770793012994,0.002796112680835833,folate_deficiency_anemia,0.023700424877567287,0.0036100905880073536,0.025984681123374792,0.18451926024875998,0.0279294732022239,0.6802974425251714,0.011832106040763313,0.014900313091022296,0.004299554336226168,0.0016366282103788081,0.01781376296398205,0.003476262792522699
P000219,B12_deficiency_anemia,B12_deficiency_anemia,0.8590530732890642,0.006476976578748463,3.8465850064497294e-05,0.0005013238335276389,0.0001634861758987573,0.006508157754081827,0.00017385061325122007,0.00012039095976641457,0.00011778997118897899,2.8889130179320455e-06,0.12683899103165952,4.60502973047983e-06,B12_deficiency_anemia,0.8511252175489172,0.014238727712652601,0.0001949360260275699,0.005033554512992039,0.00022426371687609756,0.02593215720649008,0.0005678581484989177,0.0009197450815757846,0.000583036964152803,7.334222610954533e-06,0.10116532609270502,7.842766501177302e-06,B12_deficiency_anemia,0.808709023379132,0.01400663389674847,0.002249905098202428,0.004424360581582756,0.013868772449840621,0.0429251617478311,0.0041981410952184805,0.002729144193187458,0.004633087581329528,0.001969272554662313,0.09790828768350515,0.002378209738759608,B12_deficiency_anemia,0.7611044659616013,0.010646179967082095,0.0022983936031503757,0.0050364719588753635,0.028111033196498325,0.08209890705500605,0.006526848365949062,0.002979835170243889,0.006528725149839336,0.0023606221368519414,0.08995864314910071,0.0023498742858016754
P000220,folate_deficiency_anemia,folate_deficiency_anemia,0.00047340951043542493,7.356202291873559e-05,0.0031110506772330532,0.0008649348649234093,0.025126058545047385,0.935794598451419,0.023793173219168864,8.334466428375754e-05,1.3640676264930348e-05,2.7467262665368683e-07,0.01066591350912295,3.9186555853194966e-08,folate_deficiency_anemia,0.0023100396965260966,0.0006176272480189853,0.012806277703168984,0.0028890372653116686,0.16325617608582044,0.7551182590048559,0.051043878728493274,0.0003629245393728268,0.0001197665643303944,2.115638053126793e-05,0.01144700674780114,7.850035769172686e-06,folate_deficiency_anemia,0.025136782616031254,0.00485386051660447,0.005368555203138684,0.0067621489003311525,0.019778784347881002,0.853104088804561,0.007062431685937113,0.0024266213517875257,0.0042301368811983354,0.0013698837048821886,0.06849901845902347,0.0014076875286237122,folate_deficiency_anemia,0.025970521512033735,0.003851821705674318,0.006216831776327957,0.009243829401592959,0.03925792878688786,0.8239701189917139,0.006680120335502576,0.00231561084185181,0.004427759899776686,0.0022236239942979726,0.07384518963249219,0.0019966431218481494
P000221,mixed_deficiency,B12_deficiency_anemia,0.8445289135771175,0.0045384963416019615,0.00016874162949121827,0.0027606988342883396,0.053692918123397944,0.053522497108194476,0.0009588051993103445,0.03328222495972961,4.236989523431775e-05,1.74208940011072e-11,0.006442048928004039,6.228538620950054e-05,B12_deficiency_anemia,0.593712373840848,0.0068473044487121345,0.0007564983672145398,0.02252939546976861,0.14738824899638417,0.06274890830520753,0.011927793403443196,0.11523993147464205,0.0002453439593770233,5.408454292904531e-08,0.03806809328456148,0.0005360543652982306,B12_deficiency_anemia,0.3350398120991524,0.02118631601677704,0.015004645725549201,0.07817363363960797,0.16710867110326652,0.20704297295157337,0.017004240070432095,0.05667354842484999,0.014550351357244534,0.004968531829015433,0.07082750877304983,0.012419768009481726,copper_deficiency,0.2649451637118174,0.019483684127590592,0.017494543820461422,0.10518020261961424,0.292654123534944,0.11614380609369587,0.013891772452412215,0.08484032322207695,0.014370465907732676,0.00730712322689044,0.05176568274480165,0.01192310853796255
P000222,B12_deficiency_no_anemia,B12_deficiency_no_anemia,0.0432493615821628,0.5059629828951767,0.012415153533318464,0.006150433758735322,0.0027646627769588113,0.04392328992583303,0.18375328264038018,0.001956213654792116,0.004318759961167664,0.12067153888062482,0.04438214400303718,0.030452176387812908,B12_deficiency_no_anemia,0.04658147832108859,0.657444386416761,0.0025405259051224866,0.003096325867967306,0.004168722521901983,0.01787529074642879,0.11520180400571557,0.003080360556844805,0.0026970434602048773,0.0842904307877433,0.04824579311875551,0.014777838291465728,B12_deficiency_no_anemia,0.004699735554495004,0.742940640134987,0.007609833920067985,0.0023714565801233514,0.00616730654117296,0.005424342136004501,0.17829910987258896,0.0018795512398193243,0.003091487908711045,0.021986895750288282,0.003454656692916367,0.022074983668825317,B12_deficiency_no_anemia,0.006738171620728898,0.839796562186633,0.003636495059427852,0.0032042564958543723,0.011035654954184158,0.008592263075466811,0.09621151182138278,0.0015234910561361908,0.0025797366408723097,0.012811564254365802,0.006017232265379985,0.007853060569567838
P000223,iron_deficiency_anemia,B6_deficiency,2.0532558945112338e-05,3.3545001454329645e-06,0.8562269159143094,0.0008173869669267944,1.8202943144284164e-06,1.1422759598069916e-09,1.0865053966379157e-08,2.9277452966373104e-05,0.13505512302634584,0.007837934952464456,4.0752119337864146e-06,3.5671143183844934e-06,B6_deficiency,0.0005278599231213464,0.00014972149221074307,0.7246580349583264,0.002914675765627855,3.814521644461983e-05,3.529685615824058e-07,1.8139420888032637e-06,0.0005601530193694049,0.2156330919702699,0.054574997820043956,0.0006976696070718258,0.00024348331686352656,iron_deficiency_anemia,0.008142209158449964,0.007136389410801027,0.20133879017169784,0.05499915765590532,0.02902813965712,0.010947838349773547,0.006657383407266503,0.07175864760785397,0.4883183116167788,0.03808800910134665,0.07117877835224574,0.01240634551076075,iron_deficiency_anemia,0.014691442203321095,0.01033573051942655,0.19823756661605535,0.147116869199064,0.04253133722603864,0.013859801397672173,0.011245818014850013,0.13873502575231822,0.29485695243175625,0.056038639344813145,0.05677179056531166,0.015579026729372917
P000224,inflammation_anemia,inflammation_anemia,6.784021762064331e-06,1.0227383177772993e-07,7.03497510286558e-07,3.571609956927849e-07,6.07623163607978e-07,2.311790800282447e-06,3.153667058568569e-10,0.9999871990133791,1.3116485328118929e-06,2.1693191343852355e-11,6.17768557455181e-07,4.864406764777547e-09,inflammation_anemia,8.917566959490391e-05,1.05692087826393e-05,0.00010170476674293463,0.00028511068665821075,5.917306278236184e-05,7.354399007297147e-05,7.295221449010128e-06,0.9992651234748976,7.54041742169862e-05,5.433300173354658e-08,3.208348915828947e-05,7.619226423819275e-07,inflammation_anemia,0.004671037165964338,0.002410177583667387,0.013897647091498143,0.011923590762213481,0.003559269797322945,0.0072565861086693224,0.001512662388888258,0.9289807788432999,0.011995930400237368,0.001073629948734097,0.011587795987912944,0.0011308939215917695,inflammation_anemia,0.009563527825655315,0.0033534579128078196,0.028927857212172597,0.01503481797916696,0.007237626563790365,0.009111732104563008,0.001831347608937903,0.8854390035590873,0.018821376622792103,0.0016391677184770092,0.01739736019551501,0.0016427246970346122
P000225,anemia_other,anemia_other,5.362550095555989e-06,1.0807244364360186e-08,0.0028735937179739006,0.98190057859772,2.810477074578296e-05,0.013505093902787159,0.0008872680785395199,0.00021019814015098441,0.0005308311182195521,4.986670568718179e-07,1.859049525724423e-05,3.9869154209062065e-05,anemia_other,0.00025722079183038924,0.0002538875431583223,0.042820602871554904,0.8450129639099647,0.02069959212804311,0.08123833899558977,0.003977190415066735,0.0004809611245083997,0.0040211978412148675,9.222739672533054e-07,0.001205979743531935,3.114236156967826e-05,anemia_other,0.001463729824384373,0.0012705403059059292,0.040851495726381366,0.9096380879135115,0.005317141595531298,0.01271280070570187,0.0032306100264239026,0.007349445431318753,0.006751896448553252,0.0019990217596556024,0.006484312682709188,0.0029309175799231103,anemia_other,0.006191257512992594,0.004917661931908416,0.11566472530346784,0.7298353371809184,0.014096123171246937,0.06613920712135309,0.009335493369465724,0.011389559465826,0.011754596586289821,0.0042915202085882604,0.01797076372879443,0.008413754419148668
P000226,B12_deficiency_anemia,mixed_deficiency,0.4197291137776074,0.030098771490767225,0.0023388236884403124,0.00014925298544690377,0.0014435756408912154,0.002875860811640856,0.0008815185428029772,0.0006599238222350634,0.00446187507341487,1.8937397191895919e-07,0.5373610015008857,9.329189546338113e-08,mixed_deficiency,0.25612628715058017,0.07343602449519983,0.003609086693724753,0.019099888000454625,0.01641493691003769,0.058072226847743165,0.0036223160531570183,0.0034038119386886724,0.014103653737787113,7.493554885579564e-05,0.5520050211222164,3.181150155479806e-05,B12_deficiency_anemia,0.6115175130930331,0.025009466342151218,0.01255708223680136,0.03658197967490468,0.016761877294582343,0.11647494405111078,0.012668888233319396,0.008752425681711567,0.012372408542095049,0.0031156480309386288,0.1404693295662541,0.0037184372530976333,B12_deficiency_anemia,0.6950965574114517,0.024904783124120054,0.010702131768900214,0.03032841996777533,0.012856053221688066,0.06709730640376277,0.007116741073300575,0.0068502463177790894,0.010473877744259256,0.003298135479556778,0.12795311515526,0.003322632332146204
P000227,folate_deficiency_anemia,folate_deficiency_anemia,0.01802652413188161,0.0005694075305798322,1.5136170629901129e-05,0.005874289021812347,0.0005660120576870048,0.9124386787113592,0.0582941310666097,0.0007586215927080769,1.194410359507367e-05,1.2850619924047502e-06,0.0034162161854175395,2.775436572745515e-05,folate_deficiency_anemia,0.03711846295847001,0.004127321414677641,0.00018508325103474941,0.02765496890898161,0.009305565187803592,0.7534454015380309,0.14975487164497556,0.006993175163959891,0.00011738738890069029,7.368755536234264e-05,0.010183132965492074,0.0010409420223111228,folate_deficiency_anemia,0.06446545452233761,0.0062838235586172055,0.0045894643430578405,0.027956527194331685,0.009417133164637288,0.7907262351752855,0.02237852595362971,0.01483996167875285,0.004443847126291157,0.001557640386828548,0.05052445525360906,0.0028169316426215124,folate_deficiency_anemia,0.07846304435978703,0.008810901656067268,0.008761005020085175,0.053546091638922884,0.019421080924515065,0.6478206571075963,0.030302785580485197,0.03336689429316247,0.0059696078304763275,0.0027075998158709097,0.10425018163853825,0.006580150134492903
P000228,iron_deficiency_anemia,iron_deficiency_anemia,1.3599958414633738e-05,2.4356595155195254e-11,1.126774053462151e-06,0.0002474638937902551,1.2527417505228962e-05,1.1074006080050115e-09,1.1139051603101802e-14,2.235521415368659e-06,0.9896387332135385,4.675310212821779e-05,0.010037558975656889,1.1729332362235696e-11,iron_deficiency_anemia,1.3425994920669989e-05,1.6901372210320494e-08,6.429220698630952e-06,2.9637539444804602e-05,0.000238371824429179,2.863562326131488e-10,4.695517994882141e-16,2.268920698829212e-06,0.9751401517094964,4.066396231882412e-05,0.024529033636101993,4.161902314563508e-12,iron_deficiency_anemia,0.0038857854456522465,0.000975902399837438,0.004244877651176854,0.005194750359666499,0.0036001226927049163,0.0027113847257032825,0.0008735089759354351,0.002825216500248222,0.6269288813453208,0.002647076601655102,0.3452659375565745,0.0008465557455248685,iron_deficiency_anemia,0.0039170966792847,0.0012077444398859013,0.005034497036674872,0.007738590740630507,0.0035067247069964272,0.002766599430886003,0.0011182979686104341,0.005070019739898669,0.701937705553587,0.0037223836421860996,0.2628644693553507,0.0011158707060086104
P000229,inflammation_anemia,inflammation_anemia,0.00010419930793697031,0.0035703256223425786,0.0012712070803942155,7.013835000812609e-05,2.2654152169974687e-10,4.436784571571588e-06,6.962668784615587e-05,0.988876741727693,5.176957396138729e-05,1.0922121173112117e-05,1.1457856853580782e-05,0.005959174660677966,anemia_other,0.05583553183565492,0.04108962237615129,0.08755290481654793,0.26236957026383717,7.01617386661865e-08,0.014172523236519949,0.07207586151614834,0.24412571905610198,0.001248999207861473,0.0002569719178568385,0.0006445730883803721,0.2206276525232012,inflammation_anemia,0.010780941059408874,0.05971028788623615,0.12578734079063483,0.07531002000040103,0.12904254115234484,0.017760549614105527,0.06301982788873865,0.28172194390134997,0.02253985427530672,0.046685205912218815,0.01390885042023402,0.15373263709902057,copper_deficiency,0.008594557918014771,0.03215853017449818,0.06931135398828579,0.11563079016261546,0.4374008213624499,0.023318350765269925,0.08844629325719044,0.06092286752584588,0.012726720202867754,0.02518072867784717,0.008246477403064304,0.11806250856205038
P000230,inflammation_anemia,inflammation_anemia,1.1550592752668746e-05,1.3462358322419417e-08,3.183743294942927e-05,3.1292501552384664e-05,1.1701189660554358e-06,4.024494067143508e-09,1.2698511676003574e-12,0.9999229105923756,1.2172495597703047e-06,1.2447707139214606e-12,3.34118600251263e-09,6.812911845345623e-10,inflammation_anemia,0.007256880105590496,0.00021653186281363752,0.013999028318382773,0.026640632103567846,0.0052386103261580705,5.500412278083156e-05,1.946870804401044e-06,0.9402572846415117,0.005954277437988783,8.460907212576441e-07,0.00035603814477014117,2.2919974910276333e-05,inflammation_anemia,0.00145811330332591,0.0006872882579569369,0.005336890331632183,0.012568138993680323,0.001719062203469373,0.0021442255670545978,0.0005707592025128096,0.9663004255311869,0.005492504718857124,0.0005677283294106114,0.0025532874871928924,0.0006015760737206248,inflammation_anemia,0.002372312807439869,0.000935900715839364,0.010647312724372793,0.020143908400537425,0.0024114901251522398,0.0025962062815618786,0.0006220460089952111,0.9474799969801377,0.007264586461167952,0.0010877815951753976,0.0036165718457314144,0.0008218860538885579
P000231,anemia_other,anemia_other,0.004045175356282758,0.06547158988544267,0.017359970122937506,0.7361114804500642,0.020726516833127283,0.000589637695806985,0.00016889506661598797,0.0030072235157380814,0.001728038385135483,0.00032415185350599354,3.34702244752856e-05,0.15043385061086753,anemia_other,9.675760481154599e-05,0.000819897459737854,0.00013782901297263643,0.9931100968367729,0.0005988615299563608,5.981999358110061e-06,1.5621974639136507e-07,1.542615107601626e-05,9.379762533121386e-06,3.423193333249251e-07,9.477909799112883e-09,0.005205261625791796,anemia_other,0.03822410572243772,0.07961649126747478,0.0982635945531394,0.49760835329569564,0.05157762998013155,0.03413212271360174,0.05143825937628551,0.037247250994137115,0.030880408362533307,0.009947137690839736,0.016076340171693113,0.05498830587203036,anemia_other,0.0256129625798475,0.019679316996634198,0.023281895109767123,0.8084084285359335,0.015353896033715536,0.02593790302303287,0.013455571722353201,0.018842902039832285,0.005801425224073143,0.004340296352799225,0.006466559832064768,0.03281884254994651
P000232,B12_deficiency_no_anemia,B12_deficiency_no_anemia,0.004563302385474196,0.9942781525820951,8.260678171095926e-06,0.0002259336419531116,7.816595274032755e-06,4.761982946367573e-06,0.00015765722694686244,1.0011791707308913e-05,8.224803996658945e-06,2.8626744113539714e-06,1.7297715119339447e-05,0.0007157179219045115,B12_deficiency_no_anemia,0.03207356559790556,0.9463341287705791,0.0005843638035748729,0.0020538549337858823,0.0010219746584753315,8.022480014454547e-05,0.0007885563329791883,0.00016892788740503807,6.78604404733614e-05,4.896193986482559e-05,0.0001032096109632437,0.01667437122384896,B12_deficiency_no_anemia,0.025539403164099653,0.3863102664468088,0.031127936170244317,0.05421293468904767,0.039128086510142865,0.027518997693976508,0.17967659919140613,0.01929724812380896,0.0145126314621917,0.04043604888097694,0.015260476783411431,0.16697937088388518,B12_deficiency_no_anemia,0.02754015827989448,0.46914200483898244,0.0207177603290577,0.05045964029524828,0.03646082981611078,0.017511193452327687,0.1537733824629075,0.01566800573730728,0.011696998182087706,0.028873087791315335,0.014692761157411475,0.15346417765734927
P000233,latent_deficiency,no_anemia_no_deficiency,0.00028320826029822326,0.028711333173242416,0.009727492633228009,0.0008494535921069983,0.00016466130521798386,0.0003140360816184026,0.029793698978161483,0.00036322222132205954,0.006872788531185889,0.42286920246058535,0.0022421104828445945,0.4978087922801885,latent_deficiency,3.4419282413706153e-06,0.01058617615699165,0.0015644367619805485,4.079507623176679e-05,8.322390088211444e-05,8.945104150300204e-06,0.004276951390654385,0.0009805464722088706,0.0023710316784655216,0.8153733384340359,0.00043230403697708535,0.1642788090591804,latent_deficiency,0.001142327912461555,0.009045364602617258,0.024674812475642155,0.003070358990031528,0.0031552210847484237,0.002234593783153365,0.017662861936031542,0.0016111117604900248,0.006378422968757971,0.6262640968840069,0.0027075674587464056,0.30205326014331285,latent_deficiency,0.0015385550785299827,0.008714763038485378,0.034469457768113027,0.003664796934912839,0.0035420878768143674,0.0017048843439543056,0.006946258258677513,0.004316806732482452,0.0055616907009845415,0.8425954515699501,0.0030562732689253967,0.08388897442817
P000234,iron_deficiency_anemia,iron_deficiency_anemia,1.5325272967518804e-07,4.692059416810333e-10,7.108407358441242e-10,2.640187778521928e-06,4.700767335817932e-07,2.046734789774754e-06,1.3685077575808444e-10,1.7876192188138365e-05,0.9120355481804805,1.183471231460191e-06,0.0879400805823813,4.7896057538556066e-12,iron_deficiency_anemia,7.413594321427268e-06,1.515820624769308e-09,1.254293153411014e-07,9.34773702284299e-06,0.00029540063640571634,5.6875483286591654e-05,3.628894552486086e-09,4.3098396142816074e-07,0.8167041840919541,4.355613716058446e-07,0.18292578133761966,2.5877925554788353e-14,iron_deficiency_anemia,0.002694543431299361,0.0022100560114013566,0.032513079142319365,0.008114717715167639,0.007280014055470027,0.006410660634432063,0.0036120288940191493,0.005695905460566488,0.768410808879506,0.009997481994321383,0.15055616878233857,0.0025045349991584896,iron_deficiency_anemia,0.0028132443734160406,0.0016207651762516133,0.015100935035441842,0.0091365401423817,0.005608358283856055,0.011900731605883463,0.0028312927442050444,0.005965047369191157,0.7190723464041635,0.00725581717627861,0.2169359787874715,0.0017589429014593595
P000235,folate_deficiency_no_anemia,no_anemia_no_deficiency,3.285920011110574e-05,0.02019883595771853,0.015897004146522366,0.002239351901766305,0.0009270251066323077,0.00605572461080015,0.33872722835812186,0.00028335748045281407,0.00029339377879111024,0.011123556589885373,5.867992815184164e-05,0.6041629829410462,folate_deficiency_no_anemia,3.378759873295023e-07,0.010254838688996749,0.003609320774063427,0.0008081784461417711,0.00039317252782238824,0.0006214850961995174,0.5942735221912692,0.0006536016062148973,4.753787545317128e-05,0.006366214855931512,2.373574824698762e-06,0.3829694164870953,no_anemia_no_deficiency,0.0013547780283283974,0.016535161521881395,0.013736460361703614,0.004327464672956098,0.00260713883625124,0.0028814283271414902,0.16678478401960511,0.0014346877681473817,0.0026772884245807207,0.02770337120364594,0.0019965349660619252,0.7579609018696968,no_anemia_no_deficiency,0.003131689416879777,0.028958083655018684,0.04880804887373086,0.010979264082979194,0.00958122012683488,0.006905607253368142,0.16055508630265694,0.00613506004203861,0.003962195731069123,0.03327257626759368,0.00503098491669228,0.6826801833311379
P000236,B6_deficiency,B6_deficiency,1.6723746930236915e-05,1.5754561717075105e-06,0.9946120366811544,0.0008370971214227739,0.00027059235276523895,0.00017031934439686893,0.00014739978146290382,0.00016634251207494567,0.003244743793492366,0.0002458781298060627,0.00017347869509283683,0.00011381238522956868,B6_deficiency,1.9402916797099105e-06,2.6517884579321696e-07,0.9955415337034397,0.0015114884820288947,0.00032233699832349164,7.753110856421686e-05,7.329814279527162e-05,0.0011308675092298183,0.0012135676738443061,5.1348880434615245e-05,3.4517148836968386e-05,4.130488197703052e-05,B6_deficiency,0.0029704356982510885,0.004621793789619342,0.6799229959999178,0.08967705119895567,0.0238828116385301,0.01286665654927718,0.004780177177281319,0.06611769136005502,0.09194104383880242,0.00583366006030179,0.008608310783557395,0.008777371905450715,B6_deficiency,0.0027431157923936984,0.003668245738238902,0.6942600412842549,0.08840064249577242,0.027630579007678107,0.008783123416722395,0.0032201408248978204,0.1178880885185411,0.03898114894120557,0.005017335957643942,0.004682206239378049,0.004725331783273234
P000237,B12_deficiency_no_anemia,B12_deficiency_no_anemia,1.0993088401460188e-05,0.9999801652116664,1.1901121049499143e-09,2.5860522367247046e-09,7.830467127765113e-09,2.1111274046286077e-08,5.790927332138821e-06,1.0232558304263912e-09,1.669711850649571e-11,5.4619206730659005e-08,2.5955132849579492e-06,3.668822497800862e-07,B12_deficiency_no_anemia,0.0006886316247894713,0.9989493716269925,2.826928469246769e-07,9.065575558567108e-07,2.967151486842102e-06,7.0893538853753505e-06,0.0002352835143880319,1.771265233567229e-07,1.7786135519275316e-08,9.600250210448075e-06,7.416211379684127e-05,3.151020138869487e-05,B12_deficiency_no_anemia,0.007261004635257922,0.8898628626800283,0.0024749342323440154,0.0029574009976182855,0.005728900426735447,0.006449164310059755,0.05785066857382491,0.0019327816545205946,0.0022381410423087168,0.006146168438253061,0.003858273703211719,0.01323969930583683,B12_deficiency_no_anemia,0.005653513771548667,0.9278753702480068,0.0016066298450340616,0.0013667151703798096,0.001737708214596806,0.0055480559424801665,0.036297768880211266,0.0009123616069390468,0.0010134371723570655,0.003454645335974925,0.0033885407138637895,0.011145253098607543
P000238,iron_deficiency_anemia,iron_deficiency_anemia,6.903403772695424e-05,0.0004669889249837927,2.193482016956041e-06,0.0014167157554376161,3.5089615895945886e-05,1.5058465369700993e-05,3.876826599357185e-05,2.7897297642976588e-05,0.9508745350243462,0.025330380654368486,0.02156303392609556,0.00016030455012207623,iron_deficiency_anemia,0.0012927985290830458,0.006066264214993881,0.0003470652515514312,0.03575427446404117,0.004647544817419014,0.0003296162857867759,0.001810186923812123,0.003629439402376874,0.8359598877853989,0.0702315571106784,0.034809074329307375,0.005122290885551041,iron_deficiency_anemia,0.013696674098976595,0.020654172832624797,0.1630949832842103,0.0324213629313228,0.02524045946007437,0.010844523613157981,0.013024893028901464,0.05895636164374136,0.33119419772844183,0.1787016255036248,0.13357413254902742,0.018596613325896152,iron_deficiency_anemia,0.015246736302752903,0.011915182241456119,0.19060918368790256,0.028481591911500462,0.017272448430863962,0.014747446801469286,0.009920348851813197,0.10759713317143745,0.3635935388518211,0.0531462244799061,0.1743259509472807,0.01314421432179628
P000239,mixed_deficiency,mixed_deficiency,0.048713637732373444,0.002445427982289935,0.0023738740918438396,0.0036829764243783464,3.019836251397245e-07,0.003674701055863518,0.0007415430607035935,0.0016370014463066471,0.20453397431743112,0.00047886249684599526,0.731717023150398,6.762579404123369e-07,iron_deficiency_anemia,0.02427417785591189,0.0005786770747917186,0.005575344111012414,0.002213602010971257,5.2774224668938394e-05,0.007951972806730694,0.0014673868749547749,0.0018873460756028664,0.5126019694011968,0.0005465109634059195,0.4428497317916067,5.068091460351564e-07,mixed_deficiency,0.05040917580780385,0.010539336846529307,0.010935341636872412,0.0390724568236367,0.13758355909687817,0.012175821195024963,0.005117813813123039,0.024972856464981492,0.31809400836244434,0.009658892632908376,0.37700085114472237,0.004439886175074937,iron_deficiency_anemia,0.01214362641055392,0.002332633300363102,0.007756861786496325,0.017397673254319006,0.04835050912282865,0.006465804016542514,0.002827820280935719,0.03726135334391607,0.5346278165180799,0.005862557549423649,0.32333874324204137,0.0016346011744998862
P000240,no_anemia_no_deficiency,folate_deficiency_no_anemia,0.0008623282880062901,0.04157589754683133,0.018007110980012894,0.031200044833185604,0.00331386188914695,0.04049125805781619,0.7052156173815294,0.006305089895521961,0.029101381830129638,0.011077600165095163,0.013981934786993406,0.09886787434573109,folate_deficiency_no_anemia,0.0019957925793276684,0.07345118743376887,0.02327476582185482,0.03861081550477882,0.026332542835058072,0.06598065354262234,0.710397288752319,0.005840349955829956,0.01086325853239862,0.010544881636103827,0.0085572898182087,0.024151173587729165,folate_deficiency_no_anemia,0.006623446452088726,0.043648916250771566,0.08325235255002567,0.0638486928302224,0.037671706708393725,0.03149507144335437,0.5367418023882923,0.024576153440463596,0.021347988369104145,0.02215372569999309,0.010609101757811948,0.11803104210947855,folate_deficiency_no_anemia,0.00691979462365885,0.08343365537599683,0.0497016298608595,0.06014303905789711,0.052219329003910867,0.025657857001971235,0.573018770732967,0.016780517498406228,0.01671241500137658,0.025530830689615102,0.007804133654393298,0.08207802749894733
P000241,mixed_deficiency,mixed_deficiency,3.428222730592554e-05,3.127387307070746e-06,0.014546494402967272,9.390393827357919e-05,3.719714170898352e-06,0.00011951832772245031,0.0010683267942864305,0.00045605170631650617,0.29771808347819356,0.049534588398011475,0.6364212465140108,6.571114340263818e-07,iron_deficiency_anemia,0.001710439328660222,0.00014282890488414307,0.07123221092129436,0.008087744233469016,0.007791724970902111,0.006797825843512974,0.006458618602361213,0.0004297315664490602,0.4597694466601773,0.13549506915924409,0.3019946493832188,8.971042582661631e-05,iron_deficiency_anemia,0.006468967540174498,0.008798359853115435,0.01664394685725611,0.006700418217798565,0.009369484214774394,0.009143887793180492,0.006312391219864192,0.010475443986391532,0.6689222762419985,0.028122539580804462,0.2257944682179243,0.0032478162767174347,iron_deficiency_anemia,0.005166739683610425,0.003920534910227012,0.012007847329195912,0.006125980319299635,0.002525871708264296,0.01139912094688486,0.003355136194511929,0.006767398275430347,0.5663558747216406,0.010894542470005535,0.36960066476465664,0.0018802886762728395
P000242,mixed_deficiency,mixed_deficiency,2.215825885617241e-05,1.0126892475822737e-08,1.1619307191702675e-05,4.224912752001003e-05,0.00023438875308734276,0.008599447121770592,3.5736057898105535e-06,2.878693692798836e-05,0.009494711241288452,2.1727995889562316e-07,0.9815628382361743,4.542226574174718e-12,mixed_deficiency,0.0010606101270950608,3.7900301764367885e-06,0.00039385790111999455,0.0027750666590940594,0.00208541687492413,0.045144858449517565,0.000572133665422562,2.8037775102974926e-05,0.046203969015402524,0.00021821937627715908,0.9015140044045618,3.572130568525846e-08,mixed_deficiency,0.003526755084287426,0.0011372413492521933,0.0007589939469213143,0.0019327673242685271,0.001956559787568449,0.028006335494959088,0.0009330526743517804,0.0008513401777514782,0.016807701235701626,0.0008147492083974758,0.9429733423889844,0.00030116132755615704,mixed_deficiency,0.002765994997358558,0.0012335596837479014,0.0008369298596707787,0.001719090759907366,0.0009610010620588317,0.05214890291025946,0.001652231799514676,0.0011862723427760286,0.02220425655556616,0.0013986329554996125,0.9133218684530191,0.0005712586206214644
P000243,no_anemia_no_deficiency,no_anemia_no_deficiency,1.2121876198057526e-05,0.010418797914793651,0.00020916821890815723,0.00257165542884099,6.55745199310324e-05,2.196752043923711e-06,3.4209896199876e-05,0.0004754900267301331,0.0027572394255363916,0.04197468129892631,3.5058292233459716e-05,0.941443806349658,no_anemia_no_deficiency,0.00195083956795118,0.14433754126581655,0.023480203219515355,0.033634870805028576,0.00568906771684785,0.00011332021972499112,0.0004007433552521525,0.0032647697394405013,0.007046510524359768,0.17240370164629262,0.0007480527294810875,0.6069303792102894,no_anemia_no_deficiency,0.0015989432053274398,0.026795104237347437,0.05712218580937728,0.012619575011186135,0.005889218475462348,0.002751026673383859,0.04913331906215966,0.010404212973428644,0.012578641018737572,0.10482472019730685,0.0029001281348838706,0.7133829252013989,no_anemia_no_deficiency,0.0039464337301865415,0.14621073399686468,0.048986678207672864,0.023652410191750895,0.015757290206872582,0.004432881874760842,0.06377729433466706,0.010626688678555716,0.010355587317724355,0.13039441401340462,0.004081686167389782,0.5377779012801502
P000244,mixed_deficiency,iron_deficiency_anemia,0.00015606442074670197,0.00020892467452708946,0.0016196527808397937,0.000853042656842977,0.0003853158754634687,0.00044910314470570636,0.003563049941121611,7.51544232148076e-05,0.5504711670120654,0.15795479757482062,0.2842421144819237,2.1613013728044717e-05,iron_deficiency_anemia,0.0002241524233377208,0.0002608373684780427,0.000981534195589821,0.00026243725005659253,0.0005352034062067306,0.0008007289664255643,0.0038791359235889355,0.00021489933236750922,0.4798111883267815,0.09695692489138605,0.41605939047410384,1.3567441677674061e-05,iron_deficiency_anemia,0.005815739651603043,0.007385629637794207,0.0304248995487366,0.012287290073660272,0.010611897987885064,0.00915879233486095,0.012419028682090034,0.011288857833060807,0.5428571669952653,0.10447878344087733,0.24790492056301833,0.005366993251148112,iron_deficiency_anemia,0.002104917822421982,0.002292311366859927,0.010322864702602212,0.0038754265050134407,0.0026300674715706227,0.0051673819395698555,0.0034612021873160603,0.010773978807071878,0.5770173413236173,0.022567358405358024,0.3581886237482993,0.0015985257202995168
P000245,B12_deficiency_anemia,B12_deficiency_anemia,0.8759941511153364,0.021474572017893497,4.776625515546556e-05,0.0003211794399824401,1.1281390439925087e-05,0.002666004022930694,0.0003779597721850063,3.892863100926537e-05,6.241532112971756e-05,2.0850003035866465e-05,0.09897704063349783,7.851397403787212e-06,B12_deficiency_anemia,0.8956904981230766,0.007115527175573156,6.036854959795053e-05,0.00024520302601972884,0.001744201323022631,0.0031150884922497954,0.0002900796498049925,7.813458919772957e-05,6.842650447205457e-05,2.5616353939275888e-05,0.09156150648214563,5.349730900588682e-06,B12_deficiency_anemia,0.7185753740891304,0.015399379328239584,0.004121341761864817,0.010391027106979806,0.031122849740763323,0.03759214722511865,0.006049837328483673,0.0039052184542544013,0.007082895386038636,0.0022963059117219837,0.1601853037074735,0.00327831995993143,B12_deficiency_anemia,0.7337687656586601,0.009832128318734786,0.0029123479661321804,0.004595354011722043,0.020294128027397614,0.04264397723849297,0.004974485821314027,0.0027852865748355478,0.004795511005101292,0.002024747025491536,0.1695833913830376,0.0017898769690804404
P000246,inflammation_anemia,inflammation_anemia,0.00036790729973159734,0.0010978127196690718,0.0012631755281857612,0.004868251699835502,0.00028202325837441475,0.0003238668923746252,0.003475243564775747,0.9845845644828268,0.0002623732002871131,0.00016798284219798855,0.00011520813976556354,0.0031915903719759403,inflammation_anemia,1.0627394064210123e-05,3.1088318911815885e-05,2.6246752377970678e-05,0.0007454375941076536,0.00043558208335038145,3.467330467009888e-05,0.00032101866517108613,0.9960995688636223,1.4106017025809536e-06,2.3508544240202818e-07,5.158964587497749e-07,0.0022935954401209343,inflammation_anemia,0.005436073262374382,0.008670491617057983,0.20543982317324835,0.06174378348078272,0.0407542987604959,0.006990589502842514,0.007759979620237643,0.5876960058583878,0.03837836578941228,0.009180099479490778,0.013737104813910626,0.014213384641759067,inflammation_anemia,0.002844310308497841,0.00463913503916821,0.17743658819490876,0.08431886314379695,0.03278923534323653,0.0059419795220370325,0.004986519236297257,0.6534213745284158,0.01401926170400297,0.0046845799259069305,0.003849580855577903,0.01106857219815391
P000247,iron_deficiency_anemia,iron_deficiency_anemia,3.0156784321705023e-10,1.8326073152676056e-08,4.419475393358688e-08,1.7339708757763552e-06,1.1198858885575971e-07,4.6969435593628104e-08,7.5740398644891e-09,5.406214791346401e-07,0.799971555404923,0.04906217350875132,0.1509637635279533,3.6115581860082752e-09,iron_deficiency_anemia,7.956079748024441e-09,2.0514000028701367e-07,3.740188046579926e-07,3.5143650245650284e-07,2.1587721910446737e-05,3.4731801390374843e-07,1.0928365681338243e-10,4.2637414530563164e-07,0.8909215736001539,0.04843391523936931,0.060621210138518435,9.472176368162192e-10,iron_deficiency_anemia,0.0018530821530381475,0.0011036452465228272,0.004968211272778083,0.005184770115361467,0.0034313142219192195,0.0031632622453733254,0.0012676338881317975,0.0037384106106489326,0.8418515005500778,0.004811661528441337,0.12749050325689187,0.0011360049108149904,iron_deficiency_anemia,0.0030161165813445134,0.0012654500784669291,0.00374250069010162,0.007032182863524251,0.004773282318933382,0.003465459995963046,0.0010922377859882329,0.0035402061895557896,0.7106160828556194,0.006980053879741533,0.2536508628295347,0.0008255639312266182
P000248,B12_deficiency_anemia,B12_deficiency_anemia,0.5549901905275796,0.0066606856428233115,0.00028497789323482633,0.04112320651587122,0.003404335257172818,0.38001971298119536,0.0001602553279808101,0.0022391540673575103,0.00017266784942861525,8.614837403120823e-09,0.010943227864274844,1.577458243606252e-06,folate_deficiency_anemia,0.27222016160253,0.0001278392757559503,1.0238597125669261e-05,0.006340288739271403,0.0005023345312529645,0.7189481258651413,7.1344626768393704e-06,2.1937668890333052e-05,2.9601654192706144e-06,2.2039860062796174e-14,0.0018189782791864322,8.127278644255329e-10,folate_deficiency_anemia,0.42580416577540897,0.009842142769347435,0.008952610596208947,0.02153084827308502,0.011834903809026178,0.46180564217796466,0.010180545486990256,0.004345445598159081,0.004860115321043904,0.0014438735985548943,0.03723319939977015,0.002166507194440638,B12_deficiency_anemia,0.52259927216512,0.009370066287448126,0.006161087491345557,0.020185497435612494,0.019495268972756805,0.34195932803006446,0.00873531385330003,0.005149818076382433,0.0047893609809930805,0.0023102573015553844,0.056892150780750925,0.0023525786246709015
P000249,anemia_other,anemia_other,0.0007364075394230873,9.717325063310188e-06,0.04216770144689194,0.8522176391739494,0.004887943706486291,9.45537437958281e-08,2.412149383741544e-11,7.955378864916322e-05,0.09988890099930946,1.4291722275454152e-07,1.0750253801114106e-05,1.1482713379784382e-06,anemia_other,0.0007258989054167821,3.890620209775573e-06,0.04919576115261563,0.9213092946735725,0.006689511928943708,1.4206545569268735e-07,2.0020211003641855e-11,3.568503535065003e-05,0.02203158678485439,4.08738536468601e-08,8.083322074904843e-06,1.0461763197718164e-07,anemia_other,0.023034004147892067,0.0070371299634547435,0.13567382811738943,0.4582773011583848,0.08360236395288707,0.023373110154604713,0.006672923176963081,0.031124091279002657,0.15710878946879192,0.005593020141751969,0.06460433719776888,0.00389910124110883,anemia_other,0.019524043115979762,0.00451081262838814,0.11103974537435642,0.6789394077856045,0.03217078108069364,0.013173633918798437,0.004192595980964999,0.018330187638579465,0.07704130475721423,0.00396560949203007,0.03321772463917052,0.0038941535882198717
P000250,folate_deficiency_no_anemia,folate_deficiency_no_anemia,0.005941784274802232,0.005490238116122321,0.057662245161139825,0.04505226743611023,2.4130743303083103e-07,0.060805696268865776,0.44838139132988236,0.023490453981276666,0.0065974172060277655,0.06827740971669892,0.009247347008913843,0.26905350819272694,folate_deficiency_no_anemia,0.0005182508956606101,0.00029551945528404994,0.002008118349120479,0.002805519684161673,1.8563397126130123e-06,0.0050054610772433065,0.791359937872521,0.009000994494721555,0.00025530324772129315,0.0045935763666269305,0.0002676541390208229,0.1838878080782057,B12_deficiency_no_anemia,0.010449764939854764,0.35223960181144875,0.025299699493917388,0.027361575033233172,0.18138810423854712,0.02192928607707368,0.13432757764855327,0.02407716811114367,0.013967356272089672,0.03935790112333427,0.012495362950761242,0.15710660230004303,B12_deficiency_no_anemia,0.008278978685093462,0.32542555200237255,0.009566858484836113,0.030698699698501385,0.07442658413198772,0.02322568384840585,0.2973781657668262,0.030864087632901903,0.009272796307039857,0.020522326516613586,0.008072847870283865,0.16226741905513734
P000251,no_anemia_no_deficiency,no_anemia_no_deficiency,4.2601471672086535e-05,0.004002198262754483,0.0011182942172288219,0.00036213478175483075,0.00013235107536738633,0.0007866487683674325,0.25188435928826136,0.00022281607386720047,0.0004422714805189043,0.1532562287033838,0.00034821314726301124,0.5874018827295607,no_anemia_no_deficiency,2.693415843798801e-07,0.0006039123242102873,0.0001548229728075076,0.00019836209817592992,0.00011958128228141414,8.233999047885102e-05,0.27649631630969485,1.6470144689155795e-05,2.1979325726367537e-05,0.1024670283691507,2.173340663493777e-05,0.6198171844345657,latent_deficiency,0.0014770686672995186,0.011078004917880363,0.03231900069810348,0.0058492158699237915,0.0045705225342856795,0.004287168660182686,0.04209591304358222,0.007738719483735811,0.008815831458920896,0.47539460774374886,0.005255818021811022,0.4011181289005258,no_anemia_no_deficiency,0.002989818125356149,0.01892521979666366,0.04146856369881536,0.01274045869595502,0.009856418535308996,0.009654069522200725,0.0818942073541962,0.013600091888881883,0.009858358811824506,0.35686465187586863,0.007911527206621043,0.4342366144883078
P000252,no_anemia_no_deficiency,no_anemia_no_deficiency,0.00015841219726994864,0.0006364427376980635,0.0015641059204058803,0.000941379574327899,0.0007517720853884601,6.329252296315852e-07,2.72001471290382e-05,3.339009297246006e-05,2.9892767243159984e-05,0.04053550106929622,1.677692738120392e-07,0.9553211027137654,no_anemia_no_deficiency,0.004313321096560692,0.07850901009076147,0.008679330156099561,0.04311723181902938,0.01016660181317023,2.2901484700745872e-05,0.0005928299129830742,0.0012817169131404532,0.0019666178022019793,0.08567398133734061,0.0001839064025752539,0.7654925511714366,no_anemia_no_deficiency,0.004063705453168703,0.048673197593265924,0.033892172388074245,0.01986721661272843,0.012662777611558516,0.005897755619680201,0.103647057692175,0.00589488107810695,0.005569656058453029,0.048977547309702524,0.002719658884809992,0.7081343736982764,no_anemia_no_deficiency,0.0026271490759185805,0.03568702963301663,0.019296688172967237,0.0143285446132544,0.005675645127009632,0.002482878402728523,0.06764208030497403,0.004737244059334822,0.0038048825092626935,0.058360857103084994,0.002257411576041461,0.783099589422407
P000253,folate_deficiency_anemia,folate_deficiency_anemia,0.019326386900181687,0.000786765581609423,0.00035979838080985884,0.06514629177071914,0.0022805936150467163,0.8632300048523869,0.004266084650808233,0.02661820093489897,3.51217606007962e-05,2.6425235127759915e-09,0.017942826499615906,7.92241079882598e-06,folate_deficiency_anemia,0.031857594583560266,0.0009386428972285146,0.0001685966306213134,0.030903119045340443,0.008969273429900672,0.8894354851476216,0.009248396519605294,0.002039050212587739,1.251942216296746e-05,5.136496124190489e-10,0.026421483545911423,5.8380518101010285e-06,folate_deficiency_anemia,0.07383221569376051,0.0057245851135395405,0.0070808743888521545,0.023807609137771656,0.009000955345922334,0.7956889409914978,0.009145396782175295,0.004378885047185832,0.0024560810935727257,0.0009131367647496818,0.06662054156804839,0.001350778072924361,folate_deficiency_anemia,0.11870691209531277,0.011230593547207427,0.0060013824757219935,0.02860503410687604,0.012919678569864795,0.666391449028951,0.008743225491655468,0.007449668727030185,0.002751482280606154,0.001639622259097786,0.1334166109712181,0.002144340446458398
P000254,latent_deficiency,latent_deficiency,2.714436601361868e-05,0.002398065179449213,0.00774613423694191,0.002145972994623205,0.0011419470189896835,0.0010455629488896705,0.02110584748580127,0.0010304468012354714,0.11821780461306046,0.8267652332847231,0.0032080061410246323,0.015167834929247798,latent_deficiency,8.958443394635665e-08,4.345060818262606e-05,0.0004425020886022482,7.054903845395324e-05,0.0005994819400029468,1.781770314027104e-05,0.0006609643172247116,4.505159617374566e-05,0.024549013091342435,0.9706764722913303,7.144652012271753e-05,0.002823161220990102,latent_deficiency,0.0005749407175572202,0.004334342657305895,0.005868973749005323,0.0023246355637192265,0.0013331444048629308,0.0008049295482196962,0.0058529490609214255,0.0016683024021494689,0.01510669882939294,0.9495896052293583,0.0035365354650266118,0.009004942372480876,latent_deficiency,0.0006888813924045385,0.003194370608552019,0.006294193832115358,0.001816593757606603,0.0027340259514774933,0.0009921200064620193,0.004648417759548118,0.0034331278214644037,0.020135836772521957,0.9449235486957579,0.003928424168669801,0.0072104592334199975
P000255,iron_deficiency_anemia,iron_deficiency_anemia,0.017521619178346638,0.000549089975837015,0.132365086823876,0.01111770378724012,0.028006806496024016,0.021661876929941447,0.0029651611271437226,0.012164897996452305,0.6250462063104855,0.009592580330061657,0.1389920814279717,1.688961661986292e-05,iron_deficiency_anemia,0.04306928647630657,0.000906392268233002,0.08073824134514263,0.04813510401665721,0.0642456867374822,0.02857540966606287,0.0030944529331171046,0.04886556075674418,0.4519516889097844,0.006114417734243217,0.22429474539853875,9.013757687892764e-06,iron_deficiency_anemia,0.010792666561283587,0.0074054922735712885,0.27814764700335,0.02983825594759876,0.02999595503272314,0.020589113236938048,0.009120808611599094,0.03946080979992993,0.458234831247231,0.0071600674304421715,0.10226792706732639,0.006986425788006512,iron_deficiency_anemia,0.010960930526313176,0.005417029139157238,0.24827810927877303,0.026706383888590965,0.025372942051871766,0.015102668859244876,0.00657286796754026,0.058744164004242344,0.4897820555074053,0.007717026101136924,0.10132555674014139,0.004020265935582696
P000256,B12_deficiency_anemia,B12_deficiency_anemia,0.8082968607722509,0.00012232553467974759,1.4956048248861725e-09,1.2235693842165435e-07,1.9935260776201255e-07,9.185048732298559e-06,7.1464346951063825e-09,1.2279434630676563e-07,2.0894137329047282e-08,4.2633948821633535e-12,0.1915711545963036,3.700820527303562e-12,B12_deficiency_anemia,0.5537283867678096,0.020840764879424947,1.2196078169510553e-06,0.0002532302230869356,0.00017344934725015018,0.0017722537158672126,3.4645649725145245e-05,7.272475059384656e-05,1.0509481753761069e-05,1.4037647678069374e-07,0.42311258499351917,9.02066756372475e-08,B12_deficiency_anemia,0.8825044401738488,0.007543249204301286,0.001546225260247513,0.004887881735977687,0.004327343422897976,0.011800929916231552,0.003550429721142691,0.002345941125315416,0.004272749416697391,0.0010253171002772977,0.07503004536260317,0.0011654475604595638,B12_deficiency_anemia,0.8306523505566932,0.005464492908997482,0.0017099249162273484,0.006079659940268335,0.008527781407890274,0.013972715269729616,0.002713815999829996,0.0019203608731003183,0.003505874762606612,0.0011300086638898323,0.12298641489477341,0.0013365998059933879
P000257,mixed_deficiency,mixed_deficiency,0.009583214153166457,0.00018416975059242882,0.0002667665602608025,0.0004564797832135291,0.0006520497933541077,0.0006296868749423266,1.0312454664840215e-05,0.00022897256809096002,0.1063997067428131,9.113090411729591e-05,0.8814974653916393,4.502314488190437e-08,mixed_deficiency,0.000766051952917135,8.58421542965857e-07,8.319507224723292e-07,2.3940330254834696e-06,2.0036683050449204e-06,1.1001844631647077e-05,4.7262342839635204e-09,2.1107152402457228e-05,0.01901114602186633,7.785135350527633e-08,0.9801845223633464,1.365231295212259e-11,mixed_deficiency,0.015011951522993549,0.0056098679273136375,0.0076245587551853605,0.008230394291712994,0.007671910297219504,0.007947713071783666,0.0036083152665170965,0.00660074387745059,0.24811863379627633,0.006830077230177602,0.6808182824299139,0.0019275515334557622,mixed_deficiency,0.007399684010524276,0.0034827411254219117,0.005721133299739632,0.0040203417405525145,0.002775628044562704,0.002995871333817509,0.002204722201550128,0.0100907473275679,0.1922469166018143,0.005024493501708337,0.762653513285758,0.0013842075269827707
P000258,folate_deficiency_anemia,copper_deficiency,0.035623745080467825,0.0008644440006287422,0.00040921208448972804,0.050598775580248084,0.7191408312429977,0.16238375576769065,0.0006484954422585643,0.002984838242180563,0.003035178678241699,4.2398526620011675e-06,0.024181615458290964,0.00012486856984335803,copper_deficiency,0.015954611859817485,0.0026346007454290566,0.001978544591963502,0.09136323045487325,0.8318435799044139,0.026600758309309417,0.0030533456475074524,0.008233892948058211,0.0035691236490877,0.00016924448366998723,0.014159848094570205,0.000439219311299905,copper_deficiency,0.10177499709725503,0.017942574690175246,0.01370660701811017,0.07916793104238708,0.5286482678816264,0.16530037649642143,0.02393788494424589,0.023230130205810245,0.016803964502296723,0.00358113156256023,0.014925355557726698,0.010980779001384663,copper_deficiency,0.02490975666993681,0.0043765457893066234,0.004092766568726712,0.06248081711187746,0.8429637563601009,0.02983638697523023,0.0047993872323687115,0.010536060305954869,0.005281768026553138,0.0012306499009042211,0.006253989807199221,0.003238115251841046
P000259,no_anemia_no_deficiency,no_anemia_no_deficiency,5.577160225816346e-05,0.02303797739108919,0.000307539001322227,0.00442434906307865,2.5144668559846144e-05,0.0018642010386589326,0.22521508698748977,1.0134680421411663e-05,6.148328015106693e-05,0.02795350186258185,5.594408657537434e-05,0.7169888663378134,no_anemia_no_deficiency,5.388280345373049e-05,0.04837401547626388,0.0005899460844525336,0.0008653419657127198,0.0001149003765378494,0.0004129828969918771,0.0546991731065224,1.046206591433799e-05,2.1365308053512583e-05,0.01717028318133283,5.838017383867672e-05,0.8776292665609255,no_anemia_no_deficiency,0.003958170854533211,0.06428763115150306,0.009542350427014097,0.012325455157965872,0.013035246644439108,0.009596847972880882,0.13483703175124295,0.0026034486804509967,0.0032882300726240076,0.04403546545408654,0.00232012077499688,0.7001700010582624,no_anemia_no_deficiency,0.003353022982110272,0.055017932029987934,0.00992522072802072,0.010197066381576024,0.01631891544873695,0.010533766662361587,0.07598198396139752,0.0032958380205653404,0.002987065700516017,0.06590790277613433,0.0030534322758040988,0.7434278530327891
P000260,B12_deficiency_anemia,B12_deficiency_anemia,0.8661716848996679,7.782474176156899e-05,0.0023696260811513327,0.00034396927882168087,0.00016661569151340768,0.0006171432544647502,5.804695873631618e-06,9.714866697853149e-05,1.0153924601619254e-05,4.415190246904485e-08,0.13013972475685606,2.5985640701621495e-07,B12_deficiency_anemia,0.8601309112663413,0.00015875742828242142,0.00511725678468403,0.0008370771598403488,0.0005933020798681196,0.005798430000537988,2.435880630018635e-05,3.337332443322241e-05,4.3678425739923334e-05,1.2253839023425537e-07,0.12726218332664532,5.488589369687929e-07,B12_deficiency_anemia,0.8245598598100194,0.0051471571255105614,0.009504665531226454,0.006056229881936682,0.005234255304693003,0.012246666800396558,0.0037140435286330837,0.002316447097982067,0.0027823552698952084,0.0012977352815230212,0.12551923652402924,0.0016213478441543232,B12_deficiency_anemia,0.7325346975216975,0.006162273317909537,0.017923207930994084,0.010322240186549408,0.010723046712558816,0.040479373450395074,0.005988272216766613,0.0037626041390508946,0.0036371290278561074,0.0016681671347873845,0.1641657894890408,0.002633198872393678
P000261,folate_deficiency_anemia,folate_deficiency_anemia,0.022490082090445916,0.0016429487468999544,0.0006069078060631114,0.0402355245950554,0.018443684271947168,0.8973938808387206,0.0010984596646173325,0.012899052124693559,0.00041524305441865603,1.4511522751411974e-06,0.0047596184405469645,1.3147214316207958e-05,folate_deficiency_anemia,0.048690986401587255,5.359578335912514e-05,2.287610217946531e-05,0.0061803656460699945,8.835600167684439e-05,0.943382522399099,4.243730428723403e-05,0.00035930394842501176,3.7412436430729332e-06,8.232084330112176e-11,0.0011758125999213275,2.4874307215927762e-09,folate_deficiency_anemia,0.1834451911249759,0.010071132269275295,0.00458561712330587,0.023419420869856402,0.019525768271873276,0.6988489679421189,0.00745822619483357,0.003578822766958005,0.004513959983749259,0.0012025994952081195,0.04149632604972949,0.0018539679081159125,folate_deficiency_anemia,0.13037697654121908,0.008127967811365109,0.0034813632729561697,0.01915503529730599,0.01143088743654025,0.7925187093075097,0.008612586481223056,0.0030462301400631586,0.002833664096259913,0.0014362611277282057,0.017021414262192957,0.0019589042256363148
P000262,mixed_deficiency,mixed_deficiency,0.24611518926090428,0.00040308397459441823,1.734774303839091e-07,9.657283314448374e-07,6.941154806021153e-07,2.7778355712896195e-06,1.3500430576998976e-08,2.811226958189298e-07,0.00010059360226620006,5.044475128184542e-08,0.7533761769192934,1.825037100428654e-11,mixed_deficiency,0.1888971559014025,6.985650956473652e-05,8.023817390986329e-07,2.0018574886742605e-06,1.1871662343555614e-05,1.0475723145753428e-05,7.785439337007198e-08,3.4438042500777626e-07,0.0004356479112076653,2.4533804307902774e-07,0.8105715204471827,3.306380322054564e-11,mixed_deficiency,0.07402859329614758,0.0030961356276271164,0.002028645971870854,0.0044121963482497304,0.0019726816683994174,0.002281747466611042,0.0015414648687494493,0.0016893586401884669,0.05173496380144893,0.002092480121159538,0.8543403215308626,0.000781410658685319,mixed_deficiency,0.03052216989774223,0.0010400284769838577,0.0010060672890415511,0.0012612864650630973,0.0017743129999762998,0.0011334552095709017,0.0008572587357065175,0.002168707025106081,0.029976442617379626,0.0010695429552471352,0.9287851271453018,0.000405601182881001
P000263,mixed_deficiency,mixed_deficiency,0.06269305208572071,0.0001421695072283309,9.101843296740209e-07,1.8989170965963998e-06,3.835580079418251e-06,2.875012265450045e-05,3.028672149296639e-07,1.3073799128013609e-06,0.0002951143922480337,3.5348431599482643e-07,0.9368323054291654,5.0033638858472074e-11,mixed_deficiency,0.04235730563689271,2.3094929285099192e-05,1.7315742251872127e-07,2.156344684630015e-07,1.369512374613035e-06,1.912538224099556e-05,1.0252732164206939e-07,8.502618683020477e-08,0.00015604594270125617,1.0929412887462657e-07,0.957442372950031,6.945875751192826e-12,mixed_deficiency,0.03133818299638352,0.002732268938354011,0.0014686450562111516,0.0031042993331479203,0.0011069165282969061,0.0032668628753861955,0.0014141654243665846,0.001423288102484295,0.011953122689142998,0.001916056629414432,0.9394150654750208,0.0008611259517912665,mixed_deficiency,0.015457144689058096,0.001167201091349874,0.0011839255782660034,0.001701131810778866,0.0010617869820334568,0.0018931968090448825,0.001056097534208794,0.002120400334749376,0.009266870344398824,0.000980102441100018,0.9635545081404947,0.0005576342445170816
P000264,mixed_deficiency,B12_deficiency_anemia,0.48195753770024086,0.004523038099083976,0.0023237967753248763,0.037016720362551686,0.0016861663051811577,0.44258923523224813,0.004723831942358701,0.0024042458887800857,4.7608374976894074e-05,1.2470309439285618e-06,0.02269901125428448,2.7561034025165615e-05,B12_deficiency_anemia,0.8261771568512127,0.00034260840779161097,1.0793190032836714e-05,0.005078857269940602,4.7628470822552636e-05,0.15878514529720988,7.803422028365867e-05,6.148335965961788e-06,1.5350481722938697e-07,1.1409223233014493e-10,0.009473392477705294,8.186012542294757e-08,B12_deficiency_anemia,0.42919902998391646,0.018724979516659135,0.01178053783953218,0.03498513092425152,0.01134059175507034,0.4090827998039883,0.013363750314734328,0.005550932003005961,0.004086650143600359,0.0026112072017995605,0.054956723732027646,0.00431766678141412,folate_deficiency_anemia,0.27877898846099225,0.01101578241805906,0.010871652073746537,0.046902376589707105,0.010154794229706138,0.528027624932198,0.01344128928327257,0.004785692147967046,0.004971659175487493,0.0037618847256649045,0.08232056106898294,0.00496769489421592
P000265,no_anemia_no_deficiency,no_anemia_no_deficiency,4.6362406403679326e-05,0.029708566497499166,0.002459887617056402,0.0010750266466816628,5.5501650221462294e-05,4.573587358829853e-05,0.04676126625421618,9.924894800961648e-05,0.00023804421631094902,0.22779546538419787,8.808584383834841e-05,0.6916268086619765,no_anemia_no_deficiency,4.3078391361326365e-05,0.03630595920264889,0.0007174226821287124,0.0004948325433476744,0.0002145998125518301,8.53836148617603e-05,0.04280716873890944,0.0005370735489320515,0.0001673695518786591,0.15266224089126526,9.33197495554559e-05,0.7658715512725589,no_anemia_no_deficiency,0.0007751159623943146,0.016609587739610607,0.04643947683781343,0.00607839595921096,0.0031716957432088013,0.0014317908964827646,0.018170566176088584,0.004647538614866432,0.002545616094126448,0.09829004617637092,0.0009264150470557189,0.8009137547527709,no_anemia_no_deficiency,0.0005596496896251181,0.010382627801143669,0.017301798405453987,0.0027623785119719447,0.0030744063304960737,0.0011839476660523698,0.0090701665915863,0.0035274611351620994,0.0011407613459307256,0.053259868788101315,0.0005969572735044865,0.8971399764609719
P000266,mixed_deficiency,mixed_deficiency,0.2506787488856212,0.0003174187726645692,3.413633431358924e-05,0.0010455650396098636,0.0004995401190168971,0.13494527338271572,0.0010466022846440312,0.0007816739965135897,0.0014694423322866358,1.675496207222822e-06,0.6091795020861639,4.212702429146332e-07,mixed_deficiency,0.17379482170410882,4.986071586239709e-06,7.850146786084093e-08,2.4915086004967828e-05,2.665261077029217e-05,0.04687504007516131,2.4107907738465118e-06,2.4227080474664295e-06,7.862935590313198e-05,5.788093154409029e-10,0.7791900424411926,7.617415489794015e-11,folate_deficiency_anemia,0.20809074215734763,0.014825560862360981,0.006241774342885137,0.016072202306781993,0.016306587876835817,0.4338307067786905,0.013807529289003525,0.007139900908572363,0.02838841697790571,0.001957022326243565,0.2508995795160154,0.002439976657357566,folate_deficiency_anemia,0.14967696189642202,0.007404687421598588,0.003766427257775901,0.011145503245904824,0.02190274948884288,0.4306736518392817,0.011085772717664446,0.003229358455178,0.016875342197125543,0.001530218963715662,0.3411826747090926,0.0015266518073978016
P000267,copper_deficiency,copper_deficiency,1.8656572148555375e-07,2.5522956568663087e-11,3.986979740724621e-07,5.79635706180251e-06,0.9999778960126241,1.5849093545667316e-06,2.5861988843239e-09,3.909242766248661e-07,1.3350121468753339e-05,2.607804421891368e-10,3.9331752672847444e-07,2.2148943696856143e-10,copper_deficiency,7.829397331781569e-08,1.651676525733779e-08,2.124320411406946e-06,5.7594292422627255e-05,0.9999076332731371,5.724592813677952e-06,1.6529967601546973e-08,3.1484428926394175e-06,2.280655855247294e-05,1.0448037852439816e-09,8.556644220210697e-07,4.698377519409296e-10,copper_deficiency,0.007574446405144833,0.002453970773537759,0.00976018228701143,0.053848432544912006,0.8277706474991848,0.015737322723667346,0.0017514653648177188,0.016415998784408196,0.04401010345730215,0.0014659843388228485,0.017857220931190357,0.0013542248900005242,copper_deficiency,0.016365368962899023,0.00582677904874164,0.012127075426358465,0.08699545062715726,0.7238125772822935,0.015594436569292689,0.0038247431019033445,0.021195116266138656,0.08654705901309889,0.0030063528801082717,0.0223347283399322,0.0023703124820763947
P000268,iron_deficiency_anemia,iron_deficiency_anemia,5.551187635571162e-05,3.405552656380298e-10,1.5982463467522127e-06,1.1199751944362062e-06,1.0357070440194304e-07,8.325546277318835e-07,8.199088201981113e-14,3.4829712746474823e-06,0.6850197229974198,1.993457896085422e-10,0.31491762726809347,4.879805685267845e-18,iron_deficiency_anemia,0.00020815708604099282,9.513528817986207e-10,1.1725557232839255e-05,2.5937627982589795e-06,3.2499361148765765e-06,1.663956793689598e-06,2.181954814050525e-12,3.029597314052052e-07,0.6429231045674719,4.3281110103082655e-10,0.35684920078747007,1.894432391113335e-18,iron_deficiency_anemia,0.004080188998254726,0.0008163124208354425,0.006395009848865284,0.004218416602126556,0.009574370320169645,0.0024424923155902125,0.0013381423665020727,0.0025677526684103253,0.824272142221478,0.0018962025015465376,0.1416936407012959,0.0007053290349251807,iron_deficiency_anemia,0.0023338905538193375,0.0006631618175283735,0.004072856777288281,0.0032959958511914367,0.008377943666282776,0.0020914200158869633,0.0007475442010270413,0.001809756167027213,0.8773382755834552,0.00232948821284877,0.09640969896574163,0.0005299681879028709
P000269,latent_deficiency,latent_deficiency,5.454024680457408e-06,0.0012031561273924875,5.454420152193557e-06,5.351450575049632e-06,2.096279980053356e-06,2.9636588862655286e-06,0.0005012146120032291,4.908501311425689e-06,0.0013148101110891256,0.9861957929951665,0.0011986432112773588,0.009560154607485981,latent_deficiency,3.439829368631455e-06,0.0010200564881493017,1.690237547186491e-06,3.4832576739415464e-06,7.418768767300999e-06,2.1758805915371186e-06,0.0002879161730352614,0.00017399155372147497,0.0009687434342419442,0.9895861955079711,0.0010233346128831508,0.006921554256049351,latent_deficiency,0.002392625100843349,0.01920996341066114,0.03891762312135259,0.006006471096564233,0.0024415270307505104,0.002612061478352355,0.02250059480945726,0.00677321400367576,0.008066209860009782,0.7730874422522558,0.006707209273935691,0.11128505856214173,latent_deficiency,0.004210043307444108,0.018248058194994334,0.03779509230454644,0.007583257020160614,0.005029843019679739,0.004910965806508184,0.021708104383754822,0.013695325499543573,0.00938955100834959,0.7764962529239591,0.010197146619055962,0.09073635991200361
P000270,no_anemia_no_deficiency,no_anemia_no_deficiency,4.87623805042665e-06,0.011403012030328605,0.000704640420142094,0.0006945992414200327,3.085882834026744e-05,8.946008820645114e-05,0.03712266975054949,0.0009351484613673615,0.00045903221730316467,0.018757569330735135,3.324872880559667e-05,0.9297648846647513,no_anemia_no_deficiency,5.9044917591938215e-05,0.07184573704564505,0.004853021603655571,0.003223363389141085,0.0015263313808766105,0.0004987122021484305,0.11216077547164181,0.0009342580310590239,0.000563744784726154,0.051675050318659085,8.50552617907102e-05,0.7525749055930646,no_anemia_no_deficiency,0.0005640778929664344,0.014289794775633744,0.009172268176239583,0.0029361544343589835,0.004028458957824218,0.0013821824077735994,0.04632389011043353,0.004229835049850571,0.0014775469833915172,0.01925289670875045,0.0007862687588864275,0.8955566257438908,no_anemia_no_deficiency,0.0006372934712287896,0.023961376665313422,0.00630782838784246,0.004704340937479398,0.011130750897548902,0.0012902876916552081,0.06551894573427279,0.00283895828694695,0.0012361620502901024,0.02429630617439005,0.0007208260906025367,0.8573569236124294
P000271,inflammation_anemia,inflammation_anemia,0.00015961693495396986,0.0011334215634893898,0.009670870348752412,0.013149453095540439,0.008634943673961108,0.0008691941261485471,0.00048016335692130114,0.9562743405087075,0.0025861413561493736,4.387582534271863e-05,9.643408310018483e-05,0.006901545126932842,inflammation_anemia,0.0004916470804737668,0.0018665429534503258,0.009893992142249878,0.07156266336028867,0.018492495457743455,0.0012694975227969542,0.0006182240081259117,0.8870251137538231,0.0010096481140144105,2.0195373954068482e-05,0.00017306446889234518,0.007576915764187112,inflammation_anemia,0.006272734695640537,0.006081593223816776,0.030289617244011597,0.1355023274458067,0.017328008086763283,0.004990674912009939,0.0053938755996406785,0.7527173413544903,0.02228735203153637,0.0032828481123730003,0.009340943913936885,0.006512683379973758,inflammation_anemia,0.001709441259826551,0.0011324368316473184,0.004468910811305898,0.10754758439987289,0.006064393862940175,0.001582228614919859,0.0016180112885201031,0.8664890264838028,0.004565453131035224,0.0009368493392729245,0.002105742837679907,0.0017799211391762893
P000272,folate_deficiency_no_anemia,folate_deficiency_no_anemia,0.009163116636169623,0.19080829950735712,0.009410106435051255,0.02491242724609772,0.010039387659482413,0.03796009734569045,0.36205312956646807,0.0033732323803168708,0.0017990693215125101,0.03568988829766248,0.005120333680484104,0.3096709119237076,no_anemia_no_deficiency,0.00034785445177514744,0.11447504798298683,8.831280634820929e-05,0.002895455936477093,0.002806897563536085,0.0038945787836688023,0.39965855728931815,0.0026459530576912987,3.214373322673701e-05,0.0014821668661993692,0.00020245341592792568,0.4714705781128442,folate_deficiency_no_anemia,0.0024873556376481835,0.41639679693653675,0.00451807793949656,0.005847490877266544,0.008404743496509647,0.00542896712553033,0.41704526948540804,0.004159670529103202,0.002178183898013041,0.013661022709868213,0.002198484214379686,0.11767393715023972,B12_deficiency_no_anemia,0.0028945508597345735,0.44124538981121997,0.002126122842212286,0.006897723171137478,0.013384183246302715,0.008227414945168274,0.41069362958899636,0.005064522852487687,0.001647320328235948,0.006700805918289804,0.0019112961947167937,0.09920704024149786
P000273,B12_deficiency_anemia,B12_deficiency_anemia,0.7970011426125957,0.022132234992512316,2.3068491828869396e-05,0.0002994601267554807,1.1927652971557374e-06,0.0036488820252365715,0.005433370268386963,0.00020730973976744915,8.780490943776773e-05,9.917033902849969e-05,0.1709853025728907,8.106115626266184e-05,B12_deficiency_anemia,0.7023869261377259,0.0028530045695128936,2.818458309601573e-06,0.00032799759420402985,1.6546171178596186e-07,0.0002653351030872683,0.0022030438428508226,6.76529109156412e-05,6.732233914978745e-05,1.7470610456965855e-05,0.2917268081168918,8.145485518355185e-05,B12_deficiency_anemia,0.48641578648317074,0.03183344161788898,0.009959999351418752,0.03361094749497436,0.06104424582738708,0.09435530862618258,0.0377459523746558,0.019706710410021103,0.020907939020035755,0.0065818808748632435,0.18639777353112005,0.011440014388281386,B12_deficiency_anemia,0.454654578461808,0.028494620974307286,0.0083005213263168,0.055156346683479573,0.11432914492386366,0.11210259505580236,0.03554545520698737,0.024219505551161903,0.026402793946137787,0.00787310181933256,0.11649295127682192,0.016428384773980648
P000274,latent_deficiency,latent_deficiency,1.2744162163882678e-07,1.6112650493894902e-05,6.995702981838907e-06,1.1875887771366185e-06,2.1378846859655253e-07,4.573678567313384e-08,2.2399222913014877e-05,6.943217335359389e-08,0.0050684206733056965,0.9942869392901289,0.0002681473366401385,0.0003293411357101771,latent_deficiency,7.140953678941496e-08,1.3611760161196705e-05,3.2842799504299463e-06,7.966177811300893e-07,9.984390064164013e-07,3.717777355535386e-08,1.8653411335963584e-05,1.421371577779463e-07,0.004355525521316523,0.995143540566734,0.00018025193383949443,0.000283086745406434,latent_deficiency,0.00015974762523160752,0.0011756013441816553,0.002157162320563477,0.00039130382070758286,0.0002599025064769535,0.00015913834837218146,0.0008127720692761699,0.00040510519268023934,0.0025255350885457248,0.9894180203812867,0.0007023963681070187,0.0018333149345706743,latent_deficiency,0.00018576099101300648,0.0011805511315301674,0.0010720545822516818,0.00027949748597466386,0.000264186419861501,0.00018238290478603082,0.0004903281368286033,0.0004473907776691647,0.0013417439769142492,0.9921668107246492,0.0006529661397489563,0.0017363267287728145
P000275,mixed_deficiency,mixed_deficiency,0.00017889992998523872,6.241641498147834e-07,0.005127567438720848,0.0014061697072794707,0.005757320703326567,0.08519500794276101,0.0037201850934261236,0.0071850192364029805,0.30573875948560814,0.0020304841645051833,0.5836540987431588,5.863390675863568e-06,mixed_deficiency,4.095003498341239e-07,3.7262990425732486e-10,0.0013986686672650829,2.8705184592536925e-05,0.00297414179883878,0.0020134945982253085,1.887932438672341e-05,0.0105984656765191,0.4645217578956175,9.492419296579562e-05,0.5183505441174793,8.671130086864819e-09,mixed_deficiency,0.010405127012665804,0.0039695886782833,0.020487070514373765,0.06299732564198499,0.05588870068986513,0.04188141905693789,0.005816218873564609,0.019203393957711257,0.24899110219366583,0.004683581733207204,0.5228632066093409,0.002813265038399297,mixed_deficiency,0.0028208931293583718,0.00132697324314695,0.006266875515104443,0.011019846997003424,0.00695528303341133,0.012123888529453468,0.003968014380682803,0.012533741628108027,0.18939762987064676,0.004726677633430716,0.7476367028808479,0.0012234731588058431
P000276,latent_deficiency,iron_deficiency_anemia,7.127320788146466e-07,6.805383378073623e-06,6.71639070732595e-07,1.8129723813975404e-06,4.078000245932027e-07,4.4540636896329663e-10,1.039843480396214e-10,1.1193893172195576e-06,0.5788559940722227,0.4125127577985593,0.008545686488244879,7.40311753315581e-05,iron_deficiency_anemia,5.806951966380528e-06,0.00012993688436009848,0.00011584630804985586,2.1939603262859842e-07,3.04645465429382e-05,2.930357168247293e-09,1.2328235316341919e-12,8.27135237268828e-06,0.5196238808379324,0.4387087203355941,0.040974015975638996,0.00040283447991991866,latent_deficiency,0.002748529374204171,0.01655567934473854,0.011115577278849256,0.010812304778480828,0.006591349044488344,0.0038947480862692326,0.02219589733656145,0.008244429566260352,0.0405763411912438,0.7980123110074067,0.018149253767751963,0.06110357922374526,latent_deficiency,0.0029329237999832507,0.01909052524198462,0.011535564064787014,0.013642012336647814,0.007293780530894591,0.0037210817669370145,0.011906202623346667,0.011258550533004542,0.04495107072989858,0.8131081698711906,0.016800482858921096,0.04375963564240424
P000277,latent_deficiency,latent_deficiency,0.004830352638830999,0.06466764692409346,0.06484821188963244,0.021112501730199264,0.00010464056264944146,0.003725587711117772,0.1250659793811479,0.011148452798118514,0.12416877487797133,0.4714964626629237,0.03433898223697421,0.07449240658634096,latent_deficiency,0.0018406765393707111,0.026641301784229236,0.02012678318951566,0.006490071254805552,2.6265503290793695e-05,0.0007665890184328885,0.06290390678233161,0.01486215293348315,0.08869560950221812,0.592435986768281,0.005808703172420927,0.17940195355162036,latent_deficiency,0.005992809131939252,0.059295167871517646,0.23642554318409226,0.026090249915206278,0.08820239637450984,0.010930149672984493,0.08749548240276502,0.04037971158595416,0.0541696727423279,0.28955063754825605,0.021447322887597323,0.08002085668284972,latent_deficiency,0.0061217555286962625,0.07865699332069388,0.22503167134662133,0.021780699786174026,0.0884478700678128,0.009090535627030554,0.0697214637270265,0.047504136124939096,0.04394817336318008,0.23126955090864992,0.014303612395198832,0.16412353780397673
P000278,folate_deficiency_no_anemia,folate_deficiency_no_anemia,5.194347628261428e-06,0.08366848372762742,0.00018085018556355484,0.0001612210918833047,1.928076201201008e-08,0.0012645177275476423,0.7757404589302735,1.976022936377457e-05,5.613548591772472e-05,0.1302459256801417,1.9575595185682977e-05,0.008637857718105522,folate_deficiency_no_anemia,2.7947795991085008e-05,0.22060892613715438,0.0007756658355516166,0.00012144116188882706,2.7595924757442673e-08,0.0004554654696337375,0.6752462549688807,6.634816585809266e-05,0.0002468744443680161,0.08091617563922644,5.75846027525348e-05,0.021477288182769786,B12_deficiency_no_anemia,0.008560771905436203,0.3108009785686661,0.06819652858762064,0.012901496711088506,0.02638862553604439,0.00982231603040098,0.23280618695680294,0.01197787630424686,0.015281223984832197,0.1440718971858742,0.010418623880916624,0.14877347434807056,B12_deficiency_no_anemia,0.012288549259288645,0.45217414948387485,0.05384351651313839,0.016697812019539703,0.03591229808962429,0.011500665384122765,0.14873432951466192,0.0131683891008479,0.02174563440410117,0.15041448742817978,0.013243182520784472,0.07027698628183618
P000279,iron_deficiency_anemia,iron_deficiency_anemia,0.00020244600390775347,8.455139660675662e-05,0.011422151451007454,0.006154481315163485,0.0005563704813232442,0.000149190850088437,0.00014383784644123114,0.0017721799784039594,0.9525370896214703,0.002655478229767609,0.02423315958224286,8.906324357698639e-05,iron_deficiency_anemia,7.613863240454007e-06,1.3323530705134787e-07,0.013430511735198939,0.0009133768039058367,0.0019218567239014728,5.716516814262679e-06,5.2429509716235945e-08,0.00022039109464912958,0.9800876389024342,0.0001469520079841416,0.0032657020194135477,5.4667641188585564e-08,iron_deficiency_anemia,0.0015296390880870398,0.0008564377259672203,0.007206287255499768,0.005212489840959661,0.00209525368021624,0.0017176030063019247,0.0009063643163099931,0.003831811646351826,0.9389422309414304,0.0021101221801180046,0.034771587204385175,0.0008201731143729237,iron_deficiency_anemia,0.0012361402574549195,0.0005974477535416706,0.003255286070552638,0.004234642128811197,0.0025299350085617434,0.001274231353095302,0.0006579896984857255,0.004807365815198989,0.9105308830379247,0.002172457799350635,0.06818136910024702,0.0005222519767755933
P000280,B12_deficiency_anemia,mixed_deficiency,0.4761098042064023,0.008151739558728216,0.00041316527586534663,0.0062375633577726386,0.001318728072113032,0.022646318481471094,0.0007269420015302375,0.0018808563011528466,0.002074340463913663,4.613916410245981e-05,0.4803665316440241,2.787147292416074e-05,B12_deficiency_anemia,0.5613283219786143,0.00028624028074399516,1.8916048803837916e-06,0.00013339290357855516,8.156421762779718e-05,0.0008556047083143551,7.37829868742557e-07,9.534140677000518e-06,3.9266411900545254e-05,1.7165882952471766e-08,0.43726325230954455,1.7644836678815568e-07,B12_deficiency_anemia,0.5786054109189049,0.00731629195903083,0.0058113826436730414,0.017613928137236598,0.03415576575470748,0.09492698973261479,0.005684279775824156,0.007990507262457435,0.012899376921155177,0.001462139711023744,0.23178311326249987,0.0017508139208719466,B12_deficiency_anemia,0.8038761731416131,0.003221889024187157,0.0036170567156223136,0.014527509384860172,0.024288667645106635,0.033233102735809116,0.00242589510365037,0.006073594231674296,0.004882827848727196,0.0011262375283081904,0.10133863884317325,0.0013884077972680417
P000281,no_anemia_no_deficiency,no_anemia_no_deficiency,0.0026294078631327487,0.08938124759546669,0.0020396209602177133,0.010581080085469778,0.002570416493491406,0.004889721260671148,0.13400985388346964,0.002398012470450008,0.0025498624515368127,0.16866867028781857,0.0030986178066382177,0.5771834888416374,no_anemia_no_deficiency,0.002230379600087752,0.09335558056299222,0.0015642533692790935,0.01205240604420438,0.005395820381267486,0.004787182807468509,0.12941603123097986,0.007721767592079259,0.002318309835420548,0.19460557572410642,0.0027423608828811763,0.5438103319692333,no_anemia_no_deficiency,0.0008083489937675867,0.04336035372189478,0.019149389745008433,0.00290622153537709,0.0036169568063422444,0.0019784510221827296,0.12491459733800195,0.002152577098187707,0.0015853728630561875,0.035621071850179965,0.0009715516129664664,0.7629351074130348,no_anemia_no_deficiency,0.0011459246031625746,0.06987869499809173,0.01732401128881433,0.0038151203452574133,0.005468052157049364,0.0021687905931528804,0.09090632348995563,0.00233650186155944,0.00171469177936513,0.04670353260873046,0.0011697374898707049,0.7573686187849904
P000282,no_anemia_no_deficiency,no_anemia_no_deficiency,0.010561353369303013,0.19158179748974835,0.011294381445312144,0.07528379804351243,0.01063183506721341,0.07161944074362747,0.1804055444942244,0.059208436299428215,0.010578569393154994,0.0045800149410419886,0.009602403977304616,0.36465242473612897,B12_deficiency_no_anemia,0.008013202124519503,0.3128589546552246,0.1166475656424553,0.12414688857533365,0.07139805329498554,0.053460516232923805,0.1349089099734671,0.06385024568680908,0.006022922774984347,0.0009967043451201529,0.006723408250688965,0.10097262844348807,folate_deficiency_no_anemia,0.013869969745395882,0.10819477497128185,0.04411146261960671,0.07697168377659797,0.0874104381151607,0.09039600129765879,0.3514670852615388,0.03244511157588447,0.013100403719985367,0.022959339027584427,0.009437486603836606,0.14963624328546843,folate_deficiency_no_anemia,0.008872562188922458,0.1447755728011301,0.07206019051075778,0.07446659941719874,0.17051187408333326,0.06381398321201154,0.26606327502328647,0.031116292658958107,0.011317503484797585,0.024682064953237284,0.007449516801353122,0.12487056486501365
P000283,B6_deficiency,B6_deficiency,0.00031828388296414,5.730852476608556e-05,0.9977386551098665,1.5431911148077463e-05,1.1803191514835886e-05,1.7850589800714448e-07,1.2696747391147733e-07,6.760710103017306e-06,0.0018307147325255953,1.034169764803265e-05,1.030893261659679e-05,8.583347530698376e-08,B6_deficiency,0.0005223188764958732,0.00046046389705945584,0.993440506400159,0.0005460527860125924,0.00035578526614878575,5.970191004880505e-06,1.01755375764234e-05,0.0001591069149723265,0.0040721810707409255,0.00015579086365808355,0.0002508771921957337,2.0771003976007798e-05,B6_deficiency,0.01797536983928625,0.020529391243085567,0.6363776156667876,0.027521643184770662,0.01725842902419262,0.013346252729643229,0.009708269533026665,0.033130973584033066,0.17040040883060956,0.011116495969359744,0.03570165215731359,0.006933498237891518,B6_deficiency,0.02923282439516831,0.014454003272871668,0.6361070258920473,0.03935535242386975,0.02546816196221675,0.012794177157118896,0.006220391018727439,0.027275185339422407,0.1596850533232825,0.006019087818669042,0.03955450507996183,0.003834232316644072
P000284,no_anemia_no_deficiency,no_anemia_no_deficiency,0.0007783160547733441,0.03319250270523346,0.014729758584051695,0.016949854563096316,0.0031129799284274175,0.004239912080223537,0.06833215010690288,0.0036418495955239036,0.004959814293855999,0.014956391296835738,0.0012112912260036153,0.8338951795650722,no_anemia_no_deficiency,1.6182324034826158e-05,0.006803540657282788,0.002842350320808165,0.0051020152116520705,0.009212516606659444,3.5428431898596524e-05,0.009353810681208358,0.000693736194537138,0.0004494312541648338,0.00029662405115597377,7.962392827944401e-05,0.9651147403383185,no_anemia_no_deficiency,0.0018644640611817193,0.02507057424613388,0.059274012477034135,0.008948299676122784,0.015056909263002599,0.003100086808074291,0.07335342532994893,0.00895936794247542,0.007500992913632898,0.20553077964741362,0.0034643003562331645,0.5878767872787466,no_anemia_no_deficiency,0.002782858150905957,0.02513194590752792,0.051518273567062706,0.010687915589910396,0.030226543941606007,0.0027842534449356465,0.06101926764164672,0.014735600631959993,0.005782688997662992,0.14353017270780777,0.0034292882884660435,0.6483711911305078
P000285,folate_deficiency_anemia,folate_deficiency_anemia,0.000364341588566948,9.976349818928219e-09,7.589765653853859e-07,0.0046424180921220085,5.231265665547532e-05,0.9938642333657506,0.00034718290513057376,3.519476451430086e-05,1.6172427633289487e-05,3.427968222603349e-11,0.0006773692182822768,5.994149711311479e-09,folate_deficiency_anemia,0.002395290268669122,3.8538648152677865e-06,1.106185799015957e-06,0.0035931150813124477,0.0013176962290346698,0.9863261096594818,0.00029000976298527943,2.5653967272795846e-05,1.068819908078336e-05,4.27052073202511e-12,0.006036476291645082,4.856334446122642e-10,folate_deficiency_anemia,0.0714661918228994,0.006399349267627322,0.009182296813961306,0.062358144614796066,0.012342179012625958,0.7606997771946451,0.01247999717470425,0.008157750488873497,0.0075648957359657956,0.0023682936136164116,0.04335410901327016,0.0036270152470145914,folate_deficiency_anemia,0.050359103870035504,0.006903542028501719,0.007972567737048304,0.06896222199321622,0.016883263996018402,0.7184032767234034,0.012328419145233081,0.007740168680659274,0.004794732407030856,0.0018517532917215359,0.10097622905050364,0.002824721076627898
P000286,no_anemia_no_deficiency,no_anemia_no_deficiency,0.01718292053438275,0.09313308982764475,0.015569669087971576,0.11940697456578149,0.039373810592277875,0.0473741402937229,0.12645487121850588,0.0036142859062033243,0.023712221582070345,0.11550025212592083,0.03250414608740968,0.3661736181781085,no_anemia_no_deficiency,0.013916038205627465,0.08300791768112195,0.013926046661203733,0.09440710942838233,0.13648490991139528,0.037975172760040234,0.13508766194781244,0.0027015021731496397,0.02147228156842429,0.11349338845218192,0.03331813814211485,0.31420983306854594,folate_deficiency_no_anemia,0.013300000661005238,0.08957121427529409,0.01652251710548048,0.051160056669224414,0.050753766302411664,0.025842595332548162,0.3532614672101133,0.010293962487468009,0.028266693091158288,0.11680684347058969,0.01397822632276127,0.23024265707194566,no_anemia_no_deficiency,0.013093002703146967,0.12928557704862115,0.013327205514922745,0.037083443991356185,0.12830680407801145,0.019328566667635723,0.19809996055201345,0.015058164004284742,0.03128758760298496,0.15037137836525571,0.012724008615094764,0.2520343008566721
P000287,mixed_deficiency,mixed_deficiency,0.0010143382510727852,0.00569240549190624,1.6529550913734415e-06,8.61409909712993e-07,9.424924068845842e-07,1.6253901070932494e-05,3.637689430694478e-07,5.100306572149302e-07,0.002489840456840107,0.00021635684096391408,0.9905664725881436,1.8129941208755958e-09,mixed_deficiency,9.514738313933093e-06,7.105954462337025e-05,2.2365031413667835e-11,3.6228239728489505e-11,1.7547394554165781e-12,2.8239695630774037e-09,1.4422311877675248e-13,6.084593937614449e-14,4.341602192204663e-06,1.4771836631793465e-08,0.9999150664585107,7.029154656592763e-16,mixed_deficiency,0.017382925511765613,0.003791227284608467,0.0030506609835868393,0.0029321654726942085,0.001064768387736699,0.0022780327873430407,0.0017577576581612971,0.0026995816482287215,0.05036587153946865,0.004278632747359994,0.9093575640314565,0.0010408119475899457,mixed_deficiency,0.007716040512300942,0.0018825887895885707,0.002061269611039618,0.0018169931537275182,0.0010262930014221293,0.0018462842351696562,0.0009365939801727397,0.0013243486429732473,0.030981355167220958,0.0022730992445532186,0.9472590133980477,0.0008761202637837637
P000288,anemia_other,anemia_other,3.6413717639890456e-07,1.2055449425628124e-09,4.9624170351994275e-05,0.999946452266556,1.5753992761444926e-07,1.2703982911842851e-09,4.2106517432842266e-11,1.4956390958580692e-08,3.1158082605267933e-06,4.2648774012501764e-08,1.7915712213522545e-09,2.241629414123955e-07,anemia_other,0.008097822306581797,0.0003434162831219998,0.31614810994645814,0.5938513751504473,0.020525754352202368,0.00027554155312546836,0.00012273283404741535,0.0035222606446236745,0.04761113390614573,0.003527841887106279,0.0008669509006547089,0.005107060235485175,anemia_other,0.008991398007886476,0.004363223739492375,0.07752242471377037,0.8001239320011365,0.008898562404466969,0.010170987957350344,0.004593518371685704,0.023960276525304632,0.03775702248434346,0.0058756894385867155,0.01169657871889437,0.00604638563708198,anemia_other,0.04353880806037108,0.005490132797188056,0.22943186094117296,0.4694406497277776,0.0156345631824243,0.030054742873918495,0.00630406516152009,0.06955657966400725,0.09044463765211444,0.007535665029396905,0.024763231879517043,0.00780506303059154
P000289,inflammation_anemia,inflammation_anemia,7.943274956383808e-16,2.8048903373575566e-18,3.1256001880259644e-13,2.48522559852109e-15,5.748387668887615e-15,2.913461631251302e-14,1.732318645358142e-17,0.9999999999995504,8.197854851555397e-15,3.55802923596689e-16,1.006170222832237e-15,8.92388544390265e-14,inflammation_anemia,2.380137678738228e-10,4.310879270498679e-12,1.3474302880548229e-08,1.8627935561141082e-08,1.649780660855627e-09,8.839620072473047e-09,5.385422262866632e-09,0.999999945487179,1.4652833680167336e-09,1.5507758908646014e-10,1.966873643391135e-10,4.476386724070934e-09,inflammation_anemia,0.0013655216341412109,0.0033845193597702794,0.01370377409842343,0.009448275651556322,0.0027915602877126074,0.0028712727376444002,0.0035802467598091583,0.9509811675852553,0.003378456323055268,0.0024228666521612305,0.001670209500000698,0.004402129410469955,inflammation_anemia,0.003084841713779784,0.004272362903535039,0.06414893968396364,0.02563528801136711,0.0045864866724560265,0.00685221736769266,0.004224510550608656,0.8687298325972946,0.0056045494920378075,0.0037199625008699933,0.002616914813895243,0.006524093692499386
P000290,inflammation_anemia,inflammation_anemia,4.0915386654950786e-06,0.00016868559622635124,0.001460092141201854,0.0005946051507401016,9.652581839863341e-05,1.1943318445732611e-06,3.067667412663964e-07,0.995673051994363,0.0015963945068955317,4.749294202434466e-05,3.3639547873510565e-06,0.00035419525811170466,inflammation_anemia,2.368395478087636e-08,6.823960815369723e-06,0.000489295630097928,0.00011897239707322304,0.0003156925009538343,1.2290721170098547e-09,1.26097433003687e-10,0.9989301411112982,0.0001233588452228813,9.214334806978766e-08,3.7214962486762096e-09,1.5594650569933178e-05,inflammation_anemia,0.0013625062732435444,0.0013193006855533828,0.011416429451213014,0.0050033861935462245,0.002077980433926908,0.001343245468543409,0.001150029696997967,0.9671042585937868,0.0049870254314459345,0.001332418133429867,0.0016744954852671182,0.001228924153045618,inflammation_anemia,0.006187174818456332,0.0045033032670457026,0.02407210704787885,0.02549628575192284,0.020652139976237716,0.006011031155244951,0.0029271986947346233,0.8901760241068369,0.009492948268485008,0.002734835328763927,0.004253515235773068,0.0034934363486200833
P000291,anemia_other,iron_deficiency_anemia,0.004983934037722253,0.0001364988126871352,0.006697292268089363,0.3713746079663674,0.02108681487380629,0.0005288395211327898,9.413635440705335e-08,0.012727469486852562,0.5812061078783611,5.37392600430964e-07,0.0012564045755608577,1.3990504653671482e-06,anemia_other,0.01597720189591884,0.00036088488966830784,0.03329257674262319,0.5380062759652905,0.12492462902096822,0.0006202954993038814,2.647104640605687e-07,0.013484463800141136,0.2705232231902958,2.0318396989130315e-07,0.0028098157535065378,1.6534784960508681e-07,anemia_other,0.039179158788134355,0.007262461510473421,0.09289494763349926,0.4678666569230609,0.06634555426009593,0.04761284805662874,0.010432985210284256,0.04315291506975973,0.13168163224867785,0.0062894991424939616,0.07807456563135895,0.009206775525532684,anemia_other,0.04385165576156727,0.00576048158204712,0.0838405655746055,0.6383581361850937,0.06177557622516625,0.021425663376679997,0.005707928601559782,0.03747051258290456,0.05611229326755417,0.002956252207097591,0.03741031842585304,0.005330616209870765
P000292,latent_deficiency,latent_deficiency,1.6753787875399999e-09,7.218637918668902e-05,1.2386582732531564e-07,1.7087074437563255e-06,2.0384311068195455e-07,2.287741954796115e-08,2.4138589896394617e-06,3.121550689695816e-08,0.0006250317221657218,0.9987604800616742,4.903518486888542e-05,0.0004887606084278544,latent_deficiency,4.623688300350843e-09,0.00019801305455515488,9.322438618548821e-06,2.3324418600686621e-07,1.751605605545785e-06,6.278799494573433e-08,6.550085093860251e-07,1.0365552260575564e-07,0.0017151091423374463,0.9969121814240364,3.861373967556479e-05,0.0011239492752701484,latent_deficiency,0.0005113844137243816,0.003356836353736022,0.003108176031941613,0.0012629127934207186,0.0016321011142404927,0.0007152281161018079,0.0014038415778273318,0.0007304083910888564,0.008261005663678609,0.9674562412125858,0.0023663758780417005,0.009195488453612665,latent_deficiency,0.00015989022270650825,0.0009780121365288565,0.001355847564218392,0.00048083303612356666,0.0005882117911004998,0.00020093834251352157,0.0005924380420148128,0.00043617922431725187,0.0025715142880466837,0.9864901881102567,0.0009812043362104617,0.005164742905962726
P000293,B12_deficiency_anemia,B12_deficiency_no_anemia,0.36305315872129656,0.4439436775722943,0.003803410353343424,0.14244481049500182,0.019998960233893585,0.012821034757955048,0.00042592049795571956,0.003948753249642021,0.001314065547936282,0.00014447364069107563,0.006899267273101835,0.0012024676568885655,B12_deficiency_no_anemia,0.45737610529648637,0.4742313323167065,0.0028328137357772495,0.027710277816067636,0.020709406119650053,0.005255593810801723,0.00047132499915381276,0.0008108014174045368,0.0015921545838368666,0.00012417889789897153,0.008047958497543056,0.0008380525086731746,B12_deficiency_anemia,0.4123464684521018,0.04956866502313293,0.016165428156146924,0.0684027139031198,0.063298931738407,0.24060691523539612,0.033830377359440326,0.01058382851553384,0.014518974866753725,0.0030043961854872756,0.07973553049543244,0.007937770069047443,B12_deficiency_anemia,0.4933435513805454,0.08306094508267656,0.01817631704839741,0.0759730677429826,0.05363577267705245,0.11867354218868603,0.03337131215464547,0.02167633605389093,0.009424112962615867,0.0048573542454944905,0.07363174624157585,0.014175942221436966
P000294,iron_deficiency_anemia,mixed_deficiency,0.008680147397506048,2.4578796683319366e-05,0.0405074844914339,0.05445859983425731,0.012160968772601812,0.04782731900862612,0.006466385923248846,0.010006251385438827,0.27417668221229113,0.011232618851689068,0.5316201976830492,0.002838765643174258,mixed_deficiency,0.00023161011927448093,7.985446775304607e-08,0.03337561723042,0.03113651773896464,0.006547973301089683,0.003815024218275003,4.247893667080451e-05,0.0014603239610370504,0.2839207919958111,0.0016331437404054428,0.6378265968669227,9.842036661464673e-06,iron_deficiency_anemia,0.00479940755958945,0.004335223148926083,0.02607106620918318,0.05112711701776119,0.009885214373993785,0.024118699565172215,0.006268591386710458,0.02284326119507173,0.6840564742182025,0.016355878228887143,0.14383673557470575,0.006302331521796309,iron_deficiency_anemia,0.003113874728192926,0.0028590910625967006,0.03029196412184791,0.03704611686095642,0.009382802175682466,0.007539933923911276,0.002872661794461404,0.10475892267800645,0.6321211711230181,0.02270501194556376,0.1444099145645365,0.0028985350212260984
P000295,B12_deficiency_anemia,mixed_deficiency,0.429353176683584,0.00024634149766159647,0.00012820065451940783,0.0010295346215267304,0.00045063835577990007,0.030193864179863826,0.0007802484682520567,0.00024231840785521414,0.0002955620890033267,7.957743960903536e-06,0.5372663958679861,5.761430006883843e-06,mixed_deficiency,0.1675636887421622,1.9563966361941934e-06,1.9636164743140755e-07,1.3466831888895363e-05,6.382700609773671e-06,0.0013614721575965225,1.109880154938615e-05,7.381004985351244e-06,3.578693225516002e-06,2.66501665016758e-09,0.8310307749041804,7.405014585374734e-10,B12_deficiency_anemia,0.45988240077266107,0.020932791122711257,0.007948422471108567,0.030415144750080756,0.0165209805088481,0.18494706659030907,0.01939608928412784,0.01047489549096675,0.022360434851913278,0.0040776497268968,0.2175541806367529,0.005489943793623648,B12_deficiency_anemia,0.5550219929302003,0.023383837506571137,0.005549448952742638,0.01908090120853213,0.016775417352617075,0.12553583339903013,0.016375287940191944,0.008149638084718866,0.01235729101180606,0.003751427717465975,0.2105016283925506,0.003517295503573117
P000296,B12_deficiency_anemia,B12_deficiency_anemia,0.5848535242815253,0.0326229362750304,4.3656928529272034e-10,5.090413901874046e-09,5.960944417167461e-08,0.000181175534452225,9.644135944437949e-06,2.4550372043000863e-08,8.306626730856481e-10,1.199635924357635e-12,0.3823326292501118,4.274251118957518e-12,B12_deficiency_anemia,0.75558695713678,0.059649138828907156,1.0437249971232325e-06,5.2939280052349645e-06,1.2964622697104246e-05,0.005677412738537475,0.0003180745151235409,2.657131220301891e-05,5.043856176679661e-07,4.5806323815487694e-08,0.17872198459656963,8.404238061372781e-09,B12_deficiency_anemia,0.6663078463659923,0.014771623156744924,0.005798771872042183,0.012495784675007879,0.016889637109026363,0.11645325376724852,0.007320141767445368,0.005398112233672725,0.00753521345618791,0.0035027451800039864,0.13983997534047218,0.003686895076155457,B12_deficiency_anemia,0.7038627627613823,0.02340060322092814,0.00967588828989092,0.020493785119161452,0.01936807250219431,0.07442856593917425,0.010464789008822546,0.011155695693382503,0.00919396316723519,0.007198542146926883,0.10368375791167181,0.007073574239229544
P000297,B12_deficiency_no_anemia,B12_deficiency_no_anemia,0.0009643042116341561,0.761641140650907,7.618464346321534e-05,1.0348624573534169e-05,0.00023933405027851522,6.66967411192479e-05,0.23599163411621468,2.7933060814930086e-05,4.6361584654812247e-07,0.0006846808980140598,3.619748459362343e-05,0.00026108190254053913,B12_deficiency_no_anemia,0.016827477777771896,0.8624871053104061,0.00047258802181608103,0.0006185193668462976,0.0026203730029221617,0.001709205637271234,0.09125716248694106,0.0010287647902054984,4.329950975273465e-05,0.010802986770084646,0.0011295277554653122,0.011002989570517078,B12_deficiency_no_anemia,0.011447644576958859,0.6785529262762584,0.005065503545798993,0.003645917337055097,0.015656183483063454,0.007796607132986519,0.21912417151433344,0.0037956783297351947,0.004044893061829755,0.01737810140022664,0.0051010241309183595,0.028391349210835345,B12_deficiency_no_anemia,0.005107650906680717,0.8637075139430404,0.002593015866549339,0.0018063585473481547,0.004202050703838092,0.0044988309370333135,0.0805243877692445,0.001324822759528964,0.0015823495221430107,0.01015053256240645,0.002241820422531667,0.022260666059655366
P000298,no_anemia_no_deficiency,no_anemia_no_deficiency,0.0004605620018374547,0.0011550817304996392,0.009752428284761293,0.009662849059530822,0.016652265840050175,0.013363676187560779,0.3324910854923552,0.003613190505648637,0.0008595075348629925,0.049817895729322194,0.00045990844354407297,0.5617115491900269,no_anemia_no_deficiency,1.924059334549995e-05,0.0006420014994938175,0.0007719925337454095,0.005690468976790176,0.003915195298305136,0.002748331582608969,0.40932021800785945,0.0043018899225034275,1.4301660083621115e-05,0.004603186551433974,7.370425194609285e-06,0.5679658029486359,no_anemia_no_deficiency,0.004179257721989465,0.10225939940709118,0.009977137565583109,0.010512372167866867,0.051995050957947805,0.01067706758724627,0.1278974338237794,0.009812076085718288,0.005398306454393807,0.07758893871737713,0.0037768597603348043,0.5859260997506718,no_anemia_no_deficiency,0.0021045659866693266,0.03685259923800293,0.008890209801635632,0.0061900955149084246,0.008899869452799103,0.006836017129332554,0.060810629589667514,0.021656781361947302,0.0028241675159993047,0.05447539157567405,0.0019852315604037187,0.7884744412729602
P000299,B6_deficiency,B6_deficiency,0.006786102053948514,0.00014532906916147023,0.8637047430213726,0.05032476819034575,0.011134562390254803,0.03794717421334282,0.0006050756963379008,0.014426979903987279,0.008348550672365403,2.4220055470401406e-05,0.006001399315961719,0.0005510954174514973,B6_deficiency,0.005319623757595164,8.965804219746561e-06,0.8802834433880073,0.10261220491282412,0.00037170747374949475,0.009300684550491727,4.355499689855557e-06,0.0007210281146111496,0.0008087713051385338,1.909425799841118e-08,0.0005671772999325824,2.018799482416781e-06,copper_deficiency,0.026107625600947256,0.0059721036656027494,0.06179173032343168,0.10123777713300282,0.6143244429958677,0.04883757726304962,0.0050244726888227665,0.050832945312915996,0.05250005433831622,0.0034823006048516135,0.02354938173563221,0.006339588337559077,copper_deficiency,0.03635171815779131,0.005373929552406571,0.09253815340661917,0.30919757214013693,0.31982750623208717,0.08775470647124002,0.0056623964816800675,0.06413422094553428,0.036201611614379944,0.004188385144251647,0.03407636216959729,0.004693437684275566
P000300,latent_deficiency,latent_deficiency,1.1442555637858371e-09,5.331727500816293e-10,3.7546173297002256e-10,2.4697884527574716e-08,9.076122620190133e-08,3.375470604730724e-07,0.0007015656711378123,1.752900008713249e-08,8.962072019203213e-07,0.6318420244022993,9.205687865065333e-08,0.367454949074421,latent_deficiency,3.766057818845536e-06,6.602029109617036e-06,3.368622385519764e-07,4.0833734203325815e-05,3.678372954277578e-05,5.1565544389659625e-05,0.02123727977275671,8.1273709294493e-06,0.0003429136472030332,0.8405118852816557,5.258968587069256e-05,0.13770731628428157,latent_deficiency,0.0008415044381717242,0.00460502273092345,0.008588635940692842,0.002134133912732299,0.0019584657317750554,0.0017423972528916641,0.005772816965530968,0.0018015674018524374,0.005430005903307959,0.9413164795861697,0.0023740585346592974,0.023434911601292536,latent_deficiency,0.0008644260635353749,0.005820597248484528,0.0037967151290590508,0.0025224622610332506,0.0024591755020996115,0.0018941592373511189,0.0056003685632346,0.0019377169882115683,0.003989415227382262,0.9486780570993776,0.0030827032352871604,0.01935420344494388
P000301,B6_deficiency,B6_deficiency,1.5662691280299557e-05,1.9845745095755326e-07,0.9858536918080033,0.011138620672523622,3.557727023333965e-06,6.574301763713977e-05,5.568606879418023e-07,4.3626574855373356e-07,0.0028786072317027274,3.732368662835957e-08,4.2872608077752985e-05,1.53361778279094e-08,B6_deficiency,8.006653360907029e-05,2.5643662556865808e-05,0.983686203381434,0.010769895642000829,0.00032315566465305074,0.0005978944572690561,8.306741841844672e-05,3.7178346468967566e-05,0.0037910944763962185,1.093782038476005e-05,0.0005905008913592415,4.36170544941934e-06,B6_deficiency,0.020643829665813976,0.006575405912286528,0.4491003152213837,0.2045279572257346,0.02483054419915329,0.04887172934752008,0.008465739352313126,0.02842064885881165,0.08165551499823201,0.012655165785758852,0.10722359866917192,0.007029550763820209,B6_deficiency,0.022533625516666968,0.005374825528055882,0.47088523802483284,0.19598595638287444,0.02616791532683023,0.058321923145914875,0.006528362491453482,0.023117233187184113,0.05961915930628688,0.008002056649855508,0.11768697464630902,0.005776729793735861
P000302,latent_deficiency,latent_deficiency,7.139983733123115e-05,0.04473096290007306,0.01198083262854503,0.0008174640607334158,0.0007733115249074061,7.271484125111674e-05,0.03655248549073843,0.00015519885862657785,0.0024421492269157347,0.6842459121008052,0.0008527726974345342,0.21730479583263823,latent_deficiency,3.3470762126790157e-06,0.014951801075069368,0.0010251723355408783,0.00020500671955639785,0.00028302555124107054,6.646081781358853e-06,0.005323542318238961,2.6196994578804274e-05,0.00018640118421122542,0.6658117172591882,4.751280783330366e-05,0.3121296305965478,latent_deficiency,0.0027573725354808555,0.04633552743507527,0.08366878217173834,0.009444151727143463,0.020804151524531255,0.0029443654767706685,0.03563093565597877,0.010247170134779514,0.0143724380026588,0.482664778333965,0.005361353001945672,0.28576897399993234,latent_deficiency,0.0024188081019831786,0.0452273271615472,0.08787407362929353,0.007152050998333655,0.009832804132194324,0.002223038465064291,0.03043803703572235,0.007429691738447109,0.008370838034470853,0.5374794028370142,0.0035287830531516495,0.2580251448127776
P000303,no_anemia_no_deficiency,no_anemia_no_deficiency,0.013336593038836646,0.06886204915162161,0.008500638480782042,0.016454932030370063,0.005890101433014403,0.00164383650573922,0.001306230073654947,0.0035863136051037226,0.0006881414710996472,0.009392274144201287,0.00044455661153442415,0.869894333454042,no_anemia_no_deficiency,0.011481001101760068,0.055584856791373434,0.005394976435964384,0.023016516183934913,0.0061235904611354345,0.0005873316621950843,0.0013126131239175527,0.01557124797803897,0.0007838050446292646,0.009131990487348474,0.0005001670873830948,0.8705119036423193,no_anemia_no_deficiency,0.0093053448681097,0.20083308808011474,0.02065293195058938,0.027479480449635208,0.024630819078950712,0.017483779871717644,0.2334848039501744,0.013604788212953823,0.006242545517781614,0.028127835528586047,0.005221942840251762,0.4129326396511351,no_anemia_no_deficiency,0.004519945523923423,0.1171270525606692,0.01684407586495595,0.024860688813375,0.008553398090423202,0.005186580897793797,0.10867865935748158,0.01300719393133356,0.002712879608139493,0.021076343352473534,0.002537717247858031,0.6748954647515731
P000304,mixed_deficiency,B12_deficiency_anemia,0.8908362471610615,0.001159331543707406,1.2773559954281308e-05,0.0019196110738580925,0.0007175785864050716,0.0045525328646196074,1.5814254149845617e-05,8.534116728141091e-05,2.129614826724276e-05,1.1448089946424899e-07,0.10067755016501904,1.8089947771184819e-06,B12_deficiency_anemia,0.9095556551583946,0.0011353836477221246,1.2980811473504248e-05,0.0018746292430725058,0.0011294698275189025,0.014612823631576117,2.9262899035334587e-05,6.949400030883649e-05,2.872666351946692e-05,1.282780789794399e-07,0.07154969760665483,1.7482326444860668e-06,B12_deficiency_anemia,0.5225327865519409,0.0249578394924545,0.013718347067107941,0.037628579618771994,0.030124819724534412,0.08825985235873439,0.012268616585602991,0.010695483054094556,0.018656694280337876,0.004822457794556917,0.23128798598418202,0.005046537487681281,B12_deficiency_anemia,0.4260175697668489,0.02911736860170577,0.018869083019761906,0.07146275569558012,0.05659480422196178,0.19112639238832682,0.016616635086254456,0.03317639047672807,0.021790971579185834,0.005593654003225219,0.12306862017906484,0.006565754981356108
P000305,B6_deficiency,B6_deficiency,7.164326459848289e-05,2.2034131894391648e-05,0.9961922295923079,0.0009573204111424337,0.0001037170885607267,0.00019130799851108929,0.0003251307003800644,0.00012850482672745848,0.0013068558072253922,4.000382933328806e-05,0.0005322397350106375,0.00012901261430809746,B6_deficiency,2.920457906908772e-06,2.5997720809551113e-07,0.9993754982366827,0.00021412461818516316,7.312111251928689e-05,1.631535510868374e-05,9.167798461769857e-06,0.00012198885912121174,0.00014636474471086143,1.1144236741577186e-07,3.808408888458182e-05,2.04330884322493e-06,B6_deficiency,0.0070709348450604895,0.005708568866145978,0.671315113716141,0.10312805802586107,0.017111980325403894,0.025661329126467586,0.007231034025545235,0.0895494097114214,0.0454781832234047,0.004925515694526402,0.0164542989228039,0.006365573517218318,B6_deficiency,0.007222508934555977,0.003560792867358109,0.6160677881857707,0.1317113182181387,0.023109904397232737,0.018718837326213243,0.005258580347447972,0.13778995646156877,0.03054050848685052,0.0036128981575732546,0.018167287103967623,0.004239619513322204
P000306,no_anemia_no_deficiency,no_anemia_no_deficiency,4.471696256481222e-06,0.008612373635695421,0.00016985149061844067,3.7110676339061425e-05,7.415085463853653e-06,6.093466414629464e-08,2.2229543395036667e-05,1.078428724689959e-05,1.445538873756744e-05,0.156492832692337,1.0095803593330303e-06,0.8346274049888868,no_anemia_no_deficiency,8.82868506488754e-09,0.0009669815085610386,2.286890142879003e-06,7.067596432685104e-07,1.8670396652876853e-06,1.0706998031814425e-10,2.134944706480945e-07,1.6377454100178642e-07,5.630775292843149e-08,0.09891714328550909,6.413107465184185e-10,0.900110571362648,no_anemia_no_deficiency,0.0010770969975087716,0.04438659919122707,0.007384062711306986,0.0036079069059589772,0.0034872800306264638,0.002226800934058384,0.0459008184130371,0.004178030288825308,0.002119597102782902,0.09155870971686364,0.0013771763698042132,0.7926959213380002,no_anemia_no_deficiency,0.0017213687138664157,0.06585752278540802,0.004645244657977664,0.005710941010457605,0.004706478905028244,0.0024660367963350847,0.03171998854155208,0.004343315443048959,0.0020984780369459437,0.07912119629203174,0.0011328627942006205,0.7964765660231476
P000307,mixed_deficiency,mixed_deficiency,0.016144697330033396,0.012467691811857171,0.00025966700734782454,0.0008999589363055389,0.00255378368959662,0.0006147291150498656,0.00020560636669069096,8.484599872851335e-05,0.04140315048997255,0.005906105339957623,0.9194542486452459,5.515269214293946e-06,mixed_deficiency,0.01886378690598052,0.024144219297143988,0.0001956844886646526,0.0006477961366100799,0.010548198764057303,0.0015813605176207223,0.00034232109603103293,5.855454067490867e-05,0.06467140075921067,0.012312994956492856,0.8666292066596982,4.475877815216971e-06,mixed_deficiency,0.04210594317882531,0.004390630411981685,0.0025435760625758344,0.0046815135836746095,0.007521608048032996,0.009926528437517592,0.0038195106585648553,0.004594885802169995,0.051035265904845764,0.0037224342862720292,0.8644444216145613,0.0012136820109779967,mixed_deficiency,0.019926814038028852,0.0027607521001503377,0.0013581867235325916,0.0018350104741310799,0.008857041136162088,0.0054121656956754955,0.0027258247336950617,0.003003806156966737,0.025684216557802453,0.002112404647508778,0.9254734201968214,0.0008503575395252191
P000308,anemia_other,anemia_other,0.027102367080217966,0.0029957182605939094,0.02753339081457882,0.5403093338206135,0.05672436834594564,0.09791100572695399,0.02886450697970555,0.10093619663992397,0.021189438576117724,0.00181341142992019,0.0856437617716668,0.008976500553761955,anemia_other,0.02281472996460121,0.0002721818617947502,0.0039107303010671056,0.4961095815249581,0.077492567423283,0.21377125809148495,0.0037594461881303933,0.10087084399969456,0.004325517246729284,1.2606067008620785e-05,0.07592286511778414,0.0007376722134638643,anemia_other,0.07182110559502458,0.016441361484789755,0.020374240364002497,0.4369051103957743,0.0886170854117193,0.2040013897437717,0.01355041300439657,0.06712372164321866,0.021928043061417293,0.003940570511512987,0.04770762868243587,0.007589330101936621,anemia_other,0.04337388962878295,0.01596139131402361,0.014200672930457693,0.2536072629109088,0.22514752381077996,0.21130246007817918,0.011868197824629488,0.18119376394898432,0.013533509013531876,0.0026852077295222983,0.019914541357709377,0.007211579452490689
P000309,inflammation_anemia,inflammation_anemia,0.008228196230132543,3.589997574841965e-06,0.001672252340087474,0.00585182977383609,0.03194882973040135,0.07319796438671043,0.00013402447117703096,0.7872925121196529,0.06516339224341532,2.1976783203675984e-05,0.026459561399910746,2.5870523897650307e-05,anemia_other,0.017886308682820054,0.0001759580359597956,0.0421212814237199,0.36021419443774433,0.06956808026123854,0.22316280904737534,0.013035876564229752,0.11328036829176864,0.08959620352732464,0.00125890967710748,0.06923797240879061,0.00046203764192083506,inflammation_anemia,0.0356726335686149,0.01489016830447301,0.023804501151313693,0.2709363704062798,0.07394465135362129,0.0949479929482266,0.01853327011124414,0.36100804700666406,0.04149686367853302,0.006675952072090054,0.04083622350380588,0.017253325895133707,anemia_other,0.03310510459258216,0.008288210579909486,0.02851833875947633,0.439161043232849,0.15821088414378967,0.06271549893120305,0.009704289702101992,0.18169777713939794,0.032563466604981064,0.005725633437737113,0.02492543154235018,0.01538432133362209
P000310,iron_deficiency_anemia,iron_deficiency_anemia,0.004894607835537233,3.180002890094886e-05,0.013034110610739722,0.00035963206382479796,7.191696456535542e-05,5.740657692123277e-05,3.5530783096085672e-06,0.0003066317413965448,0.9536748223469398,0.00014448196518068469,0.027420821348719433,2.1543896493695018e-07,iron_deficiency_anemia,0.014998563831574387,0.001829742328204547,0.06917542345614895,0.004441242112821412,0.006955537576634825,0.004467200984395004,0.0013989654756044665,0.002206399416333037,0.7460394532050947,0.0032255914525054657,0.1452575344631565,4.345697526777548e-06,iron_deficiency_anemia,0.015071775914773268,0.009219386795751124,0.16622290795370373,0.027637909590573495,0.017487941886949458,0.009642540549836483,0.009771974757538058,0.03745346674053089,0.6456298607682405,0.008788868920659155,0.04403358742948621,0.009039778691957788,iron_deficiency_anemia,0.010894373301988801,0.003107163266600842,0.04640016921793083,0.023206784750764473,0.023257413689073355,0.006198301028411726,0.003626824189493163,0.010104010471993368,0.8294540233149928,0.0031790368149437736,0.038711574363520664,0.001860325590286245
P000311,B12_deficiency_anemia,B12_deficiency_anemia,0.6556816962145594,0.00033207550494707296,6.667178173361393e-08,8.507270394947545e-07,1.4150516963848931e-14,4.700238124870605e-07,1.5277053661812692e-07,1.188227423567657e-06,1.226429993049654e-05,8.383153702021716e-10,0.3439712346508231,7.081663914237194e-11,B12_deficiency_anemia,0.9492627353221793,2.872414247622879e-05,1.8073257570791258e-07,9.716289237068401e-08,4.575555257194659e-12,9.319030731820526e-07,4.219283492793631e-07,1.0491315419831209e-06,6.467768474983156e-06,1.4314811730043607e-09,0.0506993904194174,5.296285569359534e-11,B12_deficiency_anemia,0.7842172052639829,0.00593471438352172,0.0038113857562447604,0.00837715152686125,0.03439645353906832,0.021738786300691402,0.0030622202302120214,0.003991186671278878,0.00730166988983991,0.0013319373250221334,0.12420019236923353,0.001637096744043118,B12_deficiency_anemia,0.8796837774298604,0.003261096838546662,0.0029691773045363787,0.0044570828337694764,0.017493118973533485,0.015022208806029873,0.001979248324678833,0.0028843268531647836,0.005490616320595038,0.0010566651165405771,0.06466526168185756,0.0010374195168870554
P000312,mixed_deficiency,folate_deficiency_anemia,0.002146086344010391,5.584412698932535e-05,0.006358108012910132,0.007881643604205523,0.02530070662933525,0.3896413577276703,0.016812701558805276,0.020978369012433665,0.2873009516832593,0.0009698169903678312,0.24255239199881812,2.0223111948050894e-06,folate_deficiency_anemia,0.001167911733552053,3.433257607676182e-05,0.006807878549713577,0.004325316399426599,0.012155058901301023,0.5384733518103658,0.01816603040177065,0.003004103026536687,0.2331244020398171,0.0004668882177463698,0.18227403851327517,6.878304180909402e-07,mixed_deficiency,0.0058139300171004315,0.0026221811492775126,0.008227373579792167,0.009133552089892437,0.00839472160471191,0.025039820233770594,0.0037823717257772214,0.0058268019438399024,0.2320779755280446,0.004090265122523772,0.6934236688549074,0.0015673381503620736,mixed_deficiency,0.004228742816384409,0.0021355170034066096,0.008393648677230352,0.0053494510449255735,0.0035503829514404294,0.02535306594097057,0.004314911731798701,0.013870763661802888,0.16841588700136678,0.003868218682381411,0.7591293717812825,0.00139003870700957
P000313,no_anemia_no_deficiency,no_anemia_no_deficiency,0.0011976382972735107,0.03166620194529026,0.0001723674244360971,0.011079855554414897,0.0014296690385222348,0.0006935083225102797,0.09017618929706622,0.0021571278188670753,0.0007437606367756707,0.024914213198945857,0.00016103640534125045,0.8356084320605567,no_anemia_no_deficiency,4.337261693717619e-06,0.002059902723329522,3.598503641395865e-06,0.0035810840181899947,0.0028820408821433616,5.099544175348732e-06,0.01008293311560368,0.00010389327532617584,1.0452924709046933e-05,0.0026037953539296923,2.478062022523507e-07,0.9786626145910559,no_anemia_no_deficiency,0.0019440149691295771,0.03975321705657182,0.09036468967328046,0.007865394392496335,0.011710531129079368,0.003127028654642407,0.057183697699360415,0.00801961795842954,0.004663720549794854,0.0957974796906604,0.002561751879831791,0.6770088563467231,no_anemia_no_deficiency,0.0022965935682425186,0.03100907203270207,0.0415150752432005,0.009311633161365216,0.018532970038657608,0.0037159524718839015,0.06484808363728899,0.005432759669400491,0.004376726480150693,0.06161937304963838,0.0027357856456519075,0.7546059750018178
P000314,B12_deficiency_no_anemia,B12_deficiency_no_anemia,0.003689856607527683,0.9174744374795958,0.0009195371482505991,0.00078867109335909,0.0003614472906198963,0.0025687895783540844,0.04844958881871664,0.00041011129546482004,9.742127807968303e-05,0.004707909289036782,0.002726989172374791,0.01780524094862022,B12_deficiency_no_anemia,0.0013189321217060412,0.9769204092835934,2.8157427420174874e-05,1.6932244209357912e-05,5.714077918644238e-06,0.0001476610756347492,0.020025617064692455,3.329812819133223e-06,3.876366546491329e-07,7.453586209463317e-05,0.0010311476044043415,0.00042717578885259036,B12_deficiency_no_anemia,0.004489072865111998,0.871709306705237,0.012299343394210674,0.006317991834899944,0.0038296624259275096,0.003689884079500689,0.0294151714742803,0.002702797122729238,0.004716735024652823,0.023712880189660935,0.00608764871945875,0.031029506164329944,B12_deficiency_no_anemia,0.009400381586465053,0.8438974932268342,0.006844129656616343,0.009510442366776653,0.004381853430750895,0.005654893992537464,0.05784486636088916,0.0037091905966383184,0.004043112692096442,0.017591526823704805,0.006112818137422964,0.031009291129268056
P000315,inflammation_anemia,inflammation_anemia,0.0003979783476809863,8.877715931041328e-06,0.02148192135839825,0.004561314914151724,5.061262244414431e-05,1.2370503117629887e-06,1.899410685107309e-08,0.972448051878307,0.000606984209717287,0.0001727492877045524,3.3102573525627536e-06,0.000266943363893708,inflammation_anemia,0.03506746395538489,0.024982236506696873,0.22598006669305037,0.1384151801144923,0.027019842806164058,0.00020924668790653532,0.0001816236175653452,0.4668997190128373,0.06923642162304779,0.0044143043492170814,0.004110366761248469,0.003483527872388962,inflammation_anemia,0.00339465313027423,0.002725040300085227,0.030756183441348436,0.012953631956616363,0.004694647883173759,0.0033251472822922014,0.0021666281861315658,0.8823343646799264,0.04173006609726555,0.0046142417549364725,0.009066354952895619,0.002239040335053998,inflammation_anemia,0.015111417139457087,0.00464200622634074,0.06323833337816227,0.035653250527070426,0.008386078477894628,0.006130743571471654,0.0031534936487466587,0.7475026021537511,0.08800106956960804,0.006459741147243176,0.01807715989580138,0.0036441042644529045
P000316,iron_deficiency_anemia,iron_deficiency_anemia,1.0852108236642091e-06,1.0932921544000661e-10,1.4533596370153737e-05,1.1734758785195929e-05,2.552494573668297e-06,5.729042745364559e-11,1.682544597993245e-17,6.123682053812538e-05,0.9989277474556475,1.4995068450405147e-10,0.0009811093466913637,2.342236465908642e-17,iron_deficiency_anemia,1.17891428221802e-06,6.787442124055152e-11,6.0101705668940016e-05,5.683549563655393e-05,0.00010816737073379162,5.162304208865494e-10,1.570821632590065e-16,5.584796254319442e-06,0.9996407227617783,1.8102996539541417e-10,0.00012740819051083586,4.610642956267236e-18,iron_deficiency_anemia,0.002008180720661113,0.0007596498434200333,0.005335231283373539,0.00410248262678826,0.0028214791682095158,0.001538730999046829,0.0009588306244606342,0.0037053421413055228,0.813779299693271,0.002103867013617485,0.16224644494816903,0.0006404609376769621,iron_deficiency_anemia,0.0009523458926666173,0.0003439470541466949,0.0018300277800804093,0.001902916275723676,0.0012089260230561223,0.000497326637283221,0.000325274191416868,0.0011455560247823828,0.9468888335027862,0.0012648195582306916,0.04340823376250996,0.00023179329731711458
P000317,anemia_other,anemia_other,0.03233698350700726,0.12024846521159345,0.2569522473269801,0.4309972868864845,0.016219064195040097,0.004915547716014346,0.0005417193093859384,0.056705949562533255,0.012007381797851147,0.0016400175710764027,0.0004729712549485884,0.06696236566108497,anemia_other,0.0006035497700959242,0.00245083325884121,0.019659929553446986,0.9739780973307741,0.00102089450897267,1.4029200765615262e-05,4.7298301505789626e-07,0.00042324336086628386,6.137782100729449e-05,1.0603859299153954e-06,1.7670874395166382e-07,0.001786335117540874,anemia_other,0.03683499458380427,0.011903812035645549,0.11935855358005756,0.351432442519201,0.2772256295724782,0.04050958163689385,0.014831845660848384,0.04302209271701802,0.05252253250288799,0.0141321679699375,0.019356672570195098,0.01886967465103265,anemia_other,0.026500620243782618,0.005722437553978025,0.08433439888835936,0.5997649459948826,0.16028535803446212,0.023044123662227453,0.007208577311609802,0.05282250753484503,0.01648133521492266,0.005429332780185602,0.010038195095500317,0.008368167685244142
P000318,copper_deficiency,copper_deficiency,1.3796782711710752e-05,8.14604823678477e-05,8.825643238688925e-08,4.520654939266954e-05,0.999410870137408,1.3278395583144243e-05,3.435037372622618e-05,1.3840022814573225e-05,1.0979356265004883e-05,2.9731939086629247e-05,2.8633551171149105e-05,0.0003177641530404652,copper_deficiency,0.00015081890672372927,0.000793100109209215,5.781026580608717e-07,0.0006448703723033137,0.994349514568526,0.00018766288949936152,0.00036919951024386643,0.0008916039130060597,2.3239959527417613e-05,0.00012768202085665183,0.0002012720508377749,0.002260457596608715,copper_deficiency,0.004753862275511638,0.044324255701324866,0.18876139444246104,0.015421130083279241,0.3587473937444698,0.0087202632276104,0.07092648513146367,0.018705344986747686,0.007881005603912588,0.049979172919560784,0.005880654789133899,0.22589903709452452,no_anemia_no_deficiency,0.0076822880225408665,0.058197945486943806,0.12900920060024806,0.026420090794261494,0.19002612706895444,0.01973458003487034,0.1209889277633802,0.04995673167105255,0.009374572628629386,0.06009280991622317,0.00821585246129153,0.3203008735516042
P000319,no_anemia_no_deficiency,folate_deficiency_no_anemia,0.00030440838174498587,0.00037587748939739906,0.3151661392535233,0.10293274042480426,0.0379060624944252,0.011002621620534208,0.38253429084179297,0.011709251765106666,0.01908709925318719,0.02679374151920566,0.0009459155014026304,0.09124185145487539,folate_deficiency_no_anemia,0.0023054906069634746,0.0014025357943122164,0.05370249304217046,0.19680350354709136,0.04034688331058888,0.06487150492835059,0.2810945376238448,0.027949059761511488,0.01847354798608581,0.07086452466430092,0.0029960533766021803,0.2391898653581777,no_anemia_no_deficiency,0.010011870906796285,0.12766082460788955,0.068992431956745,0.13307967529231166,0.08197441284732612,0.016793807685119223,0.19031385555629388,0.046653251966200814,0.027493848767766067,0.04489931543124861,0.007840845332024771,0.24428585965027802,no_anemia_no_deficiency,0.005798225871758741,0.08073385255262562,0.04467854254912108,0.17009915701224881,0.0899025607224926,0.015007079851529775,0.16174775662915208,0.020572531455676765,0.009109025043880739,0.0470692073542556,0.004366216868578806,0.3509158440886793
P000320,anemia_other,anemia_other,0.00015215333477769833,1.5757155129254637e-06,7.145329823609743e-05,0.9206818960074347,0.00014047073216196448,0.07828749734588102,0.00060518330826655,4.301992959757608e-06,3.285691756736831e-05,3.0896868862621855e-07,5.874616324577542e-06,1.642776218860441e-05,folate_deficiency_anemia,0.005603630737501907,0.010086742443237358,0.02022510793730785,0.3656394879766857,0.0253785833930778,0.47653608311004264,0.07244223672854612,0.006683175928472164,0.006256113428286073,0.0002294977106969188,0.009332202097710044,0.0015871385084355767,anemia_other,0.01663055739834418,0.009827157123448803,0.009761257353064197,0.8445682007643355,0.006795524526412991,0.06603944400977756,0.009751785445134116,0.007976285937427713,0.0070320657626527045,0.0024522792527038205,0.015851555048264288,0.003313887378434151,anemia_other,0.0762685744372834,0.024075727525377323,0.02933124395039197,0.4407393552111883,0.02058625529074308,0.27594380165243054,0.014472205324158388,0.013059284680288928,0.02245253626775205,0.004662342997354101,0.06903491988270986,0.009373752780322075
P000321,folate_deficiency_anemia,folate_deficiency_anemia,0.0003448671183966274,1.692279541843389e-06,3.022237145436722e-06,0.00025990797686146127,0.00010837165379485339,0.9958785072088653,0.00336748760477745,2.750078952164095e-05,2.2067874837441415e-06,2.6418138282795718e-09,6.416425692183221e-06,1.7276105865807e-08,folate_deficiency_anemia,0.0020334005890647123,9.762939022738328e-05,4.203214673217536e-06,0.005410936777004734,0.0013719227165265246,0.9260232898844701,0.06477102060130129,0.0001143162592352337,1.1047837592234307e-05,9.172321382671268e-09,0.00016215727180533427,6.628577827019524e-08,folate_deficiency_anemia,0.10510480254763885,0.007583942412589158,0.0038974711317337736,0.01850684481755148,0.022156065026275724,0.730058433708909,0.006443822631665499,0.006336362891262744,0.010411618807905428,0.0011786383236139244,0.08693839042149251,0.0013836072793618176,folate_deficiency_anemia,0.17828793736009965,0.006937822164038348,0.005777343975570424,0.023997689327201182,0.0375548810425111,0.5629301097075565,0.010296497078509525,0.007436298468708132,0.008284944831306996,0.0015942708950262376,0.1544786347267586,0.0024235704227132215
P000322,anemia_other,anemia_other,2.0378003134065836e-05,5.153550420779659e-07,7.443850829960506e-05,0.9998858220298705,3.22933704289512e-08,5.708334627034463e-06,1.3915591287885376e-06,9.130834308334847e-06,1.7704742053837849e-06,2.2318134219395077e-09,1.4195265155421795e-07,6.68423548925601e-07,copper_deficiency,0.01484287652523738,0.011705809287015385,0.06951692586104913,0.26077297659696064,0.44363302907441454,0.028357745409235396,0.033876047138652034,0.10885129404301132,0.00867572199818254,0.00026458654010714047,0.0045686543022572385,0.014934333223877246,anemia_other,0.01042004542026869,0.007789661028315982,0.03377600705128918,0.6800307641510647,0.14969896497118887,0.016602401905860983,0.008866582459439639,0.05836664976509863,0.011946255962122404,0.004546254951261637,0.008968559668671569,0.008987852665417602,copper_deficiency,0.008742109255164972,0.00851872384560474,0.07904695333257584,0.16620663317381504,0.47648879201192873,0.016741706402389638,0.00885943107413725,0.2005096800492476,0.01099223624105495,0.005378524186022477,0.006813413186535268,0.01170179724152357
P000323,iron_deficiency_anemia,iron_deficiency_anemia,0.0073455561164564274,0.0017887538510747666,0.043521925839707584,0.08424306601258469,0.07077397120209272,0.0022816531196287087,2.4001788668334727e-05,0.037219010527967514,0.7435188891538457,0.0017009806056859055,0.006790061653381157,0.0007921301289067204,iron_deficiency_anemia,0.00028693022595641294,1.3709486231526161e-05,0.017498210733198478,0.04208924339625704,0.02756617508148674,6.2635637111236065e-06,3.779843362510387e-09,0.03855563120002639,0.8737277617613607,7.857977075013725e-05,0.00017595585031861244,1.5351508595258913e-06,iron_deficiency_anemia,0.008047464390576806,0.0035435078090381295,0.030645211992544236,0.06361318659853674,0.014042428802088468,0.018051254312647626,0.0039252212842717125,0.015961554012341707,0.7099035283868635,0.008171086293299679,0.1201643022559813,0.00393125386181005,iron_deficiency_anemia,0.0021857586598864774,0.0012516193432994484,0.011866061779805415,0.016773621529259507,0.002652716094224525,0.0018405440545385238,0.000810664894348017,0.025701647595477658,0.8410785734946762,0.005129486301872877,0.08969837059646246,0.001010935656148976
P000324,copper_deficiency,copper_deficiency,6.441941845059118e-06,6.591664434420054e-07,1.196083956324802e-05,4.6196007089447115e-05,0.9998822244072538,2.616284124550705e-05,6.965607606854063e-07,3.5968563948930787e-06,1.0776146391604107e-05,4.2675831336226056e-08,1.0848835008191768e-05,3.9372217279206575e-07,copper_deficiency,3.296562288992189e-07,2.3173408665916067e-08,5.010680487474949e-06,5.902646242108555e-05,0.9999084713916191,1.1126420991520004e-05,1.2940433712743514e-08,4.227201234499644e-06,8.084426098008284e-06,8.385387355395945e-10,3.6852625935976515e-06,1.545944858342354e-09,copper_deficiency,0.041103874102951764,0.01671605687451079,0.041890243861290574,0.1065862082123909,0.5356688549879328,0.11782939922193535,0.012825948862519278,0.01754047738169355,0.0444925947738852,0.005137122289945325,0.04640178262615299,0.013807436804791594,copper_deficiency,0.015208847394817048,0.007717024368928663,0.024884707352689342,0.07309999408500724,0.6944527322813365,0.05486692737520241,0.007313905793148014,0.0464704635775819,0.03818740861921495,0.0030788511754815335,0.029655821557271252,0.00506331641932116
P000325,iron_deficiency_anemia,latent_deficiency,1.653805684808324e-05,6.586773451828404e-05,0.0002638103821846542,0.00013561603441959014,0.0003160682814779223,1.4614510305156344e-06,9.421067386819323e-08,2.4935698037708552e-05,0.3999019146039049,0.5918332686103323,0.007269430695043732,0.00017099424152854328,latent_deficiency,2.0541992617586575e-08,3.422737110257802e-07,9.79330973957228e-07,4.63448670890069e-06,8.056683949515473e-07,9.08844275461641e-11,8.147316712172491e-14,9.966298297562675e-10,0.2839443143476044,0.7152770175033355,0.0007716622380648342,2.2252161808353688e-07,iron_deficiency_anemia,0.005816251375070018,0.00932880002488656,0.018927876873897364,0.017636243722266905,0.012886310177183094,0.010399676757903703,0.006666954641232081,0.015964025143996936,0.6288763217734519,0.08091666906566915,0.18209286842749428,0.010488002016948125,iron_deficiency_anemia,0.007781985730990877,0.012274087138659129,0.014493969612047524,0.01782700685553499,0.0098563026816497,0.01211873152613123,0.00579343598152058,0.012294323188299712,0.36529715283981734,0.22304142582768394,0.3106389768344928,0.008582601783172165
P000326,no_anemia_no_deficiency,no_anemia_no_deficiency,0.003145404232755582,0.025639999060337714,0.004026710228597048,0.0035890930404876066,0.000513223650125557,0.0007394685927096947,0.13677901642696114,0.00011762514772933492,0.0007459817134848699,0.10140099526920794,0.0006202174898956802,0.7226822651477078,no_anemia_no_deficiency,0.010979195885815732,0.08425225705386481,0.01863492837289411,0.023453898979792272,0.008348307997765042,0.0055039704543666515,0.2667997800825158,0.003395264112772336,0.0050547929256641215,0.10273045753670779,0.005424975973615191,0.46542217062422614,no_anemia_no_deficiency,0.002383915084697842,0.037425106203396154,0.11171901104903978,0.010315312615082096,0.006938563571883812,0.0018703873651337943,0.0477176882944874,0.005859837852571399,0.004329645210636542,0.073267119128686,0.0021506658727494478,0.6960227477516358,no_anemia_no_deficiency,0.002056679825327833,0.021901346607518354,0.08075542832463214,0.008783618219561444,0.004954902995543397,0.0016045848171761527,0.042549430588772225,0.005091793323107967,0.003834974073897612,0.054400239596413706,0.001790301531750991,0.7722767000962981
P000327,B12_deficiency_anemia,B12_deficiency_anemia,0.8608091984609743,1.562543910843481e-05,5.005956614811666e-09,1.1512635113741164e-07,3.510336379541972e-05,0.00021880100782304882,9.771858576841223e-08,1.1635530614786628e-05,2.7763665743508623e-09,1.9785009014561366e-12,0.13890941556759046,8.549162198142728e-13,B12_deficiency_anemia,0.8030793377521617,0.001158265909348441,1.6702374796445597e-06,0.00012027634143063477,0.0004517965789185789,0.005957179517966491,1.7564318544050705e-05,0.00021570845544176715,1.1081139950693668e-06,2.854263610547523e-08,0.18899706083392864,3.3981487027752223e-09,B12_deficiency_anemia,0.8170880149396577,0.010000680515358367,0.0023712800381299696,0.009790003354346011,0.008011914654520499,0.03478445086301358,0.004302803007755934,0.004072651018658151,0.0033756155523746805,0.0016025045632390956,0.10271121530914212,0.001888866183803763,B12_deficiency_anemia,0.8453842032832848,0.009296622790023915,0.0024793679612372986,0.014074992495630219,0.008117635492226473,0.028666403820648157,0.0031072533086224942,0.005050055230519532,0.0030121945403081803,0.0015180437211575126,0.0776166917491063,0.0016765356072349995
P000328,no_anemia_no_deficiency,B12_deficiency_no_anemia,0.000371385730686132,0.43924675220744597,0.006850607483829986,0.014609892862110906,0.0014220046203549384,0.0016186009335215738,0.36550082725768857,0.0011380509252876334,0.0013445947820023862,0.02111197892258616,0.00016791901132217436,0.14661738526316342,B12_deficiency_no_anemia,0.00028309330615904684,0.6187162060312597,0.004596605559296326,0.04125192447048274,0.005577945694142196,0.002015170044598742,0.11116854899429394,0.002620412699719663,0.001238857535838856,0.018494295742327343,0.00016227597566196067,0.19387466394621944,no_anemia_no_deficiency,0.0078937751378839,0.1800361086917537,0.08400444698644813,0.0344982799323467,0.01467181430778785,0.007750258789321355,0.08818230031122501,0.02202817449642956,0.010362224747344323,0.07150982616128244,0.007495364724734999,0.4715674257134419,no_anemia_no_deficiency,0.004494102397142337,0.36305712042425997,0.024379537276307487,0.020468060678724503,0.008344886107741766,0.004228181358489404,0.062415997654912916,0.010121012422084994,0.003211988955460484,0.023713821575281714,0.003430933637197746,0.47213435751239674
P000329,mixed_deficiency,iron_deficiency_anemia,0.06699923620402251,0.0009033805459499834,0.00011442032811373192,0.002561114937894824,0.002872610307455217,2.488993000265746e-07,3.5775482324862085e-10,0.00038497596168872954,0.9213447224735052,0.0025657193893979654,0.0022492562322366776,4.314362680311921e-06,iron_deficiency_anemia,0.028553962570389804,0.005815391533231225,0.0014002524475848265,0.004374426420693493,0.00902946369595045,5.034131316321922e-08,4.295147058208604e-10,0.0009693100374427132,0.9424042279381093,0.0032061982632360644,0.004246063669728426,6.526528057419489e-07,iron_deficiency_anemia,0.01502918448649761,0.004638964686272388,0.0051394006657147235,0.009975147103641245,0.008609374878271799,0.005847168874131344,0.003292423699958584,0.0037094248065849106,0.5743486486869808,0.00525008683952551,0.36204882245628073,0.0021113528161404802,mixed_deficiency,0.019431236495796377,0.003588157724753359,0.002481731301884043,0.009743417634367996,0.004210388226852037,0.0035481126359717266,0.0018694026628870797,0.004524233524336381,0.39098351072008947,0.004517242848169929,0.55392716465084,0.0011754015740516853
P000330,B12_deficiency_no_anemia,B12_deficiency_no_anemia,0.0021392102089965114,0.5907499970539508,1.4505235813923175e-05,0.0009863120557424359,8.72630044022654e-05,0.05260085038556235,0.3413872681581157,0.0007329736515417582,4.015326374628107e-05,0.00023255934928457082,0.005363402848470227,0.00566550478437317,folate_deficiency_no_anemia,0.005819146306464385,0.26884620355854194,0.00014174698230384793,0.0007476655351247368,0.0013857982923268005,0.11127151926011945,0.5713836696393715,0.0010922306535357717,2.895718049484421e-05,0.00019254387901507106,0.0036275925108378818,0.03546292620186379,B12_deficiency_no_anemia,0.012584210533807,0.5575052808332726,0.010008227061349398,0.008785594024651445,0.02766061297809647,0.033073001863729926,0.25254323788409777,0.01103498418607872,0.004906059415656301,0.013271717020087188,0.005352159931481677,0.06327491426769144,B12_deficiency_no_anemia,0.01627301905992297,0.3493857555520981,0.010188653907399568,0.010873418310666757,0.03605462793959662,0.058332454129229216,0.23683657343187584,0.014204200920373678,0.0047933778543811974,0.03361717850990571,0.00719994459555086,0.2222407957889995
P000331,inflammation_anemia,inflammation_anemia,0.0006979476926255097,0.0002533540787753767,0.04167029453524912,0.007587091707958348,0.0009408806837120542,0.00015273133643180182,0.0001325244502172876,0.9423605941372226,0.004876353903446355,0.00023188578072412403,0.00027943181259384645,0.0008169098810440049,inflammation_anemia,1.1788600529279414e-05,4.340848471409424e-07,0.001457346431919514,0.0004582240624762093,0.0002580213938882008,1.9627530507760065e-06,1.240078052709573e-07,0.99775406783856,5.500418509701209e-05,3.108404236704356e-07,4.444706882510648e-07,2.271330714327538e-06,inflammation_anemia,0.0020097331324649883,0.0018550083443727068,0.04693924602309099,0.022049098315707397,0.0027481900809624175,0.0024880657082387496,0.0017837638620831692,0.8814570964767674,0.02842652150420562,0.00250834983074715,0.005535745446288283,0.0021991812750710655,inflammation_anemia,0.0019348785412206205,0.0013849123794256592,0.02562610240935737,0.03908820108166564,0.0038382326648139673,0.0024606142005394365,0.0012929191473128635,0.8780446496728258,0.037753860971476386,0.0028257969936258706,0.004097810961044306,0.0016520209766920945
P000332,B6_deficiency,B6_deficiency,5.491665048029284e-08,6.871993843360519e-13,0.9999967055072356,3.782570008194767e-07,6.692493213868524e-08,4.946319055987053e-07,2.2032290935018585e-08,1.521431753540484e-06,6.748616588441103e-07,8.427840353392942e-12,8.127896761336241e-08,1.4848960324547723e-10,B6_deficiency,2.936820324909156e-06,3.4881054158440628e-06,0.9998906590014676,2.3860205481636347e-05,1.9582806566370953e-05,1.5142781813068359e-05,1.5123098897957465e-07,3.6395291406992036e-05,4.182087264824185e-06,1.91055480447597e-11,3.6007296618303604e-06,9.205022147648895e-10,B6_deficiency,0.01793341909600449,0.006335270610600377,0.6189036340398971,0.08103219252943306,0.032127799933265144,0.02583015493222115,0.007234797870936441,0.06731366462762114,0.08180229085315405,0.005152014400343923,0.051071691756199945,0.005263069350323123,B6_deficiency,0.026574844194943638,0.004497542294709736,0.7338127686816084,0.06908294739906158,0.028100004820741514,0.023856521110779995,0.0035657747030479682,0.04541939528729784,0.02936012210719816,0.0030207028522833287,0.029944811412697923,0.0027645651356297198
P000333,iron_deficiency_anemia,iron_deficiency_anemia,0.004415667995943912,0.0005068662687034998,0.006717746548552049,0.008615609759424804,0.0033500133120979796,0.0010865466442970917,0.0003305380566178569,0.0019813703747489524,0.7621208420683818,0.03249840375432521,0.17814005686945678,0.0002363383474501797,iron_deficiency_anemia,0.00010079914032543008,5.898337711237697e-06,0.001354541192220872,0.0017441937668735217,0.008074013573262151,6.060489383977254e-06,4.5163833737730616e-07,3.199060064003734e-05,0.9531776480127149,0.01361022021320263,0.02188608488874801,8.098146579793479e-06,iron_deficiency_anemia,0.0020128690395635916,0.000913151171860484,0.006766440232091785,0.00707428793841843,0.00246051984567379,0.0014057454108697062,0.0009535702727169171,0.003808067699310167,0.742262569502853,0.003638281890967094,0.22818754954021167,0.0005169474554632513,iron_deficiency_anemia,0.0039934551402627805,0.001003917202294825,0.004800185180849446,0.00463582876903018,0.0031246572619357676,0.0010916185325966577,0.0007897438206972194,0.0029377827955238953,0.6931919325239594,0.0027681239317480563,0.2810715842429485,0.0005911705981530987
P000334,latent_deficiency,latent_deficiency,2.1596441697297016e-07,1.8526431172667725e-05,0.0005520459840504911,0.0002400336528782503,1.5939447155337552e-05,3.584351500638738e-06,0.00016238987273964727,8.090347833432028e-05,0.2613816402619962,0.7330201272321172,0.004104873227558431,0.0004197200960799062,latent_deficiency,5.319940761969277e-07,6.356312131270078e-05,0.0010840065617097648,0.0008372122513103374,0.0012515677205543682,9.144139585720987e-06,0.00013622447987587485,4.0232961228456025e-06,0.10233751982580876,0.8930573681170206,0.0009700030196085003,0.0002488354730143696,latent_deficiency,0.0014863501285950955,0.0062363354286510495,0.027105220924440246,0.009515381341902544,0.009893112286764864,0.0025841708719586986,0.014958315450975325,0.011658198006000183,0.05981166744231609,0.807892055137508,0.01335275792240965,0.03550643505847824,latent_deficiency,0.0021206555246308365,0.009743861883946114,0.03560049232859771,0.01862753338220722,0.012974757511088914,0.0032293005137603767,0.013582111754361149,0.012754540532690952,0.09211730500250329,0.7378533727030547,0.012740321886759559,0.048655746976399177
P000335,B12_deficiency_anemia,B12_deficiency_anemia,0.7404196337528587,0.003116952796853961,0.00012642041826998093,0.019467672070888842,0.0028148133845070315,0.09559205056424556,0.00024440661136869516,0.00035581524248051233,7.423171635878842e-05,1.5883047629451834e-07,0.1377861376380217,1.7069736699367488e-06,B12_deficiency_anemia,0.8883480570641841,0.0009824235326477604,1.2767853941473197e-05,0.002254296414183281,0.000669812577566603,0.015266390455328314,4.137845673451011e-05,2.0856099893521723e-05,1.2147000176465563e-05,1.6694718676226978e-08,0.09239166906046112,1.8479016399255642e-07,B12_deficiency_anemia,0.6468588637412911,0.005629057314031968,0.004639334936446235,0.008499266046867343,0.00919430784060599,0.19533241066901844,0.003860876232298975,0.0021970221664650187,0.002598562912182311,0.0009596935874936052,0.1190735002929671,0.0011571042603320887,B12_deficiency_anemia,0.8708081238363672,0.002762476194315748,0.0017099932866597774,0.002686049319169739,0.002422459657841768,0.03000678204048185,0.0014882834268179679,0.0012949093523752376,0.0009414164605675711,0.0004591104455418131,0.08493147728587135,0.0004889186939899888
P000336,copper_deficiency,copper_deficiency,0.007317641095434563,0.017266439814006374,0.09158154491362774,0.2348408449681904,0.5734018566954302,0.03344158844172927,0.009934611233668471,0.006711428288289005,0.015158878845360572,0.0016668185380793671,0.00214219404704295,0.006536153119141094,copper_deficiency,0.0008407915121933941,0.0005697986181463158,0.005939193058928256,0.09305379044695336,0.8881617640020903,0.01039497524957085,0.00014315656914727583,0.00033963124912039853,0.00031681709103388345,1.2951944338986933e-05,7.807391714029208e-05,0.00014905634133645086,copper_deficiency,0.020559257979705547,0.007956566849894443,0.06047627995162864,0.17047108890471635,0.48629205413613846,0.02246506305758761,0.0054514468347940815,0.03592006924600032,0.1378042282885586,0.007015623726946542,0.03833587562541884,0.007252445398610433,copper_deficiency,0.01702371527496297,0.0035798280778152067,0.027197196726695214,0.08803396619696525,0.7295378360489073,0.012526308409992805,0.0030326183677586304,0.01724663099118842,0.06923028766475628,0.004031846439052317,0.025634835009759403,0.002924930792146367
P000337,folate_deficiency_no_anemia,folate_deficiency_no_anemia,0.0005446117954639215,0.030814276125259096,1.987250720975417e-05,0.0007370524195362166,0.0002726738547287193,0.290326040308943,0.6687947867520981,2.6084939453200738e-05,1.0760512925679647e-06,5.30793986749474e-05,0.0005426757901901444,0.00786777005715026,folate_deficiency_no_anemia,0.013420148084741776,0.1018835299837212,0.0003106294805201356,0.008853486396293781,0.0071711854320188825,0.3525010759235518,0.4976751634322867,0.00035724415240157806,2.778906173710229e-05,0.0010270554490146174,0.009646144469066103,0.007126548134646632,folate_deficiency_no_anemia,0.021648197240161735,0.13886485968984685,0.005547922026954484,0.016843948419742502,0.012337353496921444,0.1997463146026416,0.5163733616855583,0.0076780434689051975,0.0037577640014132,0.008605942293005563,0.011291353017994497,0.057304940056854686,folate_deficiency_no_anemia,0.013012291172064362,0.13071528142846156,0.003990563155944062,0.009174038904869607,0.011588131373676269,0.09383468456028148,0.6823770341984738,0.004605019220060109,0.0024570944970026994,0.004386748059350176,0.007629846695555346,0.03622926673426059
P000338,mixed_deficiency,mixed_deficiency,0.0005451800109384393,8.965633430518405e-06,1.309603236497645e-07,7.935854760097987e-08,5.400389936713999e-07,2.307695260079033e-06,1.1289353948398804e-08,4.49981765161496e-07,0.0006511775625267435,6.227603763486542e-05,0.9987288797357908,1.6954343908195562e-09,mixed_deficiency,2.131963842300966e-07,1.204029395966076e-09,1.9459313216786983e-14,5.06845303322668e-13,4.857130274192059e-13,1.0893966177161153e-13,4.3366033305792677e-19,1.4299044997772803e-15,1.565738380573588e-07,2.996562537853819e-09,0.9999996260280635,9.742719271369917e-17,mixed_deficiency,0.08014923409496931,0.006205498683737315,0.005163213217238029,0.01016477796919587,0.016149347703515372,0.021494127734587733,0.006497691160943515,0.006319092417526791,0.05583816277361012,0.007930891119735318,0.7806413148720417,0.0034466482528988365,mixed_deficiency,0.038829932461673995,0.004592713380275306,0.00404570494998909,0.008744917402718414,0.014915194515245372,0.007850293166977006,0.004288275108085272,0.004702067374753621,0.09225171303338375,0.005593235655408579,0.8106276244707369,0.0035583284807527565
P000339,latent_deficiency,latent_deficiency,3.642595468620166e-05,0.0033781412243956517,1.617152779490046e-05,0.00016405581689998334,1.0925662678197858e-08,0.00030826963242515967,0.17277904281522224,2.5671068203331317e-05,0.0011888209392868362,0.4528789817253724,0.0017332876031817602,0.3674911207668688,latent_deficiency,0.0022413702488173082,0.040937317696888964,0.0010274787443505596,0.002337041780653091,0.0029966033846766547,0.0068308490107220595,0.31348744916385574,0.0010869007568950647,0.0036214945177960732,0.46318903044340737,0.016324095559070006,0.1459203686928671,no_anemia_no_deficiency,0.003190945421224831,0.07345420138335519,0.013741534897131405,0.005081569654954703,0.019759773553431816,0.004920376584542857,0.23678252085590204,0.006391123053495562,0.008077899335665367,0.1307959622770814,0.0034669323446845837,0.4943371606385303,folate_deficiency_no_anemia,0.0034988522527027084,0.10002342929543773,0.00908551782377655,0.004247119086502221,0.011971988144256384,0.004419688013040237,0.4167926257272748,0.0031643582073027903,0.0055788399633057845,0.23268362766873163,0.0031235325444732066,0.20541042127319606
P000340,mixed_deficiency,B12_deficiency_anemia,0.8392429498367648,0.0001049973928839976,4.647774575279842e-06,8.648411566570516e-05,2.7000997017427198e-05,0.005914192828617033,1.8867995955213352e-05,2.8233499317923273e-05,3.128050093077535e-05,1.0329122696059959e-08,0.15454132748584473,7.24330435717618e-09,B12_deficiency_anemia,0.8730789689073043,1.0067392849262898e-07,8.532984320504772e-08,1.6578603327779927e-06,1.2078971248201581e-06,0.004012796221803968,1.6732792531941014e-07,3.682959551276918e-08,6.729932416128951e-07,3.5994356404810965e-12,0.122904305954194,1.1066015256974324e-12,B12_deficiency_anemia,0.45581130150482996,0.0041805773098783135,0.00874018094036965,0.020207088387303437,0.011022576221516414,0.15985484115957052,0.005987795264735979,0.007861963764718236,0.005371210812772625,0.001510682716612346,0.3173640660623263,0.002087715855366311,mixed_deficiency,0.33768930777887246,0.006558814624248542,0.014928040897041141,0.027909228202303123,0.015072693109602275,0.19821594859695,0.012099459900236397,0.015355044753768487,0.006979650183345165,0.004218171352144606,0.3561615353355765,0.00481210526591124
P000341,iron_deficiency_anemia,iron_deficiency_anemia,0.00010619016233568337,2.0855384079755446e-05,0.003515359205388624,0.003060732921725429,0.004349935699346956,2.6305725238171136e-05,4.369411216657441e-07,0.0004574321910249484,0.9165218449694237,0.04716390945369708,0.024692402645276026,8.459470134203303e-05,iron_deficiency_anemia,3.201420625464215e-05,3.2710895072746763e-06,0.00031180507446192595,0.004407905775048453,0.0021732366622188096,9.550557712682556e-08,2.4391176786295155e-11,2.2326828418373098e-07,0.9462586507327142,0.014589766731915851,0.032222752036704584,2.7889292198073115e-07,iron_deficiency_anemia,0.00481819285854355,0.001869782970674873,0.00936777352873707,0.016913557219686577,0.008717822360358153,0.004767828009533224,0.00167514375541854,0.009888659532048717,0.7984226388139388,0.00740732602431616,0.1346197272693395,0.0015315476574047466,iron_deficiency_anemia,0.0056259547629933385,0.001711215167157327,0.00861973091308051,0.012234415720402068,0.013839024392237616,0.004523300156879037,0.00119076207530393,0.007600309027171575,0.7586895973979305,0.005027095935992757,0.17974386857500144,0.001194725875849885
P000342,mixed_deficiency,B12_deficiency_anemia,0.9195270119902129,0.002069963633532151,5.5556358392709074e-09,8.821289464031343e-09,1.1300788555110077e-07,1.6119145936379046e-05,2.144631221442799e-05,7.833459694017442e-08,4.035121497204354e-09,8.689089087463019e-09,0.07836524013227975,3.422058985822846e-10,B12_deficiency_anemia,0.6397159235060293,0.14907118137787492,5.106191002723035e-06,5.542110550430198e-05,0.0007132116397851658,0.011572286240308764,0.0026162389070229276,0.00019615765822416018,6.935813921134082e-06,2.8048446351856914e-05,0.19601708345134566,2.4056626290190904e-06,B12_deficiency_anemia,0.9080248207009901,0.004093168807712503,0.0010783542617544813,0.001469844123102897,0.003003572031883379,0.01018258309666852,0.001898858395969324,0.0007971939231834379,0.0015214675349598135,0.0006815330105355957,0.06653877217014588,0.0007098319430938685,B12_deficiency_anemia,0.908283119965976,0.004624454826745785,0.0007388304847972128,0.001101992562917059,0.0013461814305409225,0.009591994687360685,0.0018963795956608875,0.000734594964000402,0.001246433534976151,0.0006929284187072242,0.06917750070022698,0.0005655888280907465
P000343,mixed_deficiency,mixed_deficiency,0.0005905145145216976,7.640241243424966e-07,0.000633967858796909,0.0002088797773485946,0.0007667235675767456,0.14505514742912426,0.002363185466285556,2.1090336701095027e-05,0.2710479232501699,0.002401083365954861,0.5769102274103393,4.929990568523679e-07,mixed_deficiency,2.157187076994343e-06,1.9851078517282683e-09,8.862275999662471e-05,2.443380182397595e-05,9.272065705617521e-05,0.011998804566284002,0.0001320253950853282,2.1444333325447274e-08,0.350638189078809,0.00046447479046063026,0.6365585479217815,4.121845330238832e-10,mixed_deficiency,0.006367861392678957,0.0016135826686936544,0.0021821533137902586,0.003497536963107585,0.004458539780629005,0.020551431960143775,0.001611923012606759,0.0016119384474100054,0.04953014522685236,0.0013696841623944533,0.9065662544772971,0.0006389485943960289,mixed_deficiency,0.001325400383204,0.0006454097351051381,0.0015619820442442983,0.0011515511540903193,0.0010341637491657197,0.009980538300987345,0.001151820149840182,0.0009294543961988284,0.03067946368620732,0.0013584492924634307,0.9497661574183268,0.0004156096901664593
P000344,no_anemia_no_deficiency,no_anemia_no_deficiency,6.926736479585606e-06,4.5616259472922815e-05,2.7182967043958506e-05,1.8732583032949552e-05,5.221107804809138e-07,1.49386546402147e-06,0.0034540016030025584,9.287254772801449e-07,9.181739099761838e-07,0.007837961217381468,9.364655302624512e-08,0.9886056221114017,no_anemia_no_deficiency,0.00030505024834069687,0.01243844351567882,0.0003339328524065073,0.0014855824955648457,0.000623889593671726,0.00025222238275505576,0.04207603830545529,0.0006025865178209073,0.00017867588448846074,0.034388886143274185,4.7637400847954064e-05,0.9072670546596956,no_anemia_no_deficiency,0.0018498525032424786,0.031127559381770847,0.01652385357577284,0.003945621862095057,0.006098140951008875,0.003153454309303558,0.096471584423147,0.004243344980240242,0.0027249586509443015,0.07745192803855268,0.0015576066447667448,0.7548520946791555,no_anemia_no_deficiency,0.002511440931166256,0.05146566888306491,0.0068945134809663584,0.0032872396930331894,0.007044356248816841,0.002631953188117791,0.13151132233670987,0.0025650087714358736,0.0019355060986916085,0.05027889189148064,0.0015383638767997314,0.7383357345997169
P000345,B12_deficiency_anemia,B12_deficiency_anemia,0.9992110841652063,4.61398567384426e-05,6.07241338509826e-07,1.3786734079330202e-06,1.767125581390152e-06,1.182435119474457e-05,9.281715437210285e-07,2.8044902046400582e-05,1.0105793005818119e-07,3.1313754552797107e-10,0.0006981228244149014,1.3174598558100561e-09,B12_deficiency_anemia,0.9926897791547711,0.000408349389155273,3.2037086004753305e-06,0.00015297614810869152,0.000139269846418526,0.00010193006557016087,4.091634039238138e-05,5.278142048784014e-05,3.162355385036886e-06,3.97686937627909e-07,0.0064063012151274225,9.326690453794158e-07,B12_deficiency_anemia,0.756957935929325,0.009905430804488477,0.006473245614504169,0.023522134418816468,0.0274718050372519,0.045456539922797676,0.006027915892875115,0.008079552083981622,0.01572657235824321,0.0016252998226408378,0.09700687822775328,0.0017466898873223383,B12_deficiency_anemia,0.8139988016655225,0.007324277261748331,0.0033514159787230557,0.013899208446458849,0.019451167570278302,0.01796827886811659,0.003909137460756756,0.003182047307877383,0.008319197188424853,0.0014132907971541287,0.10545928794089957,0.0017238895140398384
P000346,folate_deficiency_no_anemia,folate_deficiency_no_anemia,0.001523672770012971,0.05110750183652208,0.0017115652638819742,0.007556700218469077,0.001532439354339463,0.032176926964702986,0.7736648424148862,0.002917476130503486,0.002294989927763851,0.02924334725065498,0.010088650877161959,0.08618188699110102,folate_deficiency_no_anemia,0.00014513460132507336,0.029869044302940715,3.843653902559463e-05,0.0015977635230126415,0.001267905586250438,0.042240212617828884,0.8674438583368701,0.00028756331910350237,0.0003369525149734616,0.008988858606013953,0.003739838252628087,0.04404443180002723,folate_deficiency_no_anemia,0.0019113056025357685,0.1385974020764633,0.0034953026103910255,0.004427121683329933,0.005235082803936836,0.007067448382957301,0.6919614576587485,0.0024716892049734722,0.002944509110625105,0.020834860102074696,0.0025353582387878204,0.11851846252517637,folate_deficiency_no_anemia,0.002230439234282323,0.1432847148275584,0.004265574824070163,0.007050378899786153,0.010384237404316089,0.014550822377948965,0.7151654939405897,0.0022529023554153857,0.0025473536805539904,0.020618781151551368,0.004318054636216594,0.07333124666771068
P000347,mixed_deficiency,folate_deficiency_anemia,0.0024273764671845135,0.00015029284734211805,0.00020128367741914182,0.09351559773007488,0.001979885146650724,0.8189010668440546,0.0012246722323592013,0.04762606799109837,0.0019547558900744728,6.448092823912694e-07,0.03201785554348494,5.008209743937193e-07,folate_deficiency_anemia,0.0008286063246813737,5.52802485132577e-05,0.0002898761632934994,0.03200308708591572,0.032040906822583676,0.9091363027642486,0.0007287998973184688,0.01902304438378641,0.001702000446243863,8.437975370480747e-08,0.0041919629302027495,4.8553458594169285e-08,folate_deficiency_anemia,0.05034295720089325,0.012037585294492953,0.016880630060126623,0.061997334722808106,0.02737245162184569,0.6516858672233306,0.03137804936039546,0.025038501700228685,0.02387995286004102,0.005860596757605,0.08830856188762244,0.005217511310610218,folate_deficiency_anemia,0.026143371944315465,0.005038595080766669,0.013872401284418403,0.05675004544828566,0.03580468987015554,0.6309299058700811,0.023809875314215447,0.019501801799832803,0.027133736744507572,0.006338044282735133,0.15050057499467698,0.004176957366009238
P000348,no_anemia_no_deficiency,no_anemia_no_deficiency,0.004901538396240573,0.1571761928410645,0.020084905905798523,0.08828888364355338,0.019746691313587767,0.003940022961037792,0.06291179900588122,0.004588337316734651,0.0030184152572020582,0.01609283975933496,0.001413718819684094,0.6178366547798805,no_anemia_no_deficiency,0.00015650916709507371,0.03341210538502057,0.0007353853445643594,0.024263635850848286,0.0016423551402722772,0.00022787792778463468,0.012512667816191968,0.001394324608027542,7.005828323169462e-05,0.00044519266124383813,6.519981673759179e-06,0.925133367834046,no_anemia_no_deficiency,0.0047157890062354555,0.08451301174224018,0.055783649280134455,0.027055801934706573,0.03138638106377551,0.005528543749674047,0.1550664782338411,0.008444410319382459,0.0058387856249625565,0.03676546402519777,0.00408248327815612,0.5808192017416938,no_anemia_no_deficiency,0.0020985581346784606,0.05136981529820179,0.00901810448777033,0.01984633214134305,0.005910545727415423,0.002289933370797627,0.08926266410823915,0.007220535760579752,0.001462037595910661,0.00986979837730831,0.0011284539512438057,0.8005232210465115
P000349,iron_deficiency_anemia,iron_deficiency_anemia,0.005614617348857091,0.0006231843869429653,0.018093373365997988,0.03282594752837156,0.0016904357962255014,0.00851272362555313,0.00027697651548738017,0.003935521736289567,0.7405176963300544,0.0147074280247518,0.17315497967907265,4.711566239586572e-05,iron_deficiency_anemia,0.0002785485996418664,1.0394164634133987e-05,0.0025289772752829843,0.006032173095076699,0.00905681166418592,4.422874071649265e-05,1.9039745830223613e-07,1.1996145450381215e-05,0.9219175147747641,0.007015629989507389,0.05310216246153637,1.3726917454362163e-06,iron_deficiency_anemia,0.0049977983682905494,0.0017337049298790928,0.01965776892216716,0.030920403023371127,0.00483832885955261,0.005565520273573881,0.001882648725936669,0.007633741964863799,0.7114701278277648,0.004877071273913646,0.20507447098177428,0.001348414848912383,iron_deficiency_anemia,0.0015928676026665978,0.0005210758594320282,0.004217780599828803,0.0031181382563976517,0.0020145549242723687,0.0009757346681700708,0.0005155914837219229,0.0016166108894416086,0.8426371751159278,0.0021048734583772595,0.14030577614176254,0.0003798210000012074
P000350,mixed_deficiency,mixed_deficiency,0.0760832366495925,0.00531913705565651,3.590232161124764e-06,2.3314343030242064e-06,4.18246908437032e-06,4.00267240914517e-10,2.3075507096524734e-12,4.937505796529231e-07,0.026247011370056725,0.00011253719854724773,0.8922274686982946,1.073914961227163e-08,mixed_deficiency,0.19877338174498102,0.00613219216106755,1.5532711141063154e-05,3.741059469344085e-07,2.7350516776670056e-06,3.7638282265975114e-11,5.293519243490217e-13,4.9813320412237934e-06,0.005537588165926492,2.913724696714649e-05,0.7895040755228205,1.919262675103855e-09,mixed_deficiency,0.0965573163640489,0.011087056894473125,0.004994386619689458,0.008592291099920563,0.006006257967963249,0.01690341486954377,0.004969219235447432,0.0035932545685173683,0.04388814383831218,0.004296284807945469,0.7970318342464822,0.0020805394876563022,mixed_deficiency,0.07615747184895884,0.005099703522021275,0.002885610437366845,0.005113403713674187,0.003649395049572638,0.006435648086415836,0.002414475185512943,0.0032117404098727887,0.03153184772122596,0.002948005708005955,0.8590166311408688,0.0015360671765039303
P000351,inflammation_anemia,inflammation_anemia,2.992007492515352e-05,1.203399532428867e-05,0.014264902871002062,0.0012445443054846894,0.00248813546774478,0.0008784197911110887,0.0057682276665738195,0.9719882517157432,0.0006364801995478268,2.35673994458243e-05,9.918891770006703e-05,0.002566327595397239,inflammation_anemia,3.2304842359691806e-07,2.5613572274436365e-08,0.0005856647635926344,4.92225239962941e-05,7.752763750160078e-05,2.6705304768563094e-05,1.4952229862064475e-05,0.9992044115112148,1.350318147791363e-06,1.670501218003269e-10,7.357470085580377e-08,3.974330716939027e-05,inflammation_anemia,0.0027104272989005524,0.004631000958559193,0.04233366419268276,0.01631939461773719,0.011279599668959143,0.003874841905830069,0.00607939807464433,0.8808090049133251,0.014369422602467851,0.00580065730250324,0.003955579468297488,0.007837008996092801,inflammation_anemia,0.00047266161318192324,0.0006575854222013074,0.009658730566598557,0.00529800736014956,0.0020947113787171566,0.0009987641149604807,0.0008962775769710883,0.9749417604280706,0.002236389999940025,0.0007857033689703138,0.0006771090863819089,0.0012822990838571118
P000352,B12_deficiency_anemia,B12_deficiency_anemia,0.8509786637082671,0.032623719351822164,2.3802880052085902e-06,1.2777688830554973e-05,1.1719751585857626e-05,4.089463985037483e-05,1.4077874392828321e-05,8.792650788228482e-06,3.3740512311965005e-05,4.160441723126765e-06,0.11626784292735758,1.230165065110925e-06,B12_deficiency_anemia,0.7998291958378553,0.005151071419123025,7.30073400702602e-09,5.881795370006039e-07,1.8321519571520482e-06,1.2412758927258542e-06,3.610317755834878e-07,1.2065635208247708e-07,6.4386637162747995e-06,1.12730670866462e-07,0.19500902300569395,7.746692121911304e-09,B12_deficiency_anemia,0.8310885220753039,0.0063925805446577244,0.0018093300596796408,0.0036317886779406645,0.0038056131170104354,0.005873159018008718,0.0019452842418769961,0.0019419200375280729,0.003949696641045709,0.0009474812606871195,0.13759924764147613,0.0010153766847846085,B12_deficiency_anemia,0.7983248648949188,0.0027707975401752307,0.0011770028726625905,0.002836873392485581,0.004202826971203991,0.003847297934263166,0.0012345944368227458,0.0013630232351624387,0.005924732605738333,0.0006925543965884952,0.17700754723430595,0.0006178844856725003
P000353,inflammation_anemia,anemia_other,0.01736105984948646,0.0002651861383862943,0.020299462732205693,0.8139100540679393,7.284360386562168e-05,0.008977037901269183,0.00012227758995832883,0.11968199981525764,0.018835518716911637,3.495902020672933e-09,0.0004490568148095952,2.549927400805247e-05,anemia_other,0.017226696080869235,0.0021089022595760557,0.04300197021787515,0.42416457008048514,0.0038328053850055855,0.05498902352016835,0.002974570554781659,0.40391579463272603,0.03408912118878415,2.1262548163563784e-06,0.013471346838614994,0.00022307298629726431,inflammation_anemia,0.01755862169362339,0.008649641997288387,0.05111603358846755,0.1883453894451031,0.06763507432675292,0.0384391207151172,0.0052683282460567514,0.5253407714438325,0.040990320641953376,0.005713577637082142,0.04356885523559142,0.0073742650291312275,inflammation_anemia,0.02050810060308944,0.005862461308072537,0.044973711087978034,0.13060158069340963,0.08313852050076134,0.021877240952871798,0.0040708442576299535,0.6130222237200187,0.02900726096868441,0.0055199752810134485,0.03702495311831746,0.004393127508152957
P000354,latent_deficiency,latent_deficiency,7.790328101859905e-06,0.002849978181467888,0.002645030440076326,0.00013831733031397772,9.750700814682794e-05,5.679784211085697e-05,0.003711104261349552,0.00014434396575051958,0.027609578381879846,0.9540823646877282,0.0010729083113570378,0.007584279261717321,latent_deficiency,9.582383339806021e-09,0.00018564965872681016,2.7634843004119446e-05,3.09056604962135e-06,6.432356733952875e-05,7.000532737465147e-08,5.7747642513507975e-05,3.1567199768463446e-07,0.004312947811795879,0.9949898854455759,1.6515338621415213e-05,0.000341809866664761,latent_deficiency,0.0003379873469989538,0.003592571815245003,0.012381969794489406,0.0010787469586093377,0.0013016184329420625,0.0005845766044745648,0.0036947284063158117,0.0013379001619050767,0.008403042534054928,0.9537317218064258,0.002257560143831071,0.011297575994707897,latent_deficiency,0.00031050927575342264,0.0024175151655801376,0.005001311056808093,0.0006493598230363173,0.0009239674028452514,0.00031745395572220156,0.0012576730749506058,0.0007630205754855169,0.003976183494052118,0.9795902476074814,0.0014342462358426468,0.0033585123324425667
P000355,B12_deficiency_anemia,folate_deficiency_anemia,0.23911527352183157,0.09917925227552842,0.0007903414069042387,0.013089350230948751,0.003363175745663494,0.5586026492061199,0.029870686041114536,0.000636680335556085,0.0001719127604250354,0.00014453924992442925,0.05467464609946388,0.00036149312651962155,folate_deficiency_anemia,0.015261556729131277,0.010011243058599411,5.849938653160216e-06,0.00027684769411916654,5.467731738091855e-07,0.9677257188143046,0.004097572115501849,1.0011032947915639e-07,1.2289385806750625e-07,2.4128610010642342e-08,0.0026203270292516757,9.071446732362679e-08,B12_deficiency_anemia,0.3792920262406114,0.0418535873019769,0.010707627375768363,0.030729311226900747,0.021679683316661705,0.34466568431451383,0.04249232544690324,0.005385827511004029,0.010415390563684238,0.003610021373170547,0.10353902023415781,0.005629495094647041,folate_deficiency_anemia,0.18430022828619894,0.045221407413848995,0.009096848176198803,0.02528172271191977,0.013086171435516183,0.5862657044478238,0.07358456004366548,0.004098509270223168,0.008986269707666892,0.005867289099088449,0.037627652822751566,0.006583636585097924
P000356,no_anemia_no_deficiency,no_anemia_no_deficiency,1.6297781666121173e-06,0.0063206256683398035,2.4639311772693426e-05,5.190190729130924e-05,0.0001371342845968559,2.21004088579759e-05,0.020191378962593005,2.2447051746251097e-06,2.48346726541488e-06,0.005883693737305356,4.967249119911287e-07,0.9673616710437244,no_anemia_no_deficiency,9.485025400902866e-07,0.008488808085062537,6.111860532599418e-05,0.00010642088778825756,0.0001538862012392802,6.926702031395841e-06,0.010345039954837888,4.849693068716149e-06,5.78093354675037e-07,0.003979774910842127,3.1891867945527886e-07,0.9768513294452295,no_anemia_no_deficiency,0.0032175916869220684,0.021064266219797498,0.00798412322724826,0.006514633655129572,0.06063620247652137,0.0036305156911434835,0.03540194039493462,0.006416062547901846,0.003701293433632181,0.022752125634805727,0.0016123876261280768,0.8270688574058352,no_anemia_no_deficiency,0.0038314492829565746,0.02869736923292654,0.010980735277495633,0.011016752076806571,0.07778677558378602,0.008057837808751097,0.062041120726350145,0.008756981801739139,0.004077708079246625,0.02402413825428921,0.003002586040405758,0.7577265458352467
P000357,no_anemia_no_deficiency,no_anemia_no_deficiency,4.3200791488239776e-05,0.07365106154537647,0.0010878252761578177,0.001989248012563395,0.000383995009035896,0.0004826277297330006,0.16766584529804196,0.0015098066124378758,0.00041404988024301535,0.05672997273618645,0.0001242199263477464,0.6959181471823881,no_anemia_no_deficiency,1.2762177597773326e-07,0.01694433079044741,4.196945854859051e-06,3.603541829174083e-05,0.00010058546426544483,1.049000715959834e-05,0.03938753229359171,0.0001166664140537091,1.2685538198824583e-06,0.0017636282552961277,2.330843534842253e-07,0.94163490515109,no_anemia_no_deficiency,0.0015533762183689327,0.08729113119705458,0.005898863324418518,0.005614930983858433,0.007290314680490616,0.002909914429197576,0.15850579632673806,0.0037209170918657444,0.0021366212382517985,0.029623388251588754,0.0013280749567519637,0.6941266713014151,no_anemia_no_deficiency,0.0019439432165212864,0.08276044130051494,0.0036666898707125493,0.007414642772927473,0.016307528864510673,0.004215611514906652,0.16297390223820815,0.006346866949459908,0.0019673132165618787,0.017818563243560955,0.0016212604467745002,0.692963236365341
P000358,B6_deficiency,B6_deficiency,4.8656534904777694e-05,4.325287637187619e-06,0.9881507569071069,0.009114031962563723,9.936486750130673e-05,1.4379457609964711e-05,1.605194769886896e-06,0.0007076187614140327,0.0017906131427849413,1.030572191258211e-06,6.684514132310474e-05,7.721701928163797e-07,B6_deficiency,3.1652529993047124e-05,2.128760478373205e-06,0.984914228806402,0.013238092095709697,0.0008498507417680256,8.614202937154353e-06,1.0031554439176065e-06,0.00031778940361901973,0.000606662037075382,1.7412812567984896e-07,2.9566574504617003e-05,2.3756394339764766e-07,anemia_other,0.011236691629950606,0.005421485874414875,0.37956545910839223,0.4115808102899513,0.01593264772815904,0.007386706245665044,0.006193724888381074,0.04594638495209547,0.09165644126359,0.005226317701968434,0.012687266591181573,0.007166063726250428,anemia_other,0.016406797100173794,0.006314573237988559,0.31857991898281424,0.49035110521050557,0.01370481290849882,0.011135125333779083,0.0060059668227961625,0.08819728995534386,0.026304666267891758,0.005535816380796164,0.009793981417370265,0.007669946382042069
P000359,anemia_other,anemia_other,0.0032974488512684886,0.0010462816506982503,0.022983445402434768,0.7795140169639547,0.01816397442794914,0.09228363500592432,0.0030834214397057356,0.023247833855871473,0.0471164361158577,0.00016907500816443322,0.008510408813823662,0.0005840224643475829,anemia_other,0.0022514053756266346,0.001720029407815387,0.04157350609443548,0.41665110905404135,0.10199090967106601,0.08653597253334935,0.005352172291152211,0.27275053293297546,0.06298015751854132,0.00016863338729889728,0.0073004683065549586,0.0007251034271428284,anemia_other,0.006257514325576208,0.004192636678943751,0.07948993995239963,0.76407289555597,0.02147250850153497,0.027990476946889366,0.003971706534211561,0.05015223204460276,0.026551166413876445,0.002354889421777858,0.00857125302733163,0.004922780596885636,inflammation_anemia,0.005177446837116428,0.0045873451514050635,0.09208254980189098,0.2478949562695615,0.04727826478041794,0.017382978853254478,0.004831698517641771,0.5460026721736155,0.021620785911176218,0.002666804642689962,0.005542996671138276,0.004931500390091841
P000360,folate_deficiency_anemia,mixed_deficiency,0.06865163067808647,4.1419617787731505e-05,0.014383079466611477,0.015551170243390866,0.013714303296148433,0.3424819417397111,0.012311776970092517,0.013059629649165261,0.04781813571346372,0.00017191431076842663,0.4717759084634239,3.9089851350015365e-05,mixed_deficiency,0.013912897529182825,1.9049764234491408e-07,0.0025396739005463585,0.0020939356054719103,0.007041504866851883,0.432756724513549,0.0015760952057473426,0.00167515109487635,0.012225418507689854,1.3628639459210622e-06,0.5261769728953917,7.251910453723562e-08,mixed_deficiency,0.08040405886362985,0.013516954350908899,0.019476351382931512,0.045654276308187546,0.023720287134619315,0.30436093176108825,0.025449010444688187,0.0171973243223527,0.07812983912383235,0.003675908864134628,0.3829503736493478,0.005464683794278857,mixed_deficiency,0.08449932380352163,0.018274530397379283,0.018480844408167007,0.039973859407466665,0.042333805712102386,0.19395247091451168,0.02956592523768589,0.027665113863781277,0.057218715946529254,0.005329526553225906,0.47645885949969363,0.006247024255935354
P000361,folate_deficiency_no_anemia,folate_deficiency_no_anemia,0.0002218623316363629,0.0019291948274359808,0.001092112227903096,0.0028984814060104666,0.0015050578787692665,0.028886693213067312,0.8672567527237314,0.0006021473366396932,0.00027862514560559953,0.015842398010594325,0.0024194172990446806,0.07706725759956157,folate_deficiency_no_anemia,0.00011168304454061029,0.0007980911237848165,0.0005026773343492661,0.0034765370587478673,0.0021186930633361302,0.04615527994214313,0.8412003622266296,0.0018304020361515744,0.00023866638920970327,0.024654724448852264,0.0011096042385476922,0.07780327909370734,folate_deficiency_no_anemia,0.0023745702557805342,0.08475546616904672,0.004971715247806187,0.003182763153132531,0.010500829660348316,0.008049532271288306,0.7491005287307363,0.0026317395512861154,0.0015010860533784902,0.016896203699042805,0.0021334924737708796,0.11390207273438281,folate_deficiency_no_anemia,0.0030137878194732566,0.11626360803858907,0.006463581647289901,0.005082404647414857,0.018306472471006755,0.011707128847385432,0.7315965021403174,0.0027987473276673155,0.0018801163325401814,0.020040746198403767,0.002682487622866538,0.08016441690704566
P000362,copper_deficiency,copper_deficiency,0.000922927208515697,0.00043840601886945387,0.009070217778677038,0.013338530566009435,0.9023726408144852,0.007920582103876412,0.00012020930223357478,0.0007274659014030044,0.05800986563936618,0.00012805478723998542,0.0069218455586562795,2.9254320667599792e-05,copper_deficiency,0.001015035063727127,7.87237239270493e-05,0.015428141989867198,0.06626459102774174,0.7568261510019199,0.046192795459476896,2.35273531000369e-06,0.0005374491964211425,0.10634813605157299,1.575675814415324e-05,0.007290324021247347,5.429706442341669e-07,copper_deficiency,0.014534462963676546,0.0022413542186069213,0.023131312355185178,0.03816534158710786,0.7627150826956277,0.017723577183918867,0.002014736957518852,0.010742254472975568,0.07562335083095073,0.0018396371549663413,0.04926338665926817,0.00200550292019726,copper_deficiency,0.02655368176178088,0.0037226403243613283,0.08934507153356405,0.0788506719600054,0.49331979758243094,0.03617042742098514,0.0034242031515945228,0.01996313348413003,0.1382795931749492,0.005302303448398759,0.10212740482400459,0.0029410713337951052
P000363,inflammation_anemia,inflammation_anemia,1.2206257628784113e-05,5.5340546393234994e-05,0.000282274295002077,9.951462524404959e-05,3.59636155332566e-05,2.9796461781395197e-05,6.729396797692243e-05,0.9983876800223255,0.0008373817297696108,4.503353377600882e-06,0.0001446453513583735,4.339977360930861e-05,inflammation_anemia,0.0013109196119466344,0.01045338853623472,0.051002800772517586,0.11756118265817954,0.048366742609261305,0.008875928949227367,0.012793026609307326,0.6791059063745026,0.04332992630854876,0.0001650342989937721,0.0211188853758506,0.005916257895429726,inflammation_anemia,0.0012705732024989745,0.0015575760384879632,0.015552726483683506,0.007615786128200007,0.003800216252084469,0.0018516113291577102,0.0016482750353435703,0.9560992507066477,0.005006315044406451,0.0014561719599832333,0.00164724086376132,0.002494256955745114,inflammation_anemia,0.004638597408604354,0.0037366467089350653,0.0665595974369567,0.0970807990273901,0.06412039096330394,0.006608289815125321,0.004417789158617239,0.7192929443993338,0.020732080516535845,0.0030074633763475275,0.005741062753031439,0.004064338435818631
P000364,copper_deficiency,copper_deficiency,0.01935448008817964,1.688114704835464e-05,0.005505888339434545,0.3490087690041561,0.5882205475085706,0.004961360609612524,3.91438721980348e-06,0.009483201254045578,0.022448020739796633,1.9982588340209028e-07,0.0009901322407243045,6.604855328414124e-06,copper_deficiency,0.003620253121925302,0.0002449882285517438,0.055960156028169644,0.41052110169086636,0.49314928618765547,0.004952355699682057,0.00028593980794816093,0.009488260486495254,0.020479908138771024,1.139932627981263e-05,0.001210470725762671,7.588055789238841e-05,anemia_other,0.01563103755975204,0.005773824099129961,0.14952815840036945,0.4245298720484655,0.27571649756470457,0.020947926339955646,0.009298856888011976,0.03825924147015861,0.035277286609825355,0.0034335544420076324,0.014230378217469336,0.007373366360150028,copper_deficiency,0.017212571834773406,0.004193957321039345,0.11765174931127963,0.3738049882289609,0.37382507223805406,0.011730386199519884,0.004938882037421362,0.034063618826599945,0.04225042050747339,0.004294091082567985,0.008983721079485845,0.00705054133282408
P000365,mixed_deficiency,folate_deficiency_anemia,0.060042405682668214,0.0002102635177773396,0.028267215590784583,0.003253108694661325,3.4932023484190904e-07,0.3539860488894158,0.1532560006429876,0.002051226597279407,0.2911912364697212,0.00015213805029950028,0.10758835794355222,1.6486006178567742e-06,folate_deficiency_anemia,0.02032289870122913,0.0012895656244456726,0.01712108094185517,0.013665664339735107,4.628878885346167e-06,0.38414796917951494,0.14227660266144682,0.011640254162120158,0.09800602436422338,0.002365776055295482,0.30907167224303594,8.786284821298927e-05,mixed_deficiency,0.030124095026233533,0.012550344976921852,0.07737255996906905,0.07215266039110867,0.1368176372789573,0.11253990496269493,0.026016808549858203,0.047756126187085864,0.20920725586349978,0.00789683823264285,0.26184705003568964,0.005718718526238233,mixed_deficiency,0.026551158345637375,0.008786370025530676,0.09520844366054311,0.05223976797414352,0.15567390062649952,0.10991716209777859,0.01879377614568709,0.033416430857784826,0.20925032153349088,0.01111698650226203,0.2724738177107555,0.0065718645198867874
P000366,no_anemia_no_deficiency,latent_deficiency,0.00041999697998842446,0.09709262883783429,0.02641237829836342,0.025100834715951686,0.0025390424021919096,0.0021047615644205144,0.08966944641553251,0.0014740667485522553,0.017426153850396305,0.4377846826440209,0.0022115108458478387,0.2977644966968999,latent_deficiency,0.0007262081455413189,0.15021498479437112,0.017995153927815248,0.041469740347989115,0.010215345096008644,0.0028100539523969923,0.1465963206088681,0.01058615672629551,0.013081034971401602,0.30383755857365413,0.0019512877927502158,0.3005161550629081,no_anemia_no_deficiency,0.0027004880861075374,0.030675579211129515,0.08978221229532746,0.011537590791167944,0.007311731671500034,0.002357054558745834,0.054810069101796234,0.007167954516852067,0.012970882996940367,0.3801249025256631,0.004852016474109294,0.3957095177706606,no_anemia_no_deficiency,0.0034854528025957507,0.06540042755286977,0.05096027810761673,0.010025478647814412,0.010203442275690386,0.0032602770002635845,0.05664711883704415,0.006791928426491598,0.007177924670423993,0.2524908908293113,0.004027426572033907,0.5295293542778443
P000367,B12_deficiency_anemia,B12_deficiency_anemia,0.9727208519668374,0.01186556098271463,3.217321718060023e-05,5.607205936721962e-05,5.464589316763362e-05,8.354527459829732e-05,1.0745480464291028e-07,1.747851434393894e-06,4.885555614257197e-06,7.917359157929928e-11,0.015180408946811908,7.182954088954786e-10,B12_deficiency_anemia,0.976025722160488,0.0031135939276650077,2.62298623668247e-05,7.55538165319081e-05,8.560459519264304e-07,2.274522107265958e-05,3.319731749272505e-08,2.396884438730554e-07,5.80103444353256e-07,3.0804164610867263e-12,0.020734445935752358,3.7885320447473024e-11,B12_deficiency_anemia,0.40964271915467454,0.03607813564387354,0.014493969664073923,0.1318105761334956,0.02322067848132732,0.1586699705558767,0.013831197478016383,0.008383585606702373,0.01760409370547334,0.005150517764104175,0.17628977226413683,0.004824783548245079,B12_deficiency_anemia,0.3826814665292002,0.06498638084291547,0.019622276164835268,0.22392974213491745,0.022660157647227144,0.12211316132395063,0.02103002982966186,0.012867829650113941,0.01511000640939756,0.005782382833916535,0.09998029096139924,0.009236275672464815
P000368,no_anemia_no_deficiency,no_anemia_no_deficiency,0.0022162251334336925,0.04413889085035993,0.02346613558009254,0.027050987149714344,0.009655021936200249,0.005892754315310187,0.04238013173258571,0.024029261834375988,0.003784105045189163,0.030935690231756168,0.001994850243006836,0.7844559459479752,no_anemia_no_deficiency,0.0013549860951014405,0.020312032463368615,0.01366951519973837,0.061736976816396325,0.019063363922137574,0.005684604177896995,0.04533110440133581,0.03005355750208663,0.0027132559064685104,0.025940217239638082,0.0010884200471183423,0.7730519662287133,no_anemia_no_deficiency,0.0022239376846269056,0.11514858392903878,0.02440411446294317,0.015471765142890665,0.012592418675100567,0.004915860524385928,0.09142211035122297,0.017041658870152483,0.003460993219250677,0.028335325337502115,0.0019039930130400756,0.6830792387898457,no_anemia_no_deficiency,0.004678499780298698,0.15402071883863358,0.03233348315437702,0.03822564353918009,0.02262771921510714,0.008794925629764432,0.10597372264582093,0.029275812621871435,0.003908710950850131,0.0376729618828183,0.003428070726259165,0.5590597310150192
P000369,folate_deficiency_anemia,folate_deficiency_anemia,0.02494490711300201,7.755041637307476e-06,0.005113667607637158,0.23488351658434808,0.01488089300124635,0.5586230841726846,0.002090319862273617,0.006626624409058792,0.08705087776548528,6.063542931725439e-07,0.06577670750989789,1.040578435890473e-06,anemia_other,0.01027315838733063,0.00012004652631908216,0.0031360977021265804,0.4769005610113393,0.06414115804747007,0.38964587872691014,0.0027568954480828582,0.0017876030156479261,0.020688643974309705,1.3006376982826352e-07,0.03054967141558822,1.5568110544882625e-07,folate_deficiency_anemia,0.028044237990211628,0.007689100003248378,0.02675936159383223,0.20900246626574626,0.02127729435058756,0.5097235002727611,0.012855225459128527,0.013456235064455372,0.031301256327408156,0.00422062991268952,0.13229908842140164,0.0033716043385297236,folate_deficiency_anemia,0.021147479032447743,0.006543306422428895,0.017154772412016402,0.3626226424245341,0.018406542716481063,0.39820225920124847,0.015073405828622094,0.007053580065248093,0.0235665962085272,0.0033286169647190824,0.12275085667272785,0.004149942050999142
P000370,iron_deficiency_anemia,iron_deficiency_anemia,1.9978958996816002e-07,1.7769529204625333e-09,0.00032976202968697607,0.0006354571660138556,1.1870466843306236e-06,2.7258865567482464e-10,1.2231094592884403e-12,0.00013488912524535498,0.9988122349106515,7.876755347955791e-05,7.4551274074332175e-06,4.520047624600648e-08,iron_deficiency_anemia,2.3049098263457814e-07,6.861405876567633e-08,0.008995118673688835,0.007455674410753193,0.0014250930592430591,5.166679220049458e-10,4.1960863516585045e-12,7.373922457026559e-05,0.9819565214414544,8.190229317995543e-05,1.164173535072729e-05,9.535854065237425e-09,iron_deficiency_anemia,0.0012956549045761113,0.000950165700276733,0.00985575832332345,0.005929083492206231,0.002305072575742085,0.0012174216689949907,0.0006456224345586112,0.005892938442769742,0.9349141203212183,0.006526281258477049,0.02922059183406872,0.0012472890437878641,iron_deficiency_anemia,0.0012980031484517366,0.0006932960692387202,0.005708362651867084,0.010074740698539435,0.002003948923939968,0.0009092110298412856,0.0006243127619435651,0.005106374318769184,0.9440166270623241,0.0054886857446797745,0.02358847770789601,0.00048795988250900646
P000371,B12_deficiency_anemia,B12_deficiency_anemia,0.8027302563668589,0.15105109392095376,3.443318506631262e-08,0.002322347903586252,0.00012720849740233052,0.001324615385384517,0.0005492606338962139,8.711605895693233e-06,2.590528364635257e-05,7.283580854856957e-07,0.04182921212031018,3.0625490795235405e-05,B12_deficiency_anemia,0.5565738320279656,0.2626297883476823,2.2655465450546767e-05,0.05828678117462224,0.019435717381362325,0.035839989248315274,0.02623520699322036,0.001487400324568733,0.0006187007161716741,0.0005831181761445142,0.03573145075705276,0.002555359387443877,B12_deficiency_anemia,0.49796430640199485,0.019787912266146943,0.015057915597007473,0.03912932351944984,0.03154912977510431,0.20225621089695464,0.030900941510890425,0.006628647817212775,0.012288966390430893,0.004507852905376321,0.13318618980435276,0.006742603115078701,folate_deficiency_anemia,0.2883734823340537,0.023370418235987338,0.028594011602952073,0.0764101823897261,0.04882967301183765,0.3325458070157425,0.045627095816376015,0.008189237530032405,0.01302638362124523,0.0050898942504866125,0.12126709299880982,0.00867672119275058
P000372,B12_deficiency_anemia,mixed_deficiency,0.264025070988839,0.0006453699275174354,1.509802767019575e-05,0.0001237917346899414,0.0001106590026368447,0.001809114893905637,7.023565878498355e-05,7.422434754361186e-05,0.0003801344711178769,6.51460293510967e-06,0.7327397250516015,6.129275792130593e-08,mixed_deficiency,0.23361856421677518,0.0005799796441339972,0.00010178822890935082,0.00017928077406737593,0.0009035769152819716,0.010783293278405406,0.0003385957054348407,0.00019248029099149582,0.001776844304587996,2.6077699708999127e-05,0.7514993999348533,1.1900685004868036e-07,B12_deficiency_anemia,0.7463483195099901,0.003990295802120518,0.0010734591987642777,0.003457675400913072,0.002280465907451867,0.009617462087839382,0.0021695549693907874,0.0016844124790245658,0.002377082161301885,0.0007281416870354901,0.22537365562238243,0.0008994751737853547,B12_deficiency_anemia,0.681612902557802,0.0031494089892765437,0.0011198593228801217,0.001779561785437218,0.003050500065730387,0.013962413078202611,0.0016973373970011175,0.0009772836629044312,0.0034980518869699444,0.000614937816772084,0.28804398151767285,0.0004937619193505894
P000373,mixed_deficiency,folate_deficiency_anemia,0.00014307263072827945,1.4538905850408365e-08,0.005365019040106538,0.015416018693044415,3.526788544017324e-09,0.6697157239388025,0.0008092094303143963,0.0008569449282956687,0.254080518261596,3.8540069763082884e-05,0.0535748876332263,4.730842834858675e-08,mixed_deficiency,0.0014602441000238458,5.848552775142977e-05,0.0033952614312395156,0.019665756919320515,9.744231765834274e-05,0.03059353144378098,0.0003875390796001597,0.0006768721449281129,0.20311131583781078,1.422535348550811e-05,0.7405393164036681,9.440732555659417e-09,mixed_deficiency,0.014006166653394226,0.007488887187730098,0.032562156709598396,0.02772467951304252,0.042287406496380756,0.10072792285602825,0.008801279692725482,0.01225365762288921,0.1775336242206158,0.011584676221808868,0.5592971136216418,0.005732429204144595,mixed_deficiency,0.010676806187737257,0.006738706739374444,0.023028002810137293,0.029596209565847444,0.018451739430121565,0.07458122565456632,0.011667246345170712,0.010500818187006846,0.10086194193506624,0.019608609881693412,0.6888332974433059,0.005455395819972381
P000374,B6_deficiency,B6_deficiency,1.8109260338679502e-06,1.1809758775438382e-05,0.9991837073771916,5.219249530984682e-05,2.766803814576665e-06,6.302391126417137e-07,1.8109755775312483e-05,5.885884297492425e-06,0.0003849399659337489,0.00030371798285359366,7.944767317624908e-06,2.648404358458284e-05,B6_deficiency,2.3577738436688432e-06,2.902936532920648e-05,0.9986954842341836,0.0001801928517515048,6.559834818277781e-05,1.4247239595090743e-06,3.349335698552203e-05,0.0001650322520769544,0.0005903198538287734,0.00018156777634725758,1.2683016796643348e-05,4.281644671480516e-05,B6_deficiency,0.0025962544115543528,0.027516707878121695,0.7035336251746979,0.010472426371009659,0.00784137664644817,0.0029646371921635663,0.03348923770751903,0.011449718362688389,0.0341164678938443,0.12645388748722744,0.003910337228047719,0.03565532364667799,B6_deficiency,0.003453525366119047,0.026469891456879002,0.699558061854106,0.015875342319886084,0.024611560820201252,0.00411131343328994,0.021325145750672403,0.028949163014560995,0.0350731701208587,0.1034205841852904,0.007437431619761174,0.02971481005837491
P000375,inflammation_anemia,inflammation_anemia,1.478300545291196e-06,2.7651567899108734e-05,0.00012000016507390968,7.567098457719294e-05,1.665529570379802e-08,1.7001589759912437e-05,2.7159124933683003e-05,0.9996867509020131,1.7824984699289296e-05,1.4776798013641157e-06,1.8210843252578305e-06,2.3146961076285902e-05,inflammation_anemia,4.5989824584989575e-06,9.797426635930277e-05,0.001487177831927331,0.0007786284043457807,0.0021391134419432877,0.00012530143049292435,0.0002825310425612468,0.9945825434867052,5.0306542744414845e-06,1.3010987340987708e-08,6.86835615870477e-07,0.0004964006123285697,inflammation_anemia,0.0017514342338746287,0.0020265157492021357,0.015513885446808887,0.007729116551055216,0.011815999302345257,0.0019538312458853,0.0013140758075570165,0.9352513998289257,0.012954707111222074,0.0019092170035349065,0.005493016341353979,0.0022868013782348586,inflammation_anemia,0.0010759601380197113,0.0007998474478095524,0.0190843711963009,0.016881656638024895,0.005831695733228374,0.0013885204852230944,0.0008262530955129406,0.9410965214810729,0.008967556512832969,0.0009205308233553265,0.002502813145796908,0.0006242733028225656
P000376,anemia_other,anemia_other,0.013616420389625366,0.0011183373812229335,0.1566596284839069,0.4390493333594916,0.0003592195190740262,0.0014345744571904668,2.331624813718391e-05,0.04985757256114693,0.33313711159813375,0.0005796223271746175,0.0020768358193389053,0.0020880278555573334,anemia_other,0.005694455844048835,0.00041798211216692365,0.13920957698730912,0.5356177426049966,9.866124248351105e-05,0.00021309332689315995,5.355115141149057e-06,0.11969294679053742,0.19742729483644753,0.00026685026442074177,0.0006807395419594475,0.0006753013335956339,anemia_other,0.0529173076470604,0.013433937693414316,0.035668719961863694,0.34555235400002743,0.20715492008422073,0.09457965946007774,0.015545858343148337,0.09388255753247111,0.07715237098547419,0.007400227554919612,0.038149739361185375,0.01856234737613731,anemia_other,0.05306656544139985,0.016992360034500366,0.02678366403797068,0.341701111084777,0.24421634873064027,0.06059482358383769,0.014412554346422706,0.09176239961479571,0.08053147707776852,0.013334019179687759,0.040067895586503484,0.01653678128169595
P000377,B12_deficiency_anemia,B12_deficiency_anemia,0.9057661124309473,0.0007412277857591199,7.706079599826682e-07,0.00032626921515935443,7.048154185302269e-05,0.002067277462298942,7.723435538261517e-06,3.7065738970319145e-05,2.1376321535845545e-06,5.837295367126393e-08,0.09098057667278119,2.9910362522147804e-07,B12_deficiency_anemia,0.9468674474375433,2.719384012860738e-06,2.0572811934559148e-11,1.151359615315858e-06,4.1795877214613416e-07,8.697624918807186e-05,5.485464119020343e-08,2.1632877257117992e-08,9.190111297301807e-09,1.6001449310454345e-12,0.053041201899637264,1.1428453396625829e-11,B12_deficiency_anemia,0.8399854735552237,0.01443495095379977,0.0022588097331425,0.010765362460494221,0.013164946314082321,0.020057530202369528,0.004093209515881421,0.004369725650236142,0.004174493414004497,0.0016835349211647423,0.08240962152510602,0.0026023417544951337,B12_deficiency_anemia,0.6966174766117246,0.01600450026663886,0.006932461684360917,0.045774554446311864,0.02929835263129602,0.042171946354007166,0.008832311625376323,0.017784166344936028,0.012646320904436924,0.004075303923833633,0.11248986049476133,0.007372744712316391
P000378,inflammation_anemia,inflammation_anemia,5.811440398168882e-05,0.0011993248528624051,0.0009410857656058759,0.0001382188688501751,1.9586232058727615e-08,2.165748120049291e-05,7.691345377980805e-05,0.9962809318793568,0.00024379903156000897,3.912173790629759e-05,1.7239581610819502e-05,0.000983573357053331,inflammation_anemia,2.4515867287101333e-05,1.3486858753309756e-05,8.309203985134534e-05,8.176863739889921e-05,3.788405280573526e-09,0.00023324635823892376,1.157694084510192e-05,0.9995303219272922,7.706682668305273e-06,8.039857905811697e-07,1.2489293385738556e-06,1.2227984130414463e-05,inflammation_anemia,0.005147554959246957,0.005490527027297139,0.0342360209768387,0.0237652689305545,0.01724935364255243,0.0060761853673545535,0.0068115648331877375,0.8360703276395812,0.036515763255001915,0.010603077918207712,0.008065083776441094,0.009969271673736145,inflammation_anemia,0.014592755889047767,0.010353633290669958,0.08601537866164718,0.09349170480466197,0.04412424681184791,0.03531690683878852,0.00901300328769097,0.5798329467527257,0.07044611256818956,0.01769660471720617,0.024124329914385956,0.014992376463138269
P000379,inflammation_anemia,inflammation_anemia,0.0013394396280749063,0.0002131178321640591,0.0004958585187857102,0.0010416821881132259,0.0002389614778125944,0.0018181963647411709,0.00019486096835922618,0.9939660346018642,0.00012781127805364505,6.241511403594484e-07,0.0004603803964765455,0.00010303259441436312,inflammation_anemia,0.0167853157182854,0.003611797515753323,0.00482308072242089,0.040270016274381246,0.020886794742123394,0.045778869674599196,0.0037914142205266316,0.853440360804477,0.001041875097709838,4.843825446174335e-06,0.00829562731768888,0.0012700040865879067,inflammation_anemia,0.019959029663878334,0.003835889668535721,0.006600951604453838,0.023550697095272553,0.012014581083262548,0.03532433022002604,0.003995953712077856,0.8714845644431201,0.0067350438185804625,0.001677279363454828,0.011437083174068495,0.0033845961532692178,inflammation_anemia,0.04526065520159278,0.006993906657174974,0.01683295578680773,0.18002163392351195,0.055338918530870605,0.055634870009784405,0.00939046534143247,0.5887034208160613,0.012793617161918949,0.0026220690862591278,0.01984122679422284,0.006566260690362901
P000380,B12_deficiency_no_anemia,B12_deficiency_no_anemia,0.010570299115779423,0.987447390762361,0.00017187567958824664,0.0003712110126453791,0.0001602529610315273,1.2938871016692808e-05,2.505044494143338e-06,0.0008606792616294215,2.8767720795229177e-06,2.2333631016647212e-07,0.00014426494701513402,0.00025548223604946363,B12_deficiency_no_anemia,0.002132396568632806,0.9978671291593594,1.6520151927690432e-08,2.7814464269126126e-08,7.380329656868743e-10,4.2150590217839634e-10,8.201251718049028e-12,5.657734463833804e-08,2.8961296941148385e-12,9.74361893573692e-17,3.6780516490656797e-07,4.384245553116837e-09,B12_deficiency_no_anemia,0.01412664511778561,0.857695750659552,0.014531411523208772,0.014938174453903651,0.01194714502750544,0.006070391564940329,0.03141997038220904,0.011287579135747676,0.003860953823893403,0.006718432517478475,0.005198769698637004,0.022204776095138608,B12_deficiency_no_anemia,0.02869935582379468,0.7497410494557262,0.03405638908750793,0.0376590424175083,0.013123361058489671,0.01398534558253721,0.04195500288383937,0.026573428766987785,0.005800858873581807,0.009202651237111802,0.011552240531447648,0.0276512742814678
P000381,folate_deficiency_anemia,folate_deficiency_anemia,0.03738137504906187,0.02486765928004118,0.003845151916534051,0.060567833105112504,0.010144400483534115,0.7626974214567085,0.0737683875116973,0.010895047355132909,0.0002481412335357865,5.551208741362369e-05,0.013994430448147402,0.0015346400730807393,folate_deficiency_anemia,0.015016090991166136,0.0008273461681787259,0.00010688270417011469,0.010849812190299601,2.5637781926124278e-05,0.9417493432188733,0.029417281093119092,6.243783917763569e-05,5.386645386838582e-07,1.5617254384179074e-08,0.0019434617549428366,1.1519763532335067e-06,folate_deficiency_anemia,0.07946589502929852,0.018004318078228877,0.014810470602031944,0.16222699923239436,0.011458233133318788,0.5995504829675244,0.04365590741195357,0.012775022797848154,0.011533466204019661,0.003641539375853919,0.033135713083984955,0.009741952083542735,folate_deficiency_anemia,0.10403511746930814,0.02283192585008552,0.008854250219283431,0.1538465873554511,0.01402273807540654,0.5742558172194359,0.06006791414093317,0.008633085469930989,0.008095081922352781,0.0056971822494873885,0.028838010125659758,0.010822289902665202
P000382,iron_deficiency_anemia,mixed_deficiency,0.00011699971484095295,0.00023785498151543752,0.0005650148515556015,0.0002312352760005162,1.1851596035835201e-06,3.167818014030795e-05,0.00016108712042248532,0.0002280438449640401,0.15190089263640283,0.19248211366674559,0.6540150142227504,2.8880345058308415e-05,mixed_deficiency,4.3255313287009025e-06,6.280847314848174e-06,7.562608225540995e-06,1.9227616526791195e-06,3.785133730458561e-09,3.8964298398199564e-07,1.7071827696921274e-07,1.610829529313376e-05,0.07445587828327219,0.02953135708184736,0.8959722720805106,3.7283641603895388e-06,iron_deficiency_anemia,0.006486189666440089,0.011316384377785368,0.036124142958379325,0.020879410158924843,0.02351345919360117,0.009943405775481114,0.016122199547088115,0.014834468138182717,0.4457073761037851,0.24566341883793974,0.1540865816479728,0.015322963594419689,iron_deficiency_anemia,0.01405909182263145,0.008182878523828553,0.01972849292962447,0.030805235158523785,0.042886812153936194,0.013715214268834316,0.012556868193551044,0.05790058222459839,0.37991237253650156,0.06221207683965695,0.3478022299838477,0.010238145364465746
P000383,copper_deficiency,copper_deficiency,0.0010351537523120616,3.2851690363247805e-05,0.2713112159865735,0.008824536993736193,0.7069725892372652,0.004839280487303892,0.0008060709369603295,0.0009718779849359408,0.0028339958250693043,5.379182155058042e-05,0.0022685475170538686,5.008776687573946e-05,copper_deficiency,1.3666359827809116e-05,1.2051286150164228e-07,0.06851238350200843,0.006848526418174712,0.9168108621648925,0.005323198214917782,1.160506695350211e-05,0.002044049892252408,0.00027938525288708345,2.1873958343243103e-07,0.00015043152232984617,5.552353310804905e-06,copper_deficiency,0.029723266312601616,0.010091274165751136,0.04791577785817353,0.1837131018957915,0.48538699956579423,0.1153903550053346,0.010622433401891763,0.048064504204816984,0.03202618208749948,0.00488803801057619,0.024363128593280017,0.007814938898488943,copper_deficiency,0.006089642730850877,0.003479238386586728,0.04139343975304823,0.25938914704502875,0.5284630809242233,0.03362428338539442,0.00467058668737829,0.0927492651212746,0.01576406613448438,0.0026105708669765747,0.006505571702963674,0.005261107261790231
P000384,iron_deficiency_anemia,iron_deficiency_anemia,0.0005806077778647545,3.329165311691097e-07,0.0017550058589712561,0.006598882279781323,7.365405514944092e-05,3.6287430135112956e-08,2.085440244333616e-10,0.0003278247338666119,0.9867676505091293,1.934519587702532e-05,0.0038766094535769226,5.072327809070097e-08,iron_deficiency_anemia,0.012922219853376457,0.00012909453277234182,0.04338719328171883,0.05807372788512854,0.03339920306497781,0.0001371528616580958,2.1654722513489192e-06,0.0064217619552116075,0.7968335794042047,0.0013524432617383823,0.04733188404329953,9.574383662461486e-06,iron_deficiency_anemia,0.022631040106823548,0.0082162407045957,0.12022934469096314,0.16202800448191126,0.09602027267815777,0.0328863535452255,0.007409217461369623,0.09514373798571284,0.3430027767382983,0.008890097627478541,0.09833489479879837,0.005208019180665212,iron_deficiency_anemia,0.024264993674135916,0.006046037845404848,0.10639302525940252,0.18169965858527726,0.19616269181214097,0.021710808382942717,0.005287206988153759,0.055416276093908756,0.33849618521263064,0.00917356709359093,0.050927059099870754,0.00442248995254098
P000385,iron_deficiency_anemia,B6_deficiency,0.025214110123793463,0.0017699127649089999,0.6794052032280649,0.03548423252489314,4.08354437826363e-05,0.01826518361091471,0.007496545570489509,0.1305556677292399,0.08676889825211109,0.005637779872632885,0.007105651948611586,0.002255978930556901,inflammation_anemia,0.012527715962400718,0.004835622589170229,0.2300556913270767,0.21792558327170003,0.0003854050452589006,0.03041861231778429,0.03810648340095099,0.2810256880197978,0.13025451688976508,0.021493933179034603,0.016074122706156248,0.01689662529090427,inflammation_anemia,0.012484789534714744,0.011260920035727956,0.24148622867900504,0.0700444864932025,0.07069331880207637,0.028100180669996165,0.013575785261873087,0.2591165908111318,0.19996141192857256,0.026267992384162213,0.05282625502544309,0.014182040374094405,inflammation_anemia,0.01553195797755623,0.005631513598814223,0.19496206187558765,0.13700080263684136,0.08469234770856487,0.027008481005345832,0.0075687637652206395,0.2804458286870128,0.18270142429353908,0.01657942759683441,0.04089317064169735,0.006984220212985601
P000386,B12_deficiency_no_anemia,B12_deficiency_no_anemia,0.20008596041872787,0.318542222700855,2.9429503848136396e-05,0.012719198851610655,0.0228389944202318,0.20267173442461198,0.05725574190087644,0.00786969850087731,0.007122768004552398,0.007277490523322769,0.14770612821465295,0.015880632535832603,B12_deficiency_no_anemia,0.13296542300678918,0.6779764638451131,6.083890383299714e-07,0.0019396006145492627,0.013437204807424497,0.03923181642109842,0.015223643226953928,0.0009078887435459416,0.0013056919404831595,0.0006682425762191493,0.11511139568170531,0.0012320207470797164,folate_deficiency_anemia,0.171285489358559,0.062307164858866566,0.017329260419372317,0.019572127567720487,0.17659217993017712,0.39783785885584216,0.044885164499330124,0.009572454054651793,0.02108949730045716,0.0053299504994705985,0.06257843583290841,0.011620416822644357,folate_deficiency_anemia,0.1715673863912448,0.16077557475967405,0.03458326560391186,0.019564013296501,0.16887608830789447,0.17177436785678532,0.16545647595721485,0.013025765834608946,0.017474896347244362,0.013015650646551222,0.04389442852203092,0.019992086476338124
P000387,anemia_other,anemia_other,0.08697838977014942,6.927176790183763e-06,0.049931126591457806,0.5607647016156708,0.08339466754575475,0.19280610104665935,5.1129275918352806e-05,0.023320329618895075,0.0023319406261249945,4.542748165006115e-09,0.0004143675976616398,3.1459216943844563e-07,anemia_other,0.04105754166230912,0.0011098918966312918,0.06861389169212163,0.5749578438122139,0.16171069175969097,0.06138824129641183,0.0011170119840448539,0.06438267567526201,0.016288277964457715,1.827961590310371e-06,0.009353596255493713,1.8508039772679673e-05,anemia_other,0.028549982136999608,0.006087136787320159,0.16319372131240126,0.3201374527691836,0.27152102144383117,0.06088351215626695,0.010316160781944963,0.07450817749978442,0.029491614261983518,0.0042125791119538404,0.025954939385606012,0.0051437023527242986,anemia_other,0.02778923332609171,0.00475100083149615,0.158143955300756,0.3991187355384554,0.26476474555883867,0.023301478161151662,0.00432020268629175,0.06907007131596501,0.02252003025583058,0.003876163093518913,0.016914078860847642,0.0054303050707566105
P000388,anemia_other,anemia_other,0.004410358948840262,0.0014253172160594559,0.000349745891954338,0.8354942832650204,0.030687987730302364,0.0949373645989663,0.001351121606985527,0.002391425175872427,0.024012065858205055,1.9790688040765918e-05,0.0045949256064142805,0.00032561341333883347,anemia_other,0.00010228083358012031,5.982153489285633e-06,3.268028916216721e-06,0.984697131981095,0.009249826350497382,0.004659567327978667,4.502899012853299e-06,0.0001511458286365601,0.0010819914942554573,8.018890463532782e-09,4.2745185704669115e-05,1.549897943310068e-06,anemia_other,0.011379464253650945,0.004746292017451123,0.3059514459112458,0.5066087965791051,0.03160811162321672,0.023707198305484404,0.009784395238758214,0.017330661217768634,0.038627381142040514,0.006352960414444282,0.03466486503907029,0.009238428257763793,anemia_other,0.008300014969614205,0.007642625213996883,0.221827811533794,0.6063075350968391,0.04336915158160109,0.021854589579878462,0.008840364364244185,0.03558914892219977,0.014967811409653886,0.00629647567588594,0.010110065543931263,0.014894406108361239
P000389,no_anemia_no_deficiency,no_anemia_no_deficiency,3.6384576861526277e-06,0.0007269713860988332,0.0009469799539457157,0.00015097419123847146,2.3530753145642206e-05,1.2202055511317032e-05,0.040413266979144206,2.0618621555861208e-05,1.0608191888889456e-05,0.01868236471851161,2.4511448980460555e-06,0.9390063935463754,no_anemia_no_deficiency,0.00030103564498575177,0.005661913607655408,0.0011650249289755007,0.0044655708310369245,0.001426355857477473,0.0008530127658799796,0.07568129302983086,0.0008155808058636347,0.000176905934690795,0.05367375919322879,9.653906160526686e-05,0.8556830083387696,no_anemia_no_deficiency,0.0006165964268831797,0.019269571009421314,0.006716782106736582,0.0021914334386375035,0.0032154417079433865,0.0008763613868752974,0.03819810193560687,0.0018881706895050418,0.0011586978415768822,0.038308221339878046,0.0005163585579537641,0.8870442635589822,no_anemia_no_deficiency,0.0008491499577073763,0.021944125375148293,0.007831052554173932,0.004236796893864217,0.0064520077760017195,0.0012945214208473976,0.042849021652393356,0.0017407662424667372,0.001202065806777316,0.03466067567308763,0.00066499511824742,0.8762748215292845
P000390,no_anemia_no_deficiency,no_anemia_no_deficiency,0.0008309206440987291,0.06135036113649004,0.010346575670279919,0.02830764197758703,4.198255538883109e-05,0.0015925798982277112,0.10955240708963669,0.001684949507908644,0.0005564047063277768,0.010993782834782523,0.00023212080853437844,0.7745102731707378,no_anemia_no_deficiency,0.0006026117364121527,0.055685154812118436,0.004157923528210427,0.03647769457678859,0.0030270031718964137,0.0022140425106193626,0.14157559300408276,0.00024037453916142906,0.0004188370855709065,0.006334886278513032,0.00020864396080393034,0.7490572347958226,no_anemia_no_deficiency,0.004025918486605874,0.11603222791233965,0.019521263694199018,0.013534594411590998,0.012769734265986987,0.003180800886256152,0.0573607953434908,0.007235932341081962,0.005052875285604355,0.0763524382507098,0.002962517086171824,0.6819709020359626,no_anemia_no_deficiency,0.002385226516886495,0.10934413552627166,0.009976557779784047,0.006908648136361175,0.004677753635092151,0.0027634814905879664,0.0897450474326273,0.0029437576452559615,0.002348389297842749,0.024325605249796954,0.001803819791857692,0.7427775774976358
P000391,folate_deficiency_no_anemia,no_anemia_no_deficiency,0.007716202279894631,0.00381407261200275,0.027408210998026095,0.11403189518260891,0.012178816409409456,0.07603307395493429,0.24620156355202233,0.0015773801271413003,0.0004161695976932901,0.0049445387164564186,0.00038498444635095175,0.5052930921234596,no_anemia_no_deficiency,0.007498547607730675,0.004688351919630746,0.019005585884695825,0.2768623162472669,0.01741951290735685,0.05345595159993432,0.1960275892804438,0.002446580310423992,0.0003361073065099355,0.004499358042836255,0.00024979376649554883,0.41751030512667503,folate_deficiency_no_anemia,0.004415631510505676,0.18340115491885853,0.013462912141316721,0.013659074761907903,0.019895272755697357,0.01264821866519191,0.5131528588040705,0.0035902923086006994,0.0030399669983795954,0.01898724089262694,0.0026929145732997616,0.21105446166954442,folate_deficiency_no_anemia,0.01231827795838768,0.20655475497883097,0.026133742996970126,0.039958368495799854,0.05108170892181228,0.029110598673278247,0.4047228486981243,0.009279784705140974,0.0053238527858057135,0.01773146564424369,0.005811378971575627,0.1919732171700307
P000392,no_anemia_no_deficiency,no_anemia_no_deficiency,0.0011237211665408539,0.044201817126969196,0.04310603647166485,0.05931491743303238,0.01323742900327285,0.008183556515626692,0.14201691714372092,0.031459911281645686,0.012638896330089168,0.06290331785684944,0.004128213736234025,0.5776852659343538,no_anemia_no_deficiency,1.5566678311458752e-05,0.005117316592478981,0.005317809337819958,0.023603763057182096,0.006772878360057557,0.0005263048843841869,0.01871133633611739,0.06773620169555893,0.0005192968070553967,0.002149426349219561,8.575055778905978e-05,0.8694443493440255,no_anemia_no_deficiency,0.005747525040467777,0.07608087011928799,0.1820566624486183,0.04052264233105123,0.07280977584807037,0.010401882451934253,0.10201810000170575,0.04224704824787436,0.014147202681262136,0.10665149638330954,0.007992220936842678,0.3393245735095756,no_anemia_no_deficiency,0.0031920554187998117,0.05274303789529228,0.09245277163103932,0.03338453731504973,0.06269909558554805,0.00784034006527303,0.12899752402464998,0.08822725072709402,0.007218302915344879,0.050127307790859506,0.00326937769412641,0.46984839893692293
P000393,copper_deficiency,copper_deficiency,7.045932899798449e-11,3.4524147346187476e-10,1.0868765989300575e-10,1.042505414935953e-08,0.9999999873085653,2.371924780235323e-10,1.1205635044334241e-10,4.787539390761829e-10,1.36129056942982e-10,6.027877553560441e-12,7.86515817769411e-12,7.639671148029924e-10,copper_deficiency,5.082009863527685e-07,5.045889988629541e-06,1.4651305101256606e-06,5.471278806782581e-05,0.9999082004950997,1.015778374298147e-06,1.5401344354396084e-06,6.971756290798221e-06,1.668473649380736e-06,1.726906684969733e-07,5.4836448557028996e-08,1.8643825480438983e-05,copper_deficiency,0.05537283732395117,0.028999881879979515,0.009738239936862368,0.03343211362087183,0.7485648873056573,0.050824477483721785,0.020872968263477884,0.017595990149444102,0.010453733566657011,0.004071906886042925,0.01033149807182476,0.009741465511509449,copper_deficiency,0.06003880453568826,0.022435143279023483,0.0071855006000331465,0.13056390242835206,0.663460448022454,0.032969242469436916,0.015149315178503521,0.03700773247856889,0.007536534085911105,0.004220316211551311,0.006718757901524879,0.012714302808952601
P000394,latent_deficiency,latent_deficiency,2.6499416033940068e-06,0.0041471786755417775,0.30678177880849344,0.00027511827932753227,4.966270835870206e-05,3.9326344684693667e-07,1.5189393771555073e-05,3.1304191952833725e-05,0.0035977733067816993,0.6783206711546526,1.1587587742534984e-05,0.0067666926883271205,latent_deficiency,5.056624192615706e-06,0.011943591479546588,0.29443997907471264,0.0010584531568647668,0.0003078798312795497,5.066958841192396e-07,1.2425547284811488e-05,0.000667096290791638,0.006054524718890545,0.6725239059275808,1.560549719685006e-05,0.012970975155775106,latent_deficiency,0.0028059507117653643,0.025601587412890932,0.2915194238218468,0.008499576252404958,0.005263844448695065,0.003143391676457401,0.030558579992638484,0.011157106971945175,0.011055299484067955,0.41099519738236556,0.003908753469347887,0.19549128837557436,B6_deficiency,0.005450336369647482,0.03316964390698899,0.3915817832909011,0.010310565823184292,0.008835983746604653,0.005378461600588985,0.02584167364177563,0.021423205009973557,0.014094479170366256,0.34209067785098085,0.007446972025140886,0.13437621756384732
P000395,folate_deficiency_anemia,folate_deficiency_no_anemia,0.015916167001436197,0.010538256839663007,0.0002425177394229838,0.005656746284816072,0.00936346380528431,0.4207827727651195,0.533329343270162,0.0018062154907027967,6.9610855534798795e-06,1.534669931584799e-05,0.0009867024591511417,0.001355506559372725,folate_deficiency_anemia,0.02269780030339985,0.022688058475124045,0.00014369253750191175,0.009836507604164092,0.002495949124049281,0.5819351284382122,0.3577803597275871,2.4353156389647836e-05,8.402038245562118e-06,1.442325748277943e-05,0.0013996429734420886,0.0009756823644015393,folate_deficiency_anemia,0.0795411271305237,0.016252383328013757,0.007940798355907544,0.037635113453703344,0.08524803728377849,0.6484171317386904,0.04636775515906403,0.004745455917775978,0.007273055939459489,0.0027605852480574837,0.05895109623252264,0.0048674602125029645,folate_deficiency_anemia,0.0893519478890498,0.031958847942892166,0.008488713395225328,0.028910675779839544,0.03413157208911432,0.6298797674119064,0.061906220400881784,0.005226012317974466,0.00719991374255879,0.005052788543405027,0.09164994534869218,0.006243595138460143
P000396,inflammation_anemia,inflammation_anemia,0.000173577928800286,3.6882557981254492e-09,0.0027955300801185893,0.004761305382268044,0.0006938830395812828,9.75979742949863e-09,3.773209225806472e-11,0.9913109847404279,0.0002526706574566856,6.009481951727864e-09,1.2623461118112554e-09,1.2027413734001042e-05,inflammation_anemia,1.5324302954870992e-06,3.743568151867707e-08,3.832695523482546e-05,0.004057269133315036,0.00022209457822319054,4.414747238594926e-09,4.614193504792714e-12,0.9956756434337893,5.050002804569559e-06,5.4897955103032675e-11,5.598438874774148e-11,4.1500412284400576e-08,inflammation_anemia,0.0003577530239616728,0.0002526513398176232,0.0024537790551490183,0.008957379301047156,0.0010312932956379934,0.00061148652647531,0.00025481806979800817,0.9830708039813452,0.001741932836028479,0.00021129739227916756,0.0007092422035831556,0.00034756297487745555,inflammation_anemia,0.0005306772095127933,0.0004054550358845119,0.003262327965453692,0.020710631306031436,0.0015860425153481758,0.0005273744985620107,0.000309386364781157,0.9694842858539756,0.0016140148195469648,0.00026513932276552883,0.0006454697501638626,0.0006591953579741495
P000397,latent_deficiency,latent_deficiency,0.00023167105916034576,0.006656483697549513,0.0009808991108761075,0.001993134547418574,0.0002765021497111637,0.000962657282357499,0.02096363282266055,0.00014737587132065182,0.00453486624023466,0.4842082169974623,0.0066044591487587016,0.47244010107249,latent_deficiency,0.0001365984125794646,0.0047005322468545935,0.00046951338594345614,0.0005493604169810015,0.0004251045536944856,0.0005903157240047239,0.017670013508246634,0.001654747991459326,0.00436392778035261,0.5704773307574427,0.006049977319970863,0.3929125779024702,latent_deficiency,0.0020397070668333956,0.03538931380947481,0.007203108899649816,0.0073955716993846145,0.004020012292506317,0.0038181896295338045,0.04943257696655987,0.003761252242727283,0.008998018423835968,0.5565077545745084,0.00416268450938728,0.3172718098855985,latent_deficiency,0.0029757010222966522,0.03027491320328206,0.009144166254939225,0.009170870305979292,0.006146556782691785,0.004572419009205412,0.03788377675568605,0.008025011105874643,0.010506799749384305,0.5871599869962109,0.0065782484568935595,0.2875615503575562
P000398,copper_deficiency,copper_deficiency,3.166134340504427e-05,9.516374287981475e-06,0.00015155232000999068,0.007069088667536988,0.9916151193805299,0.0008265351415555467,4.3927486547556654e-05,9.163667400314297e-05,7.291338378473996e-05,2.4339058335330343e-07,2.047389165225044e-05,6.733194610356852e-05,copper_deficiency,5.9611065999129754e-05,3.693401826431871e-05,0.0008830085760648018,0.04146103156685274,0.9516408051387758,0.0037791482476886764,0.00029479818010497404,0.001339357145248102,0.00015633711495545815,6.403697513102865e-07,5.534456493544002e-05,0.0002929840113593095,copper_deficiency,0.006422834056591859,0.0025858670258832855,0.0245243587140843,0.17276227422097812,0.7213406816430685,0.023880351810519885,0.0034074669822156726,0.018900210886541893,0.008984042227356123,0.0018993263787166427,0.011055911840529674,0.004236674213514017,anemia_other,0.008239745891080459,0.004009100840132716,0.03770795635082923,0.4129090533752657,0.37763227879364736,0.037707832200875806,0.0070795647905714555,0.0840786945489979,0.008838840874681281,0.0034173729514759194,0.011447593862161744,0.006931965520280526
P000399,iron_deficiency_anemia,iron_deficiency_anemia,9.949779784522192e-06,1.3652387671103375e-06,2.0582417661138947e-05,0.000316133947968927,2.8461403110065433e-05,0.00014727078256125683,1.1893404423234469e-05,0.00011503999888167684,0.780677627173206,0.0020940204504179905,0.21657763823961415,1.7163603957993026e-08,iron_deficiency_anemia,5.5306565672766585e-05,4.047880369369921e-05,0.00021028975158433888,0.00019258150316200394,0.0006534484048974878,0.00015300805556249232,2.9454122206140006e-05,3.373559066991476e-06,0.664456444456484,0.0009549116584939935,0.3332506979004139,5.218762290297273e-09,mixed_deficiency,0.000991500140747458,0.0005827021819597856,0.003450276417105943,0.00226195723442457,0.0012334012670288626,0.002978978617442366,0.0008946696253313883,0.0023864021942376287,0.4840096830404118,0.002923950194226714,0.49784280112939616,0.00044367795768729596,iron_deficiency_anemia,0.001028911185922303,0.00048383807148605866,0.002234340252219464,0.0026540845939023432,0.0012267205917849888,0.0024099550196558586,0.0006620756039771528,0.0016577845046177435,0.510632603625639,0.002656837946497168,0.474013589426858,0.00033925917743978917
P000400,iron_deficiency_anemia,mixed_deficiency,0.0007449240219410158,5.020695515009655e-09,0.0002168959990478418,0.00013596201555596791,3.2869858715252245e-06,2.7234268293628135e-05,1.7409124364139963e-07,0.000771254834236329,0.211462851448657,5.046290855122446e-07,0.7866369065707124,1.1465978134445291e-10,mixed_deficiency,0.000138945399696635,1.2618086945843102e-13,2.5095198862084266e-05,7.009189427914098e-07,6.74740678145573e-06,5.066402276526889e-06,5.884017382134257e-12,3.7675506530058286e-06,0.14780428274751875,5.571818105244431e-10,0.8520153938120761,5.175484774018159e-16,iron_deficiency_anemia,0.00348874070460222,0.0016982849418831492,0.007029719322351178,0.0073828589869906645,0.005923853817588548,0.0037061968566343743,0.001383758051053741,0.005824802929968711,0.6648905692752185,0.0033638663697674537,0.2940519408859278,0.0012554078580136717,iron_deficiency_anemia,0.0008746759449999508,0.00042090515522725673,0.0016876183661327015,0.0013369772409462762,0.0009637631364851927,0.0006941703470356999,0.0005406928284036762,0.0026905336881508767,0.794980186357728,0.0026367305083261627,0.19279688017109045,0.0003768662554737173
P000401,anemia_other,anemia_other,0.0077168887901800905,0.006818273992977074,0.016902044088453066,0.9407287917273284,0.003565470135718619,0.0009474320834191191,0.00018673263723739962,0.005440196390765618,0.007475249320566077,0.0015628048999645442,0.0016674200569908586,0.006988695876399317,anemia_other,0.05922313874110229,0.011719476569067092,0.057085219811120254,0.6724539460930821,0.08828453906280805,0.00026530543109822496,3.135323242817361e-05,0.0565199898107992,0.025839028708087134,0.0008327980144936559,0.005744195904692152,0.02200100862122167,anemia_other,0.012356658913341369,0.0030833014819197043,0.011288764159114617,0.8798405994381372,0.02596203744774037,0.008638153533248835,0.003719774744343437,0.03419002891877881,0.007045034283835992,0.0019095327769641506,0.00757652284787837,0.004389591454697236,anemia_other,0.06668197130927037,0.012090654267513701,0.037049695257855765,0.49098518427345966,0.1075626626328295,0.014640761796380129,0.01085878900222181,0.1690663147628452,0.04377880448775399,0.005907487606876956,0.025985495067584272,0.015392179535408891
P000402,B6_deficiency,B6_deficiency,3.2951286643015563e-07,1.7702257744887065e-09,0.9999887160810997,9.255733341762649e-07,2.3013633967759687e-07,2.3291576800993562e-07,2.455337146252332e-08,1.6267847812908886e-07,9.078296241725585e-06,1.9882333881559097e-11,2.984620896471973e-07,3.030636922545142e-13,B6_deficiency,1.842369009038047e-05,2.421844724425504e-06,0.9989181956444075,0.0003187725340948298,5.566012651224408e-05,0.00011745169601089411,4.701591486010426e-06,8.132527507896197e-05,0.0004105704578809104,1.394011486346231e-07,7.231742115587613e-05,2.0317409269755023e-08,B6_deficiency,0.05429903136962141,0.007744853701569294,0.27534510506690907,0.11487660773638712,0.0432699840494529,0.04298815334999835,0.00983351221195544,0.07322431418874001,0.17525434297311882,0.0067792147654331565,0.19136158285205573,0.005023297734758776,iron_deficiency_anemia,0.07289032428422892,0.0057143069037252255,0.19739305620825373,0.1332784397835014,0.046601091746859634,0.022872226243157004,0.006648216745821839,0.04184486253008452,0.28762959038051295,0.0057524558118684285,0.17340523225746923,0.00597019710451732
P000403,inflammation_anemia,inflammation_anemia,7.324029700880815e-07,1.011891322087073e-06,0.0009741388643404006,0.006633995661134275,0.00011606974979605217,0.0001020127048647397,9.232612616916425e-07,0.9680146902279088,0.02414788044339789,4.1306281870779615e-08,8.286668166077576e-06,2.168185558355953e-07,inflammation_anemia,0.0005887983225407702,0.00029566708717357457,0.06036724650515093,0.16276316456016532,0.01736445191868631,0.009695201455421595,0.0009218019944676556,0.6085988775511922,0.13654777251887681,5.0813354698066494e-05,0.0027265268416906043,7.967788993602844e-05,inflammation_anemia,0.0029497370275930078,0.0026055141861879684,0.02176344407645644,0.018450380143781888,0.006698212424327278,0.006763778710643643,0.00209125022909792,0.9104809175786638,0.018595605198436102,0.0013770438722197588,0.007013728685106238,0.001210387867485999,inflammation_anemia,0.00459541666728118,0.004185301893065175,0.08329218371232458,0.03462560624691907,0.013441991841663836,0.0095397038802742,0.0026437034091484797,0.8035943284601679,0.030078694481059067,0.002974568784021288,0.008707788474811448,0.0023207121492637207
P000404,B12_deficiency_anemia,B12_deficiency_anemia,0.9586128783654865,0.003641757184800464,2.7700263315207386e-05,0.02451578614026629,0.000896745639094517,5.1368137074331154e-05,4.0333493254598606e-10,0.005263201651773022,0.0020271751682243645,1.3917753879763665e-08,0.004963264148657242,1.0898021916200908e-07,B12_deficiency_anemia,0.891614157995323,0.0002295849581685992,0.0009534836904791747,0.05993608684247671,0.012625358389748053,2.664759621729044e-05,7.99301265127488e-10,0.022283503324832064,0.0012400571814926529,5.513190135058692e-09,0.011090942302512742,1.714062582152294e-07,B12_deficiency_anemia,0.42861160743600885,0.023409398796057492,0.013386940792613992,0.1240138601893541,0.0417585308929195,0.20908791839408733,0.015715757356936956,0.05012270174010149,0.022563362896091742,0.0032933615869190644,0.06266487289872848,0.005371687020180739,anemia_other,0.13096677667858203,0.01682518899101744,0.009008161398158899,0.32729600118439517,0.08534832134857531,0.24432781242826718,0.01501055866432982,0.10331404752598106,0.022229580423926462,0.00320330469705707,0.03614148350230677,0.0063287631574027526
P000405,no_anemia_no_deficiency,no_anemia_no_deficiency,2.785772423906391e-05,0.11537740298225944,0.0005298133753655552,0.0021641769651347185,0.04874035753933056,0.0006593950934125386,0.05498584388245094,0.0006910463732673449,8.808717569312988e-05,0.003511164249311165,1.56048822101411e-05,0.7732092497573254,no_anemia_no_deficiency,0.0007537594758203176,0.10629114497237144,0.000384899861487313,0.00575331720457526,0.044339305734731764,0.003221944949449231,0.1317422780719899,0.0028461018610003506,0.00038098029685330133,0.018457557609378925,0.0002683350270367641,0.6855603749353054,no_anemia_no_deficiency,0.006211853938142492,0.15695566092854024,0.011591332822394364,0.008157334177774435,0.23489403795652627,0.0071357672868275586,0.19089275234037165,0.011538439218346788,0.0061857755543802085,0.03039335581703594,0.0035317329317128415,0.33251195702794717,no_anemia_no_deficiency,0.011737174583033147,0.21555582720187136,0.014430371082193787,0.012231173232522324,0.12390614887240499,0.014046380974693988,0.214860497598883,0.013882312321757899,0.006412940665511369,0.03053230967778484,0.005051954927783375,0.33735290886155994
P000406,latent_deficiency,latent_deficiency,0.0003407018305692208,0.007546559440191478,0.0019550670875737555,0.0013454348590763072,0.0012904967713132385,0.00045908985821111663,0.010084879444918485,0.0011693680543320832,0.04737952003560569,0.8571390511568968,0.05696390067957859,0.01432593078173332,latent_deficiency,3.1606835078218304e-06,0.0004570478006452432,3.364203949081443e-05,3.426672535073089e-05,2.9053697194277826e-05,8.483943610603183e-06,0.00010709161006673771,7.57378560731655e-05,0.0139915677063906,0.9722557626112852,0.011052438798838092,0.0019517465275468988,latent_deficiency,0.0005969592568655032,0.005335703139314783,0.003853207930276902,0.0020465434372698957,0.0018361955280275424,0.0009090021099125488,0.007482572436371017,0.0014540577700025356,0.009931043743075185,0.9472206893737828,0.005979209622057605,0.013354815653043677,latent_deficiency,0.0003963872304475808,0.00429794766355786,0.00194316101280325,0.001250996331480256,0.0011361215438036648,0.000525132602013868,0.0037081537386464036,0.0019127899182465762,0.006438408418896532,0.9644736212518352,0.0028931300824679047,0.01102415020580083
P000407,anemia_other,anemia_other,0.03227922825356648,0.0026320743411858125,6.644914584246156e-05,0.7338505692393996,0.0007771268875495676,0.0509645051271139,0.029592324757067818,0.032814977220146396,0.0409951198382127,0.003122842396420433,0.064692283535797,0.008212499257697676,inflammation_anemia,0.04624839145252075,0.0008537253276875745,1.0971785154984665e-05,0.2273067888040619,0.0018952018897806088,0.10368906843402823,0.019522052303766035,0.47143790801248253,0.04065966559633404,0.00027948418747328444,0.07905341813862553,0.009043324068084519,anemia_other,0.005979501165176072,0.004467509750897827,0.020943367988773685,0.8505818992167571,0.02863982682880908,0.012373776331053897,0.006086144824737723,0.04330886025604619,0.009923994474013174,0.0027609117696974573,0.008103133510981216,0.006831073883056626,anemia_other,0.014465370302644706,0.008211256874194833,0.04390358250439372,0.3866327020205471,0.11736122226537422,0.033346556061806865,0.012355835096987464,0.3260107467730176,0.025234834818794998,0.005174885525928127,0.0114447793368257,0.015858228419484782
P000408,copper_deficiency,copper_deficiency,0.0017380481105086995,2.110341719061552e-05,2.815841208880202e-06,0.026869883271224082,0.957073326247857,3.569759358187402e-05,8.609121192310214e-07,0.0013992301768951923,0.012016047780801335,4.348083887633817e-05,0.0007779391979252572,2.1566611811467577e-05,copper_deficiency,0.005599103641716389,3.508286006322876e-07,2.7529936516000475e-07,0.04140545753815283,0.9433729421959612,0.00012520857865738115,4.99048359040122e-09,0.0010488549471301758,0.008191436485982508,1.287207469701303e-06,0.00025319734148048493,1.8809450000355964e-06,anemia_other,0.08663419677527083,0.00815971981390397,0.08528608470489357,0.30503054434704924,0.20314857708400832,0.041175753152017595,0.010442027244355084,0.02958682248851296,0.0726307837440131,0.007418135974705199,0.141540030579481,0.008947324091788925,copper_deficiency,0.15560872383561536,0.014027580323334177,0.10479844319563845,0.14022124762708302,0.23583079107499286,0.054355847249234736,0.016179827122097125,0.04081852070993541,0.08528528066935034,0.015224167905981896,0.12105227885835139,0.0165972914283851
P000409,B6_deficiency,anemia_other,8.922301037793085e-05,2.581481737138575e-08,0.20789051074006057,0.5907803462376758,0.018785850839348295,0.10218966362761288,0.01306229351444658,0.007745241590914588,0.04988909621743433,0.0007728720677594933,0.004031165811266899,0.004763710528285063,anemia_other,0.0008878556816052618,1.7910088299927241e-06,0.1624229569453114,0.4234012953038524,0.01967486143512776,0.17251610790551383,0.05191912255582426,0.04398062169180151,0.08029831320152123,0.009821107526831213,0.00729196144975873,0.027784005294022505,anemia_other,0.0084485249431864,0.009047956364004572,0.05980978066202856,0.7245315787681962,0.02547980705487839,0.027054889442505947,0.007723686051555504,0.05364719992238576,0.04161577072598217,0.00962652270148722,0.023902904439057435,0.009111378924731758,anemia_other,0.016176022500912296,0.007957231356551776,0.20128347429910204,0.33416121742095056,0.026230628742906055,0.05225843807304137,0.009035219993394133,0.2634739317449534,0.04207057640498856,0.012522728305219645,0.02217479294778846,0.012655738210191662
P000410,anemia_other,anemia_other,0.001863632152495025,0.03536203847514506,0.023556116943628507,0.3434435139883699,0.12816420656584787,0.21130267220347748,0.08987947109964517,0.02099002125570046,0.03402909045254334,0.0068942880656170085,0.0016076325416022608,0.10290731625592794,anemia_other,0.0002482024742235279,0.03355742064310129,0.005474724644610744,0.46821998323943603,0.16961960073219123,0.06115829745918459,0.07412460216393696,0.06860464519697257,0.04771215850948161,0.0015431813489283205,0.0001491732588429325,0.0695880103290901,anemia_other,0.0711852826444094,0.021993422450109306,0.024801531021527653,0.37735525911710516,0.1062580499334163,0.2010055535909105,0.06090213990817055,0.014695154068724674,0.03879551505383739,0.008155405723256539,0.04721686261627434,0.027635823872258315,anemia_other,0.039707300087917355,0.02673736576460367,0.02942162940032328,0.46860865589759854,0.1407113300922404,0.08853368629218927,0.04037693396943182,0.07499161749507856,0.02547221050120192,0.00820147917261998,0.027042485342399843,0.030195305984395363
P000411,latent_deficiency,latent_deficiency,9.173955845953108e-06,0.0007459799123492946,0.0013160320664448964,0.0009993855951417852,0.000488705556406426,2.3659693114732424e-06,7.352131586370746e-06,7.189527263291576e-05,0.39165460905083266,0.6026958409983327,0.00011668407295249213,0.001891975418163134,latent_deficiency,3.582066642777974e-08,1.98981349083687e-05,3.1534575798501916e-05,1.830814590166286e-05,4.781315090793349e-05,9.67347872946606e-09,6.54175875819586e-09,2.1436232773217194e-06,0.3125151958116604,0.6872031387364522,9.47295749970286e-07,0.00016096848943973,latent_deficiency,0.0030343193865424414,0.014350911361897587,0.018280145863916016,0.01284334420575348,0.005425118850835685,0.0036787915637020766,0.013579798544759826,0.0083706665549433,0.08952672407019155,0.7925483907342965,0.019908621248166378,0.018453167614995238,latent_deficiency,0.004256210486504147,0.013854096117336763,0.018364360026191167,0.013764443916433491,0.006471363972657165,0.004945169301754494,0.013992036337195098,0.01638385908710975,0.13390985558424764,0.7267231788738474,0.028847992189857546,0.01848743410686537
P000412,mixed_deficiency,mixed_deficiency,0.012726727758612237,0.002071404968825641,6.328775706141148e-05,0.0010709021571802858,0.00019153724215614348,0.00043614756785535964,6.381429228565847e-05,9.706696839838113e-05,0.007438407247590952,0.00034249582711441207,0.9754963360805052,1.8721324141546755e-06,mixed_deficiency,0.000516304572871851,8.684348254587391e-06,8.287697379357488e-09,7.410344653889477e-07,5.89646286880186e-08,7.5733533657269376e-06,1.0839437230021432e-08,1.0501572625987963e-07,0.00014945190838290111,9.666402996391671e-08,0.9993169649531648,5.7975262989579174e-11,mixed_deficiency,0.03316296945504582,0.0077684780815662465,0.007084680973841645,0.02884019562400509,0.005441336238021036,0.01430659083303616,0.0052687002065753335,0.005990533466132436,0.028357400172862673,0.0067420960716249615,0.8544576549319777,0.002579363945310965,mixed_deficiency,0.019300042002911987,0.004079715009009133,0.0033377508466956828,0.006329695848200802,0.0034687895648662062,0.006535175760719386,0.003015579568276588,0.006822150318033756,0.03212045778334535,0.00547106658069401,0.9077393073570478,0.0017802693601993286
P000413,folate_deficiency_no_anemia,folate_deficiency_no_anemia,0.0003894037077084274,0.011185933883318722,3.668713854366083e-05,0.0019164183103425338,0.0001396191622947129,0.04705061611593293,0.9304941453850252,0.00010983766179732206,9.340472761204996e-05,0.00013531773831155307,0.0008765846862994269,0.007572031482813544,folate_deficiency_no_anemia,0.0005238265426382393,0.029029734746121024,7.290719900393835e-05,0.0010071818530814991,0.0005203861274785523,0.03407534438980174,0.9227583908119995,9.423134682426295e-05,5.008112733356923e-05,0.00011621308321169508,0.0007563955245228461,0.010995307247983251,folate_deficiency_no_anemia,0.015384450895267104,0.12562142558805392,0.008396433536664919,0.01998556500669472,0.027050425127860035,0.06904690266090908,0.6347072263433595,0.004266388658052754,0.007561297534812622,0.012354901731336021,0.009601307979112359,0.06602367493787699,folate_deficiency_no_anemia,0.00578893533700505,0.03485372244241413,0.0050641866406393385,0.008701951803699185,0.008029435079527416,0.024984537549596068,0.8321265415137861,0.002504540973180499,0.0032589478976286887,0.010389265941854976,0.005048616880724734,0.059249317939944195
P000414,latent_deficiency,latent_deficiency,4.5722316556747266e-10,4.3229814531524313e-07,3.4065792851897056e-08,1.642415386218134e-08,1.227579624121957e-09,2.7075556460699536e-12,2.880413260058269e-11,4.1454893652885515e-09,0.002897732771192603,0.9970416673153056,5.9051280912583336e-05,1.0599826932975642e-06,latent_deficiency,9.05778587373701e-09,6.211065725601346e-06,2.1765976047013445e-07,3.6108372493768845e-08,3.394212610641737e-08,1.870474571587159e-12,1.1376464809094507e-10,7.153043808809119e-09,0.0009283266847004475,0.9990265021895094,3.641565790441012e-05,2.240365436133378e-06,latent_deficiency,0.00045990003718478375,0.0027415121473903666,0.0039033986427059525,0.0011057728744126327,0.0012199960328424318,0.0004653113815289959,0.002536400170955529,0.0012498978498773296,0.008167629925637352,0.9667278893981484,0.0021261510809760095,0.009296140458340233,latent_deficiency,0.0004339628074618815,0.00408558403768512,0.0026441745127224656,0.0010983751244878176,0.000729648396187846,0.0004473304591027422,0.0010710161634375852,0.0010910973933103418,0.004732515034420959,0.9754459638628481,0.0016160803529716365,0.006604251855363582
P000415,B12_deficiency_no_anemia,B12_deficiency_no_anemia,0.026149121830549127,0.6905748186162047,0.0004421303861031625,0.023032416841137333,0.005715011416392343,0.044633913105002775,0.11364739746789948,0.005696641319710364,0.0003279638291118846,3.086648663649223e-05,0.008113483447064657,0.08163623525418778,B12_deficiency_no_anemia,0.0010422759151619823,0.9597329132192821,3.5944590838310196e-05,0.0025356581345495647,0.0017683764357757238,0.0023108114080904536,0.010989396968341995,0.00013928893897193268,2.247317678943579e-06,4.119132961486566e-10,0.00039777553343558076,0.021045311125960045,folate_deficiency_no_anemia,0.013799465801941137,0.32028830569491284,0.018198523761632907,0.017463092244195406,0.05421567788487065,0.05096330108604289,0.32361530189037774,0.008301266717369206,0.004557935926300789,0.023086997914014046,0.006931430395451941,0.15857870068289057,B12_deficiency_no_anemia,0.01544755961798439,0.3678492113298649,0.010835492527775383,0.019752701666310813,0.046393928367405385,0.040786557170661805,0.26541312512530923,0.00999016747205965,0.0033962065628336774,0.012496392677685028,0.005898563056993702,0.20174009442511598
P000416,inflammation_anemia,inflammation_anemia,1.784970030378075e-05,3.86199754826213e-06,8.627228653306829e-05,6.885757227686623e-05,3.2055832630850004e-06,1.0084818317676076e-07,2.5843875459472923e-09,0.9997007699982008,0.00011714243709194071,4.145732276831628e-08,1.376038352214171e-06,5.194965367769646e-07,inflammation_anemia,0.000657765334241174,0.0002795973568597837,0.007106132948743005,0.02580342545927504,0.0036672670026563544,4.282117853553989e-06,2.0754619051050988e-07,0.9593720972277264,0.003005694753352027,8.606844162896177e-07,7.43028626106173e-05,2.8366706075340972e-05,inflammation_anemia,0.003269601341887849,0.0013768254148796497,0.006065921541843978,0.008744799881395652,0.004795651754159707,0.0013887170034840412,0.0008139942673694692,0.9607812610285545,0.006596430633919969,0.0009407013357494961,0.004286088704861328,0.000940007091894158,inflammation_anemia,0.006478085326163798,0.002246137734068932,0.017759696004631186,0.06263341739522771,0.02913880926923889,0.003374868766721032,0.0019834512845085233,0.8331264430391253,0.02733670995758057,0.001967984950806306,0.012283811680248643,0.0016705845916790256
P000417,iron_deficiency_anemia,iron_deficiency_anemia,0.000268881818099201,5.585239066050794e-06,0.11384852317354928,0.06824366608037569,7.167267959617506e-05,6.86619848843736e-05,0.00040793434453646277,0.008460137990313218,0.5390970470251543,0.0028951028443759967,0.2666304511948255,2.335625223774489e-06,iron_deficiency_anemia,0.006718742746373292,0.0003636436176336835,0.12489693352482066,0.10561927785706607,0.02423426601657121,0.022781029798598133,0.005724479994938569,0.017992717798293163,0.497892988599886,0.01878811838653447,0.1745335818621809,0.0004542197971037938,iron_deficiency_anemia,0.004441202171349058,0.004595147250715154,0.0709863770166441,0.025693134129082026,0.009915529541109221,0.015053257150595035,0.00560673087637701,0.08456714529481753,0.6652038026062597,0.014044788057367577,0.0962878543712629,0.0036050315344207835,iron_deficiency_anemia,0.006165140239989464,0.003418488927375377,0.07960582576814074,0.04249282812645811,0.010854575292351431,0.016954960978411367,0.0036440197139322736,0.08602131755196225,0.6169009101842127,0.015502711185702,0.1142723904826481,0.004166831548816335
P000418,copper_deficiency,copper_deficiency,3.240930296947904e-06,5.344298924238208e-08,0.00010052983289230496,0.0006531738436197249,0.998378472058202,0.0006889733905184466,1.9685661834801806e-07,1.4177294018805911e-06,6.678665066143312e-05,1.7352003236618032e-11,0.0001071548734017565,3.7404606409617605e-10,copper_deficiency,1.4481475803507207e-07,2.371376902843445e-08,1.0133970250523485e-05,0.00038570498066816354,0.9990318091315686,0.0005629345405599439,6.69906193431059e-08,3.1086851467144173e-07,6.78583573328892e-06,4.597295188067083e-13,2.0851404126202803e-06,1.2686244871750094e-11,copper_deficiency,0.05662096712273219,0.006025300509464761,0.022437373321221515,0.11133313615546733,0.46993853451233986,0.16328400756123748,0.005739753862691924,0.013827568051481798,0.01665859696225585,0.002509511587249842,0.12872231894456349,0.002902931409294232,copper_deficiency,0.02288209922253349,0.0038679685055819433,0.021908292178410848,0.11798594756706242,0.7094202823188794,0.04510129317391822,0.004847545960377423,0.010083660859722487,0.01164260118467016,0.0019401563170978432,0.04783308875776706,0.002487063953978706
P000419,B12_deficiency_no_anemia,B12_deficiency_no_anemia,0.007367853390025201,0.817854404485892,0.0016031840616368945,0.003165532197775835,0.0016398950276583044,0.0015830778824914874,0.03551142279917591,0.0008870418327425986,0.006586210892899156,0.09528532948723491,0.010006002725733161,0.018510045216734442,B12_deficiency_no_anemia,0.00044824215322775027,0.9519969081309425,8.09572343998843e-06,2.83621295786709e-05,0.0001408909011466061,3.789726734761129e-05,0.004008652465421102,1.602923643977636e-05,0.000355438501963825,0.0347682679945433,0.0005445100422853051,0.0076467054536636415,B12_deficiency_no_anemia,0.00709924648966849,0.36746099284765693,0.026246780729900106,0.007977501688394555,0.008900920243067425,0.004291725046062914,0.17301682465733612,0.005823328430426746,0.01595867010505055,0.1815755353021929,0.009952963249290217,0.19169551121095316,B12_deficiency_no_anemia,0.012632984587276254,0.5285330689302516,0.015183661781675729,0.011900695473873747,0.010356050221252,0.005206932513974452,0.1074215543287822,0.006437669232080888,0.01706694107392531,0.13140605918655576,0.015102985522552613,0.13875139714779944
P000420,mixed_deficiency,mixed_deficiency,0.4557318322954347,1.5252866438381033e-06,1.556390256071132e-06,4.305001994054314e-05,3.1900745414604183e-05,0.0026306876656316852,7.514633542838418e-06,1.721120990792711e-05,4.174598381878443e-05,4.083214989714866e-09,0.5414929687700109,2.916183229874608e-09,mixed_deficiency,0.4746153043839492,2.8848042395966027e-09,2.2042930865796648e-09,3.1780125336807726e-07,1.6804520682629504e-07,0.00015525019448515742,2.8909583216742136e-09,2.0088380571476582e-08,3.5308177841354666e-07,5.969766882199305e-14,0.5252285784247692,6.19330170003561e-14,B12_deficiency_anemia,0.6144779318893663,0.004440871432422784,0.004144072959808111,0.01296549852390374,0.025420995023102928,0.043060414894666194,0.004363122337726583,0.005431486220072868,0.006325530650928039,0.001022862495346641,0.27684898612537406,0.0014982274472818164,B12_deficiency_anemia,0.4820546303776288,0.004082547450227538,0.004788862857533997,0.01874452328916791,0.03802601165405001,0.058343764368907015,0.005956543527778075,0.007025226860789013,0.005356777136909648,0.0014120078155611673,0.3720940357286356,0.002115068932811421
P000421,mixed_deficiency,mixed_deficiency,0.001482119694099647,2.651414002447643e-05,3.843862458621542e-07,2.935046486285482e-06,2.283497793831559e-06,4.8121638138193196e-05,1.0727221806640964e-09,1.6247678086744268e-05,0.0007955599292467467,3.992895023264204e-09,0.9976258289241241,1.3699725145709316e-13,mixed_deficiency,0.0053170419473494695,2.546933790840862e-05,1.1325740023759652e-05,6.565494081912737e-06,1.9276493249618653e-05,0.0002054167583788073,2.162702841615579e-08,8.817351997297449e-05,0.0032067338142686146,2.017072906579606e-09,0.9911199732506035,6.156356859957677e-14,mixed_deficiency,0.13184010083398173,0.027549363793069142,0.014421979444408569,0.024459837435704027,0.016857490826243087,0.1365213715503605,0.009754372865540848,0.015669230265957117,0.04510854052375614,0.003173218341663909,0.5721088733259374,0.002535620793377624,mixed_deficiency,0.08400442821964173,0.023449282277490335,0.03663257150421116,0.030113215712400058,0.033199869550150175,0.11756689069414236,0.014399327282074527,0.02699921072368607,0.1838619329526873,0.008328235733866467,0.4366920014371928,0.004753033912456991
P000422,mixed_deficiency,mixed_deficiency,0.3262583802753131,0.0021829083586495887,0.00017349768564780594,0.0016256135660791926,0.00032188559015188553,0.07043947604833346,0.008552682632770096,5.313491460658726e-05,0.0035583961585888544,2.206850995304324e-05,0.586808023127394,3.933132512371266e-06,mixed_deficiency,0.4247424588810611,4.663067191416288e-05,4.999006774150164e-07,2.2945264494340567e-07,9.227893442116786e-07,0.005153273663345157,3.490261561248726e-05,5.3054519314927746e-08,1.240779593523295e-05,3.980740838201038e-09,0.570008617102213,9.199200094180547e-11,mixed_deficiency,0.18069043637220114,0.012730374111858917,0.04421321510789241,0.05674168001071904,0.012019090883347565,0.11180573131657098,0.02026327922052206,0.00961407905383938,0.02321477155273375,0.004170696318768488,0.5184905605727587,0.006046085478787482,mixed_deficiency,0.23958952614914056,0.00480500358266572,0.008352960266648996,0.010791158349025139,0.006137380546166436,0.037427590376855814,0.00787819770067362,0.0022405535847651197,0.005738826888065396,0.0017984764987584918,0.6732630614525339,0.001977264604700844
P000423,latent_deficiency,latent_deficiency,5.6929571889419484e-05,0.004613982624536548,0.0005971686792814705,0.00020492414092644515,6.542494296122624e-05,4.6791690623569624e-05,0.0013969841738169367,2.3387561628083898e-05,0.1900716525158085,0.7936447440989651,0.008775982116114167,0.0005020278834484884,latent_deficiency,8.151838772961948e-05,0.0037589857396740072,0.000192715763295735,9.74816260462939e-05,0.00018419190998730412,2.9130198588782873e-05,0.0009303989601530883,4.183895352237971e-05,0.1336957377224743,0.8479048790176646,0.012834567090388894,0.00024855463047499345,latent_deficiency,0.0007720015720009179,0.011105065748245295,0.011810543998921428,0.0015855672210525868,0.0012266211986073747,0.0006494593956004067,0.004151292325285049,0.0025088681840618812,0.015017945344094367,0.9404413057007612,0.004990691190190226,0.00574063812117902,latent_deficiency,0.0011796312109107097,0.012903374531458013,0.00791501975157257,0.001907101390550733,0.001950169369120358,0.0009334808809865788,0.002207833772032601,0.0038877081430044014,0.016870157286313577,0.9416315169295271,0.00590548805302114,0.002708518681502432
P000424,iron_deficiency_anemia,iron_deficiency_anemia,0.00038751951743029014,7.924103055219484e-07,0.000290927947008672,0.0007079978205826316,0.00012045744876100473,0.0004932924986090632,2.401407871904123e-06,0.0002995050851048866,0.5119929010555809,0.004719931623029181,0.4809821229280531,2.1502576628275973e-06,iron_deficiency_anemia,1.4821005966957364e-06,3.549752487351536e-10,3.344192718016426e-06,2.304398469964631e-06,3.292697561444331e-06,4.5643589944418797e-07,2.972210299937914e-11,3.3076462498656255e-05,0.6248805014708902,0.00010730274714837925,0.37496823894528253,1.6423709297740563e-10,mixed_deficiency,0.02688103901358634,0.0053491145151561325,0.008549016234777511,0.021519155481497954,0.04164006020964609,0.022406036826464852,0.004840738735037726,0.0072825959235551735,0.3438333058883255,0.0088148354243271,0.5043604148269747,0.004523686920650947,mixed_deficiency,0.018699086868084698,0.0028032784430239827,0.004089169102190612,0.01037845266384996,0.004703682876792913,0.01120211011330482,0.0030291196647682012,0.00901180737278444,0.3715513656150744,0.005590753371434026,0.5569492573109269,0.0019919165977649892
P000425,mixed_deficiency,mixed_deficiency,0.09133806702061247,0.0007144021170577188,3.635798043709226e-05,0.0007419200687927372,0.0026760683381286975,0.033775159861778634,8.75572112900563e-05,0.0007255697397157375,0.06780524262259696,0.00018448613460314805,0.8019135893908255,1.579514161463115e-06,mixed_deficiency,0.04306074869014669,2.380192058726346e-05,9.54313048098254e-07,0.00022204585852007784,0.0004510197683618029,0.004334898686454885,1.059042402888092e-07,7.416548477501211e-06,0.027736732710416392,3.1456550560054513e-06,0.9241591277529518,2.1917391206100092e-09,mixed_deficiency,0.036930745728922534,0.004084374390845073,0.008832391658505526,0.015998590522125957,0.0270362701990451,0.05892613600518676,0.004247232685020793,0.0067776458709296866,0.23545441767875824,0.004661595824070185,0.5952372222371811,0.001813377199408991,mixed_deficiency,0.041942058435522046,0.0032758254774780467,0.008624500123331392,0.01702054678111051,0.01776816889282107,0.023424310150033326,0.0029656143615877004,0.00986804738998917,0.20245022022765077,0.00459853905150723,0.6661994318574721,0.001862737251496586
P000426,latent_deficiency,latent_deficiency,1.244610380949636e-05,0.004865194214387226,7.530186095939701e-05,0.0004042933449224157,1.2360281910971415e-05,2.8221555165139585e-08,4.461068351254145e-06,4.305207570099019e-05,0.010616633117927522,0.8961419339010466,0.0001162823407179268,0.08770801346871107,latent_deficiency,3.6930999529835866e-05,0.027791423579704405,0.0009533062893443566,0.0001308105131210964,0.00027908327172311955,1.0378437424432356e-07,8.994083616787725e-07,7.842873518213329e-05,0.007059579473554906,0.788975758739619,0.00010066135478558846,0.1745930138506996,latent_deficiency,0.0016587085036061746,0.00852209284964167,0.005256651160048689,0.004551812713165315,0.003392506131343267,0.002035744529442652,0.014760249446881271,0.0034572850161476566,0.013031290506231434,0.8597111275108156,0.0062788248797376245,0.07734370675293868,latent_deficiency,0.003293985638635693,0.014233112827934909,0.0072771598616917,0.007256724130318955,0.006261372764897324,0.003773623412594887,0.012933314439277558,0.0070480511211752795,0.017769679765535853,0.8252249752312876,0.010982617672498677,0.08394538313415162
P000427,no_anemia_no_deficiency,no_anemia_no_deficiency,0.00018321133337298714,0.017363191130650494,0.013134895767744145,0.0015160045432704825,0.00024937878885762275,1.5686694869564817e-05,0.000494041396289556,7.469881973905967e-05,0.0001541892191906526,0.017709355302726514,6.605797816434392e-06,0.9490987412054724,no_anemia_no_deficiency,7.590587680591397e-05,0.012193935375297223,0.005835988754794879,0.002304557043418459,0.0005424826608167838,8.78004664250256e-06,0.00043551309632897117,0.0004554539045401194,9.018256596583137e-05,0.018165519375870194,2.7980364678771966e-06,0.9598888832630512,no_anemia_no_deficiency,0.0009474923302129282,0.03061361348792286,0.020256726520536693,0.004109697562703334,0.0025536699287386794,0.0015682189028817454,0.02460200447406511,0.0026966688124104494,0.001715887358658473,0.024435479727029072,0.0008878943776928429,0.8856126465171478,no_anemia_no_deficiency,0.00153886675229857,0.04180246172027723,0.017248776205071283,0.007076129026211126,0.0030214580997397146,0.0022555843026510294,0.015249384375532993,0.003994218951041943,0.0019587531763126075,0.01773096579938052,0.0013894247718834831,0.8867339768195995
P000428,B12_deficiency_no_anemia,B12_deficiency_no_anemia,0.032148290247307254,0.5579781437248708,0.003896163486198845,0.007367364296555386,0.005821128261374215,0.0665523650517781,0.21855416573669553,0.0012959126264879526,0.001243490229870834,0.018745636277194996,0.07743176442844814,0.008965575633218203,folate_deficiency_no_anemia,0.009951437814029268,0.36070570237164123,4.657216126480049e-05,0.0016797972710467823,0.00024316988671836326,0.16160845629836473,0.40198182863800613,1.6828209663291823e-05,8.709345751146776e-05,0.0011723932820984345,0.06039947840280369,0.0021072422068518794,B12_deficiency_no_anemia,0.009141185621205234,0.8209179773416447,0.004261658963601223,0.004985775598698282,0.004735276789419245,0.006553732946728284,0.0990619992300639,0.0018082993381042043,0.0030041564449780215,0.016269122890572155,0.0061046849749560785,0.023156129860028515,B12_deficiency_no_anemia,0.014684230448958368,0.4312973911460447,0.010673687124383555,0.008184850542148963,0.010664026665698004,0.019358342579339473,0.41626901107602104,0.003973685622436642,0.00595315299624361,0.02456975988881304,0.012521000147963708,0.04185086176194892
P000429,B6_deficiency,B6_deficiency,4.353493117916017e-08,4.355159941713866e-05,0.9998256459529294,1.9447444906766432e-05,1.8387171902358588e-06,1.4333607270911793e-06,1.5203323116290104e-05,2.38537072914281e-05,8.850867198972363e-06,1.8529636802025792e-06,6.17574371484998e-07,5.7660954239813916e-05,B6_deficiency,8.811639890577726e-08,4.63171492337591e-05,0.9998952111956987,1.5863590439367765e-05,6.240140529499783e-06,5.668110947806432e-07,4.996804305834713e-06,1.8458582774200874e-05,3.122875720123803e-06,5.2269504273485225e-08,3.7095230035143577e-07,8.71151200022595e-06,B6_deficiency,0.001267939343523593,0.006211002283220871,0.8991369249531697,0.004237644946795814,0.011827967244834644,0.00255827629624474,0.014182815493940187,0.0075595854361707755,0.004423298315445574,0.02057446544187771,0.0015330160041205616,0.02648706424065619,B6_deficiency,0.001074440441579568,0.01081340097717846,0.9172158944258887,0.0037529131411564044,0.015374290321596753,0.00175255179726914,0.009101013718377977,0.010005413932614077,0.0032954739991381235,0.015040674778880336,0.0012397563546272877,0.01133417611169305
P000430,folate_deficiency_no_anemia,folate_deficiency_no_anemia,0.00021593728497650575,0.0033808787663906917,0.0006368080407935713,0.00024966226093447997,0.0001505307467968302,0.012192521926183954,0.9778831801241263,4.3064641570521494e-05,0.00032224118623944544,0.0020380514941204676,0.0022392368487708556,0.0006478866790962105,folate_deficiency_no_anemia,0.0030229664145811656,0.017440555259431695,0.003091735463666744,0.004833534481063676,0.0045317058236745535,0.0714759306658732,0.8431635212888398,0.0019291899808390784,0.001845255502623218,0.018608097651816254,0.011564338434712195,0.01849316903287858,folate_deficiency_no_anemia,0.003138041208208333,0.07594474876964047,0.016995141524800104,0.003396305148985507,0.017423744595866843,0.005150034801555053,0.8108570989951781,0.004217601442056756,0.003779601011378512,0.02130240856176786,0.0041737819522310185,0.03362149198833155,folate_deficiency_no_anemia,0.0027369396681288845,0.04187197390326575,0.014906710537958195,0.004338217932167168,0.04055916978081505,0.007009857282059199,0.801640106977298,0.0036367334779365624,0.0033713490014697315,0.023393803566588243,0.0045759090056886895,0.05195922886662431
P000431,inflammation_anemia,inflammation_anemia,1.5266525941957373e-07,4.715659975571923e-06,9.4073676650378e-07,2.0563251630696066e-06,1.5137674733985102e-06,5.261998046472322e-07,7.105115684116732e-06,0.9999370771541817,8.983133598491008e-08,1.0604457373370457e-07,5.025099733022905e-08,4.5666248784679773e-05,inflammation_anemia,2.3976698054957557e-06,0.0003694575375287265,1.9802372968833976e-05,0.00026345351007946405,0.0003231251510283135,4.8178639619371816e-05,0.00043754670937391175,0.9917511494701072,1.1575339307649343e-07,8.203085608394249e-09,2.831922872102746e-07,0.00678448179072262,no_anemia_no_deficiency,0.0077913225148960544,0.08796877766959639,0.019168539069697635,0.04543945563377305,0.025894976631228576,0.016141088000522365,0.18884589590038475,0.11795977236805004,0.011230478926113336,0.029526537821634405,0.00573407973094061,0.44429907573316285,no_anemia_no_deficiency,0.007912734591421658,0.08830968431085247,0.023724558012057344,0.05692321208303137,0.03292832825633668,0.013270723760434876,0.1747956501999063,0.15741553668884245,0.008829063533526667,0.03679200066403315,0.006863982340373225,0.3922345255591838
P000432,mixed_deficiency,mixed_deficiency,0.0064768460495521155,1.0004794626501663e-05,2.4939191331308782e-06,4.562121818346955e-06,1.4737129586770057e-06,0.00010463123997420503,4.7085930252273985e-07,2.9979464046836233e-06,0.0017710057234190584,7.416184756127593e-07,0.9916247719860412,2.82940642226622e-11,mixed_deficiency,0.005637142786207218,2.8739008510314405e-06,5.364717282770874e-07,8.923203209555723e-07,2.349077788555486e-07,1.32143624248965e-05,7.979537095694819e-08,1.3271847906492958e-07,0.0005650817369003345,8.444306558100076e-08,0.9937797265551745,1.6982728955344033e-12,mixed_deficiency,0.011245816616389494,0.0019034439345545645,0.0029650589892116375,0.003175504222183589,0.004092445789972436,0.003142890083825329,0.0017661784254512799,0.0025403823854247354,0.08686065451002795,0.002518490340872694,0.8788191042800684,0.0009700304220179453,mixed_deficiency,0.012031597969018622,0.0020561798004667766,0.0021473417984453906,0.0017750123311308385,0.003652540455527811,0.002003575401024802,0.0018174511191964907,0.003606278413418829,0.054939916108474735,0.001937134709975746,0.9129813279327929,0.0010516439605270892
P000433,no_anemia_no_deficiency,no_anemia_no_deficiency,0.00017112217434240507,9.359959571462368e-06,0.021328988048679283,0.006641162330531509,0.0023405570713557022,0.02567701310377942,0.42073595289508514,0.0012242597517296188,0.00518734140657228,0.08662467634763171,0.0006392180336449325,0.42942034887707653,folate_deficiency_no_anemia,4.613824722642882e-08,6.88320405938978e-09,0.014245861512737561,0.0014327693859986935,0.0023390621796090336,0.007223373736573138,0.8583161183540415,0.0020993594508411768,0.00039063119522782935,0.021290734513010612,2.851135975350149e-06,0.09265918551453396,no_anemia_no_deficiency,0.0018550778740505545,0.07749669944842077,0.020033995700870274,0.008152217948619296,0.00954144434199146,0.006325428749603492,0.14775686046741127,0.005635091542219652,0.004850092459803667,0.11072208865523325,0.002482953001576098,0.6051480498102002,no_anemia_no_deficiency,0.003514764960671971,0.09598734357128094,0.01568453896978901,0.016471064647693733,0.01631091728759216,0.009503877613822964,0.19896283129950287,0.012151668867568086,0.007246688434800723,0.13415564183946083,0.0036589541400352875,0.48635170836778135
P000434,folate_deficiency_anemia,folate_deficiency_anemia,0.0011977162115792096,3.383545066017611e-05,5.340672936822009e-07,0.005182244015881098,0.000360252067120035,0.9830903828374191,0.006607907365073159,0.00042108508438262315,3.661135524686544e-05,2.5704114318634936e-07,0.003068497107251788,6.773969489086533e-07,folate_deficiency_anemia,0.00042460475147086825,3.7096992779689354e-05,2.7859088763671095e-06,0.0057768383155485095,0.0011412021262891512,0.985050573347138,0.005319798553732892,0.00026434662862035607,2.9387388645256987e-05,4.8211202471324984e-08,0.001952766146469466,5.516292268786482e-07,folate_deficiency_anemia,0.056303460469424235,0.014473431083421764,0.010723812386589312,0.10247615362851867,0.06335524553972358,0.6129067985420099,0.025189055224962894,0.025131466283310592,0.013660247811997163,0.003302903059528954,0.06717076232165856,0.005306663648854405,folate_deficiency_anemia,0.048793941148324,0.01649629790998654,0.010858748741082681,0.15761699661655906,0.07353272279159152,0.5673380202982274,0.03720804817668651,0.021755690082848236,0.011876368527377326,0.004323441907619176,0.0404921835788049,0.009707540220892673
P000435,iron_deficiency_anemia,iron_deficiency_anemia,0.0019668482253637123,6.979861599067439e-05,0.006399311000871002,0.0065761728354404875,0.004513360421441968,8.074645736364801e-05,3.035875354352144e-05,0.0007156542182228923,0.8954695615914193,0.034293930062852515,0.04983497832737143,4.9279490118794684e-05,iron_deficiency_anemia,0.003382876758801826,0.00013547096387617042,0.013586137025045578,0.00533359943400228,0.010717357256365358,0.00028202216736007636,4.884618682045129e-05,0.0009493638890891095,0.8743673791770042,0.040524542896359095,0.05062996840089697,4.243584437887992e-05,iron_deficiency_anemia,0.004972142664989494,0.0019624783110847093,0.023609012548667374,0.010939911073154285,0.005563606303949619,0.0032598071095607116,0.002334246148075661,0.0077097721986284775,0.7518710504625677,0.007415951339896947,0.17868451673851285,0.001677505100912009,iron_deficiency_anemia,0.004334930218829409,0.0016281675362529082,0.01133953086838309,0.007827758058444278,0.003420526478530482,0.003161923976466325,0.0013949415087301418,0.014794066403545483,0.6110187886319204,0.004090492209162918,0.3358839539855634,0.0011049201241712112
P000436,no_anemia_no_deficiency,no_anemia_no_deficiency,0.0002769414791686596,0.0485440115227937,0.0011119363777985492,0.005178700681114135,0.00038445654831696836,0.0004682665151480846,0.10222495508705566,0.00011892608627552228,3.231887152564829e-05,0.004488497958153034,2.182513123449284e-05,0.8371491637414156,no_anemia_no_deficiency,0.0003826852063387988,0.05207606343612761,0.001373858234478608,0.017132866605590488,0.0009629418428754557,0.0007051894188683384,0.09578307699805227,8.355332547505086e-05,2.4106678461649115e-05,0.0033742712431628686,1.7572888611924167e-05,0.828083814121957,no_anemia_no_deficiency,0.0010444504048674394,0.028400840436604114,0.00970846704292684,0.0066863248619520805,0.0027114135418548095,0.0015374875874641755,0.05722086491524744,0.0017687862368635878,0.0018648520751930154,0.03259199101475451,0.0011732421116139357,0.855291279770658,no_anemia_no_deficiency,0.0018560006800435423,0.05107804876569329,0.008611578139415035,0.007144809484251244,0.004018446792398556,0.0021697529536605508,0.0782125354284674,0.0025773531978353125,0.0015864844891565648,0.0182000517583139,0.0013329536474383393,0.8232119846633262
P000437,inflammation_anemia,inflammation_anemia,1.9190898352447864e-07,8.043220512126516e-09,5.810883720920144e-09,1.6568370067229036e-06,7.262746043027639e-07,3.3753769254183436e-06,5.407676084333311e-07,0.9999918610766207,1.1392600506581814e-06,1.3266493368789759e-08,4.4854238303348235e-07,3.2835219387559584e-08,inflammation_anemia,5.845745634246065e-11,8.007281728666141e-14,7.758351874249976e-13,2.962789798745014e-09,5.113666282245637e-10,1.6120891426128914e-09,2.583023135472008e-11,0.9999999943677316,3.563310277124253e-10,1.794731601464221e-13,1.0292563814252158e-10,1.4430452410270516e-12,inflammation_anemia,0.0024157449658448633,0.0015331568111028437,0.011471005813012304,0.02274588633608531,0.0034603967859235993,0.007428811716551377,0.002812540966845827,0.9240038759923308,0.010881059651899448,0.0016252194123253507,0.009755972629391962,0.0018663289186860545,inflammation_anemia,0.003986903351933091,0.0030596535829394765,0.03461189922178336,0.09616785863825804,0.009091560135609272,0.019635856718372428,0.005620062837263185,0.7631531454866002,0.036710796930105774,0.0050848215416552395,0.018503850973695283,0.004373590581784691
P000438,copper_deficiency,copper_deficiency,5.140999830692197e-09,2.003979959090441e-10,2.1630913471949853e-08,0.00020779955412923349,0.9997896783479808,1.906657873481856e-06,1.4015768271551064e-08,1.6889919789523617e-07,3.8351867803328533e-07,1.8051905975137798e-10,1.4516384570142313e-08,7.3371570383355285e-09,copper_deficiency,1.4939264132973956e-07,5.013536425843423e-07,5.498584831577329e-07,0.005595553804106331,0.9940432890143525,0.0003177965370133033,3.560709423173954e-07,1.5340576277213505e-05,2.605197496187665e-05,3.7585450160774865e-09,3.1328547713365055e-07,9.437355696786863e-08,copper_deficiency,0.03500598426287033,0.007775296716059613,0.013410653951386858,0.06490681283808923,0.6245244411086873,0.19253509602716656,0.007326148446691467,0.009120536169550055,0.01354765801459877,0.004262737650789354,0.022372652827689885,0.005211981986420609,copper_deficiency,0.03084377990085928,0.008523363683193362,0.015655154930839615,0.08887316216661273,0.5634928497939229,0.22059503712744957,0.006928882514439213,0.013793394288554195,0.01264501607904756,0.006175272494993369,0.025482841670517134,0.006991245349571079
P000439,B12_deficiency_no_anemia,B12_deficiency_no_anemia,0.012922859226001173,0.9711207864233502,3.054899354325196e-05,0.001419833587042486,3.123856654387102e-07,0.007118522539807543,0.00344530383437347,0.0002617507050750914,6.842634669621516e-06,1.2974008126382366e-05,0.003511630147704136,0.00014863551464138267,B12_deficiency_no_anemia,0.013594253867744956,0.8832350563801822,1.4268427270925148e-06,0.0026344263554048805,0.0003693379885211086,0.050464087271933356,0.04829267449128276,8.112306796305808e-06,2.625988769870768e-06,1.6038979685857972e-06,0.0007969277652072224,0.000599466843461555,B12_deficiency_no_anemia,0.08566699287963632,0.7401774635385043,0.003264749184481378,0.012807497973772699,0.030117417255061476,0.04463074113941868,0.04307711702007699,0.005422265476775742,0.003124866624592348,0.003402779172802461,0.019089327690054236,0.009218782044823275,B12_deficiency_no_anemia,0.03749342237281417,0.58395795640285,0.002935208177516959,0.009065201049621205,0.008817234079777822,0.12269045327958587,0.21221750863845035,0.0026466303075468474,0.0018465664672507277,0.002200386600745254,0.009228736122560567,0.006900696501280044
P000440,latent_deficiency,latent_deficiency,6.637846273892017e-06,0.005161237691479207,3.346171961810208e-05,2.857512417376348e-06,3.922641418350386e-06,3.4777531484189554e-05,0.010193061512731815,2.1249927825521487e-05,1.1423168932267833e-05,0.8275655766584327,0.00012375291748928404,0.15684204087189726,latent_deficiency,0.0003600740136003541,0.031050361613478746,0.0001765623796377056,0.0003693409300219337,0.0006051017278487957,0.0003511535333673247,0.04552618559854556,0.0004824190132541953,0.00038312644020402185,0.5806367817120754,0.0016210648323876603,0.3384378282055784,latent_deficiency,0.0033320768175488027,0.04441922941998784,0.009580179119677462,0.006165929843146957,0.01441087518640871,0.004328053392635327,0.11434234401678582,0.007320321926200668,0.007140833218922765,0.4451726006370663,0.004374329087782598,0.3394132273338366,latent_deficiency,0.004306270407221144,0.02700609861646881,0.006002369754922917,0.006120829948991846,0.012271622534638498,0.005960994870425287,0.07098534377504932,0.005505528995957809,0.006885592624319183,0.5165833749227817,0.0058815645726341655,0.3324904089765893
P000441,no_anemia_no_deficiency,no_anemia_no_deficiency,0.003956359792048041,0.0027101452262478323,0.05543220513144097,0.09247751753654336,0.002187329446524728,8.456796176820771e-05,8.861310264041777e-05,0.005608354540266318,0.0017227209923157472,0.004603562609190849,2.2026198224852337e-05,0.8311065974627887,no_anemia_no_deficiency,0.0016534128910123016,0.0021958011925677316,0.03702078462265065,0.22740234131497375,0.010117553691878127,4.532472751435516e-05,4.795765289167658e-05,0.011977234498865112,0.001366890770912805,0.0028682135703958734,1.0062694927716059e-05,0.7052944223714099,no_anemia_no_deficiency,0.006393657087436954,0.07498690741407989,0.10218321187102364,0.047808667904368066,0.010747895332668428,0.007979077287167163,0.05579898654959267,0.015280042158297535,0.010281749559776648,0.06983588510995045,0.0056416277071860916,0.5930622920184525,no_anemia_no_deficiency,0.006852979694350651,0.08085045480677892,0.08025344311967195,0.06476249426719193,0.010191415474221874,0.0072085989617133835,0.03954146076549528,0.02086642581699187,0.00706902427443194,0.0438377548554088,0.004827605090174763,0.6337383428735687
P000442,iron_deficiency_anemia,iron_deficiency_anemia,0.000419360687317166,2.3715409925477883e-05,4.164145483180212e-07,0.0001811308597155663,2.3080993842352168e-05,5.208558262778587e-05,1.1455291280132187e-05,7.397401589666239e-06,0.55619286512033,0.011175641168913923,0.4319078888265727,4.962243336963021e-06,mixed_deficiency,5.092815491369911e-06,2.6980924935401677e-07,2.3256920150319226e-09,1.432941868742431e-06,5.763568107472235e-06,6.828893439778182e-08,3.0920635132303813e-09,1.68813755165556e-10,0.37686753668738016,0.0012751791809476763,0.6218446496248945,1.4965571011018699e-09,iron_deficiency_anemia,0.0018386821975549502,0.0010734694367623776,0.028284902029975686,0.005995721463648318,0.002588747932500162,0.002113462406675541,0.001822170955821283,0.004182653298035961,0.8663736927448843,0.005530026528256755,0.07871613003031665,0.0014803409755681208,iron_deficiency_anemia,0.0017137637614421696,0.0006061996221206942,0.00808102287146956,0.002321401760600743,0.0024620377857252932,0.0009356266903945764,0.0007484592023797505,0.001811207970911238,0.8543414691520266,0.0022777196966111374,0.12423723684447709,0.00046385464184130675
P000443,no_anemia_no_deficiency,no_anemia_no_deficiency,5.851023330545346e-06,0.008643959167177364,5.741920669719826e-05,0.00013146212512345616,1.4820582396257177e-05,1.627421046225664e-05,0.013277066854461844,2.027334961187695e-05,2.753182826288521e-05,0.0642559073378821,9.09426269958036e-06,0.9135403400518947,no_anemia_no_deficiency,1.0095465708403647e-08,0.001949145021106316,3.5660947973958595e-07,2.546316423068542e-06,7.39313448485158e-07,1.8142550911413358e-07,0.0021196897879970427,3.05501010376057e-06,4.967579075546388e-07,0.05687717047654851,8.694419697549208e-08,0.9390465222418136,no_anemia_no_deficiency,0.0006413733964326771,0.012244837971483681,0.02166798678605321,0.0024721084036399433,0.002774065241782589,0.0014002010849172599,0.021988824033632205,0.001128152443979063,0.0022336046957625384,0.0638976481237186,0.0008765220780209087,0.8686746757405773,no_anemia_no_deficiency,0.0011260794979793514,0.019322597240159785,0.08254488931981993,0.0062771007117830065,0.008828169713306909,0.001851796043543767,0.016467595791528625,0.003985997336676698,0.0031695543097932403,0.1336911868557603,0.0016628990769371405,0.7210721341027113
P000444,iron_deficiency_anemia,mixed_deficiency,0.008859548476383382,0.00047730661652063336,0.0013075145292336023,0.00044514050206594536,6.306272922213027e-05,0.0012321683517396167,0.00020485659647076737,0.0006191761806601207,0.3187965717392048,0.01044458176420001,0.6575038605564127,4.621195788628336e-05,mixed_deficiency,0.0015473022728342762,2.710294711346894e-05,0.0003911677940749997,1.2287023764244073e-05,2.114779692673481e-05,1.4382853809198075e-05,8.485019147625126e-07,1.3184443054999343e-05,0.32584787624600925,0.0017813972279635615,0.6703432340628012,6.882973342378253e-08,iron_deficiency_anemia,0.002702443321885213,0.0010927418803438791,0.010868941053276024,0.005692259434601663,0.007812484051989343,0.003264735109347505,0.0012890291244241371,0.003837664481648915,0.8732971876826475,0.004849010907500591,0.08401667166445172,0.0012768312878833604,iron_deficiency_anemia,0.002649002905019895,0.0009041088005910332,0.003967723423521935,0.0036221234487765716,0.006358329159273336,0.0016522776539293694,0.0009816901460558674,0.002617412064127468,0.8100632448968359,0.0029338337867653324,0.16352827421000876,0.0007219795050945071
P000445,folate_deficiency_no_anemia,folate_deficiency_no_anemia,0.00026513435099871516,0.0012877555371368723,0.017869889689676254,0.0036813888321832575,0.000975189966350864,0.0595663179749274,0.8646350566004596,0.024165086210485045,0.0009454811000884333,8.016047936813293e-05,0.0013121487839105874,0.025216390474415047,folate_deficiency_no_anemia,0.0001568155034501955,0.028876984908618033,0.0771140335653882,0.032418864522416636,0.0066049864388217205,0.023235607869439887,0.8101639920603182,0.008359814821475657,0.0002997663877999595,6.275885672508132e-06,0.0005662420235549677,0.01219661601304393,B6_deficiency,0.003615593597806891,0.05680590390720158,0.26978908123872547,0.03398577911036647,0.05079673843153517,0.015459984467548968,0.16283443365299896,0.09628826570990742,0.018697783221297285,0.10695756888650003,0.01359146211563464,0.171177405660477,B6_deficiency,0.004636316180266558,0.05669339146068289,0.27130864934953985,0.04934641905754882,0.08640612667165609,0.01549672593381125,0.26186537589420816,0.10490567627049262,0.015180937448386894,0.05124871176923143,0.00876861591723982,0.0741430540469356
P000446,iron_deficiency_anemia,iron_deficiency_anemia,4.223629211190013e-05,3.777480568883846e-09,0.0003998481308657113,0.0016680523031246041,3.3427150478857502e-06,7.0606038886303e-07,4.02221889514836e-10,7.81296459600941e-06,0.9935734924663883,2.294701441975762e-07,0.004304274643777238,7.738528302115296e-10,iron_deficiency_anemia,0.00030544730162924543,2.9288664826875906e-06,0.023334951321059817,0.011604388952303554,0.0008119292949137915,5.349681502329809e-05,1.6641947042746002e-06,0.00013389167007613135,0.9477831632545456,6.83501276424293e-05,0.015899728238433247,5.996318593993178e-08,iron_deficiency_anemia,0.0020090578550464215,0.0010124618555479978,0.007532961284998627,0.007359074704373322,0.0015473946144067415,0.002246073214968057,0.0009978604281816411,0.006812197307533103,0.8777216816337338,0.002780040123066916,0.08923416197946749,0.0007470349986758162,iron_deficiency_anemia,0.0012540849604485641,0.0005143637650132109,0.00517231560035949,0.0059120318968014845,0.0012483923196386314,0.0012880194633615439,0.0004019895549146951,0.00316684710824939,0.9448410029116505,0.001890409066869582,0.033801294789766796,0.0005092485629260517
P000447,iron_deficiency_anemia,iron_deficiency_anemia,0.15412286638596318,0.015820304486970263,0.00010969814074235805,0.13324210549231405,0.01795177113922624,0.00026897157497300314,2.651325446767283e-05,0.10270126407370701,0.5470726994490313,0.009404758159700407,0.016082812943487013,0.0031962348994176728,iron_deficiency_anemia,0.13536993114269455,0.002320183902703699,5.914221578604208e-06,0.08601566965886052,0.03538295563825994,4.269391341861817e-05,4.4657020331337214e-08,0.024266212652167888,0.7122344776104778,0.0017405275116649064,0.002409956337900215,0.00021143275325293128,iron_deficiency_anemia,0.02331025753491138,0.009188665660041236,0.23501254975809785,0.1353337469741222,0.024577513383218987,0.020804267753402862,0.009326615749191221,0.08425200787909891,0.3260104716756564,0.007596049131507003,0.11537381532378693,0.009214039176965099,iron_deficiency_anemia,0.011680807256051196,0.0058777955039256095,0.2355518163222547,0.0686144406161229,0.016118417872267705,0.013960375200804176,0.0054377464148630894,0.06540383569324922,0.47626353261383414,0.008097557292084851,0.08819324583597797,0.004800429378564278
P000448,no_anemia_no_deficiency,no_anemia_no_deficiency,0.006590421456822349,0.13975634291667197,0.006545705998053878,0.0200888223234789,0.0034030058142281577,0.009117140736647586,0.249558985400378,0.0016666289360610913,0.0017822765450353974,0.0862277642432617,0.004155073402103223,0.47110783222725794,no_anemia_no_deficiency,0.0066235096205384154,0.14694828710998217,0.0033525894327791047,0.01170613189050272,0.005697748131606287,0.012534007411649768,0.2645882123105986,0.0011824169128034601,0.0018654378238421067,0.1174478321691526,0.004107458983927869,0.4239463682026169,no_anemia_no_deficiency,0.002015008188027153,0.10252081049779052,0.004242224452337677,0.005484292492203003,0.004944782469710209,0.0029025775971938885,0.2644895532545386,0.0018175132949262785,0.002116936000086529,0.03940422332748989,0.0013755456093916167,0.5686865328163048,no_anemia_no_deficiency,0.0034810361457087097,0.16105648069118558,0.00431049891760458,0.0048926916240579765,0.007964470188462285,0.005451303683164351,0.20906644172955569,0.0018687801845506656,0.0020189244442434455,0.02124737183378809,0.0019184948331918592,0.5767235057244867
P000449,inflammation_anemia,inflammation_anemia,0.06439069163873573,0.00928538691828278,0.16462742564715785,0.10906568202446706,0.018147473401710846,0.0017184074812471699,6.51059674207353e-05,0.5766586191415392,0.042911051238402984,0.0018569205604685687,0.002219768224472556,0.009053467756094577,inflammation_anemia,0.006207668676190652,0.00167627742789002,0.01720738606129929,0.05223839837617828,0.014001851681496426,0.00010139404402283521,5.245843448482964e-06,0.9030186733823964,0.004207554910237163,0.00017552619851287125,0.00021476692268401052,0.000945256475643811,inflammation_anemia,0.007185849873370303,0.0029587878062996803,0.08640922882976992,0.07413954425404601,0.008198105451206191,0.007341299621000539,0.002225923695654497,0.7690156396899407,0.02712350853622818,0.002867795468801202,0.008952290985718933,0.003582025787963792,inflammation_anemia,0.002597647354693429,0.0012044222859569629,0.027613200142878158,0.07852267707905272,0.005241784795345569,0.002937673306519788,0.0008438678218800026,0.8679484340254737,0.0084961612923722,0.0008894034607984978,0.002659391574141375,0.001045336860887693
P000450,mixed_deficiency,iron_deficiency_anemia,0.0011672544276386345,6.220957195871692e-05,0.08278809179078106,0.013367598581048462,0.008125318004756403,0.052266336525847314,0.07477749214433764,0.005538405520672603,0.5045646292386983,0.1803664607046831,0.07575296395603168,0.00122323953354622,iron_deficiency_anemia,0.0006909377276409744,6.83461207245667e-05,0.07410728994568022,0.012869259525969543,0.037088986455024585,0.07937665845829242,0.08694749058702113,0.021339142530443264,0.5064298950539577,0.13087974999386057,0.04941310937146501,0.0007891342299201575,iron_deficiency_anemia,0.0021238936514381933,0.0015940125453381031,0.016003702415454783,0.007837465506742977,0.008566717874294921,0.008673628954888058,0.003127960104462971,0.007983356281215966,0.7755411824230912,0.010195318749456266,0.15692855971713435,0.001424201776482135,iron_deficiency_anemia,0.0027537509345636033,0.0019419040426622242,0.009859992584485984,0.008176300432463354,0.016076062942792905,0.010388000249986623,0.002992791733131534,0.01677415990976508,0.6615758074079882,0.008458579633359345,0.25956372326282173,0.0014389268659792567
P000451,mixed_deficiency,mixed_deficiency,0.010102000522139417,0.019005304626938266,7.760637243142433e-06,2.1044077920723912e-07,1.364055063463948e-05,1.376878761872884e-06,8.030700160916888e-06,1.1203636786100605e-06,0.0004282483757424606,8.046725312209745e-05,0.9703518166488916,2.300190774581212e-08,mixed_deficiency,0.04830231540143977,0.08112377627125134,0.000632045138355382,0.0002635714770559031,0.0013100611833061593,0.0005252682642607984,0.0022229345779818856,7.02079334904939e-05,0.01519353034003152,0.024655435871056893,0.8256733867415825,2.74668001873402e-05,mixed_deficiency,0.05893346905696774,0.04996649436401594,0.021636332681401787,0.017180788412911503,0.02977683852484697,0.012931862044222352,0.021713518762700723,0.0156781479076695,0.1866175544125239,0.041201247703230325,0.5301460220922095,0.014217724037299692,mixed_deficiency,0.03267560572365316,0.03781690655824109,0.00866562241425347,0.006775512839296815,0.007308212622411226,0.007304520143444897,0.010198080656743417,0.005779658598611931,0.10153016395642814,0.01821142475897891,0.7586260946403169,0.005108197087619937
P000452,anemia_other,anemia_other,0.008026798061257896,0.04134617475074874,0.03770058517334772,0.29771839722584637,0.08665065994151622,0.1875393053517272,0.24778188320102776,0.0032569677682754644,0.0590346031841415,0.005293575223287708,0.01349208347855653,0.01215896664026694,anemia_other,0.0009390189892544612,0.02321238241137875,0.013449517409866973,0.5065807458419332,0.12643037019133754,0.14859215967000544,0.11321115720460559,0.0034171927737567387,0.04885363521011356,0.0006668815113035759,0.0015644516372166027,0.01308248714922744,anemia_other,0.020030140951819292,0.017517842455343314,0.12813532754848064,0.45669327631137874,0.12648370115187674,0.04090892096866432,0.04843340210129875,0.025320993842704604,0.045944437215720745,0.01230688859570218,0.050659085456553676,0.027565983400457184,anemia_other,0.011930514596258195,0.00790453265342638,0.03696114326499981,0.7749615976900789,0.03712906111896269,0.0309283843234033,0.017345076533838363,0.038791290579184526,0.009488042828228502,0.0038875687705907038,0.012491793575136367,0.018180994065892506
P000453,iron_deficiency_anemia,iron_deficiency_anemia,0.02233466748411362,1.0338600064668155e-06,0.10008806071750936,0.05282513498002331,0.008320530946445871,0.02008797034524635,0.0021849006522200744,0.019016524180798532,0.49315685450214203,0.0012348545109005982,0.28070373580051755,4.5732020076320796e-05,iron_deficiency_anemia,0.0035597281770817857,1.2460547770973391e-09,0.1476855866036347,0.0064950851361927015,0.04199115142605014,0.0069419548932902605,0.00015967156889812762,0.06735790417440668,0.6105969990695772,7.635807090612696e-05,0.11513392656097259,1.6330729349603636e-06,iron_deficiency_anemia,0.011041751300553395,0.002891546279483534,0.027619544952991678,0.032072225289192825,0.028902689243713378,0.008525193492362781,0.003417821293017597,0.020003303184454292,0.46378528361651333,0.003429073775545353,0.39605959896704257,0.0022519686051291777,iron_deficiency_anemia,0.00946276743546473,0.0024357265221184635,0.019199904908751855,0.014215610396266893,0.012139438783397634,0.006330213035478116,0.0035782978811464182,0.03529028882990876,0.49645033010588846,0.005086862548756098,0.39377515823322806,0.002035401319594647
P000454,iron_deficiency_anemia,iron_deficiency_anemia,0.0010502441040875054,9.682898384314504e-10,0.002271315008505398,4.510797845236884e-05,9.464793207047472e-10,0.000164120560694794,0.0006822924941837533,0.0006422427718676488,0.9830897131192385,0.007001612079770714,0.0050533327707839954,1.719764616301446e-08,iron_deficiency_anemia,0.011285457832047983,0.0001765711900616481,0.00013216475569889955,5.743161808629883e-06,5.330066488473789e-09,1.0920544317216548e-05,9.831953866570506e-06,6.336808233049294e-06,0.8475316192442446,0.0011288645623070822,0.13971248386410406,7.532436370543823e-10,iron_deficiency_anemia,0.0036384975720125897,0.0013806828756391524,0.00842062716957667,0.004908848968165408,0.006103738830595726,0.003148429733129393,0.0016819179025763633,0.005508526762477693,0.7289896194438356,0.006183981438748247,0.2288806742343945,0.001154455068848677,iron_deficiency_anemia,0.003852275528887587,0.0011986640332734232,0.005010720700682344,0.004498224185206826,0.009144660986552,0.0023337337269298997,0.0013736034077823577,0.002441076615035447,0.7441629390070766,0.004116172699679672,0.22104955752138974,0.0008183715875040491
P000455,mixed_deficiency,mixed_deficiency,6.815840846404175e-06,2.410722109783057e-06,1.7134494341761847e-05,0.000517540811192278,1.3612810686895599e-05,0.00024673642646661046,6.742700134178084e-07,5.1764266384581495e-05,0.2602130327043114,2.055225671549805e-05,0.7389097040772461,2.1319685151321163e-08,mixed_deficiency,0.00017147573295458505,6.519498209878121e-06,0.00012112426803582772,0.0003053507273636187,0.0005760933807579772,0.0023438349742473208,3.01419729189396e-07,3.310221864013738e-05,0.09805895463158046,1.3682913618921528e-05,0.8983695506033764,9.631485564928997e-09,iron_deficiency_anemia,0.002122884612929531,0.0019488105249267714,0.010016117152704203,0.013836841668606093,0.003706851208948938,0.010570291632459752,0.004498416555910628,0.005029563608381238,0.6196541154552213,0.007763493186054154,0.31891892608406597,0.001933688309791402,mixed_deficiency,0.0016090359749504296,0.0010687449420458143,0.006524174229277861,0.013844913476066343,0.003775740775663648,0.012283066724836022,0.0014729793452694835,0.005226059786019006,0.45282896142586043,0.01176933381949272,0.48861112325297207,0.000985866247546171
P000456,folate_deficiency_anemia,folate_deficiency_anemia,0.003782681450234705,4.855415630126036e-07,0.020207197571139226,0.09305187881835753,0.006886679888128592,0.8347439863277548,0.006064956423894275,0.02586848758792914,0.004059073953469992,8.665924018422908e-05,0.004614057719540754,0.0006338554778035676,folate_deficiency_anemia,0.00019261934076548207,3.5029079318932285e-10,0.001384799400794838,0.20951945587629617,0.016624399407343348,0.7636513464198761,0.0009335258902890213,0.006699201732953324,0.0003619215284465918,9.756663967281637e-08,0.0006272689791730362,5.3635071317342015e-06,folate_deficiency_anemia,0.1342011068468873,0.012879545629505886,0.01637459335833504,0.13119128028540203,0.1481572949972212,0.43819385701233576,0.009194234496686951,0.021631922076451645,0.01133905578619406,0.0030560619269301707,0.06888426712877589,0.004896780455274167,folate_deficiency_anemia,0.09897539406329593,0.007713605649304484,0.011576537433037994,0.1820948975432714,0.06960602032213818,0.5431778561809268,0.009811527012343469,0.02680675988236629,0.008243698411070212,0.0026121922411030587,0.03540584827512491,0.0039756629860171954
P000457,B6_deficiency,B6_deficiency,3.2505529784509314e-05,0.0011852515170814963,0.9730428164405222,0.0017516802058151894,0.0006667689436138175,0.00017516484811408304,0.003957751153004388,0.00023946442004176726,0.002223167966947448,0.005840432048851791,8.722953334621795e-05,0.010797767392877185,B6_deficiency,2.4270784831401905e-07,3.614105695065597e-05,0.9991982361675945,0.00010865568781678647,0.00015668644340487752,3.138427025171736e-06,0.00012087815234075412,8.87356443314372e-06,3.318573142990935e-05,0.00015377068425531507,1.3276622999238406e-07,0.00018005861067060724,B6_deficiency,0.0023113299161125677,0.036167285800205326,0.7394669191853847,0.00867467560900249,0.017045441068751107,0.0049242885540801305,0.02949653844803933,0.007337254887295538,0.013940520807828375,0.0832918151692768,0.004545926296321322,0.05279800425770249,B6_deficiency,0.0018096156432446198,0.019434797614129487,0.7798348355057123,0.006762920654547454,0.0245804035884654,0.00396415661996431,0.027643647426945174,0.0062985029086354135,0.008272519857709004,0.08596254143605139,0.003501193489470124,0.03193486525512537
P000458,iron_deficiency_anemia,iron_deficiency_anemia,0.0017137220561633099,6.467317627204363e-08,0.009242675279734937,0.04134363645996698,8.449673163986996e-05,8.091689263886784e-08,3.454262415114372e-10,0.0002674657024569923,0.9437809555017583,1.7686473020054657e-05,0.0035491736907261443,4.216903826489907e-08,iron_deficiency_anemia,0.012569458223295365,2.664893459939264e-05,0.03633249815815982,0.0870497940343882,0.016947272715580552,6.162108771500309e-05,7.953195133492017e-07,0.0074980536206181725,0.7914148555294991,0.0024194021531004422,0.04566905333667982,1.0546886850890195e-05,iron_deficiency_anemia,0.016321110956503293,0.00845607382154522,0.0893132974201369,0.11077217397036412,0.026692590272513708,0.02480545478924849,0.006785892668533858,0.05402654081186022,0.5559415910210312,0.010348907416581376,0.09099234331218942,0.005544023539492135,iron_deficiency_anemia,0.01684635807271882,0.006289184340740283,0.07264193900889145,0.16971096678952852,0.02523350778910887,0.021064074180094126,0.0048601367829544505,0.03737621907549818,0.5468816906176779,0.009350169336077662,0.08516877768038461,0.004576976326325247
P000459,folate_deficiency_anemia,folate_deficiency_anemia,0.004351576663557017,0.0004998068712288517,4.795298412470789e-05,0.01756762680147719,0.0034154287260333782,0.8146419093555692,0.0893171692075529,0.00046342944437542297,0.0014623652432749488,6.252316277948598e-07,0.06822396977922682,8.139691951865251e-06,folate_deficiency_anemia,0.018256989350434013,0.002352673231288288,0.0007021572510602448,0.0232714910869342,0.01153293001542783,0.7603392632558481,0.11210701387852415,0.010833259875103753,0.0020213750750958256,4.4267215705514636e-05,0.058345559671253974,0.0001930200933239678,folate_deficiency_anemia,0.10707811149146469,0.02073344923371112,0.01074630840387953,0.04925311233068553,0.04684029241119457,0.56144524132415,0.023557361037715278,0.017191915151138937,0.01656425276145214,0.002541335901577588,0.14031193551112803,0.0037366844419025494,folate_deficiency_anemia,0.07243578522961737,0.013877722387594684,0.00814202614272657,0.06381794300294591,0.07602600102164514,0.5971003458328787,0.023483518514958515,0.015227141514235617,0.011348298463254311,0.0028567536393322526,0.11136206459714078,0.004322399653670099
P000460,copper_deficiency,copper_deficiency,0.0034229150978898983,0.008166673298799111,0.0001101779150197879,0.003997138421947095,0.9378140385493633,0.005499838134174276,0.006004262303787753,0.0008558045184786292,0.0028665558389568352,0.017568194819253365,0.005568358172789911,0.008126042929540089,copper_deficiency,0.0007981895308869885,0.0016369198046857828,3.9076137381133e-05,0.0007624740648352656,0.9853686249309968,0.0017003425078441884,0.001553629178490786,0.0005248555798754458,0.0003346975750231192,0.005026375013141454,0.0008784162636898911,0.0013763994131491882,folate_deficiency_no_anemia,0.01298454606351699,0.23000281631620778,0.052799429943740026,0.009591893410586892,0.12681291907301506,0.025865224887681185,0.35930621930238965,0.008213018815473122,0.011729462591857002,0.05093143701961037,0.015679435030958214,0.09608359754496373,copper_deficiency,0.013254175992939269,0.21981242428448344,0.03419252777573186,0.01201311635037672,0.40330914516034155,0.027012132600127154,0.15704109293464977,0.0067861569960604474,0.010880061588934058,0.05150851955206686,0.01520812289616672,0.04898252386812203
P000461,mixed_deficiency,mixed_deficiency,0.00013443858737850214,1.7320686933097468e-05,9.057945639371537e-07,8.647549986511016e-09,1.416229596805531e-06,9.560015444578549e-06,1.0157657255870216e-07,2.4522437532897884e-06,0.00022008014307716,6.774326096706434e-07,0.9996130386408891,1.631091888404992e-12,mixed_deficiency,0.003237935480992918,0.0004913080676026158,3.035230007946088e-05,1.0060646693509358e-05,6.060222962607454e-05,6.365468636404765e-05,9.780676094593272e-06,3.897091001790847e-07,0.00166614936868238,8.202317308074543e-05,0.9943477425833728,1.0783108666576007e-09,mixed_deficiency,0.00617789142774638,0.0017536906031353878,0.0020628474816222248,0.00346950915590086,0.0013080194968730146,0.0034854464803087634,0.001006644342370694,0.0022728095470762213,0.06659651375492004,0.0015183011758060153,0.9097925854857899,0.0005557410484505999,mixed_deficiency,0.00560974530342865,0.0009462313369043964,0.0009770454036207511,0.0011826023244962422,0.0007994559515591738,0.0010975579033339115,0.0005194478561411256,0.0007838922056855808,0.03599499243781509,0.0008331185469616637,0.9508582114737647,0.0003976992562886101
P000462,no_anemia_no_deficiency,no_anemia_no_deficiency,0.0004880176540024333,0.01757982208338333,0.003011583317944251,0.09338368031485501,0.0018694501845005036,0.001243626168621974,0.0375379950947436,0.015891260251014408,0.03589304406359313,0.032605049996694016,0.0008591368900502135,0.7596373339805972,no_anemia_no_deficiency,0.00047992105718787554,0.027453733335661045,0.018442714668005178,0.09729290745919786,0.06082921202579096,0.004343481434172622,0.07080710452055386,0.039734285794869775,0.013594224728889872,0.0343123042342377,0.0003154698381828997,0.6323946409032504,no_anemia_no_deficiency,0.003576526127545523,0.07686744308651107,0.0234104693585361,0.046292911708129124,0.0264489342290835,0.017649628678328325,0.29569091204615533,0.05876552798027512,0.009053609354848636,0.037035163286600656,0.00496544352067278,0.40024343062331375,no_anemia_no_deficiency,0.004012685010130041,0.15912644845776594,0.02494512597965042,0.05072254338443206,0.07821853452400532,0.012856412511805852,0.22448551546640585,0.0422778203163243,0.0069496789979595925,0.037649323057274184,0.003613676503853643,0.3551422357903927
P000463,mixed_deficiency,mixed_deficiency,4.2717627839418744e-05,2.9158454207334383e-06,6.302833840622736e-09,5.6330069527621e-08,8.583599289498351e-08,8.023731299919734e-09,3.8065112810781156e-13,3.988727921596703e-08,0.006726003255361361,1.5734481651906796e-06,0.9932265934409724,1.953397523911809e-12,mixed_deficiency,0.00013030236017049762,7.721975150148145e-07,3.473823064122495e-08,2.258379315450283e-09,9.444076640875234e-09,4.044616880464711e-10,1.4854781388014027e-15,6.305300949445633e-08,0.0006642975352357822,1.4801410078275371e-08,0.9992045032074268,8.25987834155035e-14,mixed_deficiency,0.01668807261971208,0.00800033414730556,0.008799460537421856,0.029433193408082894,0.0064817664868722065,0.014088606757906002,0.006214337589807046,0.0105908518433403,0.09450749889457148,0.009491525860112057,0.792070934602235,0.003633417252633549,mixed_deficiency,0.026535943776269586,0.013580009127512341,0.013462181578091034,0.07594156875025362,0.01309758411447779,0.017215258131806684,0.007703850084847795,0.03481532750871414,0.05989011986937881,0.016968662556491206,0.7114737679109601,0.009315726591196798
P000464,B6_deficiency,B6_deficiency,2.769261439939218e-06,0.0001132468400010541,0.9969103525649308,7.805901201082652e-05,2.4463525398272306e-05,5.858370754305639e-08,1.644762612120199e-06,1.5806070225512953e-05,0.0002468089852925759,0.0015140120689928216,3.446391900448722e-06,0.0010893319334879506,B6_deficiency,3.2881041833914774e-08,2.739375513088463e-06,0.9993302963780948,1.0670570059237985e-05,2.106313855840282e-05,7.249822815452304e-11,1.7196303223864774e-09,1.4717452643214534e-06,1.573848095139389e-05,0.00022191490941968656,5.054129949259945e-09,0.0003960656748387603,B6_deficiency,0.003581607842498311,0.06698789955630738,0.4571251458407659,0.013792190516532224,0.02369257753231685,0.0031750643164430987,0.03342667924599153,0.01379327669173145,0.015793209452646815,0.26000895090087617,0.0055155202610179714,0.10310787784287209,B6_deficiency,0.002181388412344093,0.06618343975588976,0.5605582260886862,0.009798151220694877,0.012916501623719137,0.00224661513528852,0.02821006199605787,0.009717080034644431,0.010558856479061152,0.1583781643088573,0.0034759857624879808,0.13577552918226865
P000465,folate_deficiency_no_anemia,folate_deficiency_no_anemia,0.002725897566144382,0.0019842550472728188,1.6403215285227717e-05,0.000824280129133096,0.0002169953789921894,0.3263413721946307,0.6646863327543294,0.00022023689239380272,0.00014231230129353013,0.0006798190009034807,0.0018586633047201159,0.0003034322149011651,folate_deficiency_no_anemia,0.00019039339221138372,0.0012777645811196156,1.838491329703365e-05,0.00014011588971322715,0.0016726480947779347,0.07357148150714098,0.9223917576688512,7.927130895975621e-05,5.4356374166570685e-05,0.00028666673905944546,0.00022136531713721634,9.579421356568782e-05,folate_deficiency_no_anemia,0.03125018970125802,0.3492878925418032,0.009709129948844004,0.010154837815237428,0.0434184090424365,0.08680069367213765,0.378651773457971,0.0069975123047083315,0.010335429646137824,0.0152432649540114,0.027424553777131794,0.030726313138323108,folate_deficiency_no_anemia,0.02067383170669079,0.23066372980864153,0.012318234696756154,0.005062098042547437,0.04533631685513785,0.0717436034437154,0.5244088864824353,0.004658296181297282,0.00781254743889035,0.01947935565988016,0.01920988039930823,0.03863321928469968
P000466,anemia_other,anemia_other,0.04548730827445745,3.9489956930838897e-07,0.042320535712185865,0.7796410691877785,0.0634209112595643,0.059588138870857295,0.00014766590194886982,0.002024383543828422,0.005478819248177312,9.684681754847626e-08,0.001699509991371626,0.00019116626344331536,anemia_other,0.07839954050181783,0.00014090176894842728,0.07674227301170482,0.7282838959014029,0.01613805053906973,0.03864192802955837,0.0014685911565730087,0.0018327414867276104,0.014248598618341945,7.350418640865182e-06,0.04394075222724743,0.00015537633996704994,anemia_other,0.0219369728071471,0.010309346264660568,0.18649316812673686,0.4286018127809054,0.0872285443826848,0.05270085715141904,0.012674743471816316,0.08056294288436852,0.06707415699334306,0.00821617146902993,0.028693650433207707,0.015507633234680606,anemia_other,0.03646240687788762,0.006194579447990229,0.22842995475980177,0.42597293535613673,0.022648430616317473,0.03064083295710901,0.0062333366487700975,0.13658479640200025,0.060622444318386266,0.00635215605723423,0.03357092783405157,0.006287198724314993
P000467,no_anemia_no_deficiency,no_anemia_no_deficiency,0.002574753823981842,0.08368485051124061,0.0014041491269119783,0.00200132421614092,0.0038793542258921125,0.00939972076334562,0.32688966471728637,0.0038790955794113435,0.0011608768886298723,0.05503344135686084,0.00395433347463102,0.5061384353156676,no_anemia_no_deficiency,0.00011484788888671077,0.07658486427905123,2.325135968695637e-05,0.0005704210579033178,0.0006736377111483838,0.002023737820742261,0.3929467523316044,0.00031814935189401837,0.00014766783783720975,0.050390629471530016,0.00042054292167432636,0.47578549796804126,no_anemia_no_deficiency,0.003984491151750578,0.19407917657574514,0.003993496874471292,0.0038051604690048577,0.0074634178365658825,0.010574512867616629,0.3441172183800222,0.004976925740299633,0.00402472819141917,0.028303777081352562,0.0033052922772892662,0.3913718025544628,folate_deficiency_no_anemia,0.00292478179699858,0.2056238229604907,0.004024543045488892,0.004656207574417728,0.007910446967708694,0.006527200791951868,0.44876257053524116,0.0022409291169301635,0.0027872728219511815,0.029679938136153595,0.0022391410964531316,0.2826231451562144
P000468,mixed_deficiency,mixed_deficiency,0.18755062852050464,0.0010061674772481898,0.0004195448946056828,0.0010525149451949302,2.1572725136948514e-06,4.2472018900200574e-05,5.303165802239567e-09,0.0001428123665737897,0.10150002871748225,4.5366746753666375e-05,0.708238167729117,1.3400794021135067e-07,mixed_deficiency,0.08203627186233083,5.117098511519543e-06,2.8150090050417557e-07,3.009879086945687e-07,2.9690243647124044e-07,6.1215972770962084e-09,7.029056635888259e-17,1.9311860869719176e-08,0.0014182420427336277,9.420389628939598e-09,0.9165394547512283,1.0219663522089668e-13,mixed_deficiency,0.20555049877293802,0.026776736940907243,0.020645009566403364,0.0483951906383841,0.052472019428797145,0.05473380898027063,0.014695969405984364,0.03227976317395315,0.12997765158031754,0.012571751850741317,0.39218970595028,0.009711893711022924,mixed_deficiency,0.21710169625415218,0.021848218113695837,0.015905391688473578,0.024561445885214167,0.0339395731186485,0.05563981915806765,0.015033987037768802,0.01738527748693731,0.12808105373971812,0.011719283067198574,0.4501197154229601,0.008664539027165285
P000469,latent_deficiency,latent_deficiency,0.00011072573401420298,0.04163566065424615,0.011866841699262099,0.005878257886129979,0.005806962758297798,0.0007087709847423839,0.0349046435978853,0.0030345188348691004,0.06338747771130696,0.7528749132638454,0.002973561686251204,0.07681766518914947,latent_deficiency,2.976558680738794e-06,0.008342238694512885,0.0016523291817926047,0.0008152328932967352,0.0018004102789950997,3.590014896029483e-05,0.0017211489930993975,0.00045644665901931525,0.03475003060989869,0.9329320172516519,0.0001966705114398061,0.017294598218652472,latent_deficiency,0.001354211215422061,0.008870845906476287,0.011730228517869971,0.003536680513458751,0.0036397117084469807,0.001458538075028493,0.009029645665690417,0.0034651932567146436,0.016617924154208197,0.9123055056395978,0.007229032771328957,0.02076248257575736,latent_deficiency,0.0014699480348711101,0.006275056946392858,0.009482382838675078,0.003808725144415804,0.0021221485771797427,0.0011430944531142402,0.0039198236972531825,0.005240837602663049,0.020140556277995738,0.9287062236839385,0.006786181312693811,0.010905021430806813
P000470,folate_deficiency_anemia,folate_deficiency_anemia,0.0006565755082257636,5.8595965201637824e-08,0.02346311834524271,0.18709479436326096,0.008725742254341256,0.7591241159896873,0.0174386194891935,0.001194447902463765,0.0008959668471541879,1.7306446848105057e-05,0.00026463346867740376,0.001124620788939866,folate_deficiency_anemia,0.0002673091697418789,2.7793450827680995e-08,0.03453291914222099,0.184685873247323,0.028752191804157157,0.7122611200443826,0.023842544898264123,0.012881336029613654,0.0013186763381948853,2.375829765633676e-05,9.952640593171726e-05,0.001334716829062861,folate_deficiency_anemia,0.07071106041638095,0.005173465158403355,0.016654547175956342,0.08693215243506866,0.015828917414954822,0.7411136546014608,0.014096970593800632,0.008999126793665461,0.006119331459829973,0.0023447966070339324,0.027923352628806453,0.004102624714638663,folate_deficiency_anemia,0.03824208317778531,0.004933733613517779,0.018165771260575878,0.05774472209716573,0.034192897867714664,0.7943709501687519,0.011316410280242805,0.0136193586966986,0.003962912080249618,0.0022920547828896277,0.017777499457571594,0.0033816065168366396
P000471,inflammation_anemia,inflammation_anemia,0.0015452592362585427,0.008872499753656287,0.0059195752307896945,0.022948812950512296,0.004403658728937424,5.9413189506669284e-05,3.6511129226905364e-05,0.9326118662715875,0.007238502119329725,0.0005441151406510545,0.00011625429682768521,0.015703531952715993,inflammation_anemia,1.880518171731788e-06,5.522621114271843e-06,1.2889229715621169e-05,0.00017702249427448553,0.00013946589460951496,8.870414120198165e-09,1.866331866418007e-09,0.9996172197920759,2.2333003668362415e-06,1.0691867257696883e-08,4.078632984598659e-09,4.3740642425481455e-05,inflammation_anemia,0.0021263559899400344,0.0016513283560950136,0.09228633314587133,0.029165423392295234,0.005855927717487997,0.0024161186138235095,0.0018599640431495531,0.84434211356404,0.009863219618848182,0.002104961484662682,0.004779686374809078,0.0035485676989774288,inflammation_anemia,0.0033973377983394087,0.0026526918781833338,0.07210202544638684,0.09480565107027233,0.010579332471512524,0.004336428945223585,0.0029183530940636395,0.7814138418452787,0.014353603861125712,0.003717118388496114,0.004453796771945262,0.005269818429172615
P000472,folate_deficiency_anemia,folate_deficiency_anemia,0.006800739652654665,6.21985560751877e-05,0.0020865334921461275,0.019789712522133324,0.0028242083669698863,0.9182103018227447,0.03668529192133775,0.0022190896733388444,0.0010386456613316385,8.434848778052714e-05,0.009914426788553853,0.0002845030549334633,folate_deficiency_anemia,0.00041138923280810674,6.849219739872325e-07,0.00020589746481246575,0.00634818505799186,0.0001588222258913723,0.9359290099847617,0.05435809958951682,2.148283296312035e-05,4.950855008493e-05,4.861168405700754e-07,0.0025154472655499766,9.867568051100687e-07,folate_deficiency_anemia,0.03450679740008472,0.005101830915500891,0.006367412576952762,0.0245754000860916,0.03271424673483003,0.7581590642238669,0.012313169818320467,0.004397696933698878,0.009623042946837728,0.002154985313018189,0.10689511329020703,0.0031912397605905543,folate_deficiency_anemia,0.030887424743728936,0.00401017327088276,0.004531941987598409,0.01911880969053194,0.013252979180942676,0.8431495420805858,0.009284507051001,0.0032314919664121096,0.0094316494282644,0.003535835917050658,0.05615311904879623,0.003412525634204884
P000473,mixed_deficiency,mixed_deficiency,0.004863654076494326,2.53825984732499e-05,0.0010232728246275364,0.0003319783276173978,0.00023318407924682915,0.05222181239519645,0.001302852546674224,0.00027050174470754875,0.06680642382794537,0.0001263837102029699,0.8727945489639377,4.90487644188933e-09,mixed_deficiency,0.004293052911172316,1.5254571451682423e-05,0.00035644548243942196,2.0397518531918993e-05,0.0002557821807694062,0.02786279678599548,0.0008668515445712206,0.00024897441339458354,0.041122477571927545,3.3883953746615884e-05,0.924924082246914,8.190856482724571e-10,mixed_deficiency,0.007850735478181093,0.0048455622166287925,0.01570669457756795,0.01412585152172054,0.004328902333061413,0.027734254885656697,0.004562420659412988,0.008943947554933836,0.1791447686911185,0.004261050815420672,0.726696068609068,0.0017997426572294978,mixed_deficiency,0.007239575590777327,0.003629861907528512,0.011472437489337383,0.004418492567878365,0.003080662186586582,0.019032718297252643,0.003705745107301651,0.013922966105161898,0.11369362256260421,0.003611225778005665,0.8148380680536466,0.0013546243539192884
P000474,copper_deficiency,copper_deficiency,0.0013935266697933004,0.0005207148806521962,0.003773228762593649,0.0031042551223006485,0.9698279151747502,0.00491819017714556,0.004431348126984225,0.0010680266579040942,0.0035546310624744895,5.3361992821999254e-05,0.007322265814597416,3.253555798240071e-05,copper_deficiency,0.00015875701119620153,0.00011624538162004093,0.00035431694221515684,0.0010145288445660406,0.994485920158374,0.0016580144992286007,0.00013738463123963294,0.0006486288407989502,0.00021762364212562105,4.0979609081963e-06,0.0012005572918390483,3.92479588852377e-06,copper_deficiency,0.034249217470276525,0.006887678594095783,0.2588369808854413,0.17154212355116538,0.31829391099391713,0.0190061245635812,0.0078060448962459245,0.04651363692027585,0.0716085613543387,0.006496965082018437,0.05299461151366364,0.0057641441749802695,copper_deficiency,0.026864093466761198,0.005545452614817191,0.11211613002416591,0.17026966060001508,0.46859210765719395,0.029450260957266963,0.006460648937391791,0.09622422398236795,0.029325888835146457,0.004641950582293207,0.04552749267291687,0.004982089669663276
P000475,copper_deficiency,copper_deficiency,2.592884842346953e-05,0.0003027358478040211,0.0003036966982839206,0.001998874067120266,0.9956934155177285,0.0008764847386008036,0.0004439675831899411,0.00019680152896224543,9.719968382809298e-05,1.5681370890469925e-05,1.535328890152309e-05,2.9860826266701942e-05,copper_deficiency,0.00015082837495068786,0.0021020091120999996,0.0036092128729184802,0.012321370405657518,0.9628667308887037,0.010584310285002774,0.005295888531050951,0.0022807435233241596,0.0003890047665957217,8.855871265467713e-05,6.866041176525976e-05,0.0002426821152760733,copper_deficiency,0.009419974500809891,0.005879217710357732,0.05702421221728911,0.04227445335478343,0.7863202501638274,0.009430325785978405,0.0056975775039356195,0.019946838518963554,0.03740993268477029,0.0029273465004476112,0.018797427069977793,0.004872443988859275,copper_deficiency,0.010087342826081718,0.005977548453254848,0.041737584199509924,0.05211082486286798,0.7565578976111814,0.017854651146218398,0.006415301736220448,0.05903312021771926,0.02835095662224817,0.003635743864351625,0.013699521273570894,0.00453950718677512
P000476,no_anemia_no_deficiency,no_anemia_no_deficiency,0.0008703456998886142,0.022523014403090347,0.00010635238180483674,0.006696778776408295,0.001492007433580073,0.002034205407248679,0.1182643989983781,0.0008439357332897354,0.0002301915395298002,0.0013827999558850435,0.0002745875827134247,0.845281382088183,no_anemia_no_deficiency,2.450817768869813e-05,0.001584315568454171,2.0433492201539938e-05,0.0013398490890581495,0.001525590402427419,0.00115697999431728,0.2910099839345573,0.0006399212321484148,4.768185400683727e-06,1.2011346969514212e-05,4.921549086183816e-06,0.7026767170276906,no_anemia_no_deficiency,0.002505421114302358,0.034213739520923284,0.047712378621465656,0.010388632980773969,0.017825330989340207,0.006178446204723109,0.07768516660117503,0.006859159627797338,0.002930808860782663,0.04288059367113421,0.00210702876852837,0.7487132930390539,no_anemia_no_deficiency,0.003270244133344765,0.033029932463765344,0.03775426829910016,0.01342796963505936,0.0320181816420742,0.008183268399812153,0.09370539749216684,0.008461742377347292,0.0024687015916404127,0.0239128093185584,0.0024182171279732577,0.7413492675191578
P000477,no_anemia_no_deficiency,no_anemia_no_deficiency,1.6040191641186886e-08,5.052540921157595e-10,3.2849695052857225e-05,0.0023453129922527682,1.5198688826445747e-05,8.680938746686597e-08,4.82342027749968e-06,2.6699340322981554e-07,1.682256982068237e-05,0.0009194123870826426,1.2677965945713252e-10,0.996665209771671,no_anemia_no_deficiency,5.162838295082344e-06,3.396322521225477e-07,0.0010593224650337514,0.010128592066994341,0.00047581059772711695,2.720848959119022e-05,0.00034772022999955454,0.0001282507978140948,0.00032641940027141225,0.014545408004190916,4.608293460209703e-07,0.9729553046484845,no_anemia_no_deficiency,0.006764646116595992,0.10775915727600052,0.012262099745746676,0.014064209289465135,0.01163500610904797,0.012771388306067936,0.12851696535634988,0.005119232630491558,0.005191884534998558,0.03701830190555894,0.00311745315892657,0.6557796555707502,no_anemia_no_deficiency,0.004912080657614735,0.055057518280452335,0.014510771547248292,0.014999635656611806,0.0067391089455265014,0.011305711112915562,0.11948535278756225,0.005556192556894238,0.004812170374738108,0.03667308773530636,0.00353575550700285,0.722412614838127
P000478,B6_deficiency,anemia_other,0.046232363127344904,0.004461614146061441,0.09631460366027406,0.36565268347050395,0.09815431596122227,0.14370579814940207,0.0626066750810889,0.10540543287417316,0.028753860953956614,0.001966628261717496,0.03602498997006184,0.010721034344193393,anemia_other,0.007438589363142889,0.00033496467162829295,0.01888400263148096,0.7929856702736197,0.06715768729838144,0.04075553848227084,0.01245983856982874,0.0434514642216474,0.005121629523177781,3.0321142198021292e-05,0.004458504131138767,0.0069217896914851645,anemia_other,0.047760191733540014,0.010811181550001088,0.1062413874444216,0.4988529712247385,0.0983927950162885,0.0374096906906935,0.01489685796275466,0.10936963400384005,0.024874888592988885,0.00528715547054526,0.03036713652766109,0.015736109782527003,anemia_other,0.024257009742872943,0.0066951513612845594,0.05022773508130644,0.7163636256617283,0.038268185186660496,0.02948039801594103,0.006871074796255108,0.09602600780687714,0.008991723511625175,0.0020551017912457266,0.011206968664560234,0.009557018379643054
P000479,folate_deficiency_anemia,folate_deficiency_anemia,0.0007530793213559854,1.0345488146678918e-07,0.004685330995992294,0.0110513654192988,6.322069105029176e-05,0.9109737722381027,0.06778677038507416,0.0029596506630072687,0.00028301851323225786,4.0083721567240754e-05,0.0006534586930151231,0.0007501459034226942,folate_deficiency_anemia,0.0012364728621118068,1.3028174134742762e-07,0.00734084913716826,0.02701086048140681,0.00011425955387851596,0.8782157485422385,0.08328288157731865,0.0006499624429441382,0.0004741807925423214,3.656418020807587e-05,0.000985172058852254,0.0006529180895894621,folate_deficiency_anemia,0.011283232902656853,0.0030853409003315426,0.004097433895061999,0.029886699014097462,0.02906491061286905,0.8871589390722991,0.006763685971901035,0.003538596992559969,0.003470486814566231,0.0007978447514161046,0.019192844798674932,0.0016599842735658058,folate_deficiency_anemia,0.017384389983716306,0.003636733532269907,0.005402900618358452,0.03729655595443248,0.06595861799118811,0.8259438763764264,0.005979202951366325,0.007199601622004475,0.004589488083580712,0.0019254709271807377,0.022423235284874308,0.0022599266746019544
P000480,mixed_deficiency,mixed_deficiency,0.003856636810087747,0.00012448759314409775,5.272473184287897e-06,5.618839747687699e-06,6.307515330454145e-06,2.0069935214553945e-05,6.176834371739755e-06,1.441480978426815e-05,0.004149406820617065,5.2223057448037854e-05,0.9917593792299388,6.08113122556851e-09,mixed_deficiency,0.0003258004610596443,2.923419240899345e-07,5.855724375756591e-10,1.5809648743566786e-10,2.3885086994632223e-09,1.9479876966556993e-07,6.801711159220357e-10,3.285489882112652e-09,4.484051440014979e-05,3.0732073394043936e-08,0.9996288340538978,3.653335705026946e-14,mixed_deficiency,0.005992523377108004,0.0013913210593966864,0.0015601553301664859,0.0019307733153986488,0.00122113437884899,0.002506311380347471,0.0011670266212307075,0.0015177739523229731,0.038899371139803775,0.0016203046877635518,0.9416056626317333,0.0005876421258794187,mixed_deficiency,0.003814823121367623,0.0008174573845061777,0.0006167199602371026,0.0005381139375131653,0.0005716502012185301,0.0005171995346305239,0.0007488604933358964,0.0006039621458451973,0.01025180111745552,0.0010798219511446506,0.9801186636633789,0.0003209264893667782
P000481,mixed_deficiency,mixed_deficiency,0.024532530240733808,6.777368010310824e-06,7.40260912552656e-07,8.439324215526936e-07,1.1925415850927256e-05,5.467056899117757e-05,6.690759695059204e-08,1.7805959712547452e-06,0.008264112257477182,2.2102931611467645e-06,0.9671243419621506,1.9672248449652835e-10,mixed_deficiency,0.062396447677493506,0.00047659363914418423,0.0002795134562781746,0.0001767851660715465,0.0005256025439982255,0.0007314085202334893,7.584745381771809e-05,0.00012863523130986402,0.01954526737242831,0.00020414493519401502,0.9154593782324809,3.757715500631133e-07,mixed_deficiency,0.19836132337785028,0.010440736521866806,0.012249495316900307,0.0621830709583244,0.07586310849405596,0.025431617451388916,0.007841823449413357,0.02040776840089165,0.1881355342633974,0.0030372513933842023,0.393709960714462,0.0023383096580648385,mixed_deficiency,0.1953069748478773,0.006313582173183016,0.01872782023514281,0.06581128658680292,0.033659531196842,0.013624885605465016,0.003965109828099331,0.014080106669964535,0.2245349821407185,0.0033409972707101263,0.4181978548493229,0.002436868595871452
P000482,copper_deficiency,copper_deficiency,1.318347274166258e-10,2.3412802794027732e-11,3.188717001144901e-11,2.5831999187759187e-09,0.9999999968608924,3.071842239483301e-10,2.409480074503707e-13,5.474051910983721e-11,6.102581561911374e-12,5.888276482966488e-15,3.1495894301557655e-13,1.8356129190963713e-13,copper_deficiency,4.522908052795627e-09,2.1219368380708356e-08,1.017843417229653e-08,4.0748671028223305e-07,0.9999994455301083,5.255197690241535e-08,5.505756412079021e-11,5.5749079926343614e-08,2.482101607129929e-09,7.542758987095267e-13,1.3386153307335933e-10,8.963897632769753e-11,copper_deficiency,0.14614429461343362,0.008982049494648342,0.006823589307621644,0.05750758053280675,0.5756738904724756,0.14464854874409488,0.007864171711235924,0.01883854235099425,0.01009950672244469,0.001918340672667298,0.017835208977179405,0.0036642764003975057,copper_deficiency,0.08778426886780193,0.011532419477926135,0.01364588938461962,0.23758931132844568,0.4785556449720417,0.07337035511689839,0.011139188773158842,0.04132480997784332,0.017206694709791037,0.002945169764514186,0.018319241247725316,0.00658700637923391
P000483,B12_deficiency_no_anemia,B12_deficiency_no_anemia,0.001183237060535296,0.977285711352833,0.0010024819142878945,3.906319914179847e-05,0.0003674912700607003,0.0005779769628238329,0.01614872850873916,0.0001939497054513214,2.2793136667255133e-05,0.00023995010739142353,0.002931344942141593,7.271839926648264e-06,B12_deficiency_no_anemia,0.012354578414513005,0.9405242557517705,0.0008285733352270519,0.0009610763959497563,0.004170206058719831,0.005155672391697507,0.016751370885617727,0.0013857864936834658,0.00023548295178640893,0.003167490580250893,0.014134865921923052,0.0003306408188607839,B12_deficiency_no_anemia,0.01800141498321382,0.7351102773292729,0.006770332943623855,0.013246818622051671,0.020040620065058978,0.025451010935431964,0.1327580158039761,0.00647323866210624,0.006633786706266307,0.007933570422040697,0.012938344301513619,0.014642569225443665,B12_deficiency_no_anemia,0.017529577621538908,0.7495425895674418,0.005552234993033355,0.008119610278751011,0.020933350250417232,0.021407113852931516,0.13956675045687314,0.002991952668169537,0.0035432628873058114,0.006961029202952948,0.00815409630713858,0.015698431913445898
P000484,no_anemia_no_deficiency,no_anemia_no_deficiency,8.589181628994754e-06,1.3616267748080706e-06,0.00140128120103897,0.0003136227832021723,0.00014563143198168942,2.358183640558846e-05,0.00110436321940743,5.298637187380242e-05,0.00014574840197795324,0.02940029911145646,3.4259204592129643e-06,0.9673991089137929,no_anemia_no_deficiency,7.902793243903906e-10,1.2180171220211113e-09,0.000325527525670032,4.458671114957625e-05,0.00028070071646751666,1.6221712690385465e-07,0.0002673250237344419,6.048365740967914e-05,5.317135460539881e-06,0.02941048747248586,1.4271669609540195e-09,0.969605406105032,no_anemia_no_deficiency,0.0015449346609910978,0.05870871990802351,0.011172994134115934,0.004087941233141126,0.008951061139802902,0.0035337577511300343,0.05297399973788376,0.004157796725181592,0.00329535141496014,0.0666519447064606,0.0016557788222888576,0.7832657197660204,no_anemia_no_deficiency,0.002222137479956865,0.0601784710735382,0.004191026775301772,0.006578842729529285,0.006969669171380765,0.0036283641929217027,0.06914185848802396,0.004793287734246338,0.0029007353024256854,0.08239049766236356,0.0014648107501553129,0.7555402986401565
P000485,folate_deficiency_no_anemia,folate_deficiency_no_anemia,0.0004274190956741032,0.03451534007447874,0.004424730163116989,0.006322641343932551,0.006437711433199321,0.02447728346103633,0.7822221199187636,0.007393851734778231,0.0004207130120229396,0.003084368624337759,0.0003916827596947729,0.12988213837896453,folate_deficiency_no_anemia,1.011901443328473e-05,0.005836091969734451,0.00013600495627090934,0.0011641001120131342,0.0009754640973224658,0.0023451531377265866,0.9529035904331451,0.0002688174988655885,1.251619931196034e-05,0.0003527633271049759,3.171170702486861e-06,0.03599220808336886,folate_deficiency_no_anemia,0.0034604561805537722,0.07753573901557852,0.02178211735138903,0.011710266938120873,0.01576924440835449,0.010493160683598974,0.4430892241491391,0.005694178758095186,0.004432650849309245,0.04371976427494661,0.0048300381377791805,0.35748315925313495,folate_deficiency_no_anemia,0.004798197533983336,0.13293720057092553,0.038568762011390915,0.02643662443495711,0.016092745100681247,0.00989967766133971,0.38196828539235345,0.007160377659537092,0.0058953813223874855,0.03675968345809713,0.008636969377063635,0.3308460954772834
P000486,latent_deficiency,latent_deficiency,3.6399362287878e-05,1.567962322361428e-05,0.005663856023214069,0.000398648107075432,0.0013347856944475951,0.002486684824277448,0.04191769128737351,0.00026004681739948306,0.0034766560937754196,0.8298545907958308,0.0004269431361745823,0.11412801823492026,latent_deficiency,1.2264748648481815e-05,7.287074629774351e-06,0.0017762109084852725,0.00047462762049821014,0.0035351587200064013,0.0010273809899887644,0.018807422465945113,0.0022801127183442694,0.0024195546326447976,0.8945243004826399,0.00016737020138537787,0.07496830943678387,latent_deficiency,0.0016368573119185902,0.007264926993552642,0.023241358307355638,0.004433629037152685,0.0038717793013682555,0.0037308127648108115,0.017300158322385427,0.004751743634307722,0.010601743480077343,0.8368625434449259,0.004404710772163292,0.08189973662998153,latent_deficiency,0.00405775492002601,0.01361970694218571,0.020032500073455715,0.008990910562602891,0.011551525059137297,0.00599428052746712,0.01561800191502643,0.007549651993081648,0.015705759091704425,0.8297543014722562,0.008301287959589086,0.0588243194834674
P000487,no_anemia_no_deficiency,no_anemia_no_deficiency,7.286592083331538e-06,0.0065244460837153686,0.00029927068170877626,0.00100499356323972,6.072296131443958e-06,1.6139399870483264e-09,1.7248206774503475e-07,0.00015456476874336749,0.0005666804993139799,0.02790190150334501,9.536222914222682e-08,0.9635345145534822,no_anemia_no_deficiency,5.006514024631567e-05,0.04771132520255986,0.00422146253849793,0.002316577837152428,0.00045588760473452947,6.328023999790074e-09,2.960784942987627e-07,0.0005720709670360123,0.00043134025762934657,0.06778658729605551,2.740269058603531e-07,0.876454106722664,no_anemia_no_deficiency,0.0006499514718610641,0.01916616661588597,0.017816032717526634,0.0037072069696097135,0.0028450007484112057,0.0010280522889977493,0.033886954051508225,0.0031935047216527243,0.003177746247816366,0.05399102348226522,0.0008339442606050082,0.8597044164238602,no_anemia_no_deficiency,0.001220190138961623,0.05416684041090449,0.016051907486285003,0.005957732142519128,0.006228239695583834,0.0010635962966207978,0.03783665924098817,0.004016455291491718,0.003071458498524668,0.038735836272924117,0.0010152983698944033,0.830635786155302
P000488,inflammation_anemia,inflammation_anemia,1.0980366539308257e-05,9.792377275375846e-06,0.01612363757606893,0.123387133828027,8.800878337976286e-05,0.000730660615254936,0.0001881555732019202,0.8093019903972164,0.0003438347524018288,1.4552675533665488e-06,1.4259177640868688e-05,0.049800091285440336,inflammation_anemia,3.3968501522248195e-06,1.9622039941732707e-05,0.014682422726927533,0.11767100613020019,0.008973621640455951,0.003950082981819186,3.499064476964167e-05,0.8486351312321406,1.3771412531862663e-05,3.40475709003129e-08,1.1093567896895977e-06,0.006014810936700568,inflammation_anemia,0.0040816988628123285,0.0037217430963462873,0.02588465758188233,0.07667623660683305,0.008683936390452349,0.004931936512827722,0.00344616576403136,0.84404105682337,0.009166009803082808,0.004551713582305426,0.0043216002430187216,0.01049324473303727,inflammation_anemia,0.0029516133487246963,0.0021028218946292703,0.015885685586343352,0.04334989420610815,0.007711279881044765,0.004910492824749476,0.0020654033743917003,0.9063860066948632,0.004364560275225365,0.0024016484829439493,0.002890860037536765,0.0049797333934392535
P000489,folate_deficiency_no_anemia,no_anemia_no_deficiency,8.563887728728197e-06,2.121012051266506e-05,0.0003902743020984333,0.0005765013721011079,8.18184744153837e-05,0.0011352955185903247,0.4516411587379364,4.9063170575543905e-05,0.00011403652007929544,0.07830910188592045,0.00023438855911491128,0.46743858745092653,no_anemia_no_deficiency,0.00025986798819511764,0.0002704300001854812,0.0017891359891210096,0.005762360007633729,0.0016831802228191406,0.013573418772845396,0.4040504643663509,0.0013560916035694607,0.0006360510749028957,0.09709237778426955,0.0006757757110159676,0.47285084647909126,no_anemia_no_deficiency,0.0024236335763927553,0.04825619964019766,0.01864721765601368,0.008663945776490963,0.006942287556955237,0.0050755839643214845,0.18166789831647498,0.005874656279629833,0.003901334929090984,0.07372334601776374,0.002326255382730929,0.6424976409039378,no_anemia_no_deficiency,0.0015564883685810352,0.02000784038228836,0.013485888628155931,0.009396552064156445,0.005472676161937958,0.003839327785133499,0.1950764971089966,0.003861483728687464,0.0024455730377649565,0.040213475647076266,0.0013939132703156285,0.7032502838169059
P000490,iron_deficiency_anemia,iron_deficiency_anemia,0.0010939885567670816,0.00012767475461809304,0.11225438261248721,0.006960798523985371,0.06475497874130721,2.2617780903673882e-05,6.7459396480982905e-06,0.007892382501069996,0.7447486233299091,0.03496510602908398,0.027164908271739233,7.79295848094912e-06,iron_deficiency_anemia,0.0035234343142391492,0.00028409658406150555,0.10108189133971107,0.02723563907009606,0.33285760366802125,0.00010530881322017969,4.579140991883251e-06,0.02036054311844676,0.45498065553943595,0.016454321988694353,0.043107042268677565,4.884154404140088e-06,iron_deficiency_anemia,0.013194173538184412,0.009847805702722598,0.17135421748570182,0.06366306327266441,0.1149158576753863,0.020316587398840458,0.010947673298583774,0.07346175826541373,0.4369917520507414,0.028415271037546853,0.04465055998481034,0.012241280289403748,iron_deficiency_anemia,0.011995260137396444,0.0061365771953900035,0.1376319236910702,0.03763429739453863,0.1156307914258222,0.02025701399412938,0.006765292473682215,0.06933705482011021,0.5211263049131762,0.01159335863236468,0.05624463618229051,0.005647489140029279
P000491,latent_deficiency,latent_deficiency,4.0017715347518525e-05,0.0006837214192969005,7.278456689337408e-05,0.00010277209812052472,3.338585328400581e-05,4.361490265324577e-05,0.0003170553181191677,2.7997194860454842e-05,0.06615238273263131,0.7392205986189299,0.19102372073251392,0.002281948847349562,latent_deficiency,1.6008187581928482e-07,1.8674822868237654e-05,1.2478706967699476e-06,9.248045095877542e-07,1.3071369160721255e-06,1.4053155872621052e-07,6.256729021541206e-08,4.1341788785659623e-07,0.031930808117387494,0.5509204959367777,0.4171014121563123,2.4352555919248332e-05,latent_deficiency,0.0006783710738307917,0.005874337803736911,0.009015267262729392,0.0027934897485698373,0.0022895165303842492,0.001418406040315997,0.0066630874777779915,0.002491392989148459,0.012191578428073405,0.9296335436624068,0.0049146748738519395,0.022036334109174275,latent_deficiency,0.0004872755112388033,0.003225382597273527,0.004247978032974552,0.0012698230628553746,0.0013617386323142766,0.000642372250179784,0.0028523960979497396,0.0014870184803438668,0.00521522382290656,0.9707956847087986,0.0028193169847578266,0.0055957898184069614
P000492,B12_deficiency_no_anemia,B12_deficiency_no_anemia,0.012189471934999845,0.6776755859022305,0.006863291498242969,0.01113483751232433,0.003495659771035518,0.010296131052285665,0.044292272206268565,0.006785293347691605,0.0026642141384917994,0.032446653870804525,0.009044649564377352,0.18311193920124733,B12_deficiency_no_anemia,0.0058771232044319425,0.9216250364734697,0.00017168962378636158,0.009426379266660434,0.002537032261837132,0.0014105820712113865,0.005213446753914238,0.0005742818786369791,0.00019190251350251854,0.007020803439338972,0.008051273346176224,0.03790044916703455,B12_deficiency_no_anemia,0.008968168470032838,0.5731673884236389,0.010636469280810168,0.015902969882708912,0.011173637353498906,0.010372474999201775,0.11881294199000539,0.010987554523255925,0.006652845090700012,0.02709971525655885,0.005912891297342577,0.2003129434322458,B12_deficiency_no_anemia,0.011258635747118351,0.607782238351457,0.008510119470584922,0.012903155735471234,0.02343394332728136,0.010214500285311333,0.1077762579829098,0.006759968234628366,0.0067840734645577255,0.03938555667425039,0.005610156840738673,0.15958139388569065
P000493,iron_deficiency_anemia,iron_deficiency_anemia,0.011233948658196841,0.0011550700611187676,0.0012347394265796853,0.004613939669263363,0.001067342366101487,1.0344418059502203e-06,9.410969728401872e-08,0.00024255612714998542,0.9010641531427659,0.014851019527298856,0.06453386124498056,2.241225041179925e-06,iron_deficiency_anemia,0.034254206755045286,0.0023999189738214658,0.00199922935985371,0.004491870256927808,0.005229475136534729,2.073079593381181e-06,4.1205563456096896e-08,0.00043222007363514717,0.8323507434627749,0.02159391350313177,0.09724455175847073,1.7564346474465626e-06,mixed_deficiency,0.009668946671809843,0.0017218903263218656,0.004116164240377894,0.004643244974410598,0.0018272375788084781,0.0022302988686684184,0.0015453120964145143,0.004065553180221908,0.28253236118829167,0.003873744105455951,0.6829533341363809,0.0008219126328379187,mixed_deficiency,0.005597525788666467,0.0006441445355017304,0.00097131620062489,0.0014856502278440564,0.001003461051515173,0.0006289736759138199,0.0004691165656215574,0.002298818153603812,0.06563651256024597,0.0016721252426694212,0.9191593284244215,0.0004330275733716922
P000494,B12_deficiency_no_anemia,B12_deficiency_no_anemia,0.0008726437550933771,0.7824466695212431,3.2137209987983654e-05,5.6369119925079e-06,6.384833989550931e-05,0.00023014731374221387,0.19832834138651234,1.5313872014157928e-05,6.933352609444703e-06,0.015256655555597111,0.0007425622658393015,0.001999110515472846,B12_deficiency_no_anemia,0.01242051025849323,0.7916312540088735,0.00022465218420038895,0.00023387776879610817,0.0019350081696226967,0.0028609355114954183,0.12436012037858546,0.0007136949997224213,0.00012500677931182838,0.04454362161102574,0.00716031142909236,0.013791006900780995,B12_deficiency_no_anemia,0.003152387404043317,0.6712480417171824,0.002089366175387249,0.0010078596800324187,0.004991807545894228,0.0028269745652991464,0.28784978829678776,0.0010789254005470973,0.0013562911233784799,0.009069496503781154,0.001801734657821056,0.013527326929845474,B12_deficiency_no_anemia,0.003131254491598297,0.7673929971724514,0.002143288932355521,0.0008645938206391447,0.00461497261203118,0.003183322359983477,0.19156510382494712,0.0005992687362625818,0.0010275263278643476,0.00945755091136537,0.0016710438500821673,0.014349076960419505
P000495,anemia_other,anemia_other,0.018411468289130407,0.12431922550996699,0.03739503299719325,0.6965535140706515,0.047637744189704324,0.001997203150684175,0.00021845605187573787,0.01576675570832801,0.00677071385391204,0.0003201399137047815,0.0013964712943984347,0.049213274970450346,anemia_other,0.0001148607377215084,0.000257011500634918,0.0005509618896207297,0.9969846302665183,0.0011491378418575268,1.4061950803019184e-05,5.506349322576605e-08,0.00018435650335505864,1.013325505049312e-05,5.9316299958396415e-09,9.746427848910843e-07,0.0007338104165301241,anemia_other,0.06018836867702651,0.03595772778543778,0.0836887658109228,0.551641868367103,0.08421104913015268,0.01430384616237948,0.019736418300740036,0.06631093152795742,0.023135878928328833,0.00784503569596109,0.03477346080820718,0.018206648805783016,anemia_other,0.007259960231012186,0.002540069282872922,0.02562185969369276,0.8299933500776862,0.01676216030809584,0.004385370638629798,0.002538071858335266,0.09722837340379568,0.0026582240620279317,0.0013347483681125391,0.0033357741939853236,0.0063420378817537326
P000496,latent_deficiency,latent_deficiency,0.00017155906447869108,0.005355742886503937,0.003289982819697347,0.00024139928830874816,0.0002389242055003355,0.0003001736490068824,0.008634871350675533,7.174454451490252e-05,0.0309230081974169,0.9280617992556397,0.011118638288293414,0.011592156449963684,latent_deficiency,2.5997477444375333e-07,0.0003101986610687908,5.39600625483657e-05,2.155263793194726e-05,0.00010609138114017103,4.335686239556813e-07,0.00023796752182718992,9.411039826854517e-08,0.008052810485124488,0.9878987883714184,0.0007962002911573571,0.0025216429339868247,latent_deficiency,0.0004075014382778477,0.003896934230786054,0.0063996261848450016,0.001248463216736362,0.0014295135238010532,0.0006146772947481421,0.005513842279661639,0.0016335313985196425,0.004620544108632321,0.9275287541483223,0.0015606613404954778,0.045145950835174274,latent_deficiency,0.0003887367743251323,0.0026990408483219376,0.004222977313516501,0.0012107054602381975,0.0010678005335820347,0.0004070220148448877,0.0028909689797492074,0.0013586745495787048,0.0037843711109892078,0.9400436189283019,0.0014429486118185707,0.04048313487473354
P000497,inflammation_anemia,inflammation_anemia,1.9780460983337634e-14,4.981147490655241e-16,1.2224936669261362e-13,1.9636601367297293e-13,1.1772275852866258e-16,3.145587631620213e-14,1.1003135659747644e-18,0.9999999999993128,3.1032206866554576e-13,8.190577085305153e-19,6.571048028907161e-16,5.808900902074223e-15,inflammation_anemia,1.1311056853946488e-09,8.211338854566717e-11,7.932177674078806e-09,3.552368187853614e-08,1.270060687323352e-11,3.3096818990665617e-09,6.599207001900062e-10,0.9999999463298612,4.313125387187334e-09,1.894688180419337e-12,5.546144866284442e-10,1.49122272663208e-10,inflammation_anemia,0.0037628848427375627,0.0027356095076999736,0.011855605040478029,0.020441414478408474,0.007674413383236514,0.004972357169855971,0.001575131971291778,0.9297580674524387,0.009431713215225143,0.0015192628891278607,0.004517710948742032,0.0017558291007578834,inflammation_anemia,0.011944804522576558,0.0054097855779374985,0.039283235362347166,0.05633625375815972,0.04013934037267404,0.012371189710482127,0.005282072476887508,0.7908001848924356,0.01978364985798114,0.005262972260049943,0.009855247343459194,0.0035312638650095915
P000498,no_anemia_no_deficiency,no_anemia_no_deficiency,0.001903631821555332,0.02648426264794676,0.04774207426277206,0.10181732387530315,0.008462463991370298,0.006089806328887135,0.04902371067711201,0.013893452979494994,0.04502542201158595,0.08756544564819632,0.005452306589495195,0.6065400991662808,no_anemia_no_deficiency,0.00020563456217688258,0.006264470387890162,0.014260874548316198,0.11705776701529441,0.15631524130614527,0.0005453800147072735,0.01252075544968406,0.03525211781268311,0.035279838652246105,0.1329709773270073,0.0011494072956276628,0.48817753562822164,no_anemia_no_deficiency,0.007917019796646985,0.07052755944987389,0.09991544638801685,0.20012506521737125,0.03456078372846898,0.028336558179376643,0.07659932422936484,0.09435356445162155,0.049061870406337096,0.04732444344467026,0.013336184081634336,0.27794218062661735,no_anemia_no_deficiency,0.007738363194223078,0.10282603238272084,0.03609673586250373,0.13054201760724904,0.13154786606619714,0.02584440646640696,0.1402150420312151,0.045053570558864615,0.019232955937435094,0.04356352336270782,0.006781322911469143,0.31055816361900745
P000499,mixed_deficiency,mixed_deficiency,0.37962709989357724,0.00857379630710968,4.133304876603517e-05,0.00022407158867080262,0.0002684514176807952,0.00022181606890083513,9.437351933081203e-07,0.0001305455940579136,0.005221207375137552,0.00012249206848600122,0.6055681219837601,1.209186597730305e-07,mixed_deficiency,0.25125799583066377,0.0018496019374461593,0.0008397820364409402,0.001834915875884073,0.00518640860967839,0.0017181491065784231,6.885772998996921e-06,0.0002856885965367154,0.0881486383488424,0.00146050780073085,0.6474107262565655,6.99827633813166e-07,mixed_deficiency,0.05452353266220489,0.005171875975316225,0.0040786551657434195,0.006923245144116261,0.0033335263138652566,0.013922081086471593,0.004323087060966607,0.003070550220810313,0.04674699249302561,0.0038021729184024647,0.8524582736121742,0.0016460073469032536,mixed_deficiency,0.03022843063952811,0.003534010179705596,0.003484869677281263,0.004112099043199212,0.004239671431094415,0.011443395374404997,0.0038524612243178813,0.006451177621030044,0.03299462145617386,0.002844040593778308,0.8953150818135105,0.0015001409459758875
P000500,mixed_deficiency,B12_deficiency_anemia,0.918957219676157,5.375474724971609e-06,8.53242422692038e-10,2.7484615232332737e-07,3.883771603157916e-08,1.6444141004017853e-05,4.367400206039499e-07,1.1208520983825362e-08,9.674673302899727e-09,2.083740871400839e-11,0.08102018824967748,2.772734318587695e-10,B12_deficiency_anemia,0.6018665186322789,0.01141329557529797,2.9419598557956245e-05,0.0008291201937954551,0.0003505755264112982,0.014275626222753877,0.00284086419284077,0.00022717422279171543,6.092347986234861e-05,2.166918490348092e-06,0.36809894068237536,5.374754544038826e-06,B12_deficiency_anemia,0.747675533690804,0.009275460872028787,0.004285963504708599,0.0441777156181845,0.006954972149222951,0.02302505987897949,0.004956820192846381,0.005771245682729176,0.004018474351764671,0.0024264186374592565,0.14504911296955866,0.0023832224517137996,B12_deficiency_anemia,0.783723947791134,0.0060565737845684866,0.003385114388199098,0.00878044666013215,0.004049380804255231,0.023637327110393267,0.0020244918670891017,0.002589932493978283,0.0023704553424123065,0.0011395913289220082,0.16100500144754218,0.001237736981374118
P000501,anemia_other,anemia_other,0.0048643896535019914,0.023684813541149433,0.06705830469592401,0.5897514399075723,0.060737701108246556,0.08940708857868651,0.024364669870237,0.11756312844392534,0.006379334424636398,0.00019208367184654176,0.00036766738669792587,0.015629378717575762,anemia_other,0.0005232297419980032,0.0010165006296415887,0.0703047959614908,0.8902257513479002,0.024914028651194478,0.00911406894596156,0.0018787140373408531,0.001712233211004172,7.695442391658056e-05,5.048145254714557e-07,1.1959759832062551e-06,0.00023202225904300606,anemia_other,0.011683022995259246,0.006515512385473922,0.2707932310790446,0.5450085692203689,0.035049175679617864,0.026218307954399066,0.008248799973021248,0.04336463303385816,0.030789907647386594,0.003220457653904284,0.010057218544980635,0.0090511638326853,anemia_other,0.01638239129162882,0.0038258719426880693,0.20356057386067794,0.6656873727833694,0.028529350460539178,0.021727455433378846,0.005339670985898426,0.014546731185092145,0.023302255209664623,0.0031075029764931713,0.008781140310689776,0.005209683559879497
P000502,iron_deficiency_anemia,iron_deficiency_anemia,1.0691024184674937e-06,2.5073844279115767e-09,7.043691347873025e-05,2.5204246541131406e-06,5.750260178469734e-08,6.608971240317722e-06,2.619623737001496e-07,4.280811688831392e-07,0.8141622922512742,0.0014476887783201496,0.18430863175623066,1.7488544560676762e-09,iron_deficiency_anemia,2.4285281055212233e-09,4.592784227541123e-12,1.3249652837005875e-07,7.315702245061556e-10,9.214242027874427e-09,9.696621074043412e-10,3.5738893292604664e-13,2.0851349243675146e-12,0.9179121070507535,5.371789086280934e-05,0.08203402921078431,3.3174347627429134e-14,iron_deficiency_anemia,0.0023660062302311704,0.0014857533703967573,0.005724723315668441,0.004374715976117965,0.003945870569367709,0.0035449906239159376,0.0012463193753105071,0.00232321872695877,0.7901622625541472,0.0046600616361216355,0.17899537875664445,0.0011706988651192592,iron_deficiency_anemia,0.00044590188308097137,0.00036056440180324255,0.0018548967224048499,0.001423492132252427,0.0006886018933765958,0.0014569829418915707,0.00040087669506949083,0.0009364014655071594,0.8481149447857581,0.002018793572193454,0.14199922424846845,0.00029931925819370273
P000503,B12_deficiency_no_anemia,B12_deficiency_no_anemia,0.025114408958624337,0.8934721930761838,0.0019023171768840538,0.011683616143839302,0.0018237397693271797,0.005822454493688226,0.022480473851957474,0.004512661253568875,0.000873251196609664,0.00033520046459969033,0.010535567825167536,0.021444115789549703,B12_deficiency_no_anemia,0.02427725897238535,0.8571880165214679,0.0022304738450469215,0.016367192338268485,0.007587148732233073,0.007715365276897663,0.027604870553354817,0.022989878905758855,0.0004738024646341164,0.0002092659813032486,0.010173144384432325,0.023183582024217296,B12_deficiency_no_anemia,0.005405837553106056,0.8065728183432799,0.006574989989038767,0.012147201420033227,0.010399278341386374,0.00586582719612928,0.08227972422835393,0.008723873442068342,0.0021920107147611625,0.005115272994410471,0.004202652659679518,0.05052051311775308,B12_deficiency_no_anemia,0.010541740452882774,0.6720669536101485,0.011180375028483916,0.03027870681259573,0.0255676755094337,0.017051462042851764,0.13773701153662468,0.02694749324925703,0.003076510861348411,0.006788361123579769,0.005373468097733677,0.05339024167506038
P000504,no_anemia_no_deficiency,no_anemia_no_deficiency,1.097631825678524e-06,0.002558946798488187,0.0003209856459741688,4.921444663197105e-05,2.699656566042179e-06,9.911722372346765e-10,7.41388505914851e-05,5.026053371754506e-07,5.22117723426932e-05,0.19728391745770482,4.4525805650868255e-08,0.7996562396175598,no_anemia_no_deficiency,7.573002902841512e-05,0.0069808136233442996,0.00047806857356971256,0.0005172116212515682,0.00027078545929625874,8.66865061650346e-07,0.0004798744884385066,0.00011116555991865674,0.0003180965526423576,0.0863555883504853,5.348984796513194e-06,0.9044064498921668,no_anemia_no_deficiency,0.0011457680032790699,0.03188655568397165,0.04694343056671596,0.0045306574567214675,0.00649118469627216,0.0011856813674648338,0.030432236891842112,0.005076326410885969,0.00410767515070796,0.12221425215134496,0.0013200119057671397,0.7446662197150266,no_anemia_no_deficiency,0.0010330604149265065,0.022137153065926903,0.021035348902067503,0.003458607133223289,0.004075781537149496,0.0008326850812458883,0.023259673682157103,0.0026770727800817726,0.0026237718916319822,0.09105985555658562,0.0009669722727080147,0.826840017682296
P000505,folate_deficiency_no_anemia,folate_deficiency_no_anemia,0.0016562530698140442,0.0889794993847983,0.0025309502038538285,0.0009981396113314075,0.0006558755021187204,0.022580980461062092,0.7531102156548528,0.0006491905878459061,0.0009301522539089682,0.0729255712277251,0.015891138278636637,0.039092033764052056,folate_deficiency_no_anemia,0.0013488796013131604,0.06026184507147779,0.0006637154054623104,0.00039152325838186035,0.0005093969268119699,0.022172919031167155,0.8386425646504696,0.0005626026794679724,0.0006625160369748644,0.039264629192601215,0.01534818898829351,0.02017121915757877,folate_deficiency_no_anemia,0.004178167514899624,0.2706939489127462,0.023282295394676647,0.0053521417883760575,0.004031071867724446,0.010026193141508924,0.47685428904952293,0.005176846764854899,0.0051763788600540485,0.07625001292883735,0.007697659711985744,0.11128099406481315,folate_deficiency_no_anemia,0.004122029179452462,0.27236436654157414,0.013681287088784511,0.00435639738801354,0.004040781008103783,0.01080135975247359,0.5627808494205461,0.003560366200069353,0.004758606708172482,0.0648766351359829,0.00638484620926131,0.04827247536756579
P000506,iron_deficiency_anemia,iron_deficiency_anemia,0.00011904828047895475,0.0003287680224689888,0.000770133834935283,0.00022551066376801088,6.30431294346173e-05,0.00012940869353959762,0.0002792340031314949,0.0003018363041095848,0.4486496956110312,0.23084284918312467,0.3182680506695193,2.2421604458250896e-05,iron_deficiency_anemia,0.00010282502134910463,0.0003364299119338124,0.00038767471684070996,9.974759303718298e-05,0.0005304090004677859,0.00023386958102162734,0.00027672483600985054,0.00042640953136972176,0.46254298875549393,0.23675022555350755,0.29830004887565253,1.2646623316307769e-05,iron_deficiency_anemia,0.0038459976424796627,0.006089124684808192,0.019795936092645215,0.008001427344698258,0.004695368158349808,0.005377552580008762,0.004564232401294255,0.009364326734633938,0.6785754153336293,0.06627699478349555,0.1886019140234427,0.0048117102205143146,iron_deficiency_anemia,0.004335894820059646,0.003822103234256503,0.010293168228190751,0.006799413007874621,0.008466516579571398,0.0037278798048425714,0.00469751700592005,0.011122464900815898,0.5589271811763471,0.03877239110580997,0.34612473132758487,0.0029107388087265475
P000507,folate_deficiency_anemia,folate_deficiency_anemia,0.036506197980643675,3.054540798864301e-05,0.09404136911745745,0.003633007038967324,0.008176409349171859,0.4206307659178471,0.41828223304885437,0.01000147566740318,0.005135208611857466,0.0019521566112319952,0.0011019137583314416,0.0005087174902456535,folate_deficiency_no_anemia,0.07576999307159046,0.006433174490771996,0.03949338494617272,0.124267978994448,0.033299765657452546,0.231661640598977,0.26041059967428304,0.09093175235352645,0.043784924477201746,0.022022519500789872,0.05927044945211743,0.012653816782668751,copper_deficiency,0.09291883328212709,0.03630802853098917,0.034808995974145183,0.0406150585152233,0.36184702162284005,0.21957571583931135,0.04881553677858072,0.025116720863328848,0.0654403185110689,0.009932343461061718,0.05214820214794164,0.012473224473382182,copper_deficiency,0.07408511667869325,0.028982840344838532,0.051570653319904514,0.07675848234468056,0.36983458285181814,0.18838310916613168,0.04079360418355398,0.04182160905690694,0.05294658335472408,0.014851044782039182,0.039828578148507966,0.020143795768201005
P000508,mixed_deficiency,iron_deficiency_anemia,0.263463537287395,0.0020615469897196227,0.0024798112787638936,0.0017998693051357625,0.003668068697227895,0.0002829006709004548,8.825367782352742e-08,0.004563336768995428,0.3863550608361178,0.0006087583503627499,0.33471692647680146,9.508490208169354e-08,mixed_deficiency,0.3509587510579466,0.0017132172756810485,0.0009511146141379924,0.0003689374229515579,0.0012624783163471935,2.8377499278789705e-05,2.0929267595978947e-08,0.00021838464306771026,0.1683062280315929,0.00013966087076722786,0.4760528165933728,1.2745588506230956e-08,mixed_deficiency,0.00805936983506937,0.0025853969169787275,0.003457056900696518,0.005371788882763803,0.00281363934723687,0.005312627096904883,0.0018407634002850367,0.003771137184422255,0.21054545087127324,0.0022722926629594148,0.7531654014110948,0.0008050754903152248,mixed_deficiency,0.012954607664375267,0.003874158986766921,0.003836534844767372,0.006542003878021482,0.004209062996956033,0.003940833083931298,0.002646217957841511,0.010435562094407822,0.2064203530272823,0.0042200783065644626,0.7394653950471299,0.0014551921119555593
P000509,iron_deficiency_anemia,iron_deficiency_anemia,0.00237239046516612,1.8755381733607007e-05,0.024385899569870854,0.1235323542501681,4.671542208720413e-06,0.0007413724555898943,5.278442825390983e-06,0.004239718915282747,0.8278183238301424,2.466226493088469e-05,0.016850783782812385,5.789099268860851e-06,iron_deficiency_anemia,0.0020836027760885102,1.3235672791331464e-07,0.016456922208287594,0.02230983219275876,0.008172135310173405,1.1996356649277722e-05,7.070625233434973e-10,0.00034692389843727,0.9468084027144613,6.004629819589928e-07,0.0038094478449937274,3.17137761444803e-09,iron_deficiency_anemia,0.017114331838203385,0.006244119320228777,0.09569899101470275,0.07267512049126489,0.04495001016663835,0.019334457379881955,0.003971141185292818,0.031519470654744745,0.6003883866343425,0.004224906454655544,0.10042925644558548,0.003449808414459003,iron_deficiency_anemia,0.011177954814017387,0.005445630363393262,0.11769745979681999,0.04022728476816257,0.032093041676894245,0.01043742724826655,0.002596667764985554,0.015985155388412896,0.6889043238597811,0.004129333293278928,0.06924728784289287,0.002058433183094736
P000510,B12_deficiency_no_anemia,B12_deficiency_no_anemia,0.3132785178163665,0.5223957120017595,0.00010966127826292084,0.007887260242970985,0.0025522028746926034,0.004909241498637524,0.09507279964993932,8.849603473869785e-05,0.0005279626187823658,0.003446588283743609,0.045569781510291896,0.004161776189814062,B12_deficiency_no_anemia,0.011944031845553576,0.9788314878750802,2.7532254845676737e-05,0.0001289933581992056,0.00029901719498794555,0.0003147912544621796,0.0025415635220737143,8.53957153403388e-05,4.441367343945813e-05,0.0007646189270692178,0.0027301893980821016,0.002287964980866411,B12_deficiency_no_anemia,0.015522374201833033,0.708722342555654,0.0044038992791921305,0.005729272667047638,0.032017989506544,0.014244584768552799,0.1645994130260651,0.0021395694870287663,0.004441831773268751,0.01278464868320819,0.005039692946227616,0.03035438110537834,B12_deficiency_no_anemia,0.007023830644536884,0.9214801935469598,0.0019978308901938122,0.0018063793695241453,0.006947614917242721,0.003313438005295774,0.0333176663378271,0.0010832656741021707,0.001791049291879068,0.005595575243512273,0.0020573577360609298,0.013585798342865739
P000511,anemia_other,anemia_other,6.0160619313973795e-05,1.1006245995678017e-05,0.001900626011900705,0.9789114630170382,0.00010007484312261008,0.00010165898491036315,3.7426237343787413e-06,0.00038105758770008475,0.018455443453569316,1.1731037230876934e-06,6.937349682544904e-05,4.2200121662408035e-06,anemia_other,0.007934893443301358,0.0008267850655805315,0.05058270736718325,0.7392896940131313,0.09849097626411604,0.002617559603397898,2.9833363699826705e-05,0.004353699331911112,0.09229932277006812,2.4983919967297994e-05,0.0035134936052097186,3.605125243358091e-05,anemia_other,0.009195159606528438,0.007955505402884722,0.0803450681076554,0.7102556201350483,0.013186149431048259,0.008196857641458938,0.004978698214016625,0.03551342816605286,0.0846107869255487,0.005458724215947625,0.03540220970159218,0.004901792452217896,anemia_other,0.06752154430855282,0.021258315124951844,0.16479844033147312,0.24343861448825105,0.12517869736105428,0.019957669121827462,0.008399003193344341,0.04392700115699456,0.18551582932770497,0.011500354139373191,0.10064064177987997,0.007863889666592365
P000512,mixed_deficiency,mixed_deficiency,0.4536372953561626,0.04762454589502313,1.4690934155971109e-05,3.1493188670981675e-05,2.1011676462155994e-05,8.515180123982516e-07,1.252140982861366e-08,1.0484379312450242e-05,0.00839007916496897,0.0001236198268943895,0.4901458992856025,1.625332467386152e-08,mixed_deficiency,0.3919915778381639,0.01581398259413926,8.002327524272343e-05,4.680157875867136e-05,0.0003032059583159954,4.387963275456498e-06,5.6382836381335116e-08,8.227334188456768e-05,0.05676567924822568,0.0009524169264963337,0.5339595486025392,4.6290121700495276e-08,mixed_deficiency,0.013653130044437748,0.0025940772055961414,0.0017453063590343984,0.003120344002387932,0.00129899790263147,0.001778477021411327,0.0008800715149386383,0.0014911720628123782,0.054929385269815806,0.0019706034091827762,0.9160264927168811,0.0005119424908702086,mixed_deficiency,0.006687178456699566,0.000790534217020968,0.0009284504632320515,0.0012484812691467345,0.0008125030203938893,0.0009064177966732567,0.0005211968768326341,0.0017056542604336137,0.02130470677297761,0.0010323859357316662,0.9637128813617731,0.0003496095690847459
P000513,iron_deficiency_anemia,iron_deficiency_anemia,2.6318414125906223e-05,0.00019583938408765503,0.0009921887484029312,0.0008076954781254333,0.0003249366061490904,0.0005403790712812456,3.0431077758155987e-05,0.0006549189958275621,0.8986823590116307,0.0219516439133433,0.07579320218713302,8.711213502629024e-08,iron_deficiency_anemia,1.3727769267511529e-05,0.001109591009363395,0.0002762063058790738,0.0001872953908447259,0.0025020101225770373,0.00024305258486963566,1.3779539477681853e-05,0.00033315478179349805,0.974606564988314,0.01471474235506792,0.005999855510514177,1.9642031113527867e-08,iron_deficiency_anemia,0.002384192304937695,0.0011901904286688917,0.008167079633670193,0.004971804609661623,0.003964734353544553,0.0022309786115980897,0.0010947936766566566,0.003957717700639316,0.80628821741144,0.005694227997840744,0.15914630782556888,0.0009097554457734684,iron_deficiency_anemia,0.00166373689447271,0.0005432233511151786,0.003476732959763307,0.0032962844670794637,0.0020572157130429127,0.0010583878370686525,0.0005995386110999562,0.002215667164143435,0.8340542018974902,0.0028272930587974294,0.14785022493647554,0.00035749310945117774
P000514,latent_deficiency,latent_deficiency,1.0027270898001972e-06,8.702119448836694e-07,0.00015491358448406077,9.349330569039928e-06,6.0876813900107885e-06,3.475465537527161e-05,0.0019458054702493478,6.970573192750532e-07,0.004503830197944695,0.990595307885942,0.000995396385571277,0.0017519848121203144,latent_deficiency,1.3205218250893041e-06,8.639018306727474e-07,0.00010327881855960463,6.074310056953259e-06,1.1406927827399054e-05,3.3091552805402615e-05,0.0013439525038914004,1.452310132148628e-05,0.00403336482258533,0.9916836666596509,0.0014495577463526537,0.0013188991332930065,latent_deficiency,0.0003479556614556809,0.002223105531518101,0.004804276738063731,0.0011391022213368353,0.00044673827975657963,0.000467622617427884,0.00212196430531271,0.0011262781485980528,0.0035094374310427104,0.9780850610485492,0.0014490906345215647,0.004279367382416758,latent_deficiency,0.0008685226544252052,0.0036652707308798345,0.005420543500361225,0.002148692621260863,0.0011572256694124892,0.0015782209560965086,0.0028675925838959654,0.0029459204848063416,0.004976174139410523,0.9614984214216249,0.004664866547758956,0.008208548690067211
P000515,mixed_deficiency,B12_deficiency_anemia,0.9656621885695316,0.0032994684881143704,1.3459403115435587e-08,1.966047563180447e-06,2.4594369709038636e-07,0.00020712988823201015,5.338227546948657e-05,7.574406639371558e-09,6.531848955497081e-09,5.3351598641288305e-09,0.0307755666698634,1.921671053306942e-08,B12_deficiency_anemia,0.9328012880019153,0.0001685997988702073,5.934449818482119e-14,1.3657143810387112e-11,1.4000194709077903e-13,1.2319870436288795e-06,6.201976008916466e-08,2.960084320370696e-14,2.337138590346707e-14,1.8251022201307565e-15,0.06702881817844802,5.140047971927756e-14,B12_deficiency_anemia,0.8630441478373034,0.011194719296211799,0.0027761103279697616,0.004250494623340955,0.004394137879313824,0.025430781343480615,0.005642384317598379,0.0018172513283904975,0.002153362746027511,0.0013700806874286007,0.07624201833052935,0.0016845112824053988,B12_deficiency_anemia,0.6675420340897803,0.019207658496854123,0.0022808480879608767,0.005212829849200808,0.003407535258570244,0.06951715603866837,0.011603824052032655,0.0019121967522492806,0.002373808448150699,0.0020543294920169434,0.2127813862313179,0.0021063932031978668
P000516,B12_deficiency_anemia,B12_deficiency_anemia,0.8863803430026607,0.00023841433076264947,1.4436888686542858e-08,2.7518002618824707e-06,9.56160383935956e-07,7.623250759318542e-05,1.7416217348669514e-07,1.863531122806891e-05,3.960668688576042e-06,9.741544043883918e-12,0.11327851698515067,6.244666539962416e-10,B12_deficiency_anemia,0.7937466726894133,0.000607641367258265,6.702472450381381e-06,0.000542063510401008,0.00045188687195627083,0.0022662828926271576,5.20810872863554e-05,0.0005175187611841867,4.378209215621742e-05,9.770146362067846e-08,0.20176488250554717,3.880482557353734e-07,B12_deficiency_anemia,0.8321476812717103,0.012870116689361635,0.003577588043792284,0.009644080529596104,0.015863737677573035,0.023453679508083376,0.003663763728988215,0.004263976563136551,0.007285868716279977,0.0014544630009191803,0.08369770497731516,0.0020773392932443473,B12_deficiency_anemia,0.863889114369629,0.007215083655233466,0.0027865803472604707,0.0061625972943404545,0.008408035461737743,0.013856031595569196,0.002496033845950859,0.0030330662907902066,0.0034719347951669235,0.0010320330129102064,0.08638563903429851,0.0012638502971130427
P000517,mixed_deficiency,mixed_deficiency,0.23104355468140128,0.00012646344004508525,3.4610705911255234e-05,0.0008235315739464756,0.0005147735963874097,0.10105185907902396,4.005400439461872e-05,0.0004214158173883783,0.0011177545653093342,2.2880651352815908e-07,0.6648257238308241,2.9898854677911e-08,mixed_deficiency,0.18678701876691556,2.0537888941098702e-06,1.6310788103469253e-09,2.4318560253166493e-07,2.6835005352209763e-07,0.00010775515274700103,6.148826961314413e-10,5.9512913551060174e-08,2.0593813143983625e-06,8.550135891393497e-13,0.8131005396146864,5.6331700243303095e-14,B12_deficiency_anemia,0.6598332068992462,0.008737010282233185,0.0032297392629414287,0.00863431573661639,0.014160953385402441,0.07789298134937535,0.004770482248900451,0.004490808963126105,0.006406366789142992,0.0017939382367647516,0.2079937067647605,0.002056490081490539,B12_deficiency_anemia,0.661273853217939,0.004646380541780049,0.0026530300845459395,0.0074195419201221755,0.006700731121123503,0.0604165106607933,0.005886734688447956,0.0029254927127354813,0.005502767550506331,0.0017247798034321193,0.23920688469936824,0.0016432929992060315
P000518,B6_deficiency,iron_deficiency_anemia,0.004089340055276026,0.06297918681013337,0.2676026094752485,0.1535449902980108,0.0010437104819097161,0.004562308669127409,0.014011770458202774,0.0630949853529521,0.40170322478829923,0.007856059486118906,0.017824988858639066,0.0016868252660822063,anemia_other,0.002722842169572876,0.052521235132488284,0.1059692134473005,0.3665686388999277,0.001479808017315315,0.0032914567665945703,0.013079201149490646,0.14484692522363246,0.2974654748926967,0.001434355236852465,0.009833871109662105,0.0007869779544664429,iron_deficiency_anemia,0.030431232601644216,0.017166256789514018,0.14748527632486688,0.18186092416390445,0.1300422233981673,0.025858448630700994,0.009617921603936319,0.108681335302391,0.2750261075418985,0.014119899203920002,0.04783468910763037,0.011875685331425922,anemia_other,0.036842827558261175,0.009219516422510383,0.08531494830795962,0.27960284325660584,0.2285731295388947,0.014609006761483342,0.00780486202653182,0.11552459007479425,0.16666534549997244,0.010769782405054293,0.03850049587262791,0.006572652275304214
P000519,inflammation_anemia,inflammation_anemia,0.0033531694986654193,0.0004264989783545591,0.0008221986868065582,0.0017317703171503133,0.000672195664178184,0.007973149883325434,0.0005918762041462975,0.9833295990684111,0.00026650342611670005,1.0342500738743877e-06,0.0006316068486487027,0.00020039717412312534,inflammation_anemia,0.012237003009350225,0.0020242444807944742,0.003242630121499118,0.05096982773087645,0.016838333748480278,0.02440757429163201,0.0014976589919937719,0.8846633178244133,0.0005979702186900883,2.3110087321789805e-06,0.0028647640375092337,0.0006543645360287292,inflammation_anemia,0.01885742288788345,0.004703619087804795,0.008293832942094796,0.03679642383607963,0.0125821140940444,0.03613096841127295,0.0056988803091622435,0.8565078856609456,0.005493721739619777,0.0020183610778172828,0.00878791510556347,0.0041288548477116565,inflammation_anemia,0.056953667408918406,0.009882441477631005,0.00897411301487975,0.33594486479655583,0.05499456455737363,0.06194202848648605,0.0109815144299869,0.43368049929869185,0.006502143439081761,0.002037079660717166,0.012864249062758303,0.0052428343669193135
P000520,iron_deficiency_anemia,iron_deficiency_anemia,3.58002646356185e-05,7.486754203544414e-05,0.0040843791887528675,0.0001735368241600703,0.0001980896174353348,3.0653611820107075e-05,1.5020165077419258e-05,4.1637671870200176e-05,0.9302136066862619,0.06180598363839271,0.0033192825201929675,7.142269365428417e-06,iron_deficiency_anemia,1.9420244602090746e-05,5.0842153946933616e-05,0.0022933087749777152,8.597440465689895e-05,0.00025549715844318575,8.133399793573716e-06,1.7953087608272107e-05,7.166736913290448e-05,0.9784819799881159,0.015211941186467716,0.003500208863707908,3.0733685468494666e-06,iron_deficiency_anemia,0.0046580427118280456,0.0028916456792907105,0.010356687613165457,0.006803582378285541,0.003241769182335497,0.004467405069980867,0.0020195445921374036,0.009537343853852425,0.8823239622243441,0.006968688808750069,0.06440760682400036,0.002323721062029438,iron_deficiency_anemia,0.0022917628553223903,0.0015645698112336447,0.005133283386310145,0.006651012263001314,0.002314448952610871,0.0025970163439147155,0.001146108622608892,0.010036854095499075,0.9054376304714474,0.004685793220048887,0.05683244487548779,0.0013090751025147342
P000521,mixed_deficiency,mixed_deficiency,0.0007388310358448552,4.580624038242141e-09,2.4816059313953618e-05,7.508778116890942e-06,6.735089163390036e-10,0.003010020180538541,0.0006011536468913632,3.6571378999307916e-05,0.029574402150398166,0.002233071418390197,0.963773602856379,1.724099466192065e-08,mixed_deficiency,0.0009678444146681253,3.091915273324599e-05,8.37841446302981e-06,2.7289340438239837e-06,3.6672135183103047e-09,0.00024402611359130807,0.0004746039935883007,6.766765535822006e-05,0.018456903015822503,0.0006211348399714929,0.9791257809443125,8.85423406092962e-09,mixed_deficiency,0.04390705325766496,0.014399328896075732,0.011133270891184427,0.016897153905514686,0.03208780049074562,0.08884150054726342,0.013475826325833667,0.01077014069980308,0.1468199820808605,0.013482185247199185,0.6033473942376161,0.004838363420238729,mixed_deficiency,0.02060124059334908,0.0037150806831385288,0.004161576567178764,0.011154626857759767,0.020691701911226965,0.028986563342500195,0.0067967280829691655,0.003854148964704299,0.19326321218022555,0.00624969337741662,0.6983129839168184,0.0022124435227126272
P000522,anemia_other,no_anemia_no_deficiency,0.007692090287600251,0.017923327610466205,0.060490623781489936,0.06592447895506705,0.06316788098670052,0.013307387443001088,0.0571871015682083,0.009632721853061913,0.11186666522658377,0.05480004771240961,0.024551621301243175,0.5134560532741682,inflammation_anemia,0.0005706286916899851,0.002295535809722538,0.06558947071458178,0.15799615468704975,0.08727017328393936,0.001292977084103003,0.008542061747972302,0.2976101792758925,0.11338076847057144,0.028182392625816233,0.0029453256680930084,0.23432433194056823,B6_deficiency,0.009415227919585174,0.03333558092088335,0.21441659745843084,0.17922235365319228,0.18832173098222899,0.027161865634575254,0.03606874594774635,0.12981082009128686,0.08731166225872782,0.01761011802132074,0.021002195928849006,0.05632310118317341,inflammation_anemia,0.003822660790840091,0.01711680473580861,0.12719787760148046,0.2180987842216619,0.0915440522089661,0.014284842976201499,0.014831271325452353,0.43134277485612665,0.03593607414812398,0.01221559015458175,0.006760099000201199,0.02684916798055537
P000523,latent_deficiency,latent_deficiency,2.7211120841031318e-05,0.008243465844260778,0.0004778057159947421,0.0008888979753156728,0.00016801318149507614,6.035967206807151e-05,0.009879627479446065,7.654547658342625e-05,0.02093896680689192,0.9278013658825645,0.002989279775472095,0.028448461069066608,latent_deficiency,3.2261449636429016e-05,0.025459554660948274,0.0031960757584932596,0.0015378832234400673,0.0011695670919784004,5.7252305749494116e-05,0.011482496260773046,6.053506293805982e-05,0.02256765398373517,0.9015332360667445,0.0016824335591678853,0.031221050576395307,latent_deficiency,0.0006396365827239926,0.005796248616635409,0.006749064518538403,0.002247888440950997,0.002625551970915055,0.0012542302149988942,0.007971176672549055,0.0014960432138551112,0.008696084243274886,0.933480395786756,0.0038437431447946083,0.025199936594007724,latent_deficiency,0.0004658502862191491,0.006515279880952577,0.00465659275713509,0.0026852735356777445,0.0027760287263903145,0.0006348473945871307,0.005233262604277686,0.0016961931033828968,0.008197909609829393,0.9425704652021054,0.0021943867661063815,0.02237391013333626
P000524,inflammation_anemia,inflammation_anemia,0.0007387377538916309,0.0023450942876559293,0.035041401877433535,0.002294704757605842,0.0005165142154011223,0.0009030946719421521,0.0010826546000446654,0.9470876727223227,0.004565560867901314,0.00022407064813684456,0.004374049916365252,0.0008264436812989932,inflammation_anemia,5.635987543967936e-05,9.574465234248615e-05,0.0027971509691297938,0.001128950943548537,0.00044741132573954,8.415945637805894e-05,3.4072147516581073e-06,0.994840921086462,0.00024437166326726957,1.2385592973255856e-07,0.0002710944949984361,3.0304462012654344e-05,inflammation_anemia,0.0021493551814034664,0.0020974573162451404,0.05458534670857946,0.0095485476042832,0.004551707708157612,0.00242751339665129,0.0023275756523078693,0.8917196524181501,0.016513844503997167,0.004239881487496107,0.006640583980052804,0.003198534042675634,inflammation_anemia,0.0050457645751475965,0.0025792027441981272,0.06432234562643825,0.03488680663452484,0.011954330002185666,0.006315481219441636,0.0021556977771516983,0.8262418807896267,0.029494968679525408,0.003594438076598709,0.01020596333622143,0.0032031205389397815
P000525,latent_deficiency,latent_deficiency,2.6415110220587656e-08,3.908421274207308e-07,3.0492925544303086e-07,8.948450624771606e-06,3.5922846158240614e-07,4.069812528786006e-06,2.7355958810460908e-06,6.903854923947843e-08,0.0067552428087459164,0.9857858175503498,0.005695351674347518,0.0017466836540181781,latent_deficiency,2.6170935181869287e-07,4.069479815781668e-05,1.6768202037251607e-06,1.0468262259088357e-06,9.720466916622555e-06,4.480257186021445e-06,2.46562819258972e-07,2.50477327225644e-07,0.0011108265075000109,0.9878596337383815,0.009703793069703771,0.001267368766226201,latent_deficiency,0.0029904612927061486,0.014682754608910555,0.006525325680455129,0.007072385980545567,0.007144020619643702,0.005315559642752171,0.015251465558962517,0.0025428286613323045,0.01711810241340474,0.8670749766612562,0.0073481646905557835,0.04693395418947522,latent_deficiency,0.0052926895552266665,0.024265666801347313,0.006353892844346674,0.007103556173902596,0.01258581053394697,0.010053309515945075,0.030661896116808526,0.00487614805850083,0.013986271265215499,0.7986799257306998,0.011235102375728414,0.07490573102833178
P000526,iron_deficiency_anemia,iron_deficiency_anemia,0.016545640194017854,3.796817885793915e-05,0.0019386552607995856,0.017105192938580184,0.006069285864949702,0.007264854980400589,1.0430432317537627e-05,0.0029838150155516315,0.5489421592109405,1.113558551666672e-05,0.39908991893719126,9.434008764323769e-07,iron_deficiency_anemia,0.0032317050197250164,4.857525002366638e-08,0.00029923079269753174,0.0015568775542440364,0.0024523560572048057,0.00010785340898621173,3.2870224381559565e-09,0.0005722792901059392,0.5993849196565019,2.2168786597345302e-08,0.3923947041593935,3.008198648519116e-11,iron_deficiency_anemia,0.006779413272996473,0.0013574365011794457,0.006086356045942111,0.00908654316115479,0.004203430201825616,0.004050231749843072,0.0016940949080383673,0.0042126775522407876,0.6658697839327133,0.0033077579405864717,0.29188085249799184,0.0014714222354876463,iron_deficiency_anemia,0.002871487291718668,0.001066196712194565,0.003873877413087058,0.002738693486093767,0.001907698764668303,0.0009666494537383153,0.000903602367849045,0.005398873205724696,0.6640128851174658,0.0024822115246056244,0.3131393136802897,0.0006385109825646162
P000527,inflammation_anemia,inflammation_anemia,3.0040106125929183e-09,8.560686266389012e-11,1.6379096775960072e-08,6.542744898333948e-09,2.4002752763384e-09,4.2133701876273755e-08,1.1782340096966802e-11,0.9999999226918901,5.582799304826445e-09,7.48318489660446e-13,1.1609297500306607e-09,6.413897280582242e-12,inflammation_anemia,2.8576956632010666e-05,9.605639555484036e-06,0.00039675933607509955,0.0013406947098764971,0.00012007748419040099,0.00032446575095749727,3.813627754538205e-05,0.9975888642209649,0.00011030337007885504,3.3591199429791486e-07,4.108644463965458e-05,1.0938974902286536e-06,inflammation_anemia,0.0009983954811649026,0.0006888106450967114,0.0051523893368328735,0.012427458527972139,0.0031325156383864086,0.002448586452514579,0.0011295827938810684,0.9646417011052423,0.003925469697274402,0.0007590804004887684,0.0036797172854642936,0.0010162926356816202,inflammation_anemia,0.0023653616660699412,0.0013726351342635563,0.015735306917851147,0.03810157902892819,0.010429625167494481,0.004004694503432407,0.0016430488423061424,0.9066841698694346,0.008931344222762478,0.0016929321092172397,0.006672335690330072,0.0023669668479098923
P000528,iron_deficiency_anemia,iron_deficiency_anemia,0.0006833606185754507,0.00392904748027643,0.005849456015285956,0.007381024769260172,0.0035563864198858643,9.179550616187258e-06,3.739810759019479e-05,0.0012958627227338164,0.5066703762505872,0.41415044326859995,0.05414587033594914,0.0022915944606394624,iron_deficiency_anemia,0.00021819231494443945,0.0009427276445295498,0.0005185640073409688,0.005889060800007723,0.0006997641260593413,2.2427424980978322e-06,4.18028698686097e-08,2.825473972496493e-05,0.7857878476673279,0.12440920229652327,0.0812295076289075,0.00027459422926608547,iron_deficiency_anemia,0.012549525844065223,0.01686530076701339,0.05377570316871508,0.06848572384452246,0.018269451114490142,0.010417829535058473,0.025624822811700698,0.021451192367396205,0.3921785994961558,0.26474654818171156,0.08478118414517638,0.03085411872399449,iron_deficiency_anemia,0.007918059128219431,0.007812564744382538,0.025796160376639635,0.05053655313869204,0.01215933122623442,0.008482072170545854,0.008372653508855453,0.06768560837450256,0.5481460189812924,0.08569322706180038,0.16548422832625462,0.011913522962580692
P000529,mixed_deficiency,mixed_deficiency,0.06897247682425227,0.00010781574869782312,0.0006273779527488443,0.001999858392456382,0.0004723128886552847,0.022485375631573993,0.0012374133808761628,0.015870413429743144,0.06646993054157661,5.313737990958252e-05,0.8217034584581936,4.2937131618736607e-07,mixed_deficiency,0.02005321904683298,1.1535809140359765e-06,1.0142627154109316e-05,6.967479271963565e-05,1.8371704780291908e-05,0.0040665536260154345,1.0817011465502454e-06,0.004371495951239311,0.030975224064101064,1.5291928343362167e-07,0.9404329291776813,8.081318783513866e-10,mixed_deficiency,0.18992963392435666,0.009141716536462629,0.014493807054877078,0.02558208524300682,0.05974046450159254,0.12329333094262118,0.012730228881795643,0.022146347324122233,0.12298925080278043,0.007022874576051738,0.40791564546580206,0.005014614746531154,mixed_deficiency,0.15471452527478213,0.009464263301797832,0.007977429333209541,0.018940369046200552,0.05549684537340025,0.1693000908972765,0.012215865849883894,0.03709938087320078,0.12283023430862583,0.00810274653420706,0.398263377196251,0.00559487201116466
P000530,B6_deficiency,B6_deficiency,1.6690321677185568e-06,7.968901325524615e-06,0.9996803851383793,0.0001390857372398932,2.522221345280379e-06,2.2189113486051684e-10,5.361673963367539e-07,2.105946579460105e-06,7.300674431515984e-06,6.26573012731085e-06,2.444980952698814e-10,0.00015215998461817046,B6_deficiency,1.5086587742381238e-06,3.817918715748674e-05,0.9965620766852099,0.0021022695948142035,0.0001712130249176574,3.3088570586639187e-09,6.902382135677764e-07,2.264313849145176e-06,4.239831288015156e-05,3.1978193110669956e-05,4.884754571189782e-10,0.001047417993740272,B6_deficiency,0.004361056107777617,0.030076407189672714,0.642063279131306,0.013048848677464493,0.017178699122592022,0.005753335550542628,0.04037886935580798,0.007545436459647506,0.017232488010545444,0.10249201254852904,0.007223638187394782,0.11264592965871979,B6_deficiency,0.004835667548406951,0.033012732981349026,0.8050988835922603,0.014539489189369408,0.013595503261238673,0.004761027513762569,0.022526498242504318,0.004693660839602515,0.006563702214621503,0.027461736831712824,0.003937083346877897,0.05897401443829408
P000531,no_anemia_no_deficiency,no_anemia_no_deficiency,6.260277500477281e-07,0.0007333490526404599,0.07514309218502946,0.0021643024949932884,2.254761329155544e-05,8.256485981347982e-06,0.007409224649396163,1.5596073288116117e-05,3.259810681978498e-06,0.002851371838046119,1.2917134333212608e-07,0.9116482445975581,no_anemia_no_deficiency,1.0029292496311485e-07,0.00037846406682880655,0.06762242217925575,0.0025478375244660225,9.506510012102121e-05,4.950497487278203e-06,0.0048025027720825205,7.65688005005301e-07,2.1097877432555988e-06,0.0015373434758552086,2.5820912051684956e-08,0.9230084127943181,no_anemia_no_deficiency,0.0017268507161241366,0.029252876317913793,0.015853491805092466,0.007868921618003913,0.009847595286846684,0.003928189929817602,0.1324457988179794,0.002588579676339426,0.0025828172696726543,0.025899620411189705,0.00231784588134626,0.765687412269674,no_anemia_no_deficiency,0.001671945980871124,0.017341197991091076,0.012293219327796687,0.007860529065009269,0.009713538359290522,0.004196451306008789,0.06457830954822813,0.0017703926050487684,0.0015898699827514766,0.015747639044240064,0.0015384115926892282,0.8616984951969748
P000532,latent_deficiency,latent_deficiency,1.746471695447193e-05,0.0010155827977803868,0.0015305546577993562,0.001002331164375034,0.00024163628660036517,0.00012821950307581045,0.005548014564916169,0.000519719004750997,0.014666123286801964,0.8097247983469082,0.0008445696789891864,0.16476098599104794,latent_deficiency,1.3692896683003423e-08,7.548143168975806e-06,7.095615681135977e-05,5.214437775732609e-05,2.9494226198055318e-05,1.7090035847783802e-06,1.757152892103537e-05,0.00010684611554459927,0.0013824329513673482,0.8815372713456073,1.1190878070754954e-05,0.1167828215800717,no_anemia_no_deficiency,0.002273414128538824,0.06590351347113374,0.01463767528603933,0.007646238823303011,0.005419907265684035,0.004358404332633837,0.10376364703266841,0.004660870019430036,0.008832916480609649,0.27283286633412307,0.0041597663410765035,0.5055107804847595,no_anemia_no_deficiency,0.003331576495854958,0.04648010271927374,0.013966282546370815,0.015480974116438399,0.009944153914433594,0.005731313450912773,0.0776609139125951,0.00823075261998887,0.009064708515690644,0.23717095816476028,0.003947211819086333,0.5689910517245945
P000533,folate_deficiency_anemia,folate_deficiency_no_anemia,0.005423977998706906,0.0008309224348225305,0.08118348767034289,0.11841034648059312,0.20151413503422572,0.11774706834836172,0.2720493471059233,0.07568848991938554,0.012574501387314668,0.002661798595632291,0.04520685481666341,0.06670907020802781,copper_deficiency,3.5943575438928825e-05,3.968179249079538e-06,0.007067524649586558,0.01512364776280687,0.7788567552015677,0.020768887542307404,0.026210183152966804,0.14886124357530517,1.790940684181238e-05,1.383712877225043e-07,0.001524272536291461,0.001529526046350417,copper_deficiency,0.013323160587435665,0.02886714826866173,0.20860347839536988,0.0959394239626953,0.2180295814473583,0.05656646159165663,0.049778936480036486,0.16773189609668598,0.051480595707710165,0.025731799881050798,0.046824409406337565,0.03712310817500154,copper_deficiency,0.005753834618116843,0.00751222006949725,0.07219117384046168,0.04743017143972132,0.49465142972137266,0.020140722618323715,0.023952086115945154,0.27624229470422246,0.016147537642535494,0.010614071837221177,0.01783967339795302,0.007524783994629211
P000534,inflammation_anemia,inflammation_anemia,2.380179577094089e-05,1.494027839290386e-06,1.9219911780985288e-05,3.7946881266635234e-05,3.836839003964238e-06,1.7323692817001113e-09,7.865087438428554e-13,0.999888304429987,2.5327082289432775e-05,7.1774462290943596e-12,2.860670837137239e-08,3.868501986460256e-08,inflammation_anemia,3.610781531308247e-06,8.689151544436711e-08,2.3995802347479787e-05,4.000189862803627e-05,1.4295475241245016e-05,2.605596687206036e-09,1.0979567670273973e-13,0.9999174211772135,5.830871667056782e-07,3.477983738485049e-14,2.1861212076065224e-09,9.449340126516418e-11,inflammation_anemia,0.0013120330075383159,0.000308598599204566,0.002957686162730775,0.005048516194086708,0.0013283194074034264,0.0010194778575001772,0.00042437478883906014,0.9801115820725124,0.0052848474723540175,0.0003218224558209196,0.001496410850013749,0.0003863311319959228,inflammation_anemia,0.0017305738506220001,0.00041280687559001867,0.003836651259171226,0.006804119227312671,0.00181840650511873,0.0010879988299915691,0.0003571335201813552,0.9779794767180293,0.0033743184155802016,0.00038929766511354793,0.0018509623493631548,0.00035825478392615973
P000535,iron_deficiency_anemia,folate_deficiency_anemia,0.007391752387504572,6.687347153085116e-05,0.018429699895298825,0.06037391897007221,0.011325124540439437,0.8005551175087077,0.0039192713796610875,0.023049348775768298,0.05528237290452643,0.0005860115702064936,0.01880454239626141,0.00021596620002285388,folate_deficiency_anemia,0.004136547275969207,6.569011954266382e-05,0.017290578494929165,0.15362995297328938,0.08492881231999053,0.5605503833452339,0.004043089419774207,0.06403861891940492,0.09630034303661532,0.0006904412994897644,0.014163801115344139,0.00016174168041686293,folate_deficiency_anemia,0.08719669245697177,0.017246211765943917,0.013762891616864881,0.025476808037469195,0.036097297400412266,0.6634097534743617,0.010674046575242315,0.011075518298674192,0.07490895022570651,0.003602165382975932,0.05168495518837559,0.0048647095770019445,folate_deficiency_anemia,0.0748723428676431,0.014944357788308486,0.012713618486761839,0.03325947906154483,0.11863755361153033,0.5560174340226229,0.010717085699146133,0.024759528096553737,0.09914167065838522,0.006764745625053127,0.04197488877608139,0.006197295306368816
P000536,B6_deficiency,B6_deficiency,0.0005450509413527743,0.011190835689686669,0.7182645515724191,0.007544046772588364,0.001734737302422042,0.004045158242584119,0.04199594074731408,0.0019490507558439206,0.005611303920197479,0.08071334637464463,0.0012651293093781319,0.12514084837156872,B6_deficiency,5.4614731451646474e-05,0.006366905827347124,0.7928138943422539,0.00403423669333507,0.0016442333313703844,0.0007148077405413713,0.021979434378398114,0.0017229112801454877,0.0013381125934962149,0.05272620767089896,0.0004057047382263262,0.11619893667253509,B6_deficiency,0.001696194611747742,0.06586306478044654,0.3602489908221997,0.007053238451812501,0.010748145140313638,0.0038419298266475967,0.06736193814626525,0.004055457477468932,0.006591453141728384,0.11824992904881163,0.003442223969946547,0.3508474345826114,no_anemia_no_deficiency,0.0025227569153495424,0.07896244681556944,0.2494355894767822,0.011663430920742124,0.020640240915989618,0.006236319015265868,0.08000924695703229,0.005918669420355308,0.006084279386453807,0.10223111895889722,0.0030092842805779767,0.4332866169369847
P000537,no_anemia_no_deficiency,no_anemia_no_deficiency,0.0002411471536162645,0.002571851534591049,0.005672731233215984,0.0034687631266712366,0.0009952637600343442,0.0007188394563442232,0.05349653318356993,0.0010112707440686297,0.0015762755257244213,0.2270883718539131,0.00026022070431113467,0.7028987317239396,no_anemia_no_deficiency,0.00018088064543858584,0.003843494317216426,0.0032613006105491013,0.0027164000019842312,0.0017256084388702323,0.0006627199701432424,0.0499699263591073,0.0023710540746892652,0.0011816861424503481,0.26263021539615733,0.00021332065705004322,0.6712433933863439,no_anemia_no_deficiency,0.0019015651536798048,0.06835158790749915,0.02638124609848852,0.00703835158859016,0.008760269486789244,0.0044132049654875515,0.05006578528376971,0.00826214625958749,0.00337071246378608,0.0925731139799828,0.0023609998616920804,0.7265210169506474,no_anemia_no_deficiency,0.002150920366425194,0.07252105570208309,0.021177555772001377,0.010747748420708867,0.005935950531911895,0.0037429534517806015,0.055810511414276315,0.008417257221920571,0.002992199157335119,0.08095788923324973,0.0023638482011941204,0.7331821105271132
P000538,folate_deficiency_no_anemia,folate_deficiency_no_anemia,0.0009101035425395123,0.0021983005084803653,0.0012230523692388173,0.005697532036071145,0.0012435807092371475,0.10484938373755473,0.8641671280867055,0.0004104405323674201,4.6454997698396155e-05,0.00026562306480149163,0.00016845647084789365,0.018819943944457674,folate_deficiency_no_anemia,2.708129807414144e-06,1.4738785542339925e-05,8.781583507312299e-06,0.0003373100033012842,3.5138181768431274e-05,0.02442672697762635,0.973765864329172,4.58342679348963e-06,1.3660828905430933e-07,1.1445009744605536e-06,7.189151309851494e-07,0.0014021485580870449,folate_deficiency_no_anemia,0.005653506255032401,0.07488227730743499,0.0027179435609666312,0.003926827228086625,0.006858582212416008,0.028791831745058238,0.848562731925231,0.002042037174332951,0.0014657028215534667,0.0028792209380024817,0.003099828158744282,0.019119510673140962,folate_deficiency_no_anemia,0.0035629181486364794,0.050877463192782024,0.0030930744669058615,0.004935327935581915,0.004676740870276271,0.03738528145794756,0.8570584638065908,0.0023920459596061486,0.0016352907684982051,0.002967120070174673,0.0022131664052753067,0.02920310691772475
P000539,anemia_other,anemia_other,0.0007661430430693511,0.004401472395789639,0.0061179091596292945,0.6750887520905265,0.006223161753232333,0.008942374216991494,0.00041384961070892813,0.2739637038208558,0.02023353874837709,7.022657623500539e-07,0.0037955181827397182,5.28747123173578e-05,anemia_other,0.004348860509107346,0.0007835665325650194,0.01863878078212668,0.7551564107442407,0.1167257050466856,0.058052370070803785,0.00034127223478212565,0.03428871196296463,0.010253789464362832,9.695343579432891e-08,0.0014045539969355892,5.8817019900242605e-06,anemia_other,0.008781719053198528,0.005928730543151903,0.07076914203333033,0.5651402019020182,0.05997460118133601,0.0200773777862206,0.007920524428217428,0.18227847684851767,0.03952052727844389,0.0029116643210274885,0.03153528527455249,0.0051617493499854766,anemia_other,0.010736636494397813,0.004656346607776072,0.06256866467764778,0.5096424775157634,0.25531360972609807,0.023383865835490167,0.007591183452568856,0.08965816774046574,0.015624371340805457,0.0018979072166416362,0.012105493923903029,0.006821275468441848
P000540,mixed_deficiency,mixed_deficiency,0.00017017728041627243,0.00015344099210114922,0.0003708324156933222,0.049917287868254445,7.524245083470644e-05,0.07009679007288092,0.001466560702055744,0.0025718300710499166,0.3607558721463055,0.12857822132258445,0.3855420822285341,0.00030166244928947364,mixed_deficiency,0.0010399874735593831,0.0002509076610564396,0.0018513271721059838,0.009779026345919898,0.08376512148524995,0.0911193953811897,0.00025105805477205226,0.0033142127243206017,0.19750479287282718,0.07145320636379669,0.5393716303803603,0.0002993340848418232,iron_deficiency_anemia,0.03005608377713314,0.016658335428285074,0.0795926398915677,0.07004324465039162,0.06523037929103923,0.0390411795920096,0.02498204888095129,0.036023930505364975,0.3140249131383122,0.04044044022979363,0.2704002238107658,0.013506580804385807,iron_deficiency_anemia,0.018811432402930435,0.008211416811875897,0.034687092257431607,0.06243076167493037,0.031863334916911346,0.03883039686203209,0.011571050091470908,0.035904738999751225,0.4364775458704834,0.039223790134251084,0.27377834649145066,0.00821009348648103
P000541,mixed_deficiency,folate_deficiency_anemia,0.28500661578662834,0.07483106117745537,0.0001603174284238588,0.010742321288195739,0.0008414610118745262,0.5699678257905253,0.01687262663058865,0.0008788200107460334,9.28531684984785e-05,6.025700299715527e-07,0.0406003292190603,5.165917973336299e-06,folate_deficiency_anemia,0.035085886269913304,0.00026340462132080325,4.901614960912659e-07,0.0001636796318583804,2.9849347234688495e-06,0.9596206722829062,0.0005523269886517969,3.2122363943905035e-07,1.5394399653671883e-07,6.1893873592040155e-12,0.004310076259502044,3.6758026336828835e-09,folate_deficiency_anemia,0.12973694257304516,0.00591262623953145,0.004470513591486095,0.008417303084809126,0.006261599138637238,0.7750661172899487,0.006256819538151946,0.0021788220306008764,0.0017871044893102688,0.000638032137682194,0.05830355635393209,0.0009705635328648139,folate_deficiency_anemia,0.1644470779824572,0.0037837193975155657,0.002961384365150333,0.0064871493638909315,0.005543477177179373,0.7700137790909187,0.006274959962377364,0.0018346044850790345,0.0012657039864073978,0.0008210118627640349,0.035518521821271284,0.0010486105049888725
P000542,iron_deficiency_anemia,iron_deficiency_anemia,0.0005108279705879276,0.003175340951274477,0.24648120226187775,0.01224456606731255,0.01383403687890319,0.0001724535402670863,0.002014976647185645,0.00383826186196314,0.6325313845468117,0.06613904288930265,0.015060955331653676,0.0039969510528602165,B6_deficiency,3.334914550689083e-05,4.660013920595999e-05,0.5137575666193401,0.006175251243250464,0.005184080217828281,8.645569452762503e-06,1.5929301548620427e-05,0.041445621702259176,0.43036264016817494,0.0020772775625133777,0.000761158646785153,0.00013187968413427834,iron_deficiency_anemia,0.008854504659714236,0.012186502562165951,0.26072881435695283,0.04462021018068717,0.08051924663782774,0.009477729696143715,0.01131069632725452,0.05926779776612413,0.4244114864795436,0.015967541970076778,0.0652805939384663,0.007374875425042898,iron_deficiency_anemia,0.007552582608313207,0.006184172538671852,0.18959088760716514,0.06186479020020559,0.040866008669628154,0.011626504449515442,0.006123603637809838,0.1296212347428879,0.480418173597133,0.009253183128363096,0.05283970773409343,0.004059151086213207
P000543,latent_deficiency,latent_deficiency,3.0194399113033433e-10,9.564016837855474e-07,4.53257319640974e-07,1.0805656530657715e-07,1.523275117239013e-09,3.8714072136516444e-13,5.417363315244938e-12,3.7992424429025275e-08,0.045387307169077816,0.9545961648875821,1.3219586105229535e-05,1.7508182179118383e-06,latent_deficiency,3.7160904187964985e-09,2.6753260836045738e-05,2.109474581956055e-06,5.614054200144263e-09,4.410988022459977e-07,6.161392397753721e-12,1.2904009399009612e-13,4.975325393382391e-08,0.03770716638740814,0.9622532414874623,6.169474733602282e-06,4.059726486603163e-06,latent_deficiency,0.0006782644658395124,0.0028630949392923527,0.004797225923678749,0.0012659402704937157,0.0009634202539761333,0.0007084664878486849,0.0024044417637653762,0.0018779190171122515,0.020781936344630478,0.952985537889183,0.0051690856678904985,0.005504666976289196,latent_deficiency,0.0007429354132391118,0.003509756606798505,0.004102438933813461,0.0008989164351464112,0.0013099068439536843,0.0006682449357869855,0.0010743731036147969,0.0012049002900230178,0.01779100296186868,0.9606280291945757,0.005805472938458207,0.0022640223427213887
P000544,latent_deficiency,latent_deficiency,0.00018570481844398923,0.0010094332505637602,0.002146764732977687,0.0021142265925173914,0.00032754230183144553,6.729591713727547e-08,1.7449809332353299e-06,0.0016902592671825675,0.25956706984797845,0.717044699646957,5.924886109724839e-05,0.01585323840359996,iron_deficiency_anemia,0.0005179829817424883,0.006667039965208392,0.0254636218642147,0.014794326713342005,0.006330947444734405,5.590263579011669e-06,0.00014651294238551675,0.0028122967352487383,0.45682178501750687,0.44353145097169305,0.0009779124702642779,0.04193053263008053,latent_deficiency,0.0029945612689051375,0.016113053337920534,0.04013575537354392,0.01434138052137302,0.004194028637579917,0.0021830928567558062,0.01391368361348724,0.015576164189150017,0.14026938068097336,0.7124822081693246,0.01723940490207271,0.020557286448913595,latent_deficiency,0.0047641425089944575,0.015683731176667444,0.04138093569610577,0.020824239703844456,0.009187718609788375,0.00347223506266594,0.010824864772955894,0.018289661430631165,0.2148631438223813,0.6141535645878887,0.026742616924831025,0.0198131457032454
P000545,copper_deficiency,anemia_other,0.003879917792692138,0.07539064070211038,0.016219749382230364,0.39440376989170617,0.07787069774959265,0.0632679238591746,0.1641604009692844,0.09243045646248968,0.023093639003790644,0.0038778307848015415,0.001022056876900062,0.08438291652522736,anemia_other,0.0005246626476572926,0.017112895133028265,0.012227292332238309,0.69578242674525,0.05851315553002536,0.02105850648165864,0.1318916224567755,0.05101162532296091,0.004906814977234771,0.0004910062506461814,9.92934003929248e-05,0.006380698722131679,anemia_other,0.015130206767533464,0.01228970452503126,0.07814796998597537,0.36188143444101956,0.22113443193310023,0.041419358670299,0.025882234237047875,0.13515527842776187,0.0479393263007306,0.007440655785133133,0.02444907613838801,0.02913032278797946,anemia_other,0.010764797923974301,0.006920787166262774,0.05332491003174305,0.43996624026267706,0.17550891630247215,0.035356739353736316,0.010193698728170962,0.20989113019905964,0.027232727543840936,0.00468081335049906,0.015079744315524618,0.011079494822038995
P000546,latent_deficiency,latent_deficiency,8.467981362180744e-11,1.0248393728710618e-05,5.259577942707493e-07,2.113497411296783e-09,2.4284993542221472e-09,8.226470390734203e-11,1.8330965309291325e-05,6.655408077857464e-10,3.817622442110138e-06,0.9998157783843031,5.5086944719549444e-08,0.00015123821499553108,latent_deficiency,1.77553057696253e-07,0.0005111042096537063,1.636453338864107e-05,2.0754310400436726e-06,3.42038958005591e-06,1.2022060268151592e-07,0.0005854979515208385,1.3186557862923844e-07,0.0004543243293603746,0.9910460006713263,1.0944367543685664e-05,0.0073698384773474785,latent_deficiency,0.00030445795065736067,0.0019732748524566306,0.002940053092481206,0.0005352220089090086,0.0005847791951207388,0.00030655754290793795,0.001701081437986031,0.0007803725610079971,0.0026458187870533074,0.9836842771212158,0.001042054199268418,0.0035020512509356125,latent_deficiency,0.0004100939824100184,0.001448081262209449,0.00395586567909123,0.0007508025678512803,0.0009226608879991334,0.00034799635585708267,0.0014294533595416113,0.0008176463268249108,0.004411166223320827,0.9803483242346636,0.0012230071242272339,0.003934901996003505
P000547,no_anemia_no_deficiency,no_anemia_no_deficiency,2.258165329800262e-05,1.560683352984201e-05,0.0002811077133653828,0.000629993682726572,0.00010334267808881376,2.0145803460106908e-08,1.3566705070664804e-06,0.00020187964573888212,0.0013895046726434708,0.023864941290440395,6.58843812759909e-08,0.973489599129477,no_anemia_no_deficiency,2.3233659840739207e-05,0.005850189823440822,0.0009223122336105803,0.0018351173282425747,0.001571151478143351,3.387540974536164e-08,3.084115296866087e-06,0.0003044878266971356,0.0006768593147480378,0.07839116966574451,1.546213634848593e-07,0.9104222060574622,no_anemia_no_deficiency,0.0010580141263891868,0.062419526851323175,0.010670015132410315,0.004194031984700942,0.005069283574980299,0.0020767409276644154,0.04073559677614575,0.0037344480308399083,0.00431340767642435,0.052938522883854866,0.0016951225411014573,0.8110952894941653,no_anemia_no_deficiency,0.0019057715474960406,0.14916816182160952,0.006309815461102212,0.005118307994913232,0.008328968548173526,0.0019379260155312798,0.09377893145545668,0.0029465067080959905,0.0027402959865357886,0.040139681583635754,0.0011323167385337584,0.6864933161389162
P000548,no_anemia_no_deficiency,no_anemia_no_deficiency,0.0002987662127211299,0.06292829251443208,0.0037521004895674503,0.004972965042548731,0.0003498712940275243,0.0015922312330601555,0.4408792858538941,0.0027398636657679403,0.0004172333245031425,0.0044505407759594575,0.000770455513471694,0.47684839408004664,no_anemia_no_deficiency,6.2082210140321105e-06,0.0356423587060548,0.00035409865504506876,0.0005231186026554225,0.0012931228893373165,0.0002346978197594267,0.36387990823326777,0.0003835572289082203,1.035560140647267e-05,2.7887625249403453e-05,2.4081394591263464e-05,0.5976206050227109,no_anemia_no_deficiency,0.0009344323369706544,0.02773342208582901,0.010977055889770925,0.004517745868077168,0.0056435241336627905,0.0020670413215354683,0.1243944408531115,0.007586093239296992,0.0018280747480471093,0.04153181686006943,0.0011825483415741865,0.7716038043220548,no_anemia_no_deficiency,0.0017213239643432856,0.026393247908915295,0.008816324905737596,0.006436317533576612,0.018580239739130554,0.003194367983619487,0.12597664475242643,0.008952442926870032,0.0018093004428183482,0.02322541930341218,0.0014451124414943627,0.7734492580976559
P000549,folate_deficiency_no_anemia,folate_deficiency_no_anemia,0.05583535422404887,0.10054702451037958,0.006086752216337009,0.1797169663606185,0.016729791012948577,0.1291112819582473,0.3676171537134551,0.004681097539389442,0.0014039684312886491,0.002336935270984484,0.013254441919010108,0.12267923284329246,anemia_other,0.017586857484402293,0.14078206500662865,0.00025018671747063955,0.3355852934215848,0.01164029196435772,0.11803324929410715,0.2873302401610512,2.1822591882343103e-05,0.0001719234633100927,0.00022984881518508005,0.0031200840225889064,0.08524813705743113,folate_deficiency_no_anemia,0.012403109541041388,0.13284458972562008,0.007725063032235442,0.013606060815158492,0.014612935589747671,0.030537923284007392,0.6977518094585322,0.00261020570969498,0.0037980646803999502,0.009965510448451781,0.006045977192530163,0.06809875052258049,B12_deficiency_no_anemia,0.014269254284610813,0.5042603106155245,0.007808642821971198,0.010960051721969453,0.014725064934222506,0.04165454362753048,0.31554142334600577,0.0021933842104462373,0.003189074095711812,0.008931786733782216,0.008666943202035017,0.0677995204061898
P000550,folate_deficiency_no_anemia,B12_deficiency_no_anemia,0.009935534061145153,0.6290786020594797,0.001722299288655217,0.001168106531237634,0.0029114214732357973,0.05909467389253928,0.278591811141553,0.0016043131081586006,0.00021993678241046132,0.003624710011592781,0.00848587714804295,0.0035627145019492238,B12_deficiency_no_anemia,0.011022889683183658,0.7688702211753629,0.0059271659110620685,0.0032493783264655684,0.0020368097724161064,0.035062620247299954,0.1576505096973008,0.0006509986779177038,0.0003697133598919909,0.0013828212714113483,0.012488323106393475,0.0012885487712943659,B12_deficiency_no_anemia,0.014532411170856581,0.6591997145682815,0.01280801576917347,0.011580906057874844,0.022040565108889118,0.044438375416164196,0.154187071616997,0.003831314027727778,0.007743424177191742,0.02450314426774321,0.015469258004473171,0.029665799814627393,B12_deficiency_no_anemia,0.01644688425493918,0.5201144156275579,0.016309117008511707,0.010789646325099577,0.017561755887291787,0.04874345959040772,0.27942150896830553,0.004725146517007455,0.010201358147282963,0.0358791599202365,0.01647572406171427,0.023331823691645437
P000551,no_anemia_no_deficiency,no_anemia_no_deficiency,0.0009024431453257709,0.03793644333305493,0.004459003995096207,0.0007290760283912863,0.00021022143288001755,0.000658891096872322,0.2665472728521429,0.00020155020480711958,0.0019520964729272086,0.3393550483026744,0.0009144294496314425,0.3461335236861964,folate_deficiency_no_anemia,0.005859199844449901,0.10219205811161916,0.007031865607587898,0.008420973585486944,0.007773861449840145,0.006658262065698639,0.34974532307088907,0.0031912812652783633,0.0053599973906664706,0.23299428860210675,0.007210940161158323,0.2635619488452184,no_anemia_no_deficiency,0.0024265868163351086,0.13263251599711204,0.05900330917912178,0.007691135183691068,0.009704930653876275,0.0028178006560281767,0.12613247964035265,0.01097851471035842,0.008054553234248647,0.29660643884996724,0.002743445983646997,0.34120828909526174,no_anemia_no_deficiency,0.003414737185429826,0.2578448944555462,0.031931356417275035,0.009088046144739785,0.015777839936991583,0.0029975827277650084,0.12055158120020582,0.007450733245578187,0.009909328798495919,0.2486468788213381,0.0035670912781375456,0.2888199297884971
P000552,inflammation_anemia,inflammation_anemia,0.007332760861076447,1.0624933796895894e-05,0.035371383265290435,0.12693563402639715,0.008953064529359275,0.002422390501324996,8.462005282662112e-05,0.771871780692112,0.036929394287437564,0.00027794400823931295,0.004426339811854712,0.005384063030284608,inflammation_anemia,0.004154056833921167,5.588897767930392e-07,0.09314624583066616,0.2848016865689478,0.05695067616485374,0.0030351805330274145,2.128944515372037e-06,0.5348853773687533,0.021979275974383632,1.7689583063367948e-06,0.0007769983022663366,0.0002660456305819532,inflammation_anemia,0.01025303361156752,0.00413815164035333,0.013302954084490155,0.06922809751376462,0.010086794462088954,0.02908746074776925,0.004184407339393893,0.8332553560428874,0.013982360432955351,0.002200814137271261,0.0057540672086239765,0.004526502778834338,inflammation_anemia,0.010305100242136482,0.0029448365578492045,0.017219908817483216,0.1077702044210994,0.02342512634664984,0.03228005736707807,0.002675533858010072,0.7822348903206532,0.010939467317608911,0.0016670978658295124,0.0053152909225476705,0.0032224859630544805
P000553,iron_deficiency_anemia,iron_deficiency_anemia,3.083946092355618e-07,2.9111058730836945e-12,0.00010118788744398252,9.665235196198812e-07,7.908294543723207e-07,1.6979357100546493e-09,2.7503015688725666e-13,2.5205989279121682e-05,0.9997501126586649,2.750368566397743e-07,0.00012115097718875933,1.8615419220378255e-12,iron_deficiency_anemia,2.727921098326121e-05,3.004332999042272e-08,0.0005579338660958037,2.5679299762509925e-05,8.875987293904442e-05,1.1128528243807151e-08,3.7067866738131355e-12,3.3483092881431477e-06,0.9933556276508854,1.4983774119060789e-07,0.005941180776680928,5.890325013155897e-14,iron_deficiency_anemia,0.0010406611211113102,0.00047298781108358275,0.0028215651111467683,0.002016106175872223,0.0010773702075200047,0.0009450903373589199,0.0004608661095470326,0.003062166776443666,0.9037940291710602,0.0022040256622060574,0.08163214444957864,0.00047298706707160566,iron_deficiency_anemia,0.0008168040969339786,0.0002751961130204481,0.001357577332744769,0.0015281657259925256,0.0008411769938857607,0.000387305144636507,0.0002778456614870574,0.0009412446462404425,0.9491151928044624,0.001098837178074903,0.043173005908002014,0.00018764839451926568
P000554,B12_deficiency_no_anemia,B12_deficiency_no_anemia,0.0037521883133771997,0.9756495678811458,0.0001606542730944048,1.0971394450066584e-05,2.5434530386655125e-05,0.0001222160678871498,0.008388986320899818,8.409325351492433e-06,0.00010986983774408351,0.0014080887802145198,0.009990294048575174,0.00037331922687344396,B12_deficiency_no_anemia,0.0012538079158866046,0.9955976468618801,7.515022208963599e-05,6.307389202492427e-06,3.2964200998698745e-06,1.343059052720221e-05,0.0003593498086275334,9.307323556220293e-06,1.2961571460232857e-05,9.652695115439184e-05,0.002510223739297334,6.199120621807969e-05,B12_deficiency_no_anemia,0.002101014587263719,0.9348441705524891,0.005053338849281609,0.0022549601670034643,0.002901079346867981,0.0028444802352840548,0.02056538710868269,0.0012413115840092346,0.001977047597797453,0.012343110047620792,0.0023599174943866644,0.011514182429313194,B12_deficiency_no_anemia,0.001829946239920484,0.9504431201406094,0.005315182380601,0.002428959692910644,0.0026376811881374143,0.0011764008426148212,0.01176826316589097,0.0014817291732337847,0.002042485001979507,0.011378759360195202,0.0020954160849898733,0.007402056728917099
P000555,no_anemia_no_deficiency,no_anemia_no_deficiency,2.0079970753260724e-07,3.20807331301008e-07,0.007264763926261681,2.714263050222158e-05,2.466361255335578e-06,9.056708574001933e-05,0.059138863785275025,1.5320348109823874e-05,1.9307855706753003e-07,4.283885065849252e-06,2.2624684874019008e-08,0.9334558546675094,no_anemia_no_deficiency,1.7294458246383596e-05,0.040733925281521685,0.03910568655208326,0.00050017840806092,4.430133605250295e-05,0.00027859790693024765,0.020582061914388817,4.86121891985985e-05,2.682416804619573e-07,1.493678872441861e-06,2.4657313233063415e-06,0.8986851143016413,no_anemia_no_deficiency,0.0032894350880583938,0.016249165470881507,0.05438353994277236,0.014566079342376,0.02272334647842017,0.008637496876987219,0.0300329946611788,0.006941008628938823,0.004781212969309288,0.03431530860078015,0.00306419959317546,0.801016212347122,no_anemia_no_deficiency,0.004876334026217835,0.03078873324333264,0.03161050924568831,0.012989718832686063,0.023457313137207364,0.011685826235123736,0.11218858290153483,0.008685870464984109,0.0030621874622010366,0.017735780504803803,0.0039025374965843246,0.7390166064496361
P000556,copper_deficiency,copper_deficiency,3.689662961438959e-05,0.00013539389962958414,4.263754453156348e-05,4.8182530850132265e-05,0.9991123624243706,6.020218793937376e-05,0.00022887613960303053,2.422740617832881e-05,4.531540909411886e-05,8.08791906743922e-05,8.417715603640801e-05,0.00010084948147774066,copper_deficiency,0.0002059253776513009,0.0025819668124000736,0.0004249871328902675,0.0032772009731701834,0.9783194545584653,0.004571316598185972,0.0036310684281779396,0.00015733939370533455,0.0004500254766038194,0.0014977514300026384,0.0019345279466144382,0.002948435872132575,copper_deficiency,0.010872804027055519,0.03922833338884001,0.01461820667480826,0.014781829141586099,0.7144116390070722,0.028074282651440376,0.07063519133201564,0.00932226899992634,0.008135850799927761,0.02154296497324503,0.015264642808001697,0.053111986196080936,copper_deficiency,0.0165466722848949,0.05143925081101492,0.024522474253155,0.028068611736765118,0.5761067025544976,0.027944298895823293,0.07336293995418511,0.0093577051293461,0.012710957102356655,0.06267359737412946,0.01340226200798949,0.10386452789584237
P000557,iron_deficiency_anemia,iron_deficiency_anemia,3.5750411707919664e-05,1.8452343531534876e-05,0.0001900522403432449,0.00019680068400565058,0.0001936512731726052,2.6088201987357106e-05,2.9309310003352422e-05,7.973829975156066e-05,0.8453125433695976,0.11371992803393538,0.040134077944355,6.360788760873001e-05,iron_deficiency_anemia,0.0003426437282729188,0.0004712911413239683,0.0041412036109814586,0.0025771505077955095,0.0014731478586013686,0.00013154368589839504,0.0009489064772815413,1.4981239023952428e-05,0.6694568134117991,0.22650011406542048,0.0938214602059079,0.00012074406769351035,iron_deficiency_anemia,0.0018090095272015776,0.0020759236397600274,0.01210608343196021,0.005225679430506699,0.0024817467513811773,0.0027020048986238117,0.001876548037186411,0.004832909609989962,0.9109156130022855,0.0077224818266941496,0.04631084091574823,0.0019411589286620796,iron_deficiency_anemia,0.001937965521737565,0.0012060310410217825,0.01221721032691286,0.006729359883074553,0.0024329995561558197,0.0017357086360615538,0.0010687721161881285,0.004717867905470132,0.895186416597946,0.01304711631368083,0.05864977290980482,0.0010707791919459106
P000558,folate_deficiency_no_anemia,folate_deficiency_no_anemia,0.001171445651894783,0.016519542013788066,0.002262432534413534,0.016255539606034007,0.0034557377172975425,0.09970039118231934,0.7981527203500556,0.0016468063872565738,0.0009854910534648305,0.004848116459266886,0.003999238088150379,0.05100253895605833,folate_deficiency_no_anemia,3.1481186120981636e-05,0.0028612032971535124,1.2398195747841227e-05,0.0009139913898452216,0.000529434891118128,0.03284152804943044,0.9531072938142106,0.00013007990628185917,3.0781547573504553e-05,0.0002803175822837883,0.00017215318452941494,0.009089336955704568,folate_deficiency_no_anemia,0.003926583301977208,0.13342758348625924,0.006137937479215229,0.015094805866742849,0.024189161327178067,0.01991328432517649,0.7003026133595838,0.0034894597896484346,0.003864266004812907,0.008968161652939498,0.004282397605403497,0.07640374580106271,folate_deficiency_no_anemia,0.0015697685497605724,0.10551486849383658,0.0031852813088587557,0.006138373732571608,0.01077740850015607,0.012427150316694148,0.7921745235586417,0.0021902459757965906,0.0015968339197893553,0.0076735884844013865,0.002401619405254602,0.0543503377542389
P000559,folate_deficiency_no_anemia,folate_deficiency_no_anemia,0.022295994609313655,0.015070154601605905,0.0037738535275711744,0.027956575573403298,0.0051514415425081474,0.23603196147133432,0.6610763031721996,0.005908262389333765,0.001071652611006647,0.0012240476969075712,0.016888279551272985,0.0035514732535430137,folate_deficiency_no_anemia,0.020499939703166707,0.014724268798373373,0.0013596867480864857,0.0115600763662096,0.008140699798244482,0.3487258808111463,0.5779009558369498,0.0007116817463010934,0.0006204073450151359,0.0008725179543201385,0.01322542888380456,0.0016584560083823217,folate_deficiency_no_anemia,0.07502376763829081,0.07964586453511233,0.015901505628744487,0.034730349802619145,0.03398116871713682,0.23781023464922055,0.43119632240160205,0.007045859855577953,0.012306636382418188,0.010891362692428484,0.048987710035818706,0.012479217661030485,folate_deficiency_anemia,0.11243597928833826,0.04858215789583683,0.010494997578247726,0.022124448957389922,0.033624036399941715,0.39097302996318617,0.2742398013355936,0.006835263987978769,0.007090312562757026,0.0070442443931752865,0.07871598270695711,0.007839744930597463
P000560,mixed_deficiency,B12_deficiency_anemia,0.7318945515540368,0.00031505915805607584,1.1826322495446058e-05,0.00014787952704773614,0.00013143876960212974,4.9285607513160705e-06,4.467217082734969e-09,2.5336432776133197e-05,0.0008375803871768054,7.999823786898613e-07,0.2666305875789359,7.259525766754602e-09,B12_deficiency_anemia,0.7988273687911739,1.1854178537052214e-06,2.2678503682390338e-09,1.124108328028686e-06,1.904541387562619e-08,4.7409495979718596e-09,2.950268491919942e-14,1.2749658763310096e-07,2.1690972883084156e-05,3.920893721005099e-11,0.20114847711964173,7.971612326764436e-14,mixed_deficiency,0.14535695971194462,0.006625837851644501,0.004160427430626764,0.009658128429512282,0.006047847244557795,0.007874660334989729,0.0031728666234306147,0.004592395393445957,0.021037186057617136,0.004749377849569896,0.7844633369751516,0.0022609760975092954,mixed_deficiency,0.10632059773605876,0.006759403594423121,0.003646852696304713,0.009027325507230581,0.0031944565837014535,0.007568119438512149,0.0036722537514389795,0.007379947488675638,0.021050370205077308,0.004990255575538862,0.8240686593331666,0.002321758089871809
P000561,folate_deficiency_no_anemia,folate_deficiency_no_anemia,0.004482222117269199,0.31413839051581494,0.005493262153860753,0.02930326566246199,0.001934913875032954,0.04774279600487487,0.4535357238071261,0.0002216734229731095,0.0004210124533718349,0.005002375747065894,0.0020268564322574296,0.1356975078078909,folate_deficiency_no_anemia,0.00045670180477048073,0.06504405690109995,0.00022025781375668987,0.006543125290146702,0.0001208198382748315,0.06617967167093572,0.8304571704649665,7.05609536499876e-06,5.628811979868378e-06,0.00010221572678636659,0.0003742705667018228,0.03048902501521612,folate_deficiency_no_anemia,0.004055273966344811,0.1355278330130872,0.007139767182958826,0.006989779615359266,0.006965492414055401,0.00959965823596595,0.5978842501427701,0.0035800828560874644,0.0017882148694908658,0.010763880120277056,0.0020317042850388455,0.2136740632985642,folate_deficiency_no_anemia,0.006544491893037211,0.10022179845040899,0.0053494695284789125,0.00838340241512797,0.0071337646447636495,0.020518008635061445,0.6534187990417417,0.005239702248184217,0.002808618825085256,0.009325127819883034,0.003369334318155805,0.17768748218007194
P000562,latent_deficiency,latent_deficiency,0.00011845295334092367,0.0016644590946194985,0.0028555918879842206,0.0009792228639258199,0.000292400907536693,1.695555676051052e-05,0.00018194436661099253,3.321073268340383e-05,0.038507963967992075,0.950699874692359,0.0025736072949104666,0.0020763156812763856,latent_deficiency,0.00023373774169136748,0.0039980221602921254,0.0011494915713343415,0.0006951122799505416,0.00062594323814986,1.3280800488170722e-05,0.0001323655162553967,4.9040503892423146e-05,0.03715800343039573,0.9507749282694378,0.003499323093510831,0.0016707513946014353,latent_deficiency,0.0008953349050405425,0.0043579783287836385,0.007984296690623128,0.0026493847699250997,0.001494021060436125,0.0006141703575651697,0.005658401293944468,0.003157404859061749,0.011750833002361056,0.9480705366904173,0.003575502813742504,0.009792135228099312,latent_deficiency,0.0007321797287655402,0.00515964226030831,0.00445367068470464,0.001663362281913706,0.001064869797557461,0.0005489901070734664,0.0019547957945468936,0.003097026958423436,0.008040018333091311,0.9634921105567601,0.0035503326983362497,0.0062430007985189205
P000563,no_anemia_no_deficiency,no_anemia_no_deficiency,1.2926519744613007e-06,0.004223100454289626,1.555969659669926e-05,8.835792302684199e-06,1.2258682224583053e-06,2.9211175676446608e-09,1.2930213191887572e-05,1.459651964982928e-05,2.4597469350298728e-06,6.017426907871146e-05,2.9242989087273965e-09,0.9956598189423421,no_anemia_no_deficiency,0.00021054449951366834,0.03104816940675192,0.00044824523000550683,0.0008140084050009449,0.0003967595993779708,2.7709543624546484e-06,0.0006446775651074057,0.001206169732601251,0.00013720480681262952,0.0012534285906820226,6.435523834111287e-06,0.9638315856859502,no_anemia_no_deficiency,0.0007333563454678592,0.026584133514494342,0.008484384578846265,0.0029212278426711666,0.002836210128433007,0.0008503476262653168,0.015624093932135893,0.006981933977721069,0.0012525646401706863,0.03848477611990311,0.0006921887350890339,0.8945547825588022,no_anemia_no_deficiency,0.0013057219105475763,0.034145178084820094,0.006913842446700019,0.004967484326018999,0.005164147024461678,0.001379732481928838,0.01395317899215748,0.006702614265551996,0.0014140516948659128,0.019517215200391767,0.0009074070480286662,0.903629426524527
P000564,no_anemia_no_deficiency,no_anemia_no_deficiency,0.002041606373762392,0.08648099417030988,0.003980508085321668,0.010596014203185634,1.3841559777849633e-05,0.004114007445879338,0.16849956953667333,0.0029572316321048323,0.001218319297123625,0.026373445130215813,0.0004960049708294033,0.6932284575948163,no_anemia_no_deficiency,0.00038493489558135335,0.05634167053095521,0.0005554738543453018,0.0009235287782721992,2.634075513807965e-06,0.00018694389409823497,0.3687448407264662,0.0006070340253657961,0.00014068281063239708,0.007595492559647557,1.0003306856566853e-05,0.5645067605422655,no_anemia_no_deficiency,0.00478199903943625,0.05782682558806272,0.014475317460822581,0.008657038839053952,0.02403610877907016,0.011087197358090634,0.11104045604283275,0.007495834009328507,0.005380086276978522,0.05599249449830604,0.00460861444672022,0.6946180276612978,no_anemia_no_deficiency,0.012136946313362111,0.062062185431874,0.010596403363922157,0.012950282745729118,0.04151843752210429,0.010031998933539595,0.0842270696467954,0.008275305524844618,0.006382553814401726,0.052965709881425134,0.005015135127560245,0.6938379716944416
P000565,latent_deficiency,latent_deficiency,2.6935481861139713e-05,0.0029839943989128565,0.00025145442387618705,5.440159482692373e-05,4.446736393925505e-05,0.000136290128811841,0.018428043680857816,5.0739079080469654e-05,0.0017374989113074226,0.8762532004114655,0.0028100388300129017,0.09722293569504757,latent_deficiency,1.2179048806907094e-05,0.0013677123857754807,0.00013469190896335336,7.69056498448975e-05,9.336094442235645e-05,7.948038320413069e-05,0.009966470809284174,2.2527641973311668e-05,0.0016020371644066592,0.9040128673463268,0.0018805778830788156,0.08075118883391304,latent_deficiency,0.0013207375518608925,0.00892029701000554,0.006657559014755579,0.0030004002657398232,0.0022014201543918924,0.0020764210371662386,0.012441072349497123,0.0030794276632004594,0.004539815775005148,0.8798633791446946,0.0029864966428912337,0.07291297339079153,latent_deficiency,0.00088801085184385,0.007537008562973123,0.0037327347821155027,0.0020687519419207625,0.0015365008830171,0.001512340151885198,0.007556937589277342,0.0021619555527888938,0.0035551242121513167,0.9256041120085899,0.0018794807801355516,0.041967042683301474
P000566,mixed_deficiency,mixed_deficiency,0.0004664470912238296,4.8123798803538876e-06,0.001142554890042655,0.0004838415906549651,0.0028237571136122686,0.04692784566135298,0.00203810007249194,8.938625393928364e-05,0.3065136860866736,0.002154430080569347,0.6373547888980058,3.4988155284922827e-07,mixed_deficiency,1.5237788453853792e-06,6.452931048887618e-09,4.624101254921708e-06,4.0489449400437826e-06,5.9245006151524676e-05,0.007508423210687356,1.565568600621019e-05,2.028798562631176e-06,0.07701374525046839,9.268505212796157e-06,0.9153814299508667,3.1407304577515607e-10,mixed_deficiency,0.0043714119457879935,0.0018502111820813537,0.005135289430713916,0.0049939047790910135,0.004953873237947729,0.01658611671123715,0.003163246990530756,0.00487085613744875,0.10131774176069763,0.0058221214539984885,0.8457708538516644,0.0011643725188009353,mixed_deficiency,0.003240989525699165,0.0017345081540541202,0.002537581654883847,0.0038200330857728433,0.006454459251060347,0.011554971291575365,0.003033819214282387,0.004321828792352302,0.04083843775109097,0.004111078503227508,0.9169467998583293,0.001405492917672022
P000567,B12_deficiency_anemia,B12_deficiency_anemia,0.6941672696819573,0.15257264058534473,1.423210315100092e-05,0.0012151324726546574,0.0008375437725112835,0.0033792373323886654,0.0009275924320881991,0.0003619792120863876,6.0491737454288066e-05,3.422719552067623e-05,0.14631486872742663,0.000114784747416166,B12_deficiency_anemia,0.6238664278978224,0.12337091244070285,5.674678346950915e-09,2.1554771914809823e-05,9.744886489910557e-06,0.0005749513470110949,4.73251220676774e-05,8.496433781128698e-07,4.160395442382222e-06,1.888630817696742e-07,0.25210341702449024,4.6193292048969914e-07,B12_deficiency_anemia,0.5573630196313618,0.12339531233670656,0.0036601030880166257,0.013413913116463517,0.023947851634503234,0.13733773081066952,0.015469608322155918,0.006456279839510338,0.007549374930105508,0.004081027293441029,0.10201326508456034,0.005312513912505407,B12_deficiency_anemia,0.35715849374708747,0.0823168993049915,0.004661746654540455,0.013833039993433865,0.040224009242019264,0.2814378405910437,0.016800686298915235,0.008347009793824885,0.012587161233388036,0.0031932818834551633,0.17576276895705809,0.0036770623002425566
P000568,iron_deficiency_anemia,iron_deficiency_anemia,0.006379459231744493,0.0021179543216374155,0.0038877161204167957,0.006386353606257538,0.002548731027639001,0.002027336257727524,0.0006716671077020082,0.0001932813978836988,0.7256611790830909,0.0458132056190829,0.20425463626981596,5.847995700163156e-05,iron_deficiency_anemia,0.0020048718033133833,0.002673428744542776,0.002617346586121918,0.0017205573504573044,0.0031482205651184457,0.001180214885163205,0.0007584882506987567,0.00025980188780384735,0.8258388278209532,0.046369523399005706,0.11339714170062622,3.1577006195257414e-05,iron_deficiency_anemia,0.008745973989521639,0.0019832463469659834,0.012224813581402061,0.007515665371248772,0.004084617449851657,0.0035046221268534854,0.0017945077654908685,0.003875789364427783,0.67107507722109,0.006393643597731274,0.2774651359315144,0.0013369072539019917,iron_deficiency_anemia,0.0034592945093607414,0.0015727003883161976,0.005623727060035053,0.004540295780761176,0.004206967391886789,0.0013985797533391435,0.0016064202538913438,0.007291853701039569,0.8067903958810784,0.0053513654559247305,0.15707681222365122,0.0010815876007156007
P000569,anemia_other,anemia_other,0.04852230090138164,4.371838820105856e-05,0.011080194046862682,0.7666581864052695,0.013532805503698696,0.11912609167488693,0.001261711166810764,0.003368319646375778,0.008289884746912663,2.5940477708221442e-05,0.02795659401164927,0.000134253030242878,anemia_other,0.15000963485618848,0.00015341320820003008,0.02706703346333032,0.4055668655539243,0.03768446581505288,0.2550530184480027,0.004532249048000077,0.014430166525227774,0.0236763032490279,5.695605692241524e-05,0.08150069902888758,0.0002691947472352635,anemia_other,0.08871312649711534,0.008944071162975289,0.023469526453422908,0.39168785593463745,0.1860715440224916,0.22880741009943026,0.009459594205613757,0.014603414604218743,0.013525129618624575,0.0029168805680809522,0.0271095736150115,0.0046918732183775435,copper_deficiency,0.07989939890484744,0.0056449426153250964,0.03478227071509819,0.09815133260631577,0.39483050631387634,0.30084473982615717,0.005012963217998357,0.03847693682550332,0.014963424486759863,0.002981933029641752,0.02033853554658113,0.004073015911895499
P000570,mixed_deficiency,mixed_deficiency,8.882072603164498e-07,3.6170248813481214e-06,2.974707638115516e-11,1.9918870315636555e-06,3.755330334239963e-07,0.0004409630541334976,3.2028617426561183e-06,8.091326839492792e-07,0.0013879018701691546,1.3558585933930545e-06,0.9981588945157998,2.4923803900438197e-11,mixed_deficiency,6.873026845446927e-06,1.4674606508026913e-06,7.918144501333281e-09,1.6228481261485734e-06,2.5875226594347955e-06,0.0008052400048698443,5.6303320819735686e-06,2.983356764186979e-08,0.0013403164053494873,1.5752059083997708e-07,0.9978360671262271,8.867254825663876e-13,mixed_deficiency,0.0033685983901156507,0.0023134633665570694,0.010784567622474638,0.00401878454100501,0.002909979332277118,0.013356423967413216,0.0027580915579484716,0.0029761576949277214,0.09172947402010265,0.004119000826330308,0.8605439568041663,0.001121501876681784,mixed_deficiency,0.0033802767447451937,0.002713437233700137,0.007786744949126041,0.004384127356587423,0.004710648462496092,0.019306160344770455,0.004015868662329174,0.0040176406584875824,0.09049430807193562,0.006690760757857883,0.8509691684220779,0.0015308583358864915
P000571,B12_deficiency_anemia,B12_deficiency_anemia,0.6607568224713426,0.08184560985364911,0.00043485167897999315,0.01096664757396201,0.0013737843412961353,0.027216467599575713,0.001932355111618707,0.0007727393608962153,0.001837104227952906,3.625292463581047e-05,0.21276275123443952,6.46136216512452e-05,B12_deficiency_anemia,0.769930429903653,0.007638164242487618,3.0917327153750646e-05,0.002503673611849842,0.0022680164422607834,0.03932001395539107,0.0010306423343017764,4.9069446504074146e-05,0.0009564740264588921,1.2380846439799643e-06,0.17626871095833868,2.6496669564983326e-06,B12_deficiency_anemia,0.6661730415140436,0.019789769121440936,0.005022390314946624,0.014329201146676568,0.007347339348943041,0.13000876247158294,0.008300527841787284,0.003384546077187358,0.01030589605502737,0.001982850870037394,0.13090387888864616,0.0024517963496806703,B12_deficiency_anemia,0.5511707757556361,0.01351376161516315,0.004502339718232632,0.008885788985284256,0.013833285235565507,0.24996550975475798,0.015062078188983984,0.0030277497648342117,0.0064661891125765945,0.001518790812868305,0.13027196911742447,0.0017817619386727352
P000572,no_anemia_no_deficiency,no_anemia_no_deficiency,0.00034823756143307374,0.01378832247959356,0.002884565787631695,0.0027893261551629927,3.136121209834528e-05,0.001029072251950385,0.04284364750702215,0.003979368937883379,0.00030961293197479515,0.003646402958494631,0.00048331723673290095,0.9278667649800221,no_anemia_no_deficiency,1.1340011752265297e-05,0.0034616499366819506,0.00038388028482673063,0.005383498907004329,0.0014840057510386987,2.106694696305999e-05,0.005371221685880268,0.0029963617637593677,3.9582316212956415e-06,7.236885762570364e-05,7.631523704803677e-06,0.9808030160991416,no_anemia_no_deficiency,0.004598011415761781,0.07519165482613861,0.023443842699416892,0.017911963791965756,0.06299640880365491,0.006779135402957918,0.039707134188414275,0.012510862519477963,0.00637104632386625,0.050830677357327575,0.0050209435852757904,0.6946383190857423,no_anemia_no_deficiency,0.004559396400027723,0.07188900905928933,0.017275565314943904,0.01899471976004823,0.017564055164075634,0.0033444034643598805,0.04154930905111535,0.01604159395754134,0.0029538181270289494,0.022176846823921917,0.0030170821541836176,0.7806342007234641
P000573,mixed_deficiency,B12_deficiency_anemia,0.5062103210702246,0.00044303793079928625,9.597489924025514e-08,7.780062462550244e-05,7.788876358888858e-05,0.007664598476070179,0.0006455477878720772,0.0003356983536220729,2.224918288571387e-05,2.665549138843258e-06,0.48451974703712425,3.4924914930962095e-07,mixed_deficiency,0.4257462463977448,0.0005413503711400456,3.002844381256738e-08,2.405396600886061e-05,0.00016006929189173478,0.03090416038000619,0.0010702821140537834,1.277519571143805e-05,2.6456691132517382e-05,3.9651308958273465e-06,0.5415104004044275,2.1002854351580123e-07,B12_deficiency_anemia,0.5180039398239902,0.0094290007899087,0.007784234511203663,0.008880825724204885,0.02541816055095655,0.02987114564203537,0.005717256567916183,0.008518110022519305,0.014341293241410664,0.0033811970719539275,0.36421321497034664,0.004441621083553962,mixed_deficiency,0.29201687764342504,0.004534366257809327,0.003375826467509056,0.0033016711736708936,0.007712447972405447,0.03812450474990767,0.005100384660067082,0.0025176193889357382,0.008906271832539227,0.001836153181071458,0.6307981769590065,0.0017756997136525125
P000574,folate_deficiency_anemia,folate_deficiency_no_anemia,0.08656426814800794,0.0717252805999074,0.03558466246393174,0.07475528398138623,0.028469419392277248,0.2509377866950982,0.2844552967973859,0.02798145840679874,0.00875993153593581,0.004138894028168798,0.11892577710493633,0.007701940846165674,folate_deficiency_anemia,0.11709617539770975,0.05364706051238643,0.0042970499352697296,0.04299382336399234,0.033100875110411904,0.47275764705994333,0.1315153756357241,0.00040572488535145886,0.0018142339006801684,0.0003382156056471597,0.14131036634673155,0.0007234522461518474,folate_deficiency_no_anemia,0.08735838456121515,0.06847480391039423,0.07777529367003552,0.0786144475948481,0.07618333141159936,0.1473538489999125,0.20201794732844713,0.013620754544139076,0.042917809251458224,0.02287213226999207,0.14637504908301888,0.0364361973749397,folate_deficiency_anemia,0.13771219934821533,0.04835525837048394,0.06406218491910338,0.08364617733725035,0.0868096105160397,0.199366173278268,0.11327195507615126,0.016506722019976085,0.027930739079517684,0.015612556577849908,0.1843044786292381,0.022421944847906265
P000575,inflammation_anemia,inflammation_anemia,0.0010729958509435244,2.7303317130460438e-05,0.0005761324232193202,0.00028915084859049383,6.854830115007118e-05,0.0003799802693215573,0.0005466214975537061,0.9961614543462185,0.00025024567545646036,3.8472222106625227e-05,0.0003836356537609468,0.0002054595945481905,inflammation_anemia,0.000879983404598061,5.728259768486695e-06,0.003172606862756754,0.00025705121333078495,0.0017878250175609222,0.0003609438745991617,0.0007561519092973891,0.9918682606603967,0.0003453379920371807,2.3349292700121247e-05,0.0004015668530380755,0.00014119465991649407,inflammation_anemia,0.003251128334217203,0.0027359270177363215,0.02295611048022015,0.013289431154202287,0.007882023218970826,0.008162455519453141,0.0021024543554359603,0.9109768565669978,0.015126170272355943,0.0018655647924899787,0.008539485457878594,0.003112392830041883,inflammation_anemia,0.004671523526413961,0.003350861948901009,0.0907869596441282,0.05406204647499458,0.0208110380012368,0.009046021525568453,0.0033239296753840106,0.6755666713619415,0.10349449307236468,0.0052820480745387685,0.026823286298677015,0.002781120395850894
P000576,copper_deficiency,copper_deficiency,0.0011247847586948803,0.00608050988314865,0.0007548633028918593,0.002362933466261096,0.9654669396948844,0.003549449188618833,0.01184374195255896,0.0007383329138616789,0.0005500369941263948,0.003210743256717276,0.001824341267883838,0.002493323320351894,folate_deficiency_no_anemia,0.00559487132798752,0.19132867051645014,0.00027802731190373144,0.02264117139938622,0.016265952767504335,0.043119610982031154,0.39062617757004786,0.008019176878920772,0.0015078894616110806,0.011215453345045338,0.009848326192258935,0.29955467224685284,folate_deficiency_no_anemia,0.008768213343334455,0.3212225736571009,0.017229827159041342,0.018369132227344882,0.10930636046704366,0.015748565341086974,0.33191814949887377,0.010863962316789098,0.008682149661880518,0.026392770569395096,0.00679505425741974,0.12470324150068951,folate_deficiency_no_anemia,0.0036122440119041224,0.34349318972891413,0.0026896012284189394,0.00784681259264518,0.02606553848232144,0.022456964771761973,0.4980346634828973,0.0038288169911333903,0.0019556627807271664,0.007896810244734698,0.002516372695201888,0.07960332298933975
P000577,latent_deficiency,latent_deficiency,0.0007823545463329541,0.008121154411843743,0.02326426792695088,0.002222099780920556,0.0023091893136265034,0.000826083127169751,0.1630417985255751,0.003317798715921907,0.024603054869900543,0.5042295629754041,0.005843944175694016,0.2614386916306598,latent_deficiency,1.3956370196801192e-05,0.000631863938426798,0.0030865686563555776,0.00039481671955354656,0.0008862020136715885,0.00013209778605503478,0.04882668805335365,0.0014232293718762859,0.0046159590781698215,0.7144689031177546,0.0002038632592405407,0.22531585163534568,latent_deficiency,0.001643886777169704,0.06436859600434187,0.09915481363325271,0.007982722613158806,0.013162923976470764,0.0034195322706706524,0.08300456772985693,0.011086254089680643,0.01452793717360727,0.46618610195296695,0.005155010030806606,0.23030765374801704,latent_deficiency,0.001546687793885553,0.05665159316291313,0.07030494431814441,0.01022284599038066,0.014169876032906821,0.003722177519177741,0.051573572384947086,0.013915042037683808,0.014191964916958576,0.5008059650274951,0.0035306314846922137,0.25936469933081496
P000578,anemia_other,anemia_other,0.00131072166612156,0.0008467507255699511,0.013680321145058794,0.7704874451367293,0.004272594963148599,0.012824419469619965,0.03478415627501171,0.0057792265338426655,0.00669574105813436,0.02613259814976445,0.0030183819229000243,0.12016764295409874,anemia_other,0.00037048411170364896,0.00017678401493284032,0.039749692640349714,0.35997842881665476,0.043097410754785466,0.049203162654055485,0.058960549551345505,0.0887615066620216,0.008794975202396096,0.04121119689056938,0.0022260940715109374,0.3074697146296746,no_anemia_no_deficiency,0.007601110202525739,0.100862643266787,0.029292476151617255,0.28964666169884334,0.039736514977212416,0.02161572131272922,0.08838101174485173,0.026981385513968947,0.014549629436850705,0.05959411279012515,0.010192094916213612,0.31154663798827475,no_anemia_no_deficiency,0.0038214378747398656,0.07641928742049167,0.02821276282637426,0.03698650050816526,0.03891253502611579,0.01736576958024109,0.1190982892336693,0.039586782920382986,0.006658925216888016,0.055823335160371156,0.003836416129750382,0.5732779581028102
P000579,B12_deficiency_no_anemia,B12_deficiency_no_anemia,0.00223878732722698,0.9932947026010648,3.285942755571623e-05,0.0002054590804482696,0.00012503668890623824,0.00020248218991484218,8.907110397544445e-05,4.010405740943751e-05,2.669531366696483e-05,0.001236278022505668,0.00047263775994468106,0.002035886427381026,B12_deficiency_no_anemia,0.0006071176635036346,0.9992241272309129,2.7588712512220517e-07,1.0176938626399656e-05,6.315963394826326e-07,1.1856326626548633e-05,2.861627846424524e-06,7.802730852531482e-07,2.1051609873519304e-07,1.7365933239849796e-05,0.00010490153818075096,1.969446841500815e-05,B12_deficiency_no_anemia,0.0056945962521088725,0.8138021969867656,0.0023728628279422533,0.0026882915490022896,0.007493083416540201,0.007523031315309767,0.09877569892359808,0.002563567094847922,0.001891903671443028,0.010387036486984944,0.0027170795664656637,0.04409065190899106,B12_deficiency_no_anemia,0.003115410690515868,0.9206596125035644,0.0010203443393573491,0.001572732921856402,0.0017739209161833625,0.00391512725508104,0.04282257924064243,0.0012904804350169917,0.0009513845070546398,0.0047383598545104695,0.0011357795896199125,0.017004267746596958
P000580,folate_deficiency_anemia,folate_deficiency_anemia,0.01577767183646701,3.185744758380425e-05,0.010972900126794475,0.17707273111767108,1.790752227948876e-05,0.6905528380259423,0.0013248735136873785,0.00478118799664579,0.03710073742074944,1.3047481410573223e-06,0.0623630827260313,2.9075180069028063e-06,folate_deficiency_anemia,0.085897286008552,0.00023237839119167312,0.004759569121614748,0.240795861729341,5.934731111902874e-05,0.501116684202866,0.0014999907307926253,0.0007598434277586545,0.034281040519116325,3.775395762611875e-07,0.13059743876071653,1.8225735498644126e-07,folate_deficiency_anemia,0.08325942601998039,0.008481017376193315,0.02494518788375125,0.10213897098507557,0.059282278280679244,0.48414544724019903,0.010892916649394789,0.010599973243485059,0.048223534052368906,0.0051597220782790155,0.15592862768073407,0.006942898509859409,folate_deficiency_anemia,0.1462570194703701,0.009159804034085166,0.030997530869876815,0.1225022667699935,0.11603466193719404,0.322693520421141,0.013548261936705443,0.007358852724998953,0.05137641474124731,0.008798894205727341,0.1643823605919638,0.006890412296696446
P000581,iron_deficiency_anemia,iron_deficiency_anemia,0.00030260729657682493,9.552979605671411e-06,0.008222898190095189,0.00328565737758072,0.0009681377452405264,0.0012587463843450014,0.00034029448375637154,0.00072417037907373,0.7631131672144825,0.09270027613762107,0.12893426217069529,0.00014022964092704312,iron_deficiency_anemia,0.00012677857901641996,3.594913762359973e-06,0.005121095948093711,0.002263465941887779,0.003140747829549852,0.0011070703753176907,0.00036811371403305815,0.0012962049784343579,0.8244747496869708,0.08862303018023848,0.07336917856637686,0.00010596928631873345,iron_deficiency_anemia,0.0020152432445184583,0.0009148498815869966,0.008768652232034229,0.006084045123708795,0.0014435709791532953,0.0021532272777986194,0.0009717068768870542,0.0038810025325853553,0.8696572499296341,0.004898952048077398,0.09829033601009027,0.0009211638639255472,iron_deficiency_anemia,0.001908675959409287,0.0011978857313646996,0.007659511731698236,0.006919341052458752,0.0022706929642191762,0.003341179428896518,0.0011620116739117475,0.012035862732116993,0.8592997482434341,0.006787345928011565,0.09630476583035669,0.0011129787241222163
P000582,latent_deficiency,latent_deficiency,0.00017691053176810103,0.011209368194628049,0.0015173832481381112,0.0005603032226137692,0.0003097290685735079,0.00016883560501801536,0.014835730880033761,0.000482771706285441,0.004961081541932737,0.9062393931298954,0.0010431020190245755,0.05849539085208845,latent_deficiency,0.000143837267335391,0.01225200362386433,0.0018590194088084738,0.0007179174551878704,0.0008787498882548301,0.00014376339684650597,0.013478495507028196,0.0026348098077699483,0.0044382830833609044,0.911178230890176,0.0007827540181259149,0.05149213565324147,latent_deficiency,0.0005318820005974037,0.006736652135887586,0.011461783002149119,0.0018549811884337112,0.001365031471839754,0.0005406728064720512,0.009680504083400784,0.001773821110257336,0.004939785734064482,0.9131427021096161,0.0016524352215554067,0.0463197491357263,latent_deficiency,0.00044830633544876863,0.004895532296777778,0.004091666656060333,0.0007960187209509052,0.000945187622287675,0.000423867394386582,0.0029537975942521325,0.0013168748170451793,0.0026193928725718046,0.9578781486560376,0.0011077916106680757,0.022523415423513302
P000583,anemia_other,inflammation_anemia,0.025806888693765375,0.0019351931291648513,0.010729109024355747,0.179529291119858,0.014684036669002937,0.2517962788802754,0.0014093446232414167,0.49958658971679387,0.005076572050186265,1.0512218069508501e-05,0.00928817076532128,0.00014801310996522264,anemia_other,0.04674699158748805,0.002269964366850817,0.007204972787292697,0.6463471481942233,0.07374495517447983,0.14283692138481113,0.002014536991676214,0.05382219394546902,0.004848842691631681,6.290297296692865e-06,0.020069659117309763,8.752346147095094e-05,anemia_other,0.08420671208707807,0.012446944094811065,0.02437241557807246,0.6076897661077426,0.045681954339654496,0.06540715717898396,0.013364820083947513,0.048563719650509714,0.038617625563860634,0.004480683103573069,0.04543305495176675,0.009735147259999872,anemia_other,0.052157121543743495,0.006501790934405591,0.011006461449805098,0.7994738180000134,0.027527957454657654,0.029883836233945183,0.0059918908293519965,0.017662087354123886,0.011192377122098274,0.0024483733601883217,0.031958882638279874,0.004195403079387271
P000584,no_anemia_no_deficiency,no_anemia_no_deficiency,0.00132967088504376,0.04041144965513281,0.022392881268665094,0.047274555461941974,0.006132260433899565,0.0012317258236827634,0.05138426758786176,0.022234256367761416,0.02837141708161862,0.08533129348385106,0.005326883792205705,0.6885793381583355,no_anemia_no_deficiency,8.601545842336236e-05,0.007416853411977704,0.0071348289449651315,0.025500039899779118,0.011036777662423525,0.00011511923288230012,0.007241059934523498,0.03812735294972942,0.008595076131695313,0.04059155913751174,0.00027206403114092857,0.8538832532049478,no_anemia_no_deficiency,0.0033417781631969916,0.08314208538422878,0.1208054516336722,0.028975636491960662,0.022586203486721208,0.005959136960796029,0.07598152854991187,0.04247950209287488,0.015530597649998212,0.11249082773506497,0.00553089308338325,0.48317635876819093,no_anemia_no_deficiency,0.0026701200482489996,0.10277691129052312,0.06987694015851019,0.020250552938992302,0.028601535581820915,0.004715698619307419,0.08045706168588901,0.04698061474930327,0.009703139262496628,0.0992370017026892,0.0037421748393980272,0.5309882491228209
P000585,folate_deficiency_no_anemia,folate_deficiency_anemia,0.0007632990307022346,1.4793054170545772e-07,0.00011010581796857278,0.004805160295826678,0.0031481379857598193,0.7094295638704411,0.2617112851239902,0.0020039745737795702,0.0015354244419477135,0.0059525522605449075,0.0034610460091521055,0.007079302659345165,folate_deficiency_anemia,0.00030232012372251923,7.034216030685052e-08,9.202913399544054e-05,0.004609334939407454,0.005118499380828846,0.7539621684493946,0.21709319942080102,0.006018249908007668,0.0011397692399254522,0.0063629261559367215,0.0011022479686887978,0.004199184937131309,folate_deficiency_anemia,0.02471749698703836,0.10469727149318057,0.028074517397596498,0.032702892339341524,0.032306904093846144,0.36236322128436327,0.3181168729203187,0.012625013096231288,0.014516009307149302,0.012734111922161484,0.026901960869524524,0.030243728289248463,folate_deficiency_anemia,0.025016127149164846,0.0691784237647458,0.028549059492178175,0.03929154916442156,0.09664550164656821,0.40148814402274097,0.22072828354613105,0.022040580494550866,0.016293464874448438,0.018566024888875578,0.03175413926410544,0.03044870169206904
P000586,no_anemia_no_deficiency,no_anemia_no_deficiency,0.0013337436414160384,0.02950409278857406,0.00400589549434517,0.05248383281868048,0.002100595207795727,0.005023040215983356,0.08165724891800544,0.009617612968929826,5.51655148631869e-05,2.3572697322642887e-05,4.91029706815521e-05,0.8141460967634025,no_anemia_no_deficiency,0.0008230020593322861,0.02387765539130947,0.003730198665449761,0.07385049644646444,0.0051184482977330815,0.007946995227587047,0.11113995459113109,0.0029969998558916637,1.4100444391357753e-05,6.172106812384641e-06,3.0879770651030865e-05,0.7704650971432464,no_anemia_no_deficiency,0.002099768470471561,0.08515280834126161,0.00897599278279319,0.010542794111509478,0.009181296404574942,0.008825736688003094,0.18485174065099294,0.005919288549271261,0.002137347072438135,0.01165355779667255,0.001589744292804763,0.6690699248392065,no_anemia_no_deficiency,0.006703931260530151,0.13126241671324965,0.01593338415811233,0.025253246612177677,0.018845222316505775,0.008958426695633917,0.13683926943973618,0.011150171943747577,0.002573979865748907,0.009753807346855893,0.0030445157795912343,0.6296816278681108
P000587,latent_deficiency,latent_deficiency,0.0012874149288702003,0.014204453707466936,0.0011428455973065774,0.0022235863102993995,0.0008818110982706777,0.00022292530805436073,0.03811502973104427,0.0001452130633042341,0.029294573698419486,0.5183243771622907,0.00030415834252366585,0.3938536110521495,no_anemia_no_deficiency,0.002350371164720584,0.02948972268786843,0.013228049865157722,0.012236751294763083,0.006363224538884597,0.0012243293384640844,0.10876042780336143,0.002949759669532575,0.03628539924006485,0.2620818824957096,0.0020497818112831354,0.52298030009019,latent_deficiency,0.0040481744941395885,0.14980171087071512,0.082930082776612,0.004540663586809674,0.03163729102301797,0.0028383850121841154,0.12950975043233975,0.004747542740192378,0.01141267550659683,0.42795850934267554,0.004233859279451856,0.1463413549352652,latent_deficiency,0.00229964472415311,0.09494321260165513,0.14017576024988768,0.004805979977614432,0.023629839296217345,0.001990602716138279,0.10574522282170142,0.0042937847366383425,0.008984710680729308,0.4735705252139322,0.0028355160862367735,0.13672520089509588
P000588,no_anemia_no_deficiency,no_anemia_no_deficiency,0.0011300214050329665,0.0906450162335482,9.633696935067997e-06,0.004570070631825347,0.006335014575411824,0.003408469877137055,0.1253723622591129,0.0015587581983708112,0.00171642187311525,0.13464912372686652,0.0024125952471057005,0.6281925122755383,no_anemia_no_deficiency,1.9792733595006782e-05,0.028459353930453967,9.398982793954807e-09,0.001494057799950634,0.0006144502346284554,0.0006688834027971127,0.023848992989161762,0.0006265851937238288,6.537780536444027e-05,0.020521264566054888,0.00011006973676414239,0.9235711622085231,no_anemia_no_deficiency,0.0065425868339709535,0.07553839524592551,0.05653232716283802,0.014944210404005499,0.14498941731573936,0.011636275933477961,0.12320913022692478,0.0074874755427747465,0.006574920473807178,0.05258515240604334,0.005802997455443176,0.49415711099904935,no_anemia_no_deficiency,0.0049224937111324125,0.027909856737204416,0.02413265501995171,0.018447723295315497,0.07949811098500625,0.012695317833163107,0.06425321610145002,0.009693335468674739,0.005353342783984365,0.0340078824652129,0.0045793233376844435,0.7145067422612201
P000589,mixed_deficiency,mixed_deficiency,1.4796873818357368e-06,1.708664723963276e-08,1.432760724296489e-08,3.0031815558621383e-07,1.0236991220373598e-13,7.2731765635204915e-06,9.055836973518173e-09,8.618456139790749e-08,0.04364585667974155,0.00011737587580272566,0.9562275875912855,1.6314084789640308e-11,mixed_deficiency,2.5034474904401015e-06,1.2036405570515626e-08,9.316265675038632e-08,2.1675824803238854e-09,5.959931622119454e-13,7.832542117276599e-07,1.442958410412516e-10,6.061831450040639e-07,0.027624302955028834,3.576497645428645e-05,0.9723359316631718,8.961242445345387e-12,mixed_deficiency,0.00896568018211502,0.0023827888062307205,0.009275497341127467,0.005942591182332724,0.009828324270212388,0.007284179225042536,0.002518335934700291,0.006734207713368032,0.39206159111509314,0.004609190343999524,0.5480520572159975,0.0023455566697806064,mixed_deficiency,0.009526046031275923,0.003754322098578152,0.010188289765293108,0.011489662439283512,0.01765242923972029,0.019817273548445074,0.004607031350555563,0.012807986982578129,0.2547124353391221,0.007623878134168796,0.6440236740480604,0.003796971022918995
P000590,iron_deficiency_anemia,iron_deficiency_anemia,0.015059749356606993,3.523812346911974e-07,0.12462711135181084,0.01770768342317792,0.021380204464912827,0.003023507532880095,0.0004246614225499511,0.010628566348860101,0.7736482941192856,0.004450877397698697,0.02881641423725747,0.00023257796372484673,iron_deficiency_anemia,0.00016262051802067278,9.003281270896052e-11,0.14269259041024218,0.0015855464405835334,0.0077726030288606425,0.0001521740522933969,7.579430237700492e-06,0.10619766184575583,0.740108849189797,0.00030726317288273493,0.0010077391512922382,5.372670001398395e-06,iron_deficiency_anemia,0.009542701343731506,0.0030320992253536298,0.032139339705637586,0.020074405086744115,0.010447602421783792,0.0068866615816526155,0.0038398131397934373,0.04337626415796615,0.6259452773833326,0.0055918132072522,0.2365321420349844,0.002591880711767888,iron_deficiency_anemia,0.0034257144006360784,0.0010073744501516862,0.008914246478604686,0.006264117005328635,0.0018906954046116952,0.0018008891429666515,0.0010825454084767976,0.020421153575854303,0.8179195894172072,0.0031421882598025334,0.13314797034041742,0.0009835161159421942
P000591,mixed_deficiency,B12_deficiency_anemia,0.36466355353573937,0.00013276152553016722,2.982319932182643e-06,4.039524715653724e-05,0.00019356756818048987,0.31864747601691173,0.014423957408734029,3.601486735274652e-06,3.6992277104299993e-06,1.1608585883375306e-08,0.3018879905425936,3.51219025662745e-09,mixed_deficiency,0.373762652934779,0.0003503398769413927,6.796411445962195e-07,7.529418519812221e-06,4.460091873817707e-05,0.06339563287861631,0.0031469462873010253,1.2278591242053314e-05,2.4158097484909073e-06,3.274260972292461e-09,0.5592769182168675,2.1518405948594332e-09,B12_deficiency_anemia,0.476659559158596,0.010267619188980451,0.0027054062145871875,0.004785442713764318,0.009695168692672822,0.22917444329847783,0.007608739528370395,0.0024563004278184914,0.0035245090880743073,0.001276314706768229,0.2504702706114422,0.0013762263704479782,B12_deficiency_anemia,0.6209559232779531,0.005532434820059725,0.001963177618041816,0.0023649944636411216,0.005391562357312111,0.06907011189505927,0.005299934463148263,0.002008305306879324,0.002456889523783701,0.0010569852598703228,0.2826680888650008,0.0012315921492504311
P000592,B12_deficiency_anemia,B12_deficiency_anemia,0.9023557458495977,0.012877400742787233,4.753255206557241e-06,0.0022178345626815946,3.0365042769609426e-05,0.053595421605327064,4.677649951902965e-05,0.00015771139899116145,2.3469167052982435e-06,3.3877946612152686e-08,0.02871149897036546,1.1127810272533121e-07,B12_deficiency_anemia,0.9854882929899695,0.0007000137435232715,1.4933083042172937e-10,3.716237275581179e-07,7.13559893407228e-10,0.012610468185708285,3.77877785469657e-08,2.601736345105831e-09,5.336284153343099e-11,3.3643954241495543e-15,0.0012008121512521342,4.753427593699663e-14,B12_deficiency_anemia,0.8962676831209399,0.007731213331688721,0.001791690976916385,0.005389733968084715,0.0048359282419663755,0.026434849592771516,0.0029483547223950004,0.0018969013588307612,0.0026709486014037595,0.0011012373570031876,0.047628184374044244,0.0013032743539554692,B12_deficiency_anemia,0.8807467364272272,0.00978761866507192,0.0019882241201391064,0.005694766778124482,0.0037945307880973608,0.03870487139130116,0.004962102289051097,0.0014629073269668436,0.0031393758830252647,0.0013388581959179573,0.04703178509710757,0.0013482230379700136
P000593,folate_deficiency_no_anemia,folate_deficiency_no_anemia,5.984920416613908e-05,0.005540825850878389,1.2982045060129887e-05,0.0002670352008419378,4.128605319922294e-05,0.015467682050510795,0.9517041886820319,5.405728573722824e-06,6.801223582314009e-07,0.00027965227317066575,2.6817371779222717e-05,0.026593595417429654,folate_deficiency_no_anemia,0.002218906580895044,0.033616157510597586,0.0007954948640235202,0.006966207192417829,0.0020835566725618247,0.05261489965250815,0.800137019078468,0.0005510551212026296,3.6668570340012884e-05,0.0021834252902243573,0.0005678967174515962,0.09822871274930936,folate_deficiency_no_anemia,0.002731695483954395,0.076738520917943,0.005103295824542842,0.0032190991448552177,0.005825493696220701,0.01326309061604673,0.8249115626968228,0.0020395080569334603,0.0013820493530154621,0.0060519177291811135,0.002529053935807807,0.056204712544676405,folate_deficiency_no_anemia,0.001714464989506545,0.03300401823332121,0.0016911582692762462,0.00139987276552919,0.0016963694298074681,0.0042719451037806265,0.868383812260613,0.0008046767865947169,0.0005905681708214341,0.002676995827378245,0.0010208433393391863,0.08274527482403199
P000594,no_anemia_no_deficiency,no_anemia_no_deficiency,0.003186477953159062,0.08264031025658751,0.03566795327276407,0.009722968940859372,0.003220322433886329,0.0021716190488467488,0.12277873860926194,0.005325095286044548,0.012876336127436345,0.20497280019751685,0.005268031105147874,0.5121693467684894,no_anemia_no_deficiency,6.6106083520187e-05,0.012724387238435487,0.0033024743170999974,0.004522004055863114,0.01310478900466136,4.852090428164702e-05,0.014114603158945986,0.0012386325855784116,0.0017710163726266152,0.11686284850233712,0.00020100241854888707,0.8320436153581012,no_anemia_no_deficiency,0.0018840220713831962,0.1103667199074774,0.09649456678517129,0.010706014466120344,0.016246104026577536,0.004041599364792298,0.06850266086748687,0.008221645086410344,0.005790350371492475,0.1300873360561359,0.0028874007704912164,0.5447715802264612,no_anemia_no_deficiency,0.001928448415469658,0.0882143924146026,0.09074286912223288,0.009331872805872589,0.031792991637273775,0.0031266931710262538,0.10505630404643478,0.006889456465711465,0.005635209472862786,0.11012688398662802,0.002335008514003706,0.5448198699478816
P000595,no_anemia_no_deficiency,no_anemia_no_deficiency,1.2361094989941955e-05,0.00033007524644087274,0.000976394533575733,0.00013119411301017598,0.0013092828543441876,0.00031777754314912804,0.10541409372604728,0.0003043812433349062,3.0003632077477226e-05,0.00476313276506135,1.1826487036499338e-05,0.8863994767609324,no_anemia_no_deficiency,0.00030805753580117386,0.0015416298271913676,0.001246296855227673,0.00434030285870564,0.001640735217717457,0.003106243584969722,0.11814998799444759,0.00882779366476331,0.0003483538744669361,0.01979868384991816,0.0002216994163341368,0.8404702153204568,no_anemia_no_deficiency,0.0023377498547030463,0.041210652022032404,0.010922788950642384,0.00638655184048409,0.030161074766406247,0.0038296783601997043,0.08227126911047578,0.0177199772521724,0.0034206885176413988,0.03669164551620442,0.0018793477355091876,0.763168576073529,no_anemia_no_deficiency,0.003549585865178354,0.0280935283718485,0.013487123290513334,0.01120938719780001,0.013831711357059864,0.007265552271254153,0.05596195930316409,0.027217939218415216,0.0034162450663074904,0.030286534187224937,0.0025537695893721566,0.803126664281862
P000596,latent_deficiency,latent_deficiency,2.1278787335388581e-07,0.00013125404841984783,1.7920432187344067e-05,5.463562804547553e-07,3.410918803349302e-07,4.3397812786500144e-08,0.00039273950098310686,5.510015517131626e-07,0.00042861656419816685,0.9981734876132698,7.673143235329556e-05,0.0007775557731896131,latent_deficiency,6.699775790485481e-05,0.0038076973513775656,0.0007314520897774021,0.00015313310652823284,0.0002555108823110673,1.9797561106994554e-05,0.005543693135103009,1.2311242913385222e-05,0.011567052632577589,0.967548473563083,0.002246489892519652,0.00804739078479733,latent_deficiency,0.0002666326853914307,0.0020984384499852346,0.004707320459839549,0.0004170925954811831,0.000641888162562461,0.00028272533966007145,0.0018420150402287665,0.0008020408398927602,0.003540439150036783,0.9804227148959241,0.0012177491415345622,0.003760943239463074,latent_deficiency,0.00019878086273892126,0.001228226798962753,0.0026469170911653764,0.00038127406373896384,0.0006383289663820235,0.0001610073807594828,0.001250023245479962,0.00039566317062130103,0.002795939446039635,0.9871243160741076,0.0007891910499429952,0.002390331850061021
P000597,B12_deficiency_no_anemia,B12_deficiency_no_anemia,0.005483055603241503,0.7999143630326284,0.002907124454765403,0.020260024857859743,0.05825420621597856,0.02295544958412163,0.021840299430795553,0.011228618321504283,0.00619705998766823,0.015735632658079726,0.003899052079190255,0.03132511377416692,B12_deficiency_no_anemia,0.000668751828161207,0.9736106855673166,1.8884741457213776e-05,0.00522758987581727,0.004695215693681184,0.0012637317717944813,0.002202025929566659,0.0005128429647838832,0.000735045208642048,0.0015295248765770817,0.00014390407664870966,0.00939179746555387,B12_deficiency_no_anemia,0.028046338326161054,0.4235909315992013,0.005907315528985379,0.022375422551516415,0.08246230976953887,0.0420444846329984,0.3116730528971318,0.008444615306197441,0.010199552466938606,0.011092140829815335,0.015223973878535088,0.03893986221298035,B12_deficiency_no_anemia,0.01777801628558534,0.6951234716129527,0.007151181873105641,0.02272599015206158,0.03481386860296979,0.02099296045624078,0.12242211083225557,0.007886610295805287,0.012989959928458847,0.013193134755471249,0.010039109796333524,0.03488358540875945
P000598,folate_deficiency_no_anemia,folate_deficiency_no_anemia,0.0019892571030781974,0.12839366440270808,0.01386893079843666,0.005139207271294087,0.0028852536844619753,0.017464622085549063,0.6174200690178098,0.001179537618212721,0.0034381693777743045,0.06885449863611078,0.011351879366858088,0.1280149106377064,no_anemia_no_deficiency,0.00012829887840155402,0.06548620975930775,0.0017078237088127529,0.005226489082097162,0.0044624332841896016,0.004779297650627672,0.38591958024747075,0.0009540849017682972,0.000529788566802472,0.013029591441133824,0.0026711346454873597,0.5151052678339009,no_anemia_no_deficiency,0.003367663541835656,0.0804510277927481,0.03313226351638779,0.010465194363151336,0.05097320506620221,0.0074244995904500545,0.17497382523782257,0.007986411281812223,0.005739032069756971,0.09685767410880536,0.003955441788755181,0.5246737616422724,no_anemia_no_deficiency,0.0020529396458865722,0.038906436700297226,0.03254308821416151,0.008793988679964353,0.02379679148648425,0.004991092539583335,0.16842139772609693,0.012405501468986866,0.0033492532493043206,0.0721070542965594,0.0025846207117281423,0.6300478352809471
P000599,folate_deficiency_anemia,folate_deficiency_anemia,0.012371845269874268,0.002951698754579273,0.011676497028839179,0.16631410420315548,0.022971390527870353,0.6436553816371448,0.08975903281160579,0.021820939688464616,0.02217019340822068,5.881888369471384e-05,0.003297468805090403,0.002952628981460267,anemia_other,0.02814619005949977,0.00682630244606111,0.02105276369471445,0.43342497127467566,0.12350669741566972,0.1824361167085542,0.1616217929647947,0.018177336510516263,0.009668550988210916,4.06819117687029e-05,0.014757647951528986,0.0003409480740056687,folate_deficiency_anemia,0.0684143471149366,0.03713906740050432,0.018016960069415278,0.14648129637920623,0.049814453639136246,0.4860759574918816,0.02900898054568744,0.04067787355404581,0.04141523537190104,0.0045818001224296745,0.06839598530249567,0.009978043008360202,anemia_other,0.07631731837445935,0.044259758139423636,0.01723359701191453,0.31380353941394307,0.07237879647636111,0.29590577160998793,0.038656468370414906,0.03692621312410727,0.036821837538558395,0.00549513938716276,0.049255478893517515,0.012946081660149624
P000600,iron_deficiency_anemia,iron_deficiency_anemia,7.42677547848249e-07,9.110889316217803e-09,0.004594733678784989,0.012312284586574122,5.262724923254018e-06,6.326212190544953e-06,1.4276987338095452e-06,0.0014454845352266064,0.9697009134428524,0.000789798855379595,0.011142450027023262,5.66449874235409e-07,iron_deficiency_anemia,9.123647889390293e-05,2.1854656965435772e-05,0.012790227811690265,0.021770306559021985,0.0061699433028017175,3.124210741674155e-05,2.051820028596593e-06,0.00026253289867153844,0.9028308478373926,0.00020568175204050857,0.055823690096416724,3.846786597429527e-07,iron_deficiency_anemia,0.004502266627196534,0.0031227711196564626,0.03890552928869641,0.03433861226033654,0.0071169122717292714,0.007086291042497563,0.0034179218187522825,0.016777153316130958,0.7269191213414901,0.009433591510097065,0.14593400337644966,0.0024458260269671905,iron_deficiency_anemia,0.0060263639862828495,0.00265489226915557,0.040587402966439985,0.03729044365196038,0.009881532613700419,0.006423735224334345,0.0026370008427636584,0.014240927642890798,0.7052347958464895,0.010482830477736196,0.16231820264927319,0.0022218718289732115
P000601,iron_deficiency_anemia,mixed_deficiency,0.0876828160572764,0.02463736159800386,0.01811295260313003,0.029512997650512064,0.03537407687937631,0.05644759937541676,0.009998220012796308,0.012679523831013523,0.1779117101068761,0.006633923728447606,0.5400813385347243,0.0009274796224267364,mixed_deficiency,0.0439004465651008,0.006251831888217435,0.0014372891096837742,0.03650710349502299,0.029125201778772897,0.011821211480999011,0.00047636281698819,0.0063234917205500256,0.13734297019473846,0.00038548489340539286,0.7263796447254008,4.896133112015136e-05,mixed_deficiency,0.012264340647635258,0.006161260859646204,0.02344524513768295,0.07950280538644798,0.028495953144309638,0.029436430669526645,0.008530297739691018,0.029323937963698126,0.27698921288601625,0.013347098819923194,0.48806949244428977,0.004433924301133285,iron_deficiency_anemia,0.016975165348544756,0.007359810298875536,0.013023562285938758,0.03888744755807224,0.01755474397676352,0.021213964942484963,0.00718330739878923,0.06314934588987757,0.40376923898222605,0.015623832943353828,0.3905703228798872,0.0046892574951863785
P000602,mixed_deficiency,latent_deficiency,0.0001571244841748089,0.0003799000406616851,1.210380405769169e-07,8.209794643115993e-06,8.020997068699492e-06,1.908879800849346e-09,1.644205093602615e-08,1.0461061964414572e-05,0.26299374544608983,0.7194063599225654,0.01696439231000776,7.164655385294613e-05,iron_deficiency_anemia,1.0639695720001983e-06,1.5651931006014123e-06,3.6183965084850146e-10,5.062773044518175e-08,1.0740317749793587e-07,7.486427468556457e-13,9.631205071255542e-14,0.0002423428402621048,0.5994315223409602,0.39749812630400727,0.0028219595842378584,3.2613742674028533e-06,latent_deficiency,0.01931462786741384,0.04474626733168284,0.08391382177651147,0.02010797684463001,0.012158669628111353,0.009565219711186842,0.01780785423954194,0.015548614057979282,0.1657768536057402,0.49617871061872526,0.0904357714314138,0.024445612887063203,latent_deficiency,0.019035528490905073,0.023537903541935527,0.08689633358417131,0.02649526839468257,0.014351286338440489,0.014588830555230055,0.019031128079848768,0.038014720793517316,0.24240492333016017,0.3916578143198371,0.0884933864038724,0.03549287616739918
P000603,B12_deficiency_anemia,B12_deficiency_no_anemia,0.10917321346566136,0.8462742787299968,3.6865608339403165e-05,0.004639369201579125,5.7630693378427215e-06,0.001832189733544354,0.0006109493000547837,1.997748894286651e-05,7.135025532863259e-05,1.8829464657632342e-06,0.037326277721138175,7.882479610949346e-06,B12_deficiency_no_anemia,0.3368413208612166,0.6032496570919488,2.688007913099021e-06,0.003593603160764424,0.0007925730715649759,0.021643476672032976,0.00398054280296576,8.841729061080008e-06,0.00010791633369896568,8.129538621535704e-08,0.029773672014184977,5.626959262022619e-06,B12_deficiency_anemia,0.6059061832315751,0.017372515962411437,0.01077951496099992,0.06870135625132638,0.05636486200587213,0.04589698197924242,0.0074999006699949695,0.007194559729806063,0.008900343065999041,0.0025893562785205943,0.16537611930335733,0.003418306560894676,B12_deficiency_anemia,0.6504518852066232,0.00975610555532661,0.006903890464584358,0.06491262944514042,0.021713269795287652,0.13287580316120268,0.009331425357165317,0.0073802797945047485,0.004037878918150636,0.0013749220639893123,0.0889328990924633,0.0023290111455617243
P000604,no_anemia_no_deficiency,no_anemia_no_deficiency,2.5957395844369292e-05,0.0020881057690684737,3.501706270406979e-08,5.2921881244101546e-05,1.4092249437488088e-05,8.014532428366139e-06,0.003776720242798611,7.873220404808038e-07,1.8201696568941244e-05,0.0007409068051245558,1.2139445004984202e-06,0.9932730431438814,no_anemia_no_deficiency,0.0028051524798896645,0.06363031732818149,1.9799733962448955e-05,0.0038883074676450665,0.002656132432875381,0.0011422849127763614,0.1544882219142746,0.006118952315844839,0.0014921547225343,0.034725754311898525,0.0005572117447793238,0.728475710635338,no_anemia_no_deficiency,0.0026063016042882467,0.03546877343275746,0.012734042425976535,0.005541758085541779,0.008955626259447638,0.00466062519124787,0.06314601298999065,0.00451541838352995,0.005464619882286899,0.1811342515856346,0.00308347266159347,0.6726890974977049,no_anemia_no_deficiency,0.00504831547801813,0.04236530005720158,0.016178285474442864,0.007002241142004511,0.021016627229507288,0.0077824433491114915,0.0803675923255388,0.009630905117670318,0.005828272968510807,0.12277414801256349,0.006361856465216461,0.6756440123802142
P000605,copper_deficiency,copper_deficiency,1.072153994877762e-06,2.13274245999737e-06,2.101729957904529e-08,4.00467087764354e-06,0.9999848857882334,4.6215358268882935e-06,4.2199561644855135e-07,3.5747589507826323e-07,1.3596390915989373e-06,2.9481419655730327e-07,7.707624776267708e-07,5.7404030423359394e-08,copper_deficiency,1.1948244634174461e-05,0.0009736639782981961,0.00031241032970577033,0.0008591502849773085,0.9952385055655274,0.0014300376998742357,0.00026637682330761547,0.0002348113718134514,0.0005553788728482635,2.8159811272394975e-05,7.449309719438066e-05,1.5063920547051414e-05,copper_deficiency,0.015173286234110642,0.012496080143863865,0.005273188839740762,0.016908446431763705,0.9029848898051094,0.011977863277361361,0.006106922301042992,0.005626478938204142,0.009696799512436283,0.001956767324473267,0.009415956671531903,0.0023833205203617953,copper_deficiency,0.028355627612034428,0.01141627144325102,0.015001235336446733,0.05844745353351444,0.7570374888828486,0.03306100016554012,0.007396858767518494,0.01299010105789188,0.047256898782723905,0.0035206268206909126,0.022237947702641883,0.003278489894897463
P000606,inflammation_anemia,inflammation_anemia,1.5300862011818736e-05,2.6376740011225013e-05,0.00011099373377823803,3.302810922280939e-05,1.5119294905457878e-08,3.04763713897142e-05,9.447095935516509e-07,0.9997161986943364,2.2767492362489464e-05,7.0420685106743065e-09,6.836903491478116e-07,4.320743558111926e-05,inflammation_anemia,1.308070956035751e-06,1.252514058520194e-07,1.3162597904583295e-05,2.00624445870386e-05,5.060945400581059e-06,3.21784861137612e-05,1.6996895840678263e-07,0.9999275866100976,2.640277967791146e-07,9.473941124438209e-12,4.419870424460162e-08,3.738860135264545e-08,inflammation_anemia,0.0040918432138056056,0.0017239779208477015,0.022439577086834576,0.03145748032580928,0.011708803365290918,0.005622736178813347,0.002197158811554999,0.9022722478244471,0.009015992388247143,0.001728618357878528,0.003823180393986779,0.003918384132483677,inflammation_anemia,0.0008595263784360094,0.0005819116028833102,0.00870028873071889,0.014374915452391468,0.004422702533279604,0.0013085495341526095,0.0006489554114354908,0.9643876808784265,0.0019295935959554415,0.00045563233106902943,0.0012903413275530582,0.0010399022236988957
P000607,B12_deficiency_no_anemia,B12_deficiency_no_anemia,0.005103084431109311,0.9936405247908503,4.0222196472609103e-07,2.15770654196976e-07,3.038775351519702e-07,3.928714078385919e-06,8.857531594771284e-05,1.4731183828974566e-07,1.2250450211162273e-07,6.298982269422808e-05,0.0010866089049738337,1.309633385205589e-05,B12_deficiency_no_anemia,0.013023414540780352,0.9740443171144813,6.906827311177223e-06,4.262438017013042e-06,1.858309191939472e-05,0.0001648366574375468,0.0030857346589625184,4.914390992206243e-06,5.746170515070532e-06,0.005256328093270388,0.003977773881436228,0.0004071821348766788,B12_deficiency_no_anemia,0.016442868275725452,0.8467482719563466,0.009806901039432821,0.0028113389666069967,0.004962331384245925,0.009085321627324111,0.059102891761519866,0.0023204348714369475,0.003931104756405788,0.014433537141436064,0.012820081872985336,0.01753491634653406,B12_deficiency_no_anemia,0.024820334757132825,0.706243157806719,0.014224899463393666,0.006075163296585763,0.011920366870815312,0.017981191273188347,0.1498026078437656,0.004466894274457586,0.006532397632697077,0.01907748291578312,0.02453305407443645,0.014322449791025444
P000608,mixed_deficiency,mixed_deficiency,0.08397925374658814,0.0013005915332936322,0.00017239194895796053,2.8307385721928236e-05,2.8853915779519545e-05,0.00036320382064443206,6.32502465811529e-07,0.00017461586629811374,0.047699767505908756,3.4464003829581146e-06,0.8662489335427656,1.8311931648503745e-09,mixed_deficiency,0.11523562345231604,0.011011649150241653,0.002287170687641496,0.005316818494307908,0.004079092383007875,0.0009204347509546019,0.0002935698627888447,0.0007086822364352204,0.11478321132396926,0.0008249465068897297,0.7445335768577073,5.224293740107831e-06,mixed_deficiency,0.02288777031267324,0.002704137732614286,0.004548513002109092,0.009515327871438863,0.014589728354339228,0.004499233015254181,0.002140020125984687,0.004437695781795273,0.3101240103293696,0.002368438304036795,0.6210382662466097,0.001146858923774905,mixed_deficiency,0.015186118215406889,0.001118652184261531,0.003025837050517514,0.00435477087458352,0.00235473462844684,0.0012926538282399106,0.0008245554654341202,0.002482913249208915,0.23190532146737808,0.0015776933863274627,0.7351856756157717,0.0006910740344234872
P000609,no_anemia_no_deficiency,folate_deficiency_no_anemia,0.00032056866566418444,0.00022446702629643677,0.005722199635346266,0.0012093358017873474,0.0014411448317288768,0.003874561208221084,0.46036499965048194,0.00075944536042979,0.0036221991051308216,0.07397147320823158,0.0006776066998037217,0.4478119988068779,no_anemia_no_deficiency,4.698086040517712e-07,5.213192189318333e-06,0.00042729023626119337,0.0005423306490785852,0.0009821036995976556,0.0004144457910966845,0.14354822717761623,0.0010258404973358403,0.0004360711744981478,0.07858813184278571,6.969299676346849e-06,0.7740229066312603,no_anemia_no_deficiency,0.002035432736941826,0.12852212877331712,0.010053434700315597,0.006206378549226758,0.00741112020985399,0.005484454354172344,0.37693595478638403,0.004817830283215183,0.0045827758552154695,0.04612561316960068,0.0029342637555009646,0.4048906128262561,folate_deficiency_no_anemia,0.002628241683964076,0.17763280128885833,0.005273672410984487,0.013503254058178557,0.011654740908038532,0.008841795242931872,0.3749104966781746,0.005816431093801891,0.004413302636535094,0.04842359131783517,0.0028282890732506828,0.3440733836074466
P000610,latent_deficiency,latent_deficiency,3.145034072444325e-08,4.792803737508538e-05,0.0012461570945645443,6.539073771734208e-08,7.321392997984409e-08,1.2355078368186637e-11,7.883823362223331e-09,1.0659886884155374e-07,0.00019124600376499575,0.9985044173969427,8.811863856085011e-08,9.87879865856586e-06,latent_deficiency,1.5371920906464946e-08,0.00023941306908051212,0.0007403454440102375,2.6414301522488357e-08,1.636572796550524e-07,1.507159959288862e-12,2.111159288146753e-09,2.1577948421515404e-08,0.00013129820963620742,0.9988509937335085,6.0118009635026e-08,3.766029163798585e-05,latent_deficiency,0.001689399391234195,0.005615025599671447,0.022288723186996113,0.0019344953180138531,0.004054091005895556,0.0017481839056216195,0.004273256233376129,0.0020993018955083793,0.020801698758144794,0.9219636164888662,0.005358049329413541,0.008174158887258266,latent_deficiency,0.001381818110697991,0.005731322889844727,0.02791212175133858,0.0014944346212908484,0.0018714919537057596,0.001279355990430711,0.0019537663887210905,0.0025256202357095852,0.015228168097886359,0.9294127571810137,0.005656223173273424,0.005552919606087177
P000611,B12_deficiency_anemia,B12_deficiency_anemia,0.880769229112167,0.03146871096098401,0.00561170123220439,0.04448991466941231,0.012076371738122203,0.0005790145971062632,1.5689247550034513e-05,0.006467577424416465,0.006088869774455889,0.00023391230446507074,0.01105532051672822,0.0011436884223881578,B12_deficiency_anemia,0.7250057233484357,0.009579402351024353,0.024802963668971816,0.1707488271430576,0.054490766803877516,0.0007938996820267533,5.997162513219919e-07,0.007255960705613866,0.006351798680907581,5.166048018280255e-05,0.0007308075038199623,0.00018758991583065193,B12_deficiency_anemia,0.5310545625619759,0.008766750487988152,0.016895721637900308,0.0859994966263554,0.030121770092108993,0.17308604103622177,0.012640367514480598,0.012089818267473603,0.03169558978265263,0.002363039435003963,0.09108971609377949,0.004197126464059086,anemia_other,0.21762407458245656,0.010190349481039623,0.0306585544075698,0.312095386590616,0.06656584309483939,0.20226834369364036,0.014084496922755556,0.009321195750400404,0.042706939655539504,0.003728436664658563,0.08514000552868294,0.005616373627801434
P000612,B12_deficiency_anemia,folate_deficiency_anemia,0.33018816668138196,0.010710946827499906,0.00020159987093182233,0.05979995936194085,0.008562527558319462,0.5345669419803402,0.0005902684194158767,0.0028399298292132217,0.0006925692279423474,1.3611091398768825e-05,0.05181180430012042,2.1674851495222686e-05,B12_deficiency_anemia,0.6972136129804086,0.0019119111066832133,8.038351069573972e-08,0.004067602425674217,0.0011001711895495447,0.20443363666652206,2.2549672078516304e-05,1.2961617615157501e-05,2.9003364597264055e-05,3.6622381854164884e-09,0.09120844330041243,2.363071015263429e-08,folate_deficiency_anemia,0.3342187247936219,0.018172505802150452,0.007390297412109763,0.02438806359086284,0.058689514264515755,0.39733606261483606,0.01348896625430322,0.00907668186625983,0.01548933546214553,0.002827058977714125,0.11519725108927162,0.003725537872209136,B12_deficiency_anemia,0.34636783393926135,0.0257324424672022,0.006923797247555591,0.037655842744757896,0.060817151729018526,0.27882404800332766,0.009593446506595446,0.016030494554598394,0.02242351581711985,0.003476578898021359,0.1885616705501806,0.003593177542361241
P000613,B12_deficiency_no_anemia,B12_deficiency_no_anemia,0.0013459323963672342,0.9194637135817901,0.0014690962678440916,0.001894950868210507,0.00034039480655126083,4.604532993687899e-05,0.02381304953184454,0.0008810530420929421,0.0057728691646288565,0.004380330380120121,0.010895276692629664,0.02969728793798401,B12_deficiency_no_anemia,0.002904753293697696,0.9785192259503439,0.0026395039847540254,0.0009324114851766614,0.000256896938959979,7.475566420058105e-05,0.0030053251102173223,0.0005026809916848139,0.0008814991024999215,0.0014998253933404169,0.0030880631514942536,0.0056950589336302706,B12_deficiency_no_anemia,0.004432379934714353,0.3716305894750309,0.05857547931348065,0.022970031714259747,0.015283537800610186,0.0062637611585770765,0.05133014563811647,0.014194386211369668,0.012421337924325567,0.11111552417235981,0.00730735703576198,0.3244754696213936,B12_deficiency_no_anemia,0.005437116404478653,0.4938179731779311,0.046812831191182645,0.030411081850431797,0.034703933527322456,0.00480514444130303,0.04785763552443992,0.017758153399167163,0.010902809451281425,0.07242193228807084,0.007510375035903578,0.22756101370848755
P000614,anemia_other,anemia_other,0.0018134155864303464,1.241970298620411e-06,0.14036478644495737,0.7883047576822715,0.014572996580664386,0.0012367531478227956,9.685843075934893e-06,0.007825643278256444,0.019448285309389423,0.010886035922060876,7.176950734868864e-05,0.015464628727423534,B6_deficiency,0.0031799671803757054,4.359506749027986e-06,0.35850206132865464,0.2568207612444117,0.07876814961001441,0.0009763487156476421,1.73181680935559e-05,0.17696625404416969,0.04604169331002092,0.03801436460078535,9.543404129890955e-05,0.04061328824977834,anemia_other,0.017188999665819188,0.017593620473441218,0.014338022138433038,0.7902428082268804,0.05128609574220773,0.031772494724781955,0.007108256280651418,0.027442187294319832,0.019602858015202184,0.004205879669578175,0.01136160133886936,0.007857176429815366,anemia_other,0.04026377214193067,0.024742672358873768,0.019019356221322004,0.44882665494725654,0.10405530673247577,0.06570596472766213,0.014007157481825405,0.20453895216951748,0.04093868332623671,0.009131190659990246,0.018077279246246452,0.010693009986662817
P000615,no_anemia_no_deficiency,no_anemia_no_deficiency,1.1526028812402308e-06,0.0005477741789342126,0.00010759105559422313,0.0010319781321749908,3.806166957076621e-05,7.494394731128661e-07,3.802368881348219e-06,3.687256430822497e-05,1.412223566100636e-05,0.02848082913460748,9.57152993284356e-09,0.9697370570463835,no_anemia_no_deficiency,4.472657831043592e-08,0.00012009240658551734,0.00014749117128136512,0.00017403238810965424,3.375638500287203e-05,1.9692805890408264e-08,4.145255310966213e-07,1.3430492586357166e-05,9.226808448719995e-07,0.001902168079796862,1.585486639600039e-09,0.9976076258653905,no_anemia_no_deficiency,0.002608684365963076,0.029496476266549543,0.028959762026081744,0.010582148892192807,0.033099781496233514,0.005250023783771242,0.13489566612592396,0.016052599895518032,0.0038902974386609943,0.0438679095331204,0.0024011618988141804,0.6888954882771705,no_anemia_no_deficiency,0.0027988441579053494,0.023772607251117624,0.018733178852182373,0.013699961858099284,0.02708415155538695,0.004928507776514783,0.04852572467482184,0.018193060136492953,0.0031514116951494695,0.0287326838658401,0.002090763424804105,0.8082891047516851
P000616,B12_deficiency_anemia,B12_deficiency_anemia,0.9972014588236205,0.0005076870799633561,1.9014089492440356e-05,1.8805027677716273e-05,1.655649897775022e-05,0.00027394641584443415,3.254874795015393e-05,3.038173268701025e-07,3.7235805906900633e-06,2.6091345716839283e-10,0.0019259556036459928,5.3996757219448266e-11,B12_deficiency_anemia,0.9615406356896098,0.004127895376536752,0.0010651373568769402,6.897807046109032e-05,0.00017098742024197264,0.003229819861293435,0.00011479799266233373,4.43866911252149e-07,7.522513055533876e-05,1.753829240191406e-09,0.029606077223321967,2.576999212258724e-10,B12_deficiency_anemia,0.32597551630966565,0.05893472906885697,0.024094349129747707,0.06563310552603309,0.03589505728254137,0.11509091309800523,0.024468492365908347,0.00763201915561061,0.025704293383249283,0.0064889523673387775,0.3045846473809763,0.0054979249320669015,B12_deficiency_anemia,0.5165558450181289,0.034844989028037135,0.037601540021409904,0.0742820106935872,0.019894164817787423,0.08578454480185108,0.022094027887019665,0.008304022551805491,0.02239040301360402,0.006577178916416992,0.16410577751276242,0.007565495737589723
P000617,mixed_deficiency,mixed_deficiency,0.0006838924467191151,2.6226026953989648e-05,0.0009150539134600852,0.00018716484071654605,4.7471603058756707e-05,0.001781917321425,0.0037206543683037385,0.00015595366869125822,0.11017684225695502,0.00732848146842533,0.8749742379409449,2.1041443462408674e-06,mixed_deficiency,0.000471639580097047,1.921091523713965e-05,0.0003271312719465368,5.809227014402129e-05,0.00024872673374199485,0.003373061190946362,0.004005853802641259,0.0002580301902758091,0.07743251936854771,0.003047020978700127,0.9107579637810057,7.499167163484344e-07,iron_deficiency_anemia,0.006513613326106284,0.006644268618756405,0.07517292230851613,0.02022259381079071,0.009659070709800446,0.016416365628094384,0.009911588645780954,0.0308575281718915,0.631215252980828,0.013425620458609995,0.17510342438123672,0.004857750959588324,iron_deficiency_anemia,0.009814160808469407,0.00597434464629843,0.060710546817264566,0.02363297141124452,0.021534637454991675,0.03038023751828415,0.007707260498316679,0.06546365700613634,0.5408107113503993,0.010239314898679812,0.2200220072980485,0.0037101502918665797
P000618,anemia_other,anemia_other,0.02130153366347096,1.8133264334703923e-05,0.06228566186856146,0.8773994415328257,0.012309766096768081,0.0037156652113530127,4.1316702867954894e-05,0.008961551835767231,0.011492543605526293,2.6394597937688012e-05,0.0014680513821030583,0.0009799402384839339,anemia_other,0.16242077377724315,3.7338370670775904e-06,0.11711837524828579,0.6893818687325008,0.01451557124838302,0.001345296039548493,3.623597513196867e-07,0.011851037105161609,0.0028890305218903273,8.194471063796832e-08,0.0004443165894010009,2.9552596056573572e-05,anemia_other,0.021921070783425957,0.00482050549407276,0.04180671449065382,0.8436028339615185,0.013555858557788465,0.010624134261509627,0.0033900946406898768,0.025402436396383905,0.01510784431483429,0.0029776030586550085,0.013016090071247296,0.00377481396922031,anemia_other,0.05114014420731585,0.007044700475174117,0.16209510932689664,0.6353799726289168,0.022201068977794194,0.019747570529435304,0.005049936219518418,0.05841334780692096,0.015624292961213386,0.003584273283966278,0.014780267659123755,0.004939315923724374
P000619,mixed_deficiency,mixed_deficiency,0.3539767926993678,7.390555785497045e-05,1.9456280608565438e-07,9.505548753536043e-06,7.219499674646918e-06,0.00016309770427183834,1.3744231792312516e-05,3.172463590976924e-06,7.279650311074078e-06,2.7492809476047348e-08,0.6457450602030506,3.8571665362797953e-10,mixed_deficiency,0.4599443898043982,0.0004914282406174975,6.563984275652576e-07,6.028112732182721e-06,3.977203559849228e-05,0.003802135287492536,4.913902883770365e-05,4.282584937426288e-06,2.429379363465234e-05,1.1352496885913229e-07,0.5356377605386852,6.496696400130022e-10,B12_deficiency_anemia,0.528311427465563,0.004087029165641097,0.0027925594042022286,0.004398202873575626,0.004524120599953153,0.015022259392774141,0.002702736380402167,0.004160476142805846,0.003331130368953884,0.0012704215797026987,0.42786945163540513,0.0015301849910211193,mixed_deficiency,0.3637755248327113,0.002221713560828808,0.0019535352237811335,0.002550167344117803,0.006271812497738674,0.017766568077712635,0.00190536476820019,0.0017460096509027813,0.004250756790226686,0.000774805301010579,0.5962018164584508,0.0005819254943186377
P000620,iron_deficiency_anemia,iron_deficiency_anemia,5.153236180712406e-05,4.313621632349803e-05,0.00111872143311676,0.00017381053073655574,6.653095646280405e-07,8.427168100512239e-08,2.4316790082553313e-09,6.000472569989154e-05,0.9814386777720541,0.009924724226291561,0.007187869725086792,7.709959592055064e-07,iron_deficiency_anemia,2.672948414680211e-06,1.0236399500895006e-06,9.118888018809309e-05,3.0699637371802104e-06,6.214414124997039e-06,3.1718534884240064e-12,3.530136510987213e-15,8.23700875578436e-08,0.9988052559697433,0.00032533028581104744,0.0007651602996152247,1.2251521947815067e-09,iron_deficiency_anemia,0.0030002180225945792,0.0014109613971394527,0.011344101438207858,0.007654530530416459,0.008864851294774904,0.002022729880522765,0.0008805028150795241,0.005013997686500226,0.8735793671964556,0.004780269444746379,0.08041303509925045,0.0010354351943118025,iron_deficiency_anemia,0.0025397805929936942,0.0013018243345347188,0.008351770967682406,0.0055748743458178705,0.0022355141330815693,0.0010200538677393016,0.0006355047419325671,0.0028304068618930913,0.8718549924185685,0.004148671822218958,0.09889548606784518,0.0006111198456923031
P000621,anemia_other,anemia_other,0.0003060215099296056,3.437431631835058e-06,0.00688945433976895,0.9671992674648013,0.0019543459376177466,0.0005916848486876154,2.2733138311528762e-05,0.0008336670483600771,0.021242911120375282,0.00035365631191247566,0.0003299962341650711,0.0002728246144385561,anemia_other,8.862542294469988e-05,1.524260824555598e-07,0.23006732221816598,0.5283046358042072,0.02832858491244545,0.0005164368492054046,3.4707640000960634e-06,0.0037504679342238016,0.20827218194588792,0.0002981317450109381,0.00017203597989319031,0.00019795399793290215,anemia_other,0.005613859552732609,0.002513942547074626,0.025238664883771373,0.8506608873182591,0.01025402690746444,0.00394312384010355,0.0025596294677510487,0.011073009597015746,0.06073045858922836,0.004090859716501422,0.020274908122221335,0.0030466294578763596,anemia_other,0.005802715548659642,0.002595934612033789,0.10101260561556862,0.5771941958845009,0.013491456066797537,0.005743617449956766,0.004064540811949688,0.03365300399180088,0.22014301679903875,0.007784511926123747,0.023486627059358983,0.005027774234210642
P000622,B12_deficiency_no_anemia,B12_deficiency_no_anemia,0.16502603638555702,0.6218051692763906,0.003886891444903016,0.018847968519159864,0.005088336855664662,0.02864817541376073,0.057494645985588955,0.006841304992819312,0.005882262709749263,0.01198310910548364,0.061777334755803,0.012718764555119819,B12_deficiency_no_anemia,0.08117320202230038,0.8321616131881929,0.00031490731832437707,0.004668721162680704,0.004791057935491443,0.0013695333497759836,0.004369896283080011,0.0008311714214606242,0.0007557091415350736,0.0012377928623209667,0.06400931170989611,0.004317083604941407,B12_deficiency_no_anemia,0.030625651907024435,0.7228773344823155,0.010741020494506516,0.017245471343475257,0.02495887110104318,0.036696531897137494,0.0851950240884491,0.008989991395297577,0.008198853951305707,0.011820000639308409,0.015650716051881383,0.027000532648255464,B12_deficiency_no_anemia,0.04026854560733405,0.7005635671569871,0.010757189451035726,0.04075858469513717,0.030134580692106547,0.027766212441612034,0.04135261006233756,0.008938656157253923,0.012259115641584299,0.021056712523178575,0.013789986832586752,0.052354238738846245
P000623,no_anemia_no_deficiency,no_anemia_no_deficiency,0.0005505208960950455,0.007227889110477876,0.0003574228722418397,0.0019334282397956972,3.2092131892274416e-05,0.00015950754907462822,0.025008559535341084,6.664529956865991e-05,8.500714826191932e-05,0.006235465422814807,1.6065228889320007e-05,0.9583273965655469,no_anemia_no_deficiency,0.005286314078075663,0.07223156875401765,0.008266820374856126,0.03700674160914057,0.009569605782658426,0.005067928110727944,0.15206311155662056,0.007535220307101022,0.0016582134989076545,0.034626007378352315,0.0010075246382248882,0.6656809439113172,no_anemia_no_deficiency,0.0015461927473368294,0.0568136432343428,0.01249152511705219,0.00592075557882248,0.014301487132569566,0.0026574035536180373,0.09056799983495069,0.0032675447149218663,0.0023375693362197893,0.019966095862299534,0.0010964959575171802,0.789033286930349,no_anemia_no_deficiency,0.0012775993723679747,0.03951321014972751,0.010390808608726002,0.005009663431186841,0.008694146288982659,0.0015327446128046247,0.13865199229475234,0.0020674187480360013,0.0012847346819563966,0.015160630959938637,0.0008487578135858645,0.7755682930379351
P000624,B6_deficiency,latent_deficiency,0.00014175480206588142,2.06166881464196e-05,0.1954479577044163,0.00301348799694257,0.0013231490410110522,0.0005806502050241582,0.02301657410213305,0.0016427462473608484,0.053833645280657635,0.7028483757547094,0.0043487692685381186,0.01378227290899459,B6_deficiency,5.517578395715656e-06,6.537897478314599e-07,0.3928391949509613,0.002239474526330624,0.004520577715641862,0.00026754245199864365,0.05133746892709264,0.0926509857237575,0.025851446859887557,0.23491009234874366,0.000676438180934247,0.19470060694650848,latent_deficiency,0.0041159704931508995,0.06414209944909749,0.31304037730685674,0.01660992794767563,0.02302789939198836,0.007458408062066868,0.05309935216426834,0.020608714967078876,0.034561790481245476,0.32481458045583256,0.011212023825609692,0.1273088554551291,latent_deficiency,0.0049848901864146915,0.08864217449823993,0.24405260281321164,0.02157708264404844,0.036079432262737444,0.009310289122469577,0.08402735896089482,0.04510970609373884,0.04125867540188995,0.30058418112077717,0.010912015672991346,0.11346159122258613
P000625,no_anemia_no_deficiency,no_anemia_no_deficiency,0.00016538368218919545,0.03649094122539933,0.0006793961956479694,0.0015687859603453263,0.0001642667831418368,7.007738699226914e-06,0.0008081978667156418,0.00010998431026204629,0.0005388483422823589,0.11129809346670039,5.2697457513480274e-05,0.8481163969711032,no_anemia_no_deficiency,3.630838156041671e-06,0.018183869847799253,1.80688160027098e-05,4.671242278694819e-05,2.0826847977128162e-05,9.170166503130268e-08,3.70801335761633e-05,5.355816998824701e-05,3.2082711130852645e-05,0.1781615025229865,4.556976167971276e-07,0.8034421202903143,no_anemia_no_deficiency,0.0005163436451936879,0.018325101312002236,0.005025176060159989,0.002022732470037074,0.0013690423233267638,0.0008459428302586882,0.023938829105705828,0.00106053974739852,0.0019664788386266185,0.0390293239747071,0.0006673011801028529,0.9052331885124806,no_anemia_no_deficiency,0.0005226130559399499,0.027336196572210255,0.006214700481867283,0.0030833258966713115,0.0019033452224393914,0.000713941600130604,0.033547585080185856,0.0019745767392925703,0.001653092392279725,0.055789104917207503,0.0006491656723631934,0.8666123523694124
P000626,copper_deficiency,copper_deficiency,1.6356400416496784e-06,9.285915621014637e-08,1.7811824539646735e-06,9.823181193442353e-06,0.9999445280241126,3.200563146823165e-05,4.879655697459964e-06,2.873951405062491e-06,5.495778103522167e-07,1.2338008952409186e-08,8.849319660303245e-08,1.72946545554073e-06,copper_deficiency,1.7468809945763555e-08,4.2056135632803035e-09,3.1874899718407477e-06,0.0004805530913761163,0.9994699732723595,3.762329565802518e-05,1.3879117252318341e-06,4.707827916576285e-06,1.5081462543236427e-07,3.7266284848722734e-10,2.605257342928052e-09,2.3916440236391764e-06,copper_deficiency,0.009989233117036431,0.003410222811308937,0.010513851306694572,0.08031948062208322,0.7634544547621186,0.06750251745989806,0.005074331656223457,0.03967157320904979,0.007185697620002641,0.0016265584149190685,0.0073804159754218045,0.003871663045243506,copper_deficiency,0.005088073780032752,0.0025741860262253062,0.005964861710434725,0.11370214887236144,0.7873055549739489,0.04236878290609825,0.003222645739494427,0.025166039749268333,0.0039638441596091655,0.0011061194505526525,0.006820727183228633,0.0027170154487454723
P000627,iron_deficiency_anemia,iron_deficiency_anemia,0.00037251215268242045,1.938066734230263e-05,0.0018808693580980368,0.0016756941306523643,0.000739688710181296,5.6772684510339996e-05,1.804297562766684e-07,7.052055301549009e-05,0.9746694616445295,0.003625326018827002,0.016889512482534372,8.116787048774e-08,iron_deficiency_anemia,0.00021814645556331104,8.68328722529914e-06,0.001225120115188985,0.0003747177449572906,0.0014256596127009363,8.278941253959246e-06,1.1358750237275374e-07,1.1511220544685081e-05,0.9811511784413005,0.0026310677982191314,0.012945489830395906,3.296514770161123e-08,iron_deficiency_anemia,0.0025405213743983734,0.0007174954804480177,0.005054957037760902,0.005049850065870401,0.0022643085298777567,0.0022599522872673644,0.0006350608676869791,0.0026865561002117153,0.8136295312442982,0.0021546269206667423,0.16254553085469883,0.00046160923681487677,iron_deficiency_anemia,0.003116698284660223,0.0010287694286104329,0.004318166574962672,0.004855574735072374,0.002068325251417214,0.0012250098127409702,0.0006917587109531338,0.009061218020009691,0.827509562758491,0.003200753146813857,0.14218232628690383,0.0007418369893645701
P000628,B12_deficiency_anemia,B12_deficiency_anemia,0.9103955248894813,7.418907788603232e-05,2.8345683615244836e-05,0.00020865091570483976,3.963205008003279e-05,7.186597544136108e-05,2.3390750261826885e-06,3.957082454050369e-06,4.047226011548908e-05,1.0792507841095765e-08,0.08913494619762762,6.600006005951995e-08,B12_deficiency_anemia,0.8793320899260729,6.703434215594005e-05,6.771442492217631e-05,0.00044738404446842406,8.587940332238295e-05,0.00031358613612639827,1.2540250046150064e-05,2.8238662708599845e-06,3.3264207590313116e-05,1.5605126688877285e-08,0.11963763570172245,3.209217512770589e-08,B12_deficiency_anemia,0.6726325157150294,0.007807300738533077,0.012109659814311077,0.053020470744475905,0.020140262466833633,0.04924227240777421,0.006678953095643422,0.006312086504662834,0.015685210134493477,0.002322402334529696,0.1509385145819005,0.0031103514618127,B12_deficiency_anemia,0.5348215080129727,0.005796534149661556,0.01270682482418952,0.08334382926235905,0.021237927701472006,0.05994185440707709,0.008452852405602325,0.0051209178694098115,0.01767739657940289,0.0025097802208965607,0.24573845000224842,0.0026521245647081713
P000629,no_anemia_no_deficiency,no_anemia_no_deficiency,4.94957194382677e-05,0.03777382570421664,0.0009880850925872919,0.006229664137259621,0.0003839768840637587,6.1781006155130584e-06,4.428878603290055e-05,6.39808582364882e-05,0.00016847318189852452,0.04917989920158888,7.23476980482265e-06,0.9051048975642573,no_anemia_no_deficiency,4.570249565666709e-05,0.019312146138964068,0.0007919984714208085,0.0038223667777765543,0.0004952969258090577,1.3571072578908164e-06,2.0919340767848205e-05,0.0003230121300149566,0.00015570094990162358,0.044039382850776757,4.384547439790107e-06,0.9309877322642139,no_anemia_no_deficiency,0.0024386775454781837,0.04153061490299681,0.024247148680289043,0.011587046288044071,0.004894795214544818,0.003817456869010974,0.03285705565370912,0.0038697815753022924,0.004606110947930595,0.07378255134556791,0.0029872752053187023,0.7933814857718076,no_anemia_no_deficiency,0.00578752417771877,0.09255329047824218,0.028509252416652257,0.028756170805922934,0.0069991832323596645,0.005575308637539492,0.04211791378716647,0.011123792645210597,0.00752779244630095,0.06458915650103492,0.005612521725426484,0.7008480931464254
P000630,B12_deficiency_no_anemia,B12_deficiency_no_anemia,0.0009210508703761405,0.998441510288409,9.77355962170419e-06,2.7989320908097875e-05,9.547371996025916e-06,3.118593048684544e-05,0.00014523664287032924,6.0609105490757956e-05,1.1096026737852396e-05,2.2080870412662436e-05,0.00027098508084855627,4.893493184197538e-05,B12_deficiency_no_anemia,0.00129121123639136,0.9871950161891019,0.00013610742631492393,0.0008006708737413895,0.0007479030972554443,0.0012978612162455239,0.005090048559559089,0.0010343201063106285,0.00023386723972967894,0.00048663432887159375,0.0007260647225511307,0.0009602950039271392,B12_deficiency_no_anemia,0.04266405229671695,0.6879276834448471,0.01260101893481335,0.022635679927445303,0.023680328434900394,0.04171865961474594,0.09190833081329322,0.01285778937738496,0.007034738558126288,0.008770754992540514,0.018050701204791665,0.03015026240039437,B12_deficiency_no_anemia,0.025339953042477235,0.5933130415977104,0.017681425071942838,0.031214607351048,0.05631437652324278,0.05207541555771014,0.13577409213441727,0.014553202848937111,0.007818542817671777,0.01609546934742281,0.010837333139244608,0.0389825405681751
P000631,no_anemia_no_deficiency,no_anemia_no_deficiency,1.335705469542203e-07,2.2945364933913283e-06,0.0035675092705179656,8.788388340912723e-05,2.0166034654461175e-06,4.1841534883000517e-07,0.009521804030649948,7.319060887887849e-07,2.4368702633450488e-06,0.0024117081736806717,3.661387914034191e-09,0.9844030590781476,no_anemia_no_deficiency,8.640808143601105e-09,3.864872204200717e-05,0.00015445980018579278,2.429755859494888e-05,2.9839945361800057e-06,7.254144214051132e-08,0.002122060387588129,3.9448009496909804e-08,3.2472108564259215e-07,0.00022633964172091384,4.163045061033913e-10,0.9974307641276822,no_anemia_no_deficiency,0.0020415381238024603,0.02580210673018203,0.0916772864325897,0.01841288033260333,0.015524551135066993,0.004448742396846146,0.043059494402776004,0.006479158658980048,0.004076512994972258,0.05420131101220048,0.0028601351135721645,0.7314162826664085,no_anemia_no_deficiency,0.0008158899655538096,0.013349964005354969,0.023846061662580288,0.009123168841933111,0.00766899192487685,0.0012277232753588317,0.0358504941435791,0.0015647916109771402,0.001305085562131363,0.018819717272593205,0.0008334222589028305,0.8855946894761586
P000632,latent_deficiency,latent_deficiency,0.00020127477568287683,0.01134815287404464,0.0027045755599518057,0.0010335000909279157,0.00040592106957748305,0.0003901132800283299,0.021626481171379112,0.00046888554159097047,0.011755254577802979,0.9270200407540696,0.003158304572238868,0.019887495732705405,latent_deficiency,0.0006347910814399325,0.022197593933093965,0.0025822684214766804,0.0020991121874828827,0.0017573508657209292,0.0005344322426869152,0.018459202489577824,0.00022314493365662588,0.011277000601630395,0.9164139479105893,0.007536654457817,0.01628450087482748,latent_deficiency,0.0003342052133741637,0.0033691931998901417,0.004041630611581206,0.0011096104908338632,0.0008582984772793502,0.0003399508551810574,0.005428762832004309,0.0016455604055170595,0.004751912715803146,0.960765129996134,0.0018099356502016817,0.015545809552200113,latent_deficiency,0.0003561172291376792,0.0035474388498120666,0.002685486171212524,0.0007231720181837504,0.0009132308309617705,0.0003833176385526663,0.002845481739325976,0.0012049088843652663,0.0026867012166900493,0.9745163521539741,0.0013506927600258401,0.008787100507758279
P000633,no_anemia_no_deficiency,no_anemia_no_deficiency,0.0016490425593939254,0.047210410602265065,0.006501393359558781,0.11737670597160234,0.002000768909352346,0.003940258361331572,0.09332621780675114,0.0008289578914120536,0.0028966337654122145,0.006616877808219858,0.0014496384617328562,0.7162030945029678,no_anemia_no_deficiency,0.00021374334244569747,0.05036167314485601,0.0036966547049334907,0.1252365708852733,0.004561022391647485,0.002138470410590634,0.09869783705612563,7.243157942442569e-05,0.0013096186622703577,0.0035972705553900643,0.00022215772129944748,0.7098925495457433,no_anemia_no_deficiency,0.0028906691518233094,0.03737306251048021,0.026686480594734847,0.0164844209854905,0.011395697163024254,0.006521297873533573,0.06532932531283404,0.010960571003842193,0.00700841550303364,0.047531764943416856,0.0036284863626536144,0.7641898085951329,no_anemia_no_deficiency,0.003132577943536257,0.0970346271676103,0.06325308104436764,0.03459469557304609,0.02130157177353599,0.003697345609589924,0.0751309629543653,0.011891166683415857,0.004484348026227584,0.03813925819419914,0.002856061171146915,0.644484303858959
P000634,iron_deficiency_anemia,iron_deficiency_anemia,0.0025489114804869576,0.009230175330429097,0.021857785729532217,0.009477900200970201,0.00762662487407537,0.007572460024448573,0.012615669720923149,0.013550995226149408,0.6753492456643421,0.13541475800994654,0.09940511601498048,0.00535035772371584,iron_deficiency_anemia,7.221347724708592e-05,0.001525405062915949,0.0030468729164963002,0.001450505444261607,0.009421031504056113,0.0004756848864977514,0.0004836261268143386,0.065417620727959,0.8500389568325251,0.035567726447078896,0.03112306536335561,0.0013772912107922178,iron_deficiency_anemia,0.0050046979253727895,0.007305969323084676,0.06348080909823997,0.04096070732624495,0.020176485521209993,0.008954033939859744,0.008829841871966714,0.03317506745737685,0.6102163666461008,0.03700859370441734,0.15812738372935892,0.006760043456767312,iron_deficiency_anemia,0.004324012856754251,0.003948791308383056,0.01897508646765382,0.02322684206505322,0.01381160335204053,0.0060179714170832945,0.004628679690034865,0.06924299440124458,0.6486446096968936,0.030877938971567716,0.17260231914303784,0.003699150630253042
P000635,folate_deficiency_no_anemia,folate_deficiency_no_anemia,0.01456072377030199,0.02142590478003333,0.004330660373175692,0.02737419945759441,0.0038715627169188865,0.1488817186159526,0.6367192439909423,0.007194070324217696,0.012601845860138593,0.018892343577972953,0.054685559780549765,0.04946216675220206,folate_deficiency_no_anemia,0.0019311860375133341,0.007311769015725519,0.0011307892186005386,0.005116217510623305,0.01422958353455273,0.0937488400594925,0.8241988511023336,0.002433132978485205,0.0043852350053562835,0.006033275506975149,0.03278274393150467,0.006698376098837071,folate_deficiency_no_anemia,0.012597123715726806,0.10001366240397991,0.02088542784478742,0.032048482946958785,0.01931309825751169,0.059032472170257144,0.5496190917227743,0.0178629326468364,0.013593537153565781,0.03956516420568657,0.015402958108384195,0.1200660488235311,folate_deficiency_no_anemia,0.010478572996227791,0.10226104021847855,0.014889179507917486,0.016963168099117958,0.040667791869939504,0.048289218611527615,0.665296406265097,0.006275729849499696,0.009045392566300088,0.022517346552563128,0.012491721402604924,0.05082443206072634
P000636,mixed_deficiency,B12_deficiency_anemia,0.45538825610467176,0.021090924416356845,0.00044528601006196356,0.021335758415793996,0.0042425377708226785,0.36935705591931145,0.01147879694698252,0.0032240113719361353,0.0002183997198044044,2.1899676855895898e-05,0.11312647907696156,7.059457044079036e-05,folate_deficiency_anemia,0.017260783308720936,0.00030733195317181913,3.1682030411793346e-06,0.0014448841274366932,1.4410812339938884e-05,0.9771138741174904,0.0004997388099914175,5.2600420765604e-05,1.0041118006874942e-06,4.468062203462287e-09,0.0033021311552478548,6.851193134688515e-08,folate_deficiency_anemia,0.34093108199451244,0.009618144749503392,0.004432412808988984,0.016823190502848053,0.0068309905479334064,0.5514758299244942,0.009974255486575663,0.004850503809518743,0.002846478537347493,0.0014568114658563135,0.048866965839733115,0.0018933343326883406,folate_deficiency_anemia,0.06349454085386674,0.0035579071566292047,0.0018726818806043492,0.01264789604943816,0.0034395553209749844,0.8884832098546217,0.0063916934079497395,0.0018274523413413458,0.002413021157197015,0.0009249868180044635,0.013765212071421114,0.0011818430879509234
P000637,B12_deficiency_anemia,B12_deficiency_anemia,0.9061048124561863,0.01724671365130413,8.819368161658508e-06,1.7239491612292682e-05,1.4444734081257926e-05,0.00022255079655824034,1.341336000162498e-05,6.920876269111633e-06,1.159883912607764e-05,9.60901956726344e-07,0.07635218877250503,3.367522373458294e-07,B12_deficiency_anemia,0.8737914419304207,0.006178818759301629,7.187462930582259e-05,8.718207307886369e-05,0.0003157609440668133,0.002390598327318442,0.00021933184050251255,4.321242789457854e-05,0.00015082029108686763,1.130330748474997e-05,0.1167371793387119,2.476130827338959e-06,B12_deficiency_anemia,0.5890401125399326,0.045228485795433024,0.01893636014160976,0.0538204526032469,0.03298854513628363,0.12254181721630995,0.019233648121254866,0.008261808139827062,0.009111246126829781,0.003050733595111989,0.0915645218320019,0.006222268752158418,B12_deficiency_anemia,0.4003971519883306,0.019980889415523423,0.01587179438743445,0.0642476080450661,0.06078545175609752,0.32614444867799136,0.01987972439914662,0.01157379490939992,0.005600834078962854,0.0029103405797184178,0.06737250825234598,0.00523545350998248
P000638,inflammation_anemia,inflammation_anemia,0.011675332205826557,0.0032769526470026347,0.007728378063562656,0.03242592290907701,0.001605416364141673,0.061562337960038904,0.0062188663809630545,0.8692949866895446,0.0015310545819300061,5.841061736172874e-06,0.002912614388650013,0.001762296747526524,inflammation_anemia,0.0012901085410334185,0.0009136187824301664,0.0015820270008777243,0.01097333868742648,0.005029891141875882,0.012139818995675674,0.0017505238465276443,0.9649453320088714,0.00017530701222290997,5.98493760054204e-07,0.0008329855270074376,0.0003664499622913901,inflammation_anemia,0.01065057098597272,0.0035998114218468756,0.04692970442095298,0.14452999697518257,0.014158440355858795,0.018655001311381893,0.0036375401362276822,0.7229502215383282,0.015642031908706767,0.0020435714419298943,0.012308103377878932,0.004895006125732624,inflammation_anemia,0.005451716364345099,0.0018423368663584108,0.013437278891025774,0.13088431378225807,0.009771675470696066,0.01223623713966561,0.0018908106705639563,0.807824976513058,0.006105278938222817,0.001102180953583919,0.006930419644711484,0.002522774765510889
P000639,B12_deficiency_no_anemia,B12_deficiency_no_anemia,0.0023124813325400093,0.960942396337638,1.4995252864493487e-05,0.0006156242227798517,0.0004441078427861204,0.00034891705076996545,0.02932856658447724,8.574998227704819e-05,6.642403100566476e-05,0.00043141800253799286,0.0025827503933794015,0.0028265689669442168,B12_deficiency_no_anemia,0.07408561890520325,0.4365880131670988,0.0002709266490762072,0.008719822784337963,0.02101565536012726,0.04252804613482313,0.292446745372971,0.008006629597762658,0.0006467288484437517,0.024179688741480184,0.020034550767047642,0.07147757367162812,folate_deficiency_no_anemia,0.02508627018273066,0.3627860202174214,0.008806674802244738,0.01038191461014638,0.03582440879656439,0.031183306844144536,0.435759621703494,0.0051319418576881715,0.008129785363060284,0.017110411324966008,0.00810853222103299,0.051691112076506306,folate_deficiency_no_anemia,0.008928180760331854,0.41376540973537534,0.006085079305133717,0.0029700202544009385,0.037272214748654026,0.0070748220249542,0.441345011323125,0.001723175722773717,0.0026590998644950036,0.020593490033477414,0.003630245415197395,0.053953250812081445
P000640,latent_deficiency,latent_deficiency,3.913398399676337e-05,7.641746993452529e-06,0.009050774434566226,0.0009469516434026513,0.0014888577980144418,0.000448309406526955,0.062084332496848645,0.0003744253009684501,0.011075583359787257,0.7946152000637251,0.002725002335354214,0.11714378742981596,latent_deficiency,7.8482835521441e-09,1.5065518214616152e-08,0.0005599454444237019,2.908678765288091e-06,3.6681037595500176e-05,8.190140337877864e-06,0.008845572036402691,0.0005719186102539,0.0013391968413671287,0.9453851113396355,1.861588350415936e-05,0.043231837073912226,no_anemia_no_deficiency,0.0025767226975706727,0.1250744611618564,0.04182224483215234,0.009211971765131003,0.019488585044791326,0.0064053597817587,0.08621296488649091,0.007039058924883749,0.011467046216206004,0.2857472692023162,0.005198916856877473,0.39975539862996523,latent_deficiency,0.0016948489461149022,0.09040858899286867,0.027582226030894705,0.011722510014635838,0.012786284012927477,0.0041718344060737,0.08257411837796104,0.012040978965697443,0.008399129573861021,0.44931961127841763,0.0037314178926402004,0.2955684515079074
P000641,mixed_deficiency,mixed_deficiency,0.10108360369132588,4.546223618174835e-05,1.870538113867567e-06,0.0006163396970490269,0.0004159114603743741,0.43360795748763775,0.0003631536713430502,4.1469796412092225e-05,5.9952987898186234e-05,2.514913600858062e-09,0.46376427153038585,4.388364612977377e-09,mixed_deficiency,0.34022355819227096,0.0008335352563373573,5.408425828690527e-05,0.006366004227693945,0.003547982335585369,0.2960169543273461,0.00622026524255519,0.001232555577649278,0.0003443812701543542,2.7574124702508033e-06,0.3451571047387383,8.17160912118503e-07,mixed_deficiency,0.36622473302151226,0.010299130624932712,0.006488593929395734,0.01703538814346887,0.024275081537342518,0.15134863562036546,0.010543604401789313,0.004880053374215651,0.017931304914159507,0.0020374313570878655,0.38621621246109983,0.002719830614630342,mixed_deficiency,0.3714878348375096,0.005147229192171733,0.0024457862194386597,0.008967212586200321,0.012629503753952354,0.08537834611570025,0.004848357235165754,0.002353905467511432,0.00751747147106555,0.0014194834342813082,0.4961464469531449,0.0016584227338580172
P000642,folate_deficiency_no_anemia,folate_deficiency_no_anemia,2.944132304555177e-07,0.00022824575965820659,5.5877834859552875e-05,6.062821609388101e-06,1.0150270383697461e-05,0.0014631513466439527,0.9959004543297816,8.882765911476601e-06,4.462427777050908e-06,0.0017741116697375782,2.0851303920233883e-05,0.0005274550564866279,folate_deficiency_no_anemia,8.066320246589979e-06,0.1429604326602211,8.289864102482131e-05,2.587811424715756e-05,2.070369817827136e-05,0.010509122783042795,0.8444067974575991,2.206401116849799e-05,2.0569307012444753e-05,0.001377217796708393,0.00011408676832453186,0.0004521624422263993,folate_deficiency_no_anemia,0.004137564593239482,0.3508421343096049,0.019399317390750667,0.010906527386489015,0.012542508224162198,0.014011394492810404,0.372562816279442,0.00746396559180144,0.009620737612568145,0.064061819424284,0.010304437394599268,0.12414677730024842,folate_deficiency_no_anemia,0.0024762284880779518,0.3822719285734314,0.006945268565657049,0.004443007318600276,0.006454330966899455,0.005602136573722161,0.5344836045328294,0.0030138857772527812,0.0033221094651444323,0.023078732621422373,0.003595359036338175,0.02431340808062451
P000643,B12_deficiency_anemia,B12_deficiency_anemia,0.6947683305641786,0.001833811077550528,2.740690327496131e-06,0.0006933020480030122,0.012926756787450113,0.02696624476076669,2.1656763984287143e-05,0.0005947695832628916,0.000518624190468655,4.630157022757278e-10,0.2616737623394574,7.315347588101886e-10,B12_deficiency_anemia,0.6450235140127727,0.002407976418962697,0.0003682616231145318,0.04180728659740897,0.024151641867306933,0.11498044474656266,0.0010486622722097555,0.012681247029441131,0.0019042222635488658,2.362141680795193e-06,0.15562268444901836,1.6965779724999262e-06,B12_deficiency_anemia,0.643844052953557,0.016291620484082253,0.007213090373959371,0.018854134586354356,0.05002552204802203,0.07326248317920822,0.006171116714475471,0.005095963938041786,0.015715655082405855,0.0016596922011150792,0.15973721087170709,0.002129457567071435,B12_deficiency_anemia,0.7473880501694594,0.008009084765696403,0.004218048673524195,0.018275321693769987,0.03149930420506269,0.04589818453575236,0.005499738943862996,0.004052729084914888,0.0072099245371060544,0.0012735599670857948,0.1246643561494473,0.0020116972743178187
P000644,iron_deficiency_anemia,iron_deficiency_anemia,0.0011221145306180831,0.00035536516539098293,0.019640534332028826,0.0024113095234243316,0.0015369916202016452,0.001815505568850298,0.0015427747027534377,0.011606975040654248,0.7529921517601255,0.028652797963823844,0.17831631144408197,7.168348046996357e-06,iron_deficiency_anemia,0.001053460003581914,0.00032282630189866244,0.015964644128610494,0.00183425573735415,0.008359085585689673,0.0035730383352538505,0.002290909687354705,0.003818300386011974,0.8027928688475292,0.013392483945023697,0.14659455285727443,3.574184417122249e-06,iron_deficiency_anemia,0.0017685902163214872,0.0009894746758775128,0.008557461438458362,0.0046143561114534324,0.006084772116935936,0.0031776979881013765,0.0011049903218049374,0.008530690084138483,0.8600661456200591,0.0038131227319361557,0.10045856147845467,0.0008341372164586246,iron_deficiency_anemia,0.003088991622623445,0.0011845656631574502,0.006280384364270229,0.0066984146271381745,0.01087133468248697,0.0041634241871418825,0.0013161126115669986,0.012439544674821218,0.840163928002413,0.0036921588668031536,0.10919673918625686,0.000904401511320421
P000645,B12_deficiency_no_anemia,B12_deficiency_no_anemia,0.0038219137195598983,0.9500833284316391,7.669720046422085e-05,0.0013956041417685788,3.8308897690669446e-05,0.0007660642855319888,0.02322736492511502,3.1733534368946285e-05,1.194045341386757e-05,2.6895533991740874e-06,0.00038734911791877847,0.020157005739129808,B12_deficiency_no_anemia,0.003697002361315672,0.8944874417929928,0.0010586698453689265,0.002878308237141186,0.000317106728401847,0.0008891184157617937,0.012866655871499998,6.862351107185549e-05,9.751267453804828e-06,1.2984590069700364e-06,0.0003333401505971763,0.0833926833593883,B12_deficiency_no_anemia,0.018241909342455898,0.5286032412129017,0.04353744841625103,0.02654589650789362,0.030351397349635892,0.020812282081731765,0.1714035467705186,0.009558470260381093,0.007828578561237262,0.01769977733054654,0.008114548879567356,0.11730290328687935,B12_deficiency_no_anemia,0.02435224300768373,0.37824631429806804,0.04736243153519492,0.03760178731115414,0.05470250425768139,0.025868134831876288,0.12899251496824327,0.014004454867213733,0.010576552388938234,0.029109984657924165,0.014439838219728782,0.23474323965629335
P000646,latent_deficiency,latent_deficiency,1.2320473262405578e-08,2.4715900326071332e-05,2.5722656836828683e-06,3.153615548132958e-09,2.9809285998289216e-08,2.8842191053293786e-09,5.203315543144323e-07,2.0561001840732126e-08,0.0001006427785577351,0.9996832919419283,4.8310143686514465e-05,0.00013987790966761283,latent_deficiency,6.741574125004699e-06,0.0014036782852127653,6.70542220534182e-05,7.255654551813476e-06,2.1430026321012267e-05,2.309529943925788e-06,0.0005582819521391261,3.202879788953437e-06,0.0037301149671072195,0.9833653264650829,0.0015361616941232668,0.009298442749550625,latent_deficiency,0.0008472080400337565,0.0045540279779590015,0.009258447281737033,0.0016313563709540427,0.003172488388967938,0.000830563332158716,0.003283975542999503,0.0014969233292579684,0.00544797285749734,0.9548268887403052,0.0021922984247557003,0.012457849713373884,latent_deficiency,0.0004180488720132005,0.001648569465043078,0.0038816421079297765,0.0007660689923334861,0.000977018762502831,0.0003298205908480511,0.0019062602705227159,0.0007790492616589806,0.0032866517026539158,0.978779442968509,0.0012280922555736877,0.0059993347504110756
P000647,anemia_other,anemia_other,2.2951029668266797e-05,2.6584572746924056e-07,3.0167972061932098e-05,0.9673319599411598,0.03237554680399401,8.704311914098739e-05,2.5880912439928445e-08,3.207918811346134e-05,0.00011703524415880031,1.7365110838825414e-11,2.921435925099472e-06,3.521772607458011e-09,copper_deficiency,0.0015598997015956293,8.669897044277978e-06,0.002728098556859903,0.15850700119913652,0.8317158636847717,0.0029896915690013274,9.307515881379023e-07,0.001030338668975902,0.0012253199711191871,1.4866696161478383e-10,0.00023418022650142066,5.624739150922019e-09,anemia_other,0.003408783636340993,0.001552474766446331,0.013715942225532267,0.8958434112147527,0.06134943632592275,0.005176344702240324,0.001996156445882651,0.005720305134737727,0.004470622122405417,0.001174248535928375,0.0027386725454124753,0.002853602344398077,copper_deficiency,0.00834739798487228,0.003560131978813424,0.02980788777812364,0.4032866414781792,0.5023649545098683,0.010485813193315801,0.004479855893844478,0.020073498940827952,0.005604305212266256,0.0018379851944394035,0.004793816505564799,0.005357711329884471
P000648,folate_deficiency_anemia,mixed_deficiency,0.1879857858464217,0.004311686671335886,0.0034804500263668084,0.17461218188255218,0.029570190651564365,0.2162406832303436,0.004182484583193701,0.009456837976351006,0.016088159322508407,3.607914000258011e-05,0.3539819662952747,5.3494374085039624e-05,mixed_deficiency,0.1829940217686085,0.00026455402189587326,0.0001292004931845878,0.016066229462563274,0.012736069465162406,0.08239807109105424,8.297169304952927e-05,0.0023173933066055305,0.0019422968011377718,1.5815424153908324e-08,0.7010691130559057,6.302540854352898e-08,copper_deficiency,0.20270267386286364,0.011488966536730573,0.019266601650607604,0.17466287244163775,0.24994510879570284,0.08844074114817523,0.012416856965509294,0.024150636048533063,0.03196585122519089,0.0044749819150516085,0.17421582398781327,0.0062688854221842885,B12_deficiency_anemia,0.2766324773396329,0.012090109199826173,0.02110818662381512,0.09269079849961354,0.09127925032932699,0.20714220810035402,0.016517219564925707,0.05992984591024138,0.031882719989829104,0.00447978927527748,0.18154015186570294,0.004707243301454553
P000649,folate_deficiency_no_anemia,folate_deficiency_no_anemia,0.025773843671206186,0.1699688388782223,0.019310946823578333,0.03489469314455029,0.005843213649459652,0.06055039558134886,0.22335574444726702,0.0055736091862708115,0.007025341621508344,0.22129148361432274,0.024707287661650604,0.20170460172061477,latent_deficiency,0.023795162786999564,0.17299187304264796,0.006883494861504257,0.017363017726549277,0.01756086514979658,0.037907399781063125,0.21594741940661552,0.010995317551211378,0.006655178427223968,0.3146522155471161,0.02184212308886998,0.1534059326304024,B12_deficiency_no_anemia,0.004294246281102554,0.5468847543494113,0.009998090844443745,0.004190935129171877,0.015474636280102417,0.011239448856563094,0.2539845461052312,0.002538928522674702,0.004201528563542137,0.04643961030971789,0.002912172068014902,0.09784110269002418,B12_deficiency_no_anemia,0.004874684160054302,0.5936686299801033,0.00565474228509136,0.0043957334438256765,0.04511824377100216,0.014360916509064129,0.1905609082922612,0.0026165096066249807,0.0028830161955443858,0.05088084245111602,0.0032556574302524143,0.08173011587506018
P000650,B12_deficiency_no_anemia,B12_deficiency_no_anemia,0.002616592773296462,0.9729139366284346,0.0005034317752471867,0.004872904248528905,0.0001280228914004693,0.0009695223220502344,0.007267004774804823,2.404283695257638e-05,7.042909352799568e-05,0.0005221834823875302,0.0003057733930856365,0.009806155780283588,B12_deficiency_no_anemia,0.000756150128408018,0.9990037727342471,9.491768356213368e-07,4.596945628461683e-05,7.690012300938013e-07,1.850961280583616e-05,9.884299870799907e-05,2.050192159075767e-09,3.69092824203098e-08,1.0536775590283544e-06,1.5655201356259044e-05,5.82890530911374e-05,B12_deficiency_no_anemia,0.00595798045062548,0.8689179752149301,0.011641408506080283,0.004741985185155301,0.0034753515712219814,0.007192209438153586,0.031172747907267706,0.003150304595391715,0.0032088956280200685,0.014992686635135763,0.006287174886992608,0.039261279981025764,B12_deficiency_no_anemia,0.009353573866986752,0.9039289612465705,0.004676203154282704,0.0048920730868224835,0.003715297666905149,0.007306123836689179,0.02846330201586422,0.0020558735323971413,0.0019727580057258528,0.007303034425655562,0.003972257614927826,0.022360541547172732
P000651,latent_deficiency,latent_deficiency,8.786158455181793e-06,2.9945200764455616e-05,0.0012735549837043234,4.857022892125682e-05,6.581755545113895e-05,0.00011668891418037135,0.00305093097625587,2.3018882170942363e-05,0.048420568163477645,0.9417735790921825,0.0019016243165192455,0.0032869155279170795,latent_deficiency,3.819421433075171e-10,2.945616060050247e-08,5.324975719068278e-05,2.8654025269740517e-06,2.3525516300319178e-05,1.8939623258432682e-07,7.648361651505787e-05,4.637463799559095e-09,0.005926576792334621,0.9938332470895975,1.4940685568746496e-05,6.888726816699029e-05,latent_deficiency,0.0006887946146138547,0.006272088952679579,0.01660212984361794,0.0016868632209765383,0.003248925180748551,0.0015586308273991736,0.005443193695684432,0.002019636298643822,0.015961101414174266,0.9284369173983336,0.006678599591778302,0.011403118961349965,latent_deficiency,0.00048800733041571393,0.002672696465806877,0.005863755843885818,0.0011823838975468814,0.0016423267065683383,0.0009667031421559138,0.002617334668489489,0.001372817097181122,0.010700440764946556,0.9646908272842157,0.004495656260832847,0.0033070505379548805
P000652,copper_deficiency,copper_deficiency,0.005876597629224233,2.261517231716979e-05,0.0009529163813498235,0.3650308173705231,0.5514586798634483,0.06527415573823415,4.384456948844436e-05,0.009833836023544599,0.0015017706441667032,9.243397295217823e-13,4.287070854583667e-06,4.795359243516894e-07,inflammation_anemia,0.015074132016409992,0.0015187193228425005,0.021320578928094254,0.29784975286132775,0.03145837147989882,0.08642923396100816,0.0028442470967691568,0.5184680641319336,0.022986184786735708,3.417699754399825e-08,0.001988010094125376,6.267114385722451e-05,copper_deficiency,0.06562681822003415,0.015632948174486776,0.04617093810451517,0.13289430893739249,0.4621680967732864,0.06682304924653663,0.013145036568836246,0.04100399086603342,0.0845456958942408,0.0038494382701670625,0.06249971523602854,0.005639963708442559,anemia_other,0.13221555841487384,0.017386972237583783,0.05386239180963629,0.2558154707933899,0.19322692833430938,0.09002207440671972,0.015528902462743376,0.06750642067675505,0.07014474464267759,0.006220743187630145,0.0893418250391544,0.00872796799452658
P000653,B6_deficiency,B6_deficiency,2.474832493784388e-07,4.17383731413066e-07,0.9998890851321566,2.51267954920671e-05,1.0417568511191688e-06,5.668955958003985e-06,2.4591303206126726e-05,1.940259519353303e-05,2.431888401896015e-05,3.032335963429059e-06,7.652024389029743e-07,6.302171740340469e-06,B6_deficiency,1.2967160957586821e-05,0.0004127975815319646,0.9975372136424879,0.0004960577284877342,0.00015527175808021157,0.0005218556942930162,8.220457309179864e-05,0.0006436465725359409,0.0001149840392236537,9.58332163227595e-06,1.0135360596296411e-05,3.2825670815424382e-06,inflammation_anemia,0.012274398819958664,0.02539114053428089,0.30746896459571876,0.03544893457295327,0.0308686204217995,0.04017865101441205,0.023271021114974418,0.39436670380659006,0.041226904354859616,0.026166554896991226,0.013833860605249734,0.04950424526221193,inflammation_anemia,0.010178832367166551,0.019902916132404424,0.32729860280984746,0.05658756782622385,0.04864525069888729,0.036025124203511574,0.020494687592654073,0.4180625307731063,0.01635416605101095,0.019436317530563674,0.008280654250617409,0.01873334976400651
P000654,anemia_other,anemia_other,0.0024425758285802224,0.0013680839336610504,0.0007148307713395803,0.9830946220843868,0.000470491206055312,0.0035494375893072258,0.0034105707834665294,0.001985541636295427,0.0006437947189123252,7.858921596254452e-05,0.0016382520078386384,0.0006032102241942476,folate_deficiency_no_anemia,0.04563397315839518,0.03293636150853009,0.00859397127567454,0.10423282848509305,0.16560658485801996,0.19735645232937396,0.23142252683535303,0.16558412821377097,0.009726517069019888,0.00022400933900466945,0.029701764304406058,0.008980882623358725,anemia_other,0.01072814965186766,0.00647208585883949,0.01703534013753143,0.811589363458775,0.01261255297543328,0.03446335775178758,0.008111898003664601,0.05988996560439252,0.010546075962527454,0.002710840950804262,0.01869687653692176,0.007143493107455108,inflammation_anemia,0.03821796770203831,0.012660401138029008,0.026363917607925592,0.2463566182805334,0.07515310650018547,0.10629135543833713,0.02710177856268148,0.35505269854202165,0.028627522972376373,0.006873543418983409,0.06709945928849721,0.010201630548390836
P000655,B12_deficiency_anemia,B12_deficiency_anemia,0.9193247409265252,9.455224105912812e-05,4.680311108519573e-08,2.7786933047957595e-06,1.401306006157013e-06,2.507889970321752e-05,1.8660739952274746e-08,1.095041080827597e-06,1.9678477110127953e-06,1.2727987375973042e-11,0.08054831950931325,5.871746932165257e-11,B12_deficiency_anemia,0.8601415587040383,0.001827437244476917,2.7192218144665765e-06,0.000329235774391519,0.0001640120830844984,0.0003861180426959233,9.411613951713318e-06,0.00023524373499577778,3.4995187030063325e-05,5.255018549459909e-08,0.13686913382192056,8.202141468753512e-08,B12_deficiency_anemia,0.5472879077812483,0.01129638776299382,0.006923479352926029,0.017469066965748004,0.010709622956348887,0.047112166927570226,0.005797520091644506,0.006607328165034659,0.011043260057359335,0.0032939739659242975,0.32929796718716325,0.003161318786038848,B12_deficiency_anemia,0.7022648242540623,0.00817974444949843,0.0039178925506320045,0.012516295747496084,0.00643358552821386,0.017138405106511306,0.0036632740528125107,0.003919930266556331,0.006172933115018655,0.0023089666189098153,0.23099432981615647,0.0024898184941323505
P000656,mixed_deficiency,mixed_deficiency,0.0003077747177459489,4.742746379424814e-05,1.4648201645188514e-13,1.688514647079866e-07,2.2704286859618594e-08,4.430920373171091e-09,5.650426311245349e-10,1.444073845277482e-07,0.00017136670805289716,3.754323780490969e-07,0.9994727144778671,2.409162267658662e-10,mixed_deficiency,0.004704820847736485,6.287266443705599e-06,2.6870247087525383e-11,2.5743297277958057e-07,4.890650351445435e-07,1.9506307329601154e-08,1.2785646180478891e-10,4.073190997209424e-08,6.608826060455331e-05,1.719349995095789e-07,0.9952218247787075,2.0556335978961352e-11,mixed_deficiency,0.014313005834226806,0.003758619418784228,0.021244745219003713,0.008065796884501169,0.0062935440275817016,0.0036624359969109213,0.0032694318685562848,0.004988957289870739,0.25252326161544975,0.006846892557175935,0.6729725605171086,0.002060748770830129,mixed_deficiency,0.017398415120254175,0.004312072964340922,0.010596495704503026,0.007639632342059145,0.00670607681488392,0.004166809063524225,0.0034086547162650326,0.007171539392876295,0.1888314176866579,0.007708576479743657,0.7395528686740039,0.0025074410408878725
P000657,iron_deficiency_anemia,iron_deficiency_anemia,0.00035678677434776185,7.292533172259338e-07,0.005357959913015967,0.0005848369823454418,2.119101127464133e-05,6.254187601375014e-06,1.4300989298829127e-06,9.163118940801429e-05,0.916784774542984,0.06363838811258628,0.01314065166959244,1.5366264596922672e-05,iron_deficiency_anemia,0.001446631052097871,0.00011723002354830029,0.025828316951192132,0.01090685872959073,0.0021859165139004057,8.039675267127954e-05,5.5182850894072976e-05,0.0007266820216473819,0.8312408551092373,0.07783412169340602,0.049359425103205797,0.00021838319860881754,iron_deficiency_anemia,0.0022860374962417485,0.0014573824027647863,0.007947353544487184,0.0057511561374513544,0.003622706327580975,0.0025828824268744155,0.001378041119101097,0.004163299014767249,0.8597306159190728,0.011570979517639598,0.09831818211423425,0.0011913639797845777,iron_deficiency_anemia,0.002412641797955883,0.0016023732025700706,0.009884637028056427,0.009575202763679638,0.00492080831549563,0.003616463893436577,0.0016943289405211546,0.00816438678696555,0.8493625260215201,0.011220922090313184,0.09587272318104921,0.0016729859784365983
P000658,mixed_deficiency,B12_deficiency_no_anemia,0.10812040882635165,0.691540175399052,0.0010365771379575528,0.0006355475153511982,0.00027980312534161184,1.024321221127258e-07,4.7742272972093e-07,0.0005657356884928745,0.01604074439211797,0.023531107673521283,0.1582431631147066,6.1572722555022695e-06,B12_deficiency_no_anemia,0.18309973471435495,0.5928140957486859,0.0017377471189137812,0.002988153024650873,0.005343122559671643,7.845727387331735e-06,2.7032016004182688e-05,0.0002053388450983032,0.027405572822016878,0.04578863960697362,0.14015314269152446,0.00042957512471804673,mixed_deficiency,0.03296074668990275,0.013550414715015197,0.005134443171085593,0.012571767170847677,0.004876614347045017,0.0077568513662839835,0.003979085638804407,0.008011791019782197,0.14447321325968257,0.02435282164664913,0.7394383745121608,0.002893876462740633,mixed_deficiency,0.04515956854330154,0.009859723283684374,0.00498017918884384,0.012269962903870104,0.004857097221368416,0.003917135728218064,0.0034100985817879996,0.0077175203766705475,0.11693309895819815,0.018051658654733464,0.7689649275782708,0.003879028981052751
P000659,no_anemia_no_deficiency,no_anemia_no_deficiency,4.821680363998472e-06,0.006436042645631777,0.0004033062185166585,8.875141540536566e-05,2.5812358919358403e-05,4.266824028698545e-06,0.031226289613967645,4.913063590131643e-05,0.000140345005738413,0.0871111400345096,1.531661996084856e-05,0.8744947769470562,no_anemia_no_deficiency,0.0008630765014469923,0.05593518013828327,0.005830948752143337,0.006002253201210187,0.0029048667308324097,0.0007007962498159867,0.09366541470028561,0.0016445728090096967,0.0017410915297047741,0.11414100080958797,0.0006306083275160372,0.7159401902501638,no_anemia_no_deficiency,0.0009221712457524346,0.01601539934524024,0.054485922181175005,0.0037060701674550005,0.010192166119290831,0.0010779554058288293,0.04576965247470996,0.008116718319912048,0.0034361451945311376,0.11589828813634334,0.001271904876989096,0.7391076065327721,no_anemia_no_deficiency,0.0007915269976374374,0.015696072517724854,0.03294730109316796,0.003498499174545264,0.015684489330845756,0.000805196909185929,0.054365272889935215,0.0034309978583197693,0.002371050405000237,0.08997538096514092,0.0009315246811499914,0.7795026871773467
P000660,inflammation_anemia,inflammation_anemia,0.0006077652556283427,5.976095615104732e-06,2.4176775450371923e-06,0.000190125919933204,0.00014173132624173553,0.0032513283414678314,3.867112505702063e-05,0.9956012440338946,4.034548164610004e-05,6.592868738383197e-09,0.00011571592494716012,4.672225154809268e-06,inflammation_anemia,0.0008451505799126494,8.846239503006567e-06,3.583174516171745e-06,0.0008682863241817095,0.0008514080231657486,0.0016997481811187383,5.151574517843362e-05,0.9954104528899442,9.198317765174551e-06,1.4967684617816173e-09,0.00024843866217323874,3.3703657721875033e-06,inflammation_anemia,0.0034973660179917244,0.0015041432890398395,0.03371035150141583,0.00962810242474662,0.0044170864789647825,0.00719107401191864,0.0013870512217350397,0.9218653176349255,0.008245046337018667,0.0010919459328806165,0.006109336164004639,0.0013531789853581137,inflammation_anemia,0.015507915165892498,0.005662166649552453,0.11999707188042288,0.04590851722506329,0.0321324132865014,0.03710547350715158,0.00578713939519643,0.682395218775488,0.023205431080649607,0.0036135791914970058,0.02425973380191617,0.004425340040668664
P000661,iron_deficiency_anemia,iron_deficiency_anemia,0.0007902910054269984,0.001017016721376442,0.0065222424839327985,0.004143386042114542,2.502185419109644e-06,0.0002824283455040789,4.336699839537396e-05,0.00037274496034726823,0.9019070687952923,0.05171492380232281,0.03312809241561677,7.593624425162913e-05,iron_deficiency_anemia,0.0005704449640167147,0.000993030703769294,0.004519123418112687,0.003568928728935657,0.0041796747006281635,0.00010712599795266866,3.419458869982173e-05,0.005491773951721178,0.9124980791687862,0.04559737446746607,0.022399704887917718,4.054442199388059e-05,iron_deficiency_anemia,0.007446450321926478,0.0022946426950906304,0.005638195301907762,0.015107444303202969,0.012469958847840988,0.002287874290036334,0.0014359418055693847,0.008008844056423657,0.8603466359783873,0.007052029936329071,0.07659050679943032,0.0013214756638549971,iron_deficiency_anemia,0.0024298147968336565,0.00104305582580661,0.0037568029648206453,0.007020906003750699,0.0031367144848559905,0.0009417163247340494,0.0008747279141014718,0.013210702600182067,0.8821976957472114,0.006064650871137508,0.07862281136480236,0.0007004011017635256
P000662,B6_deficiency,anemia_other,0.003143526441107586,1.3770999597298843e-05,0.48730571115494564,0.5082159764255558,0.000452407580854249,0.00010099370416641153,6.631299245249043e-05,6.290567238334388e-05,0.0005123096688113042,1.0121171940708227e-06,1.9829527114382717e-05,0.00010524371581741598,B6_deficiency,0.0014810788630686498,0.0001867444069377787,0.8992902514282456,0.09272052675042064,0.00193734531031151,0.0006021215625932766,0.000746448190481427,0.0009107127205870803,0.0010581084744547178,3.170303644657486e-05,0.0001360835928314311,0.0008988756636213955,anemia_other,0.016428308988403414,0.0058559343616228525,0.3281104947358973,0.48166346583728187,0.048496308980692855,0.016896556004876846,0.009821596051006121,0.04046971627683739,0.02106129698816358,0.004387609737640078,0.01620273725877227,0.010605974778805458,B6_deficiency,0.013460481935833208,0.004439406852097421,0.42127575290080965,0.37975850412884543,0.026142583411929068,0.01762279504316609,0.006708370659881829,0.09183200311402065,0.012659279535433134,0.004171879145374647,0.010343057585351468,0.011585885687257462
P000663,iron_deficiency_anemia,iron_deficiency_anemia,0.25064033293203647,2.2163291665340874e-05,0.008458000711581445,0.3425069326618297,9.505783731928956e-06,4.885482830160711e-05,3.808064067779595e-08,0.008998793332357712,0.3856572573542248,0.001595570621308009,0.0020308737045695944,3.167669775263206e-05,iron_deficiency_anemia,0.09343273162297479,0.0018397912231287398,0.024870698758243215,0.22387482372229747,1.113806088599345e-05,1.0835821340463404e-06,2.684466346499542e-08,0.04484310517630043,0.6042128258604561,0.0004147988171574788,0.006471163867874697,2.7812463883532617e-05,anemia_other,0.04704612507165658,0.0096566348609623,0.028725675821361322,0.2491792171207662,0.13410626321062788,0.07040897891285366,0.010779890234441014,0.04765147960703557,0.22335266944450052,0.008734399023849069,0.16369470577955628,0.006663960912389625,anemia_other,0.02580591479508394,0.008274424992866685,0.026342239411268613,0.39532149123838745,0.10699502909603283,0.022190345090102242,0.008732600284949023,0.04771096069677765,0.2613147526696826,0.013869075620731051,0.07509924705097647,0.008343919053141458
P000664,no_anemia_no_deficiency,no_anemia_no_deficiency,0.0058483653969274236,0.21486637471502434,0.015170222097736859,0.05240050210127043,0.004846867425475465,0.0091651020311465,0.10283894173883273,0.0051406346877488724,0.0026363168057164737,0.040976655788340546,0.0014849989632320301,0.5446250182485484,no_anemia_no_deficiency,0.005134607082472288,0.2094121560703119,0.010510831707869732,0.07088973882973658,0.014866874068317902,0.008618249991952539,0.13394404970780036,0.012248719994884461,0.002360444007076397,0.04136186540006752,0.0011950333377614482,0.48945742980174883,no_anemia_no_deficiency,0.0012247055982363253,0.13804290479746995,0.016416481700449525,0.008416809096518766,0.006403921437466779,0.0020968624859198297,0.10092862194337701,0.004465390670989293,0.003184165485413959,0.06745628319317623,0.0012152548912878075,0.6501485986996947,no_anemia_no_deficiency,0.0016131655793326903,0.26289044326778954,0.015690624792060678,0.01463795317383007,0.01226550632751303,0.003035625845804509,0.0638080058833651,0.006510748878782681,0.003338881143494306,0.046119685061369785,0.0018014753726870478,0.5682878846739706
P000665,B12_deficiency_anemia,B12_deficiency_anemia,0.9990568445474126,4.175240208317418e-06,2.3820205499055717e-09,4.454393639362077e-07,1.810159877954692e-08,1.906364676703586e-10,1.3710564669148674e-14,1.1719935785518477e-08,9.621867862461548e-08,5.770447384441522e-12,0.000938406153677387,6.83553888390161e-13,B12_deficiency_anemia,0.9981441350075229,4.489137354172853e-07,6.829571139704906e-10,7.148158465053477e-09,2.027631956849878e-08,2.334121328813158e-12,2.9280499050982895e-16,1.6485072751185265e-08,1.2351084322040172e-08,2.8344776762015766e-13,0.0018553591325087301,2.2836504487138092e-14,B12_deficiency_anemia,0.8600875055174894,0.006594548424229397,0.0010110671446286852,0.0023930605924941464,0.0018408050611459941,0.014514933694248878,0.0016323449649910866,0.0012002478512641295,0.0028760074535493754,0.0006009803396962919,0.10660454776590698,0.0006439511903558656,B12_deficiency_anemia,0.9362159026934967,0.0024931164976159225,0.0003301482332399454,0.0007579226349306491,0.001172384996777798,0.0038034265503994026,0.0008599294257694976,0.0005666827854441443,0.001090522031041368,0.00035263839507566013,0.05201621450059942,0.00034111125560959356
P000666,anemia_other,anemia_other,0.005704756169542051,0.00039303425268803874,0.0006194119183675598,0.9727522544282085,0.0014373369219206713,0.016446960214248442,0.00047387253912811733,0.0005936551380188859,0.00040835316389907907,4.513942639941945e-06,0.0008677515992848867,0.00029809971205382147,anemia_other,0.050760615310758594,0.00029130976762595646,0.002486548924291543,0.8218293403168901,0.013072434933926909,0.10706564553175026,0.0006051842393752171,0.0006754654607780789,0.0004584714012429551,2.694169068078322e-07,0.002691922794909166,6.279190154434352e-05,anemia_other,0.014899645076437918,0.0023772987403641067,0.008010274835135332,0.9076227869160859,0.008718738336698527,0.04004937373827916,0.0037570173901570864,0.003995880076117881,0.002802112985108398,0.0007635921913704143,0.0044728365889400755,0.002530443125305406,anemia_other,0.1586433415267132,0.008697516235615403,0.016230715097867488,0.4724828477264782,0.06111715826935739,0.21987818445166732,0.016506917314068906,0.011702398707197333,0.0055473379614899235,0.0029901452780297638,0.018785519487028602,0.0074179179444865215
P000667,latent_deficiency,latent_deficiency,0.0003583393986915407,0.0002522612048125841,0.04605887538463277,0.003754649130519348,0.0019108588993036757,0.0007698724061864525,0.06842149070671562,0.0010588142453807432,0.025193972149273006,0.6110389443980234,0.0017266306072933047,0.23945529146916752,latent_deficiency,3.032258425071134e-07,5.505871095880078e-07,0.010863487097182488,0.00027025725563613226,0.005149653965619584,1.2068642994107731e-05,0.0063547894805279816,0.00024095195940147771,0.002319023558612995,0.8012426253283382,4.413076661780883e-06,0.1735418758220733,latent_deficiency,0.0014264291531671306,0.08570444101681081,0.1132293212855349,0.005672586858576527,0.01143280565265268,0.003359128315978562,0.04102067978796315,0.004531218731632162,0.012256304378201424,0.5926208919920884,0.0037898113825370087,0.12495638144485716,latent_deficiency,0.0011520864026096135,0.030674795513735177,0.09390247952173586,0.0046572777533017504,0.013173466793083758,0.0027257559673075533,0.03941964091342783,0.004391945886874394,0.006978262364227153,0.7113732997657712,0.0026068860249016212,0.08894410309302396
P000668,anemia_other,anemia_other,0.0017893107918479886,1.3657604218641646e-06,0.006337526114528288,0.9741309254951054,0.0026630653056149557,5.1927731311676404e-05,5.799593545053978e-06,0.007045329955681975,0.001658128765209156,2.6571501401461146e-05,1.0930642576091088e-06,0.006288955921074588,anemia_other,0.035374585584708476,0.18057721342731686,0.024860128141904806,0.5671682932571114,0.11315172415501851,5.636804593979865e-05,2.819396674220232e-06,0.06117984665512863,0.006789454706272253,0.00010281262495914443,8.642811651957453e-05,0.010650325888446319,anemia_other,0.01132217846101701,0.005110966512600603,0.00903130984654855,0.8486652460453484,0.016763942464752796,0.04810283208950579,0.007990274851772835,0.02055699485660455,0.015626602930195795,0.002444873888063986,0.009073808142150596,0.005310969911439033,anemia_other,0.04499319225446334,0.013462388082932007,0.021822752463995284,0.6805991018606049,0.06147676125488476,0.0646850294285395,0.024713039649391342,0.042523009986466104,0.0140285471528,0.004429989551005258,0.01654808019240606,0.010718108122511576
P000669,mixed_deficiency,mixed_deficiency,0.0021738561671766484,1.5728037786726235e-05,0.000504008749510409,0.0013546953322694478,0.001193079511160736,0.00853832797733153,2.5082454659028963e-05,0.001504904692478401,0.43985866012844094,3.956394333722134e-05,0.5447919064457738,1.8656007512486224e-07,mixed_deficiency,0.0003229584138366708,5.2070762494118364e-08,7.196849736495144e-05,4.363990661326652e-05,2.8133680890007086e-05,0.00036115317583434195,1.2074330607750203e-09,3.3157555873341214e-05,0.46403122838467187,4.2140556023897023e-07,0.5351072856866136,1.4546122010449834e-11,mixed_deficiency,0.008316889201277837,0.0038876780475204193,0.029982221310062427,0.026165738627650658,0.015133615339870694,0.02116546615454795,0.006027567266866586,0.04929471867007703,0.30847051737799697,0.007308564775092323,0.5210766176549305,0.003170405574106573,mixed_deficiency,0.009918294140835037,0.0046545381554518326,0.03300452648446618,0.01846303666371155,0.015070271728682976,0.017505814758586046,0.004843380227096556,0.12060656385028311,0.2451119276966557,0.007781368377436999,0.519213264659946,0.0038270132568479563
P000670,latent_deficiency,latent_deficiency,6.705578904201372e-05,0.008272296201404362,0.006968740432749354,0.0003684832240735131,0.0004534884173296737,6.085155304283539e-05,0.02635870091556708,8.880963398254464e-05,0.029406742338271202,0.8623367892715255,0.0026210997982211203,0.06299694242479072,latent_deficiency,0.00151176343367645,0.025339993998130278,0.01976276685817125,0.02231156627374234,0.009713797840297756,0.001257824045628086,0.05530692029180236,0.0009649770500054279,0.07189318374871224,0.6668484076708868,0.012754925283226788,0.11233387350572015,latent_deficiency,0.0005501311988608479,0.003595221202779619,0.007882916267937004,0.0018518527951469437,0.0018946014139505135,0.0005691071798169234,0.004367000108781807,0.0019965502854518646,0.007903311871326021,0.9464351564547959,0.0021261258828542697,0.020828025338298035,latent_deficiency,0.0006251008416169268,0.0032182880295794753,0.006029580295578439,0.0023244346112955175,0.0030475452976809056,0.0005395663773536478,0.0040464349625510725,0.0033649385433894355,0.010184701679507724,0.9455637590824892,0.002697417661823767,0.018358232617134047
P000671,latent_deficiency,latent_deficiency,0.000355727136639867,0.00022084992157463752,0.001201849164149464,0.001112265011354485,0.0003874567471527582,1.490980685415412e-05,9.901279176294138e-05,0.00036796610473354796,0.07070728230394299,0.8873529040293838,0.01046953723077105,0.02771023975168042,latent_deficiency,1.5579691914048173e-06,3.282415091255809e-06,2.8846266820916373e-05,0.0001070876416646349,4.3667107018506775e-06,8.746054433900096e-08,3.417776054806838e-08,2.5117711884113548e-05,0.03379083719466866,0.962583609730439,0.0013632954109563992,0.002091877310276832,latent_deficiency,0.002774847688237404,0.01663270780392257,0.007784168737906934,0.012213182265155382,0.00338503859089942,0.0034506877710595474,0.020907412641522412,0.008233701551738243,0.04416517263321261,0.7904119757284597,0.013705221859973851,0.076335882727912,latent_deficiency,0.0019174844573327135,0.013934106554510918,0.003972784726733317,0.00964834436166705,0.0027296139466923457,0.002502693301873705,0.013431609631959144,0.010066813618540286,0.019998550946737404,0.8732614721110501,0.009141040766623181,0.03939548557627991
P000672,anemia_other,anemia_other,0.01100094106133842,0.00017749474820106089,0.006290209279724232,0.8407661857479306,0.006745489722248122,0.10380093570247657,0.0034945231472242855,0.012675837725394658,0.005429553241882788,2.2908671702094535e-05,0.00875327212843384,0.0008426488234435162,anemia_other,0.010514737576711857,4.815703504576947e-06,0.006842739531026211,0.7907870358816135,0.048479151717308405,0.10324050195025969,0.00042771783120261356,0.029116498100413633,0.005735120408503896,5.623194458197056e-07,0.004838078880240311,1.304009976951125e-05,anemia_other,0.013788732230680341,0.010827169933619934,0.008816665984631957,0.8234181586533669,0.02008635666072912,0.038796028380104264,0.011154668815217999,0.027544751771191672,0.018693557798754548,0.0031839131598809427,0.010793027670066919,0.01289696894175535,anemia_other,0.010405107949832177,0.01238472732693872,0.014059615833314653,0.6342407853331773,0.08248509321972564,0.05641540933671068,0.011673924814714158,0.1119405481214296,0.03222830204427177,0.0037364698745966673,0.01634696133743837,0.014083054807850336
P000673,B6_deficiency,B6_deficiency,0.0002496234398422545,0.00014489378666781,0.9937086980187729,0.00014052147110681621,0.00024400988292943513,0.0002032771967465947,5.2246787738500895e-05,0.00018724922102546527,0.0032835057535487685,1.3657390165624777e-05,0.0017654168647012766,6.900186754452882e-06,B6_deficiency,1.4270458926550703e-05,3.1811666458314435e-06,0.9995854410100378,1.883770517299744e-05,5.794624382335274e-05,8.3540447407888e-06,2.085440280531593e-07,7.052607629602904e-06,0.0002555890980719252,1.0829457952065968e-08,4.907845089753717e-05,2.98405677373376e-08,B6_deficiency,0.014391412434285482,0.005713284004005748,0.5705635203198144,0.03716733830624957,0.051251251772558855,0.015230674131445323,0.005994225986245875,0.0273019636654066,0.21359703630969623,0.004384957371045658,0.05096764905295085,0.0034366866462953553,B6_deficiency,0.014039811017769683,0.004452408545861781,0.6668345720409387,0.03682605376448367,0.06899824275517855,0.017378684881810116,0.004304048590852778,0.03277935977619665,0.12087868583777711,0.0034008940608192995,0.027504304977186762,0.0026029337511248793
P000674,B12_deficiency_no_anemia,B12_deficiency_no_anemia,0.004002344868870094,0.8075012872098591,0.002583042464529647,0.005273430004769699,0.0025631138021787988,0.0165687873086314,0.08169934144122751,0.0011596513373165777,0.0006137195782105907,0.02492138189737907,0.0170176129571692,0.03609628712985835,B12_deficiency_no_anemia,0.006752734525327751,0.8233335822959966,0.0007128064056868574,0.0030159455633975134,0.0014194503886973138,0.010904086243969435,0.08327774833667272,0.0027651397025466647,0.0006872030394645597,0.01870695983433462,0.023951141674793393,0.0244732019891128,B12_deficiency_no_anemia,0.0038627957609495677,0.6234843932004247,0.004491109072415038,0.006647965319274159,0.013034785612766121,0.010538151990085105,0.21107279333858653,0.003531733897346626,0.0026812564983674965,0.011824956728110325,0.0033483805505627215,0.10548167803111169,B12_deficiency_no_anemia,0.0015450951580394212,0.8142861928849416,0.002099411380252292,0.003110941300112317,0.002309518474922427,0.0027317029436084964,0.09259354513671576,0.0013407363605037557,0.0013161728389347752,0.009683584064777182,0.0013559122255856382,0.06762718723160654
P000675,B12_deficiency_anemia,mixed_deficiency,0.03836226350813484,0.0007764312398915969,0.00019001053422419448,0.08515501800758785,0.000792342063779533,0.003376944927676527,7.673009974166322e-06,0.0008781317517214871,0.0005731415751119607,3.0325271605772073e-09,0.86988789588474,1.444646305758951e-07,anemia_other,0.06095785938769288,0.00038138653813887016,0.003695312925441201,0.58786096614582,0.018841306547023633,0.09861203526985174,1.276937459652742e-05,0.0005787476031499948,0.0009964103105925197,2.3890582728321005e-09,0.22806317624726286,2.726137165041854e-08,B12_deficiency_anemia,0.41192622197510936,0.036927102190220835,0.019263316402747005,0.1301377353748205,0.012908626036248521,0.2003570237213898,0.023034202631108676,0.010110931907553633,0.009009501890682508,0.004241450397688763,0.1347556275975266,0.007328259874903791,anemia_other,0.11633852927281184,0.05113117705657065,0.017914834316556532,0.34822191449020456,0.02884611407943686,0.29621976009962436,0.031211271648700006,0.011571751147280568,0.009225609468540938,0.0055182829979582675,0.07198946869135775,0.011811286730957734
P000676,mixed_deficiency,mixed_deficiency,0.06594372211551468,0.00198045740603732,0.004938191696425963,0.003769708949132705,0.0007785445749854681,0.0007650527220455143,9.124526395401209e-06,0.004858149030132923,0.4387184269157362,3.795289386581405e-05,0.4782001794978297,4.896718980625747e-07,iron_deficiency_anemia,0.06206636011115453,0.029625104747929953,0.09609764398851237,0.14480104855119205,0.036431898644398115,0.010907720735497575,0.0016583514817988894,0.015729684128899787,0.39048459135822694,0.0016716849769712056,0.2104777763722434,4.813490317507317e-05,iron_deficiency_anemia,0.03309104772670146,0.008344707157169309,0.10433127859993477,0.06081283394930733,0.025050263085650195,0.01565689634960847,0.0073016269808088745,0.10130798741173178,0.49800063642957265,0.005854817035186203,0.13621351908229792,0.0040343861920309,iron_deficiency_anemia,0.03230915405921025,0.008857235579657936,0.1039358106885948,0.0941178697644483,0.04256342967516644,0.018034352723077473,0.0045812907232886885,0.06369465939250195,0.5215330335152147,0.0076763185990705194,0.09836181482100519,0.004335030458763678
P000677,B12_deficiency_no_anemia,B12_deficiency_no_anemia,0.004179013472822086,0.6647063777004221,0.005727257097931909,0.015875823930585342,0.0001723338717079059,0.004454201649160931,0.062105196416218617,0.0013468673633971555,0.0007889286021605988,0.021158128896680267,0.002147879449955774,0.21733799154895725,B12_deficiency_no_anemia,0.0017665529111638666,0.8407978336886804,0.0007578075103279321,0.005711108699806534,0.0015159774366304178,0.0013812235402753073,0.02645835689294842,5.199085726492187e-05,2.5243814630719244e-05,0.006282921339198396,0.00020813226571021672,0.11504285104336283,no_anemia_no_deficiency,0.006061326166440943,0.10328076960193365,0.030597743268933573,0.013199047828760333,0.05904243237143694,0.011046603663195181,0.07312948680502317,0.006437784260940349,0.008457386223132461,0.12331688376538341,0.006878355760403244,0.5585521802844168,no_anemia_no_deficiency,0.009858009834480838,0.24320567230304013,0.03946002647180558,0.018356747031626996,0.028517374042217495,0.01785566801797413,0.1195839611118403,0.006129243947266311,0.0070877729523723095,0.10071586265765285,0.007588959226622493,0.40164070240310046
P000678,inflammation_anemia,inflammation_anemia,9.459823654823878e-07,1.6570553030344596e-07,7.246492874986203e-07,1.0712980287266565e-06,6.973909597661769e-07,1.9525822102540915e-06,7.426525519482338e-07,0.999992448371051,3.625018079472304e-07,1.66855748358322e-08,6.920331814590174e-07,1.8014745084095532e-07,inflammation_anemia,1.1353916584620636e-05,8.45179199187706e-07,2.745099455332449e-05,2.298444393287918e-05,0.00024100273556940083,2.740133484217371e-05,1.746367537648148e-05,0.9996329010932961,2.8511900094374476e-06,7.043496744262355e-09,4.154466430390843e-06,1.1583926709396235e-05,inflammation_anemia,0.004866655856512145,0.002009849893183732,0.006637907219216805,0.018928067537344193,0.011275036486034843,0.016875292083295888,0.0024896786661577604,0.9219482703464077,0.0037382364893138813,0.001172919072115646,0.007898663845094054,0.0021594225053235567,inflammation_anemia,0.011471656853818547,0.008259647033993475,0.018524995406454723,0.14459333220921453,0.2414201817774406,0.04988820916271968,0.017744921324162846,0.4678869853257887,0.015384346833901266,0.0035972428798729827,0.013614772586057155,0.007613708606575691
P000679,B12_deficiency_no_anemia,B12_deficiency_no_anemia,0.023357154732486975,0.9723881672751189,4.7789353901704436e-05,0.00036887025050227586,0.002824052200371401,2.881025203916162e-05,4.961880294214237e-06,0.00026370586377009797,3.306679751333322e-05,0.00021804633573856686,0.00027366506807305205,0.0001917099901900657,B12_deficiency_no_anemia,0.0012933514117367338,0.9987009190854647,4.5461273825527214e-10,1.7024053776219946e-06,1.4872459451819503e-06,6.49398742464379e-08,2.3150942840140086e-09,4.3315956456329e-08,2.4278698847641294e-08,4.89657836721798e-08,2.1047011990294214e-06,2.5088025662777054e-07,B12_deficiency_no_anemia,0.06232649857251852,0.45994492411227905,0.008064801801592204,0.02024689074689778,0.07298394721621293,0.08864888923712483,0.22200584113070637,0.010085896780572123,0.008125202088378095,0.007544320507366872,0.01771306583086268,0.022309721975488403,B12_deficiency_no_anemia,0.051865383198297456,0.6624369698775611,0.004823439492661526,0.016656229370922475,0.06839817316817645,0.040453857070697256,0.10355346570662535,0.007858431578884219,0.007854705153833042,0.0073936424960669815,0.00865943612780968,0.020046266758464444
P000680,latent_deficiency,latent_deficiency,2.1065451385083824e-05,0.01292992354618128,0.002359094744610417,0.00018508254465715387,9.242900086284885e-05,4.7641864932612254e-05,0.017240217221881828,6.451652094279463e-05,0.0022491855019691723,0.9291455768246929,0.0008012132640070953,0.03486405351387676,latent_deficiency,2.7240811556772754e-08,0.001207241536427873,4.012438478641269e-05,1.1081319073522037e-05,3.738249518998795e-05,5.63690184266885e-08,0.0008401783176429348,2.672067258132953e-07,9.374488986371307e-05,0.9827123467127145,1.4091504081022116e-05,0.015043458023664243,latent_deficiency,0.000500479397015438,0.003362211953973831,0.027908709724515587,0.0016047934100315005,0.0017479735225075517,0.0007509672348885888,0.004303313510790471,0.0017555073941596508,0.0077950248794703275,0.9322470800930204,0.002211721474048871,0.0158122174055777,latent_deficiency,0.0006023288906101807,0.0026852130734675724,0.017499909389795763,0.001263262429941732,0.0018643530881619858,0.0005072763838037532,0.004120049057400683,0.0015174400698157499,0.004200511548056586,0.9367785073744739,0.0017574094702301288,0.02720373922424226
P000681,folate_deficiency_anemia,folate_deficiency_anemia,0.008823058296910331,0.0006187056317910181,6.922669630298295e-05,0.007879605377793076,0.02237708930586548,0.817295814375031,0.04346627143742301,0.0016960723104228405,0.0010272236045194407,2.458633623964829e-06,0.09672526284195387,1.921148836325161e-05,folate_deficiency_anemia,0.027518633798392887,0.0038939836651960915,0.0007792675287798308,0.056065493367442425,0.021874364364344583,0.7118682132773885,0.09526062802769292,0.011660366238601588,0.0020343027527379627,0.00015652264121785765,0.06850415424014022,0.0003840700980652898,folate_deficiency_anemia,0.11952392179242843,0.025007738563546347,0.00542440507434334,0.035000127429332305,0.0361511825578602,0.651020071825124,0.02125147892380307,0.009238703595448518,0.007856746035182867,0.002252366641155227,0.08263877736863776,0.004634480193137662,folate_deficiency_anemia,0.05190737832447221,0.016075124938254907,0.0036313424340586177,0.0384315891853626,0.03716573409786762,0.7623029311039392,0.015021386257131779,0.008271335975461015,0.004958702280544484,0.0020620375981198627,0.05633741299916358,0.00383502480562423
P000682,latent_deficiency,latent_deficiency,3.4422697128820868e-09,9.542134614388837e-05,0.00010732345287192043,2.580229274233225e-08,2.2106948516356489e-07,1.598262589572134e-08,0.0006800528289844092,3.6259391346813184e-07,1.947807027036616e-06,0.9941622183097065,1.3331107979497326e-07,0.004952274053599528,latent_deficiency,1.000685876200324e-05,0.011335225908395877,0.0006781641189846593,7.307607973834126e-05,0.00012733689797517046,1.6623128518303506e-05,0.019390309503785914,2.0560718262485773e-05,0.0007438939427179314,0.8104013530085618,5.1236164597765656e-05,0.15715221366969978,latent_deficiency,0.002587891829821929,0.009567900296934068,0.038060833591183965,0.0030973545565178735,0.005557943551555717,0.0023465356455859843,0.00872164474508898,0.005378321946927295,0.012624017205207361,0.8869335620799349,0.006152004706573268,0.01897198984466875,latent_deficiency,0.001053516222668717,0.004147173943077472,0.015442370166432441,0.001679765718580818,0.0022315371240149485,0.0008437592493557107,0.0038228862549576225,0.0015909356822130251,0.006732540419978127,0.9474215200009286,0.0026406312421627864,0.012393363975629578
P000683,folate_deficiency_anemia,folate_deficiency_anemia,0.02413237879471227,0.00799171396932428,0.0006180363792192128,0.014326708399293949,0.0049380431328811146,0.6744990151956584,0.23266859056734604,0.0005565794821653246,0.00010466470298073222,5.4945213366447106e-05,0.039758717235510325,0.00035060692754183164,folate_deficiency_anemia,0.1256362735962078,0.008164634791090175,0.0002610973033239916,0.008295358907223976,0.0022083835915538705,0.5321416161862076,0.23211703427714106,6.42404082638342e-05,7.586764300678574e-05,2.9956417661650137e-05,0.09084086820154476,0.00016466867677455475,folate_deficiency_anemia,0.09029464286806987,0.016352037494440006,0.004515493321589944,0.010504018432249924,0.015266302869623695,0.7275549161237345,0.03265448231635825,0.0021600148635259643,0.003172510652970349,0.0016513170998117938,0.09342538123226189,0.0024488827253637603,folate_deficiency_anemia,0.2937056658386332,0.01983772434998997,0.003310535124349006,0.006784731965766973,0.005463271884164443,0.44898044899970446,0.041740874508576976,0.0025132401513213477,0.0026302600447050393,0.001874667765008093,0.17141175091028416,0.0017468284574963006
P000684,B12_deficiency_anemia,mixed_deficiency,0.47611357198030796,8.740467092091114e-07,9.351167619371252e-08,7.656254070366433e-08,7.307225227398408e-08,9.7932144144006e-07,3.827794185558674e-10,2.8825580806331867e-08,1.5240734297178717e-06,6.524578444036776e-13,0.5238827782225958,3.413713736007937e-14,mixed_deficiency,0.3089944707662264,6.427013519338151e-07,4.475895486077445e-06,4.396167368809842e-07,7.373751242473258e-07,9.642822074552152e-06,4.605197898520471e-09,3.369416902551267e-07,4.503708887375176e-06,6.613455035941178e-13,0.6909847455665542,8.769509533648748e-15,mixed_deficiency,0.23543490739114498,0.009491341937074441,0.024584203532746287,0.03759168152394492,0.023530442135886,0.03185500264400374,0.007204121148752664,0.0069996181696623085,0.01819912352887487,0.003903577421175848,0.5971196703157894,0.004086310250944699,mixed_deficiency,0.20956895790206556,0.010206578507206802,0.037212163726785215,0.03940469256269867,0.015421729193282678,0.0527827773549612,0.010668832022815678,0.007738906985523653,0.033199993642091974,0.004251456211760433,0.5752921262508296,0.00425178563997855
P000685,no_anemia_no_deficiency,no_anemia_no_deficiency,0.00020189567373761567,0.002059297966718245,0.006487469018634726,0.0033776964735746824,0.00021157988001905867,0.0011960592708718182,0.10707905555349664,0.0005716790703601315,3.8056394427201745e-05,0.006524388726954921,2.7867272908366793e-05,0.8722249546982965,no_anemia_no_deficiency,8.057358382537363e-05,0.0017077583292088774,0.0018050570139647808,0.005872181550678542,0.0006124707354599573,0.0012191101843632578,0.09770766093068829,0.0006792643297853674,2.5332094640463432e-05,0.004416769447187445,1.3285792058193632e-05,0.8858605360081395,no_anemia_no_deficiency,0.00147282876346701,0.045100139448606455,0.016112140560618635,0.007819955253146858,0.0035493760805093413,0.0032147220335979835,0.05505978426247092,0.0027790143680494427,0.002141744890480347,0.03270408427511267,0.0012282003624569451,0.8288180097014834,no_anemia_no_deficiency,0.0019099071450486007,0.03604183556981879,0.014733561629149199,0.013172796902626994,0.007670503525852843,0.003874940713835178,0.03705976903540696,0.003861844358951735,0.002088133640301832,0.02004309258510509,0.0014549668776243176,0.8580886480162785
P000686,mixed_deficiency,mixed_deficiency,5.3293401266027e-06,4.9724679256008397e-11,2.425758163672795e-08,1.2738703568843304e-06,4.678734371970256e-07,1.234995410852185e-06,2.2255585271635507e-12,5.226295940531137e-07,0.08098621450584019,3.077201519715877e-08,0.9190049017036802,6.997047965126967e-15,mixed_deficiency,2.5391101520542113e-06,3.10445297703218e-09,1.6094576721151103e-06,2.5266727248439035e-08,7.035076888609921e-06,5.794786841284696e-06,1.6709367758663745e-13,2.440428105187168e-07,0.11445148855724101,8.04773125503225e-09,0.8855312525493085,7.334972882975823e-15,mixed_deficiency,0.004364011695284631,0.001384600884929176,0.010768589162583156,0.009985382879567978,0.006159962756566188,0.007957512665750672,0.0017212669513192223,0.006302774826345181,0.4195368815302272,0.0030197008650036114,0.5276990642366225,0.0011002515458004359,iron_deficiency_anemia,0.002719682801643155,0.0009110252922812595,0.011687735464686669,0.008346647270562108,0.0037709251673855443,0.004922974766262709,0.0008800947899136137,0.0033793443188933664,0.6471944356894621,0.004329480183007637,0.3111899893283289,0.0006676649275727916
P000687,iron_deficiency_anemia,iron_deficiency_anemia,0.0001779580015224684,7.448977274000924e-07,0.004035277766322745,0.00021030226755398092,7.208423628035356e-09,9.844644387437677e-06,2.98789689340862e-06,0.0003657847209127922,0.9557441777288775,0.001470654827499312,0.0379822087764948,5.1263384354690776e-08,iron_deficiency_anemia,0.00017741965973815923,9.075045245590587e-07,0.00235632782084906,0.00021170324092777465,6.691253646390346e-05,1.5772656817218345e-05,4.1776983985833475e-06,0.0005371502319414823,0.9535361763382191,0.00038936268263763335,0.04270406716386562,2.2465616979429148e-08,iron_deficiency_anemia,0.0031390483550152604,0.0013611751135789727,0.00565372759984315,0.004989833857540968,0.00947521362936311,0.002362794829881173,0.001764439453708655,0.01113538439803321,0.8798200170747835,0.004079854706563489,0.07487598334641536,0.0013425276352729753,iron_deficiency_anemia,0.0013060798070750447,0.0006162819141974135,0.0025204062249244473,0.0015531849449564412,0.003712669685444268,0.001092088213367018,0.0006375945232155735,0.0049069596158787185,0.9173004354014153,0.0017402785516838792,0.06415655245480185,0.0004574686630400489
P000688,B12_deficiency_no_anemia,folate_deficiency_no_anemia,0.012107495099180514,0.3079118960608659,0.05247691871718035,0.013862291412403903,0.002066694550305634,0.0012460551023908521,0.42687617758453844,2.4199801285132694e-05,0.0004461609507580005,0.0027645781499412167,0.0010718029159253097,0.17914572965522477,B12_deficiency_no_anemia,0.002501178623455891,0.6958771365547859,0.011617212505928514,0.005197722097908809,0.0009099665541982507,0.0011103239707120122,0.12464350281494511,1.1434078860307139e-05,9.968331701721757e-05,0.0012637443460348247,0.00018426862339884485,0.15658382651275415,B12_deficiency_no_anemia,0.011020259681263118,0.3765738798441082,0.03877988491371578,0.02300555608388477,0.033147402378731546,0.010028764469182957,0.12646884287033017,0.0052533334010199445,0.011564678438824324,0.07558206256947354,0.008611677407517651,0.279963657941948,B12_deficiency_no_anemia,0.015727986302048625,0.6782427075509138,0.014873886188904133,0.02317284050645992,0.013807419783239327,0.006842175027549631,0.05996777088051391,0.0043472577228736925,0.005880860862151928,0.03246819434795156,0.009009010942059165,0.13565988988533437
P000689,mixed_deficiency,mixed_deficiency,0.0003674096771175969,1.96220610980143e-05,1.8257313382851207e-06,2.4386588163205344e-05,3.2082870144936664e-06,1.9155504035991817e-08,4.202739965840252e-11,1.0613686211677547e-05,0.07193596178868114,0.008540286645522695,0.9190966507504614,1.558686016717334e-08,mixed_deficiency,0.0028655283461307855,4.86972140805524e-05,1.8903493879423553e-06,3.1773158084301274e-06,5.795034115658184e-06,9.173210869430838e-10,5.6065961068620885e-12,4.957736347300905e-07,0.008983160207020245,0.0012797539504884896,0.9868115005014116,3.849938564859388e-10,mixed_deficiency,0.014247730327453722,0.002217004130044842,0.004973680652207309,0.006618912151860064,0.005753740608916612,0.003428774046608554,0.002387482973522381,0.003939752768391428,0.3156338011836928,0.0039584490199086565,0.6353896348865816,0.001451037250812084,mixed_deficiency,0.016584709900571665,0.0017346755942730641,0.002144578948260234,0.004444403794409193,0.0022331103009623245,0.0018426752136120996,0.0012347035132572724,0.0026045395461244975,0.07703519937401701,0.0022295492014441985,0.8869936363718833,0.0009182182411850725
P000690,anemia_other,anemia_other,0.00026267343744499824,3.190010496351849e-05,0.0044044576531946,0.9452017964730164,0.0016821506217307733,0.0007664841346973594,0.0013300136723640664,0.0015305795221641088,0.0315907909534287,0.0048363505576871245,0.0007084956942891023,0.007654307175019441,anemia_other,0.012525921773608343,0.06537591250313904,0.0788271079059513,0.4385026078219691,0.0708818834966743,0.01322870579117764,0.01248977113897682,0.02794997226266386,0.1486742756749739,0.053225675561547024,0.03342083385905728,0.04489733221026154,anemia_other,0.011205900888183658,0.03103497174134966,0.29572545710408404,0.3531440594642248,0.03235072050502569,0.02242780109422761,0.02387823991011927,0.05744797627075457,0.049701760160019884,0.04494157312456947,0.01651753744852609,0.0616240022889155,B6_deficiency,0.019578449801090102,0.04044320789424876,0.38121608711089,0.12021745228084467,0.0707750014218733,0.02421968579894743,0.031980016050915334,0.1213744706244038,0.06339619125718073,0.06247509241016375,0.024047162715312407,0.04027718263412955
P000691,iron_deficiency_anemia,iron_deficiency_anemia,0.0017606200056268025,1.0506901663767862e-06,0.08435120496905808,0.011881232615906253,0.014831835877734838,0.037814011829895786,0.014456493776147045,0.007296667708027202,0.4666261423028378,0.02313829759013791,0.3362982643477158,0.0015441782867461175,iron_deficiency_anemia,5.26452292907207e-06,6.622950447653825e-10,0.06386555509722305,0.0009207975446728205,0.005183398724239177,0.004970809537933142,0.0009630427479510045,0.2567225757694119,0.558906460905609,0.002431682975651255,0.1059904695787886,3.994193329583765e-05,iron_deficiency_anemia,0.011578487426286014,0.012725455462996322,0.1468874977944405,0.20514904944214432,0.08924021968075456,0.038505543344759155,0.0147951931234184,0.13324053939743927,0.23435352692769812,0.009518845832217362,0.09709867161406302,0.006906969953783081,inflammation_anemia,0.004293715871157977,0.005360922420301636,0.1323582243884527,0.17360454720829244,0.02585474440291591,0.022808393961910374,0.007874046651387346,0.34178251172336127,0.2160497327326414,0.009102824977576748,0.05588060955126443,0.005029726110737832
P000692,B12_deficiency_no_anemia,B12_deficiency_no_anemia,0.0059841365532627075,0.9917504716757692,6.092362204779254e-06,2.15768216589721e-05,1.0620957283775983e-05,0.0003221115929541817,0.0006856952586014944,7.059494615280075e-06,7.812979102399556e-07,2.102616796741754e-05,0.0011762994606269285,1.4128357144766077e-05,B12_deficiency_no_anemia,0.015006632102433535,0.9412828462635509,8.424594381346512e-05,0.0008958674368297015,0.0009910174018194589,0.015029137737217568,0.021531296876260497,0.0003165519360706771,3.115273106139777e-05,0.0013496339319646164,0.0029767830654621845,0.0005048345735162159,B12_deficiency_no_anemia,0.003559524006468451,0.9648067057478952,0.000978773322869484,0.0007777865145874383,0.0017245137322246013,0.002697437429518141,0.018275132876213435,0.00045959617436025,0.0007616869122497045,0.0018272834204271337,0.0019025220103855071,0.002229037852800729,B12_deficiency_no_anemia,0.006889380907811619,0.8538673371524615,0.0015352029673330837,0.002040872031635051,0.008616260188177932,0.008404797836423701,0.10448808724016453,0.0008967173924928152,0.001420463341516864,0.004177551178883589,0.003966327033065046,0.0036970027300343438
P000693,iron_deficiency_anemia,iron_deficiency_anemia,0.00046695822136854135,9.257139320183e-06,0.0033201992027506685,0.0005487782343100091,2.587290124584852e-05,3.858182767146193e-07,8.325059313414972e-08,2.903870372321304e-05,0.989572772018289,0.00031812331025732825,0.005708143312519217,3.8788734636872553e-07,iron_deficiency_anemia,0.004779082546248955,0.0005262759653785035,0.013482975633323183,0.006718252939522252,0.0028438682281560243,3.961895072453616e-05,2.7087393509685716e-05,0.0002793659307315633,0.9286786077037844,0.008556524482007171,0.034049696490016976,1.8643736596630053e-05,iron_deficiency_anemia,0.0019693256721392597,0.0009610374398245641,0.004576069859409091,0.00365106048241078,0.0012720357911354344,0.0011324030753712795,0.0007237828062368355,0.0036042577213132973,0.9259721922451848,0.0027150887713361612,0.0527490153813775,0.0006737307542612033,iron_deficiency_anemia,0.0032599797199047965,0.0008820373561726568,0.0025551399724972066,0.0045708227608390216,0.002902455159299054,0.001348192755249714,0.000719857066529485,0.0026460715872928813,0.8645611514306953,0.0023121907291408206,0.11356933721638407,0.0006727642459948019
P000694,no_anemia_no_deficiency,no_anemia_no_deficiency,1.9187404305796617e-05,0.01310429935933106,0.00015015540703436418,0.00014367803330608977,7.964459183786056e-05,1.864932071637307e-05,0.023094856998591207,2.1583419929872162e-05,8.004425391383113e-05,0.05747776770811211,2.9103130414712127e-05,0.9057810303725068,no_anemia_no_deficiency,1.1913618911778593e-07,0.004377887771538656,4.845078613202543e-06,6.602564802233732e-06,4.898374352152205e-06,5.627584566559057e-07,0.004975376552841433,4.548697249685643e-06,4.360087318969737e-06,0.1644526933136658,3.269173225375663e-07,0.8261677787476497,no_anemia_no_deficiency,0.0012461045116362406,0.0347677095102699,0.014211056300615236,0.003945342692806825,0.01210272821173589,0.002574259774770945,0.029643296334131004,0.0016405191297647012,0.003438118805118441,0.10044108240419437,0.0014869255119660967,0.7945028568129903,no_anemia_no_deficiency,0.0013289731312210878,0.050570678068813685,0.042715803028205705,0.008335451150930859,0.009505318662130018,0.0026214288340428377,0.038731260215504645,0.005648292331207411,0.003953210823183424,0.22510895608241357,0.0018520070884629615,0.6096286205838837
P000695,latent_deficiency,latent_deficiency,0.0004820025916220134,0.04753134398940137,0.0005124478807403384,0.0007281248642362811,0.0005874720101404831,1.3457345553054747e-05,0.00032472568238842153,0.00010098830253090774,0.0026988238844580775,0.522683333496571,0.0005052565819070479,0.42383202337045084,latent_deficiency,1.9523348742498764e-06,0.011179181487296673,4.411464380735853e-06,1.402750286769266e-05,1.0514437333601943e-05,1.674670274010975e-08,1.1678668222848534e-06,1.301141506736137e-05,0.00024758980489278517,0.8797605337325831,6.012713725206125e-06,0.10876158049345354,latent_deficiency,0.0018203034751120442,0.026303776671361512,0.004878932985321899,0.00551655986679388,0.003447118681556484,0.0030061268374496765,0.026306638572234673,0.002649185165154387,0.011481644203675987,0.5044076782322298,0.004400872647450832,0.405781162661659,latent_deficiency,0.0019910246440523536,0.02405474179328282,0.0037542900148155455,0.005395563891055438,0.002216842326876179,0.0018695061568360352,0.015326109117876994,0.005093681319779926,0.007217266900026516,0.7674935243675574,0.00427173782912431,0.1613157116387164
P000696,iron_deficiency_anemia,iron_deficiency_anemia,0.0032309515060932746,0.00038901498904096444,0.004699474958871987,0.009453568451327195,0.011414953566959637,0.0030824746552314012,0.0002936042532503539,0.0008839406402103402,0.839042079438892,0.006876781829334486,0.1205871916846372,4.5964026151459615e-05,iron_deficiency_anemia,0.0020884096119616587,0.00032044552918646053,0.006947381430158219,0.007443526666436526,0.08457163186771188,0.002579695960606949,0.0003910857473458125,0.0038145209173303532,0.7549870553890161,0.005092354008928491,0.13173681329962347,2.7079571693964622e-05,iron_deficiency_anemia,0.0025682687388636624,0.0012343926585826695,0.004651266292820221,0.0073707375106380766,0.005300007821525314,0.003243860559744928,0.0013022451154832213,0.003473154177605705,0.893763779797507,0.00314064222540317,0.07306109787484608,0.000890547226979984,iron_deficiency_anemia,0.0035297192737281376,0.001299498894021328,0.00282255430401731,0.007269798756987965,0.014486266906009505,0.003133826901729267,0.0016063081006219533,0.007921791650862254,0.8794874026031068,0.004727033378941909,0.07245158245053025,0.0012642167794434456
P000697,folate_deficiency_anemia,folate_deficiency_anemia,0.01667030789049359,0.009975217613514366,0.012336879764133965,0.09074394300147431,0.011000306568234133,0.5478468946040969,0.17224932815509336,0.02187617005944722,0.026893375456275983,0.0009431518202080138,0.08711015409749491,0.002354270969533197,folate_deficiency_anemia,0.017415851682002773,0.01187558683762939,0.012869809743343015,0.11141434716016972,0.04891998015321379,0.438158799545167,0.17854490616021296,0.06594153221689425,0.023624606927171613,0.0007610920340722263,0.08869962216005027,0.0017738653800730179,anemia_other,0.05643502090502916,0.011856389663201116,0.075348570533617,0.32912230579832813,0.07014239562414214,0.23927331042602565,0.03876431813561563,0.03499735227333532,0.02037941008669398,0.004453043652222914,0.11064627059137183,0.008581612310417059,anemia_other,0.061278526892827846,0.00813024266365369,0.09038573162584557,0.3284233104800183,0.057845643380583525,0.23233531499842236,0.02657993755390396,0.05919127203983005,0.009903046382578499,0.004180401293085929,0.11444740016362068,0.007299172525629482
P000698,mixed_deficiency,mixed_deficiency,0.0061809723297380215,0.004643663766229369,0.00012290743900748315,0.0001911812531671663,9.949166803401178e-05,0.000177878687466723,0.00012026392352963482,7.260208257256382e-05,0.08496721476722727,0.008505878738360445,0.894916143063125,1.802281542519684e-06,mixed_deficiency,0.0002249744189865714,0.00047473533117428813,4.423505681186707e-08,8.071472632646974e-08,3.3365119278113067e-06,7.999446762748644e-07,1.4950004446604998e-07,2.7498753281965705e-07,0.009507717283226054,0.00010419547353879328,0.9896836895617274,2.037382319204039e-09,mixed_deficiency,0.012086612721495412,0.002577213392748778,0.0078676814492429,0.0050680448734560755,0.004715206645555814,0.002686832551913634,0.002625164773316486,0.004654215193431448,0.26617435700929315,0.0065785885221194985,0.6830554155258868,0.001910667341540062,mixed_deficiency,0.01749410391701645,0.0016749810927119276,0.0016691697066532425,0.0020878764372018422,0.0024128104319573445,0.0015100638769305146,0.0013514249925383475,0.0026425154860216377,0.058498536121137,0.0016417776634626228,0.9084133408628006,0.0006033994115686046
P000699,folate_deficiency_anemia,folate_deficiency_anemia,0.010147335374931841,3.596134394880105e-05,0.00011088040571677494,0.0012863548565649778,0.0023232855555556245,0.8957199021123041,0.04840078528192612,0.0015267201160543888,0.000254852502794527,7.94175515375502e-05,0.04006470340719225,4.980149147312299e-05,folate_deficiency_anemia,0.007626970664486584,3.08010139872437e-05,3.373423747725461e-05,0.002716078105953162,0.0015931507306314158,0.9465395264626454,0.01987659336551435,0.0017831531203291303,0.00013103351874430358,3.700851851796548e-05,0.019615722202480347,1.6228059232675135e-05,folate_deficiency_anemia,0.02218818952983536,0.010523147437792268,0.005824722786743496,0.015155838045130834,0.009658687553988278,0.8678578810404912,0.017773746441646733,0.005815693777491083,0.003086923846384051,0.0015670872404209635,0.03681144011141115,0.00373664218866449,folate_deficiency_anemia,0.03366629274025673,0.021922513936945488,0.008496422311381509,0.018718239375529765,0.0216169011401262,0.7961362489540565,0.021082321822634382,0.00993998756820241,0.006102978370939454,0.0039213783629692715,0.053950649743644136,0.004446065673314076
P000700,no_anemia_no_deficiency,no_anemia_no_deficiency,0.0003905916132009326,0.024816071513467847,0.002513305665321195,0.002525427051951692,0.0003033071144785638,0.00039779143061152944,0.05256637448289005,0.0002871867002047025,0.00019285524359762316,0.012992386969441076,0.00010224155327558614,0.9029124606615592,no_anemia_no_deficiency,0.009587342348720905,0.11988415187047538,0.004790955570614114,0.03173654429540955,0.015360774057083675,0.009971642168960706,0.21910737466007096,0.0071206966734400565,0.0017619816347331438,0.07708413122989452,0.002662371614596043,0.5009320338760009,no_anemia_no_deficiency,0.0015431094246549303,0.07640109856018243,0.00802954831642348,0.005820430609500825,0.00821394639749707,0.0020006675936280953,0.21483426210510354,0.0049989414424038365,0.0026283473076279596,0.03407966558591977,0.0009795154945905279,0.6404704671624675,no_anemia_no_deficiency,0.0020824885069572366,0.09391491467823039,0.007474787488997347,0.004875018111883087,0.02197987389339236,0.002243697766893412,0.2793174083380893,0.002474968072661739,0.001715915156900835,0.03244975107571727,0.001083764470226992,0.5503874124400502
P000701,mixed_deficiency,mixed_deficiency,0.0001165616292887981,3.8513990485221886e-05,5.285012878786825e-08,4.1428557435484965e-07,2.2209952571239667e-07,1.408383875246647e-07,1.8996628607558768e-09,1.4806315215081064e-06,0.001587482434008859,1.2114092025718526e-06,0.9982539179290247,3.188962735455838e-12,mixed_deficiency,0.0018107941499070897,0.00014793847492603466,6.180875652345011e-06,5.796073021540129e-06,2.4352137576222414e-05,1.9102214365713305e-05,6.310619294272351e-08,1.1262922234443276e-06,0.02431671797895626,2.1893739694841306e-05,0.9736460349483937,9.089912165751725e-12,mixed_deficiency,0.00856306527267145,0.0016977185691372952,0.004230939952028202,0.004530877980090738,0.0024072740744068423,0.0023000243778554495,0.0014093402650524544,0.0029258885809255912,0.3071243576968666,0.0029699930413029196,0.661001528656209,0.0008389915334535485,iron_deficiency_anemia,0.003239284725088616,0.0007465800674566201,0.0035316287152351916,0.005144312600940512,0.0032444210469284866,0.002076601158292716,0.0007885197381148568,0.002572003376139553,0.6981564947152354,0.002840715841631008,0.2772027993831936,0.0004566386317434248
P000702,anemia_other,anemia_other,0.01709112275578352,0.003269203174714117,0.006107348840329417,0.921656916775202,0.0019322286556821729,0.022995567726854536,0.010940882539615322,0.0033232215134609455,0.007845979212800312,1.820560651483837e-05,0.0006354569847269224,0.004183866214315859,anemia_other,0.02558947516178629,0.013737710953103097,0.03894647489711313,0.6305853134730033,0.06126110693244355,0.08271204510623933,0.02990101153146876,0.08708796037951697,0.013996884291565426,0.0003414070382221859,0.0034355194737453886,0.012405090761792784,anemia_other,0.11231353883964332,0.023737505407274973,0.05309852795168499,0.3299668304682377,0.06979040236775468,0.26253283155567214,0.036610867056975735,0.05180843375296917,0.015157151414008484,0.004348680517695128,0.0288438090203474,0.011791421647736293,anemia_other,0.07338393120174838,0.014365415822641336,0.05254498043401939,0.5743841452136861,0.07034032114098866,0.11604477917214712,0.020315016753176544,0.03187444715535254,0.013417293674288325,0.0027937603165251387,0.017759133868692895,0.012776775246733575
P000703,copper_deficiency,copper_deficiency,4.5560311125304554e-05,0.00011123246206565311,8.180030028054775e-05,0.0032601972227115287,0.9941961389254483,0.0012762842833462709,0.0005530326396655724,9.509694863508975e-05,0.00012479293014843249,2.7693016007162597e-06,3.600492174401078e-05,0.00021708975322838554,copper_deficiency,6.888268862939614e-05,0.00028004310696192304,0.0009299257782832712,0.043221491284432124,0.9201942072942432,0.0332658594418408,0.0012660221064035772,0.0002532818112632804,0.00015901755749876141,1.2845867887694371e-07,0.0001159160151175033,0.00024522445664739426,copper_deficiency,0.012212851373567877,0.004226859330638713,0.02303397752984708,0.34934545720399457,0.521260360526555,0.02731591204952677,0.006575346966275582,0.01767694544328992,0.01692399804158968,0.002258336548566023,0.011005184318985001,0.008164770667163911,copper_deficiency,0.015689962466536318,0.0049901091175356665,0.02354730730490965,0.3502419618745984,0.5210739896606671,0.032016971331169645,0.005650934423971386,0.02502376600211938,0.0062162831829352325,0.0018027178150142066,0.007203881907374869,0.006542114913167984
P000704,anemia_other,anemia_other,0.024280194241054882,0.0004375665186295416,0.0033932790322399164,0.9513721659665124,0.0004739300040956697,0.014112955904917296,0.001107191011840949,0.0014491265673512105,0.00050412847143866,1.5217747489877678e-06,0.00014894315072491604,0.0027189973564456485,anemia_other,0.025680463306538774,0.007946196633594261,0.029418823494104004,0.8175647499206277,0.032860013325325274,0.05579801428667615,0.010588933399335978,0.009175197878709506,0.0027603606447631586,8.861762165304607e-05,0.0037141064996075385,0.004404522989064565,anemia_other,0.01502212521803622,0.005939517404064789,0.046017265193689066,0.7920203800480591,0.023415669147879764,0.029479437265317255,0.010919503381827182,0.04572412603877233,0.007702106749321255,0.003082240552893121,0.00638388992578335,0.014293739074356592,anemia_other,0.012090541730129458,0.002496808834126809,0.028156499863112635,0.8493321695138526,0.032936252433079835,0.023313447555595893,0.006025072781234672,0.02585593654341128,0.005997486009750595,0.0013820713326830529,0.004940190968511618,0.007473522434511471
P000705,no_anemia_no_deficiency,B12_deficiency_anemia,0.630187831545856,0.060937637459509954,0.01977801964402248,0.015004683042921083,0.0027218207793505158,4.078065675068707e-06,0.0002022256418020689,0.0009996188056456351,0.0012280497676706783,0.015595088880292738,8.82966228242607e-05,0.2532526497444295,B12_deficiency_anemia,0.4692955149460142,0.14428303600440087,0.02135298678285611,0.054158160324785626,0.04030637821144942,0.0001383094161181249,0.001446551647908568,0.018099696164021187,0.006674878396132074,0.056322961364181995,0.004489912032205761,0.18343161470992606,no_anemia_no_deficiency,0.013677327398406746,0.20011930392906654,0.03883180198754216,0.02361529701514295,0.02255792032610785,0.014464345715055033,0.25635891990203985,0.021929735208409292,0.014960201573215485,0.10646223425960513,0.006394575775910258,0.2806283369094986,folate_deficiency_no_anemia,0.038923471092425097,0.19651536002097736,0.02395387510279177,0.03721410912540843,0.07924130697529579,0.011604218152113138,0.25700793730148114,0.018541272772312694,0.018114409724947753,0.10919717140006857,0.015833665979073035,0.19385320235310513
P000706,iron_deficiency_anemia,iron_deficiency_anemia,0.0007736016616645074,2.281071474062707e-06,0.0034977063650881656,0.0047032683724822725,0.0019810022867667756,0.0076383191599990975,4.8742400271013656e-05,0.0006029892761853964,0.9393550139542924,0.0002733096114188428,0.04111639663916184,7.369201195655561e-06,iron_deficiency_anemia,1.9057356358228508e-06,4.6298272281918906e-10,0.00021934912322494146,0.000150379555580801,0.0003049935210938236,2.6066511772157222e-05,1.9443218105264574e-08,0.0002204393677563816,0.995520080412112,1.912282884360372e-06,0.003554852843934863,7.398042468565e-10,iron_deficiency_anemia,0.003588865514836033,0.0026697519945931593,0.014847962646102343,0.01708693246117321,0.007381448010724114,0.010332548072470764,0.0021257036011746583,0.00992228869453236,0.831201669884168,0.010565251612400604,0.08747624092976208,0.0028013365780626205,iron_deficiency_anemia,0.0008766823965381769,0.0008068597420854851,0.0077602695924129635,0.007396365699732073,0.0032086439738928376,0.0017324263002157167,0.0009160804684942961,0.017248405294656172,0.9017076375945497,0.005101593331768645,0.052443716985485986,0.0008013186201679737
P000707,inflammation_anemia,inflammation_anemia,0.00010102193404569186,1.9152359162466024e-07,7.0095121522473e-05,2.604648552176879e-05,3.5931278948812015e-06,6.287473211792397e-06,2.0086839152510944e-08,0.9995650396975483,0.0001899338871782627,5.3385145529199426e-08,3.744780158351212e-05,2.694759173776892e-07,inflammation_anemia,0.0004706664473790962,1.407245653821084e-05,0.0013320482648375535,0.0013190310551393879,0.0004861569002674595,0.00048416270538303985,4.6877360262455676e-05,0.9941795841001908,0.0012339833258450633,4.944522823230548e-06,0.0004254833665758084,2.989494757860764e-06,inflammation_anemia,0.0031462890187748315,0.0021456690005138427,0.0203993593889487,0.022076938330974644,0.004894630560563657,0.007957567636822665,0.0035622772759153804,0.8908929631504923,0.03228838979649086,0.002372159217328782,0.00786050165476032,0.0024032549684142217,inflammation_anemia,0.004017027216293836,0.0020089131470578587,0.04096868184780673,0.041935613435346096,0.009767101107692884,0.008053605644639587,0.002222727181123304,0.8200819710488568,0.05118371625350465,0.0032548531349219714,0.013965388052990026,0.002540401929766228
P000708,B6_deficiency,B6_deficiency,0.004634654128284388,0.003878611432229936,0.8903797671719618,0.07637944064946463,0.0024371261718462755,0.006466904706813542,0.003119141321876352,0.004575001683977259,0.00408132732246574,0.00010756564984958486,0.001933450428396556,0.0020070093328339277,B6_deficiency,0.0015302566945444166,0.000213439691617863,0.930776111887433,0.06272304312118356,0.002511113396241133,0.0012640925639974732,0.00022790159806525043,0.0002618495152981374,0.000278219032144787,3.5261809991050386e-07,0.00016748000218337326,4.61398791911011e-05,B6_deficiency,0.010147428505710899,0.00408963612975272,0.7129219612375691,0.16469291430364416,0.030398068306156625,0.017620332807477067,0.005988096292827538,0.020780684142205016,0.01269687585250236,0.002844587714648888,0.012158141335964509,0.005661273371541167,B6_deficiency,0.010339509854278275,0.003827317456336456,0.7508732102425623,0.15769072482711666,0.026497264470121996,0.012788106618584514,0.00360718559570465,0.014386405996794098,0.006083081270495143,0.0023837495564627844,0.007086006154760925,0.004437437956782309
P000709,mixed_deficiency,mixed_deficiency,0.11450930354815787,0.22244479158725744,0.0005293770900769136,0.0008043224680048948,0.00013060757851674333,0.0021899640516545326,0.0004211972766822124,0.00040057998985120033,0.011083117470184237,0.0006889910122528545,0.6467972074858803,5.404414806752568e-07,mixed_deficiency,0.10448276912137656,0.17162116274564138,0.00042319746371051383,0.00035528316836198643,0.0014206065647350127,0.006904934520805641,0.0009270769220959083,0.00012697908975402747,0.01998864162247581,0.00090402964247442,0.6928448933328911,4.258056776730106e-07,mixed_deficiency,0.05171021365612833,0.008100037774946892,0.005653536330155179,0.010426896688941837,0.006699105172289328,0.010632209137947192,0.0031071362003307124,0.010580988691165685,0.052670057158755466,0.0046139465461046,0.8337536724382851,0.0020522002049496602,mixed_deficiency,0.014399954903071324,0.0017808641001106902,0.001088360670153308,0.0021499848063502233,0.0012123171810196798,0.0032792883765443534,0.000980192908180312,0.002169974867815079,0.011465187828767924,0.0009976597576468252,0.9600860780566397,0.0003901365437006287
P000710,iron_deficiency_anemia,iron_deficiency_anemia,3.093461296578822e-08,9.141942456546074e-08,1.3615823123445305e-05,3.247693549396157e-05,1.7826015797612872e-06,1.4666271129756159e-08,4.9811727316975884e-11,8.896159311328199e-06,0.9918873620234171,0.00010841500781057797,0.007947314084336394,2.9480693553975746e-10,iron_deficiency_anemia,1.4119814258184748e-07,2.5634965765693673e-08,0.0003022906537220925,7.070124139989725e-06,4.80517855285797e-05,9.069686938861997e-08,2.597390405734452e-11,2.6558197727025077e-06,0.9961176181054683,9.509486578912351e-06,0.003512546435049818,3.3787833340690216e-11,iron_deficiency_anemia,0.0010399317649492615,0.0008327076790847209,0.0035421563986007746,0.0018402796886602228,0.000989117007850856,0.0010929227515662002,0.0006763722603132115,0.0016656737941041493,0.8810596455729428,0.004250243154161314,0.10226481719851699,0.0007461327292494676,iron_deficiency_anemia,0.001006071298343933,0.00046733961946628767,0.0027621422232702404,0.0014107478233964972,0.0012735057978020988,0.0008982205096212953,0.0004330486264662836,0.0011187208614486994,0.8336152851815434,0.0029700762173833204,0.15372835477028352,0.0003164870709744705
P000711,B12_deficiency_anemia,B12_deficiency_anemia,0.9136490289374642,2.2684598902298334e-05,3.491586047508379e-07,3.060283421864592e-05,2.615530098416485e-05,1.5480981717419645e-05,6.49848292420354e-08,4.798514229859694e-06,2.0826711491661233e-06,8.6070226501319e-08,0.0862486411892198,2.475845378673637e-08,B12_deficiency_anemia,0.8710820406012306,6.927246346321322e-05,1.1308660670039564e-06,8.303450745819824e-05,0.0006241114184578483,0.00018301862597875024,2.940358557382467e-07,3.87349966555675e-06,1.6838254616820385e-05,7.151966039779526e-07,0.12793558879964204,8.173096046114346e-08,B12_deficiency_anemia,0.7120112819926023,0.0037236536770570983,0.0025034262799088903,0.006554868863173605,0.006417611447480213,0.009472659650745485,0.002890265031139107,0.0028619254483070546,0.008190677626323332,0.002131822450504869,0.24169158657452572,0.0015502209582321704,B12_deficiency_anemia,0.702338555125536,0.003580159840958158,0.0028497349654824085,0.006555472270182151,0.015810729271691488,0.018653094187670537,0.0021985393129675345,0.003964042935358694,0.015266194807374674,0.0025097613988095736,0.22455143411605802,0.0017222817679105322
P000712,B12_deficiency_anemia,B12_deficiency_anemia,0.8125872852493922,0.06900624155122949,8.378128463035714e-05,0.0009339759776163262,0.0020051769772958415,0.002000992890509766,9.31550133505062e-07,0.0008962052822890753,0.0003736169072734555,4.875156355671925e-07,0.1121112422956554,6.251833904485025e-08,B12_deficiency_anemia,0.9015592377728028,0.03639921484705517,1.0790729601643333e-05,8.926948795307484e-05,0.0001149611208748438,0.00011017467334272261,3.819517799437261e-08,0.00014953641514974097,2.5116180085418208e-05,1.5303407703202963e-08,0.061541642777442354,2.497106832102899e-09,B12_deficiency_anemia,0.5088136553085051,0.027550545281072824,0.005719143095272235,0.019304252727302098,0.024128028060528037,0.17184527284892157,0.009262642317047124,0.009542098137712562,0.016447744234024286,0.0020947661818000135,0.20246012039281885,0.002831731414995297,B12_deficiency_anemia,0.8117599310020905,0.012865486410812626,0.002866346844775365,0.006062109776479393,0.010633114377838334,0.03445102062952332,0.004061707881619373,0.005159700636794067,0.004829806876935552,0.0013785766472025002,0.10478340565038152,0.001148793265547463
P000713,B12_deficiency_no_anemia,B12_deficiency_no_anemia,0.03351623533941343,0.8907752271798587,0.0016768937743583765,0.00436044810859025,0.01288526834179012,0.004438623686264647,0.033956629151683834,0.0007325787537742291,0.0009526690951696116,0.001287449452164076,0.010564031673499322,0.004853945443433393,B12_deficiency_no_anemia,0.004435725960902223,0.9777600414199983,2.8056400547726108e-05,0.0002492302169013726,0.0020608761795903527,0.0008085374302389581,0.013505809624053212,2.971786968433435e-05,8.745369138905125e-05,9.684849889977631e-05,0.0005598900239841697,0.00037781268381052523,B12_deficiency_no_anemia,0.0702591252658341,0.49445954361639427,0.031164221853283755,0.020969202017521883,0.08925351736427392,0.03150626655495807,0.10262870927534859,0.01032432106298058,0.02018962752350136,0.025255825517753763,0.05726683690085882,0.04672280304729094,folate_deficiency_no_anemia,0.055934431411203286,0.2697386635635414,0.03558975156542266,0.02065175607623552,0.10921414588627805,0.034974357622073855,0.3019725801789905,0.013250425724106233,0.01975728367532769,0.025674243411676286,0.05011270743348811,0.06312965345165653
P000714,no_anemia_no_deficiency,no_anemia_no_deficiency,0.0016224098796686682,0.04363282708662705,0.0009417523949628036,0.006661033657411872,6.25342811486919e-05,0.009556135423260632,0.30387188113344704,0.0013833830251295256,0.0008883665355064403,0.04577669349384872,0.002205401112162689,0.5833975819768259,no_anemia_no_deficiency,0.0013292261035088454,0.0367973584297618,0.0013116287036102734,0.00568921786066057,0.00013122164302469477,0.00835017026459345,0.3513252114428927,0.0033443268628074274,0.0011617438242932107,0.0625054344176347,0.0019593846357500375,0.5260950758114624,no_anemia_no_deficiency,0.004283351681267511,0.12301228341084716,0.006203762233269571,0.0053168148620813096,0.016574796234019785,0.006439348801283658,0.3504854034637298,0.003645485777540558,0.004501560884528706,0.029995904347544587,0.0024074325751968512,0.4471338557286905,no_anemia_no_deficiency,0.004525881030290017,0.0987402018260989,0.006179194578287257,0.005382337989068152,0.026089359807595067,0.009303864697769301,0.2629892567605204,0.004994166588014524,0.004014285110391456,0.04111296292651156,0.00297213588762063,0.5336963527978328
P000715,anemia_other,anemia_other,0.00045841494538559693,1.685782522589213e-06,0.0036046872119634686,0.9894111930877834,0.0020176828724816362,0.000279183434771676,4.7073563097658083e-07,0.0006427647745040216,0.0035432429798200426,2.47808834310623e-06,7.161594610782725e-06,3.1034492182532355e-05,anemia_other,0.00031344693430360274,2.3106537146400587e-08,0.060138877182551335,0.9237416288591344,0.008691358912820385,0.0002850080094426552,5.104056882077212e-09,0.0027400734769691157,0.0040878362216864896,8.039075828911265e-08,2.638625255435771e-07,1.397939214114596e-06,anemia_other,0.006596368009204998,0.0017099596083769962,0.012740020821682846,0.9247587175726565,0.007817760500872057,0.018808546611409023,0.0022280955794503872,0.004646564822641626,0.012363597557447387,0.0014197895450654898,0.004822448517081641,0.002088130854110835,anemia_other,0.018139479703853927,0.004669018979639423,0.037911879066789986,0.8077308927824591,0.017685372453672167,0.0323974493927609,0.006374983367207955,0.019148711137047573,0.03753464471101816,0.0034847256815132106,0.007636635875701611,0.00728620684833591
P000716,folate_deficiency_anemia,folate_deficiency_anemia,0.01866503129240171,0.0019330746853658892,0.0001337643935767944,0.0035020684190286326,0.00962907675727434,0.8753592449656136,0.016617542831549918,0.000303685561810026,0.00014333035561863924,6.690143291243642e-06,0.07370235207888787,4.1385155813272604e-06,folate_deficiency_anemia,0.04432397456183432,0.002249086045603604,2.2581208710843102e-05,0.0016992954780529412,0.0037353533575993883,0.835484901757283,0.007060546913965956,0.000624288856325856,6.984178690449406e-05,2.8170242000635355e-06,0.10472619742374216,1.1155857773702387e-06,folate_deficiency_anemia,0.10227097814083387,0.015467611367876473,0.005716797221409783,0.022528176137462632,0.046044346837544,0.654566943820124,0.020167384317358438,0.007948715743953207,0.006426574791730425,0.0032748372389155016,0.11066140315815305,0.004926231224638501,folate_deficiency_anemia,0.11905917712187652,0.014050960856149198,0.005691603890520749,0.022553935301481205,0.05750444187654714,0.5613679609005061,0.015146580270218805,0.014600889999557195,0.010278875610772514,0.006202758763117678,0.16766710556184844,0.005875709847404437
P000717,anemia_other,folate_deficiency_anemia,0.03162632143586039,4.6195397385196066e-05,0.005098291824096587,0.16369475077953985,0.03370399447584467,0.7290633248552492,0.0008802347475640321,0.029237132226265894,0.003009455394381097,3.711991795897485e-06,0.003572908956772611,6.367791524462193e-05,anemia_other,0.05837050532948394,5.241244527230269e-05,0.012191210970659306,0.4738346088538072,0.07772257869180599,0.34519019502689496,0.0010755143241823182,0.020584808424397343,0.004059420832208506,2.9971443100887467e-06,0.006871095469585995,4.465248739209152e-05,folate_deficiency_anemia,0.05954804670208974,0.006038938796915411,0.013710712157587887,0.10180605413839228,0.030015810880597536,0.7373536808310338,0.007724008259935756,0.015360890067763661,0.006526915283925028,0.0012586703422591689,0.017623671224994315,0.003032601314505186,folate_deficiency_anemia,0.09048338194586672,0.008273912596306587,0.0342007764581782,0.22362831950052878,0.10937239117699352,0.46301022667450625,0.010865026730357656,0.027724177931435577,0.008927016840890147,0.002190698992100551,0.01673333528211352,0.004590735870722301
P000718,latent_deficiency,latent_deficiency,1.7599601589292052e-05,1.1939015201228082e-05,0.01938880382274498,0.00014114926099039412,2.557941338400104e-05,7.077224215148324e-07,1.1341799519259464e-06,2.216454589846945e-05,0.1032239305891828,0.8765542567294284,0.00022862638850565934,0.0003841087307012807,latent_deficiency,1.8688385368610522e-05,2.326568645894406e-05,0.016808274588609385,0.00021957255650338603,0.0002152056978599831,4.829893992720604e-07,7.014200963140138e-07,0.00014012460535503337,0.11961341315049734,0.8623876581277916,0.00022791507382056484,0.00034469771823935654,latent_deficiency,0.0008513245804309243,0.0028777304084108292,0.021116058784344523,0.002011861285321308,0.0009590530402862855,0.0009777661382071895,0.003648873284965881,0.002800941483224421,0.01880323237406968,0.9370383270605178,0.005351543320986173,0.0035632882392351408,latent_deficiency,0.0018895972402348123,0.0042163688624989246,0.02975106776706366,0.0034836437880884953,0.0023364432760382384,0.002040016202827521,0.0029234365468529624,0.005267869109999617,0.023752287388222125,0.906631467560711,0.0138705244316082,0.003837277825854545
P000719,mixed_deficiency,B12_deficiency_anemia,0.7667684592637789,0.0016917050794715354,5.477395896511596e-06,9.467374323507215e-05,4.7977262250166256e-05,0.0006914816360652645,0.00010036715950999436,4.486232491707252e-05,1.3319635528934389e-05,5.819557122802255e-06,0.23053020220750034,5.6547347235090525e-06,B12_deficiency_anemia,0.6982402229558541,0.00017308706847607363,1.0479959815501462e-09,3.012106975995223e-07,2.926056070193701e-08,8.128097217533617e-06,1.0787674032846293e-07,3.801294659608633e-08,1.7723506521694122e-08,6.847878382224766e-10,0.30157806417744504,1.883771690963718e-09,B12_deficiency_anemia,0.9237114031015953,0.010442908133174741,0.001400949872316668,0.004539661711365639,0.0021779964433850103,0.011671674362622023,0.004643721408170498,0.002495935948380431,0.0014379073042151114,0.0010861800536818892,0.03469479308671657,0.001696868574375974,B12_deficiency_anemia,0.9013829453835329,0.017554759873675645,0.0009948233398143634,0.005296254533639245,0.0038355145358037637,0.016688130346141517,0.0033832588963896406,0.0020584064187123513,0.002404347293285894,0.0014827343030914667,0.042930827468352965,0.001987997607560174
P000720,iron_deficiency_anemia,iron_deficiency_anemia,0.0162480106729526,0.0014539514964176767,0.05550855844953597,0.024616947755711917,0.004415617646394455,0.012730955768747835,0.0021454223881938544,0.004179876443317583,0.5033724060077842,0.0017280318776760441,0.3735838563204302,1.636517283765914e-05,iron_deficiency_anemia,0.017417815728900318,8.109784336101008e-05,0.03710473470347785,0.002713814489456713,0.006319141089451352,0.0033119999266869407,2.468062827408278e-05,0.000330268817380003,0.5917099133636241,0.0001671914537837947,0.34081909169640784,2.502591959525794e-07,iron_deficiency_anemia,0.007012457703443179,0.005041500375431837,0.09589571755985143,0.026988741909703108,0.017271847005357808,0.012805494822301184,0.006060001883963781,0.0173187526131244,0.6677494298066183,0.0051848368578637045,0.13585493981369665,0.0028162796486443688,iron_deficiency_anemia,0.01115570877815375,0.005887159006669924,0.06545440020779976,0.04391156533533008,0.03235047501851428,0.019773825346958568,0.005072913360002879,0.015262316482136277,0.6652318106992453,0.004106074190099418,0.1294573993213632,0.0023363522537265136
P000721,B12_deficiency_no_anemia,B12_deficiency_no_anemia,0.005878142423506834,0.9097213070865486,0.005078445802502585,0.004846703841983536,0.003580323664377996,5.04883120792349e-06,0.0004244015749045031,0.00016578816873781028,0.002914290511998972,0.0323149938822997,0.00012697015861334383,0.03494358405331814,B12_deficiency_no_anemia,0.014033100304184599,0.7358853041360878,0.01430360191399244,0.027486483335004818,0.014675738158644728,8.899099879868964e-05,0.0020961654430441067,0.005454409718972682,0.008422765619468081,0.05879268178076692,0.0017346111251136961,0.11702614746592138,no_anemia_no_deficiency,0.00464780530993341,0.17173515659781288,0.07926009587526929,0.021082643143384146,0.035230300024196665,0.003576678272495029,0.07864521651343238,0.01327208507096407,0.01302354476525908,0.14468418467491076,0.0050809651017724305,0.4297613246505698,no_anemia_no_deficiency,0.004969763677344817,0.1452744551754334,0.12901678298629454,0.04135252946382015,0.023225113192602155,0.003288913785704352,0.0428058616839652,0.02174039455951458,0.011544890104298947,0.12606139633238705,0.004124637437267875,0.44659526160136703
P000722,anemia_other,anemia_other,0.0007398893208356274,0.006219823933851205,0.010619660618785795,0.9015548440045115,0.011456572462123154,0.03470946619190022,0.014951357491193279,0.004749372313911792,0.007780439891303793,0.002292083762160588,0.0003676457101945201,0.004558844299228648,anemia_other,0.0023309461899498913,0.039591764239753316,0.0512607745419856,0.5810415093421701,0.10227281000137045,0.046759268813027145,0.03862515419124617,0.10127870348317966,0.01843048917712484,0.006011713097506244,0.0009116569587662473,0.01148520996392015,anemia_other,0.006571100214893151,0.007290656957946693,0.030226265518150296,0.8397295776518056,0.028635003514288614,0.012153912581322751,0.008190445640803259,0.020148413087019378,0.021953132030838703,0.004789478458379765,0.008255272199547236,0.012056742145004823,anemia_other,0.015272479996747364,0.011868482666687257,0.027393879362000773,0.4305950054233441,0.24682586227180672,0.028021234576920077,0.01541343642067009,0.1431944312123753,0.039973384451051905,0.0075557757842027425,0.018723942709762298,0.015162085124431271
P000723,iron_deficiency_anemia,iron_deficiency_anemia,0.00011945558319071427,7.779351240718053e-05,0.000545846134249513,0.13786118618825738,0.004176365512076041,0.0027275214054911295,1.2520978798757483e-05,0.004282818575754398,0.836477269202587,4.851462843008718e-06,0.013714173774580358,1.976697644066143e-07,iron_deficiency_anemia,0.00022312152271654903,1.9148258546840486e-05,0.008383143655522389,0.06698627237809109,0.043863726680625374,0.024165512049744858,4.094282012699398e-05,0.0047195287391866006,0.8465989565128581,1.4572886462969974e-06,0.004998188182013798,1.9119212053151588e-09,iron_deficiency_anemia,0.015375430540339144,0.006576377007117564,0.0640381159641637,0.08605724602266746,0.03048160749421933,0.0340322279997929,0.005831238386871947,0.03289818821098837,0.5577005997342721,0.005335848391219603,0.1569967342945607,0.004676385953787128,iron_deficiency_anemia,0.00959149893159592,0.0036212477035224345,0.06374878593719605,0.03593550519014612,0.021057203918294173,0.01445264366617518,0.003939761066441297,0.01877276467699604,0.6241288915890421,0.004182511076905103,0.19905648798929204,0.0015126982543936327
P000724,mixed_deficiency,B12_deficiency_anemia,0.9406915742787416,5.454305984127428e-07,3.728281720611764e-11,9.927484370777142e-10,8.234148079878268e-09,1.417385053779161e-08,3.495335942531096e-11,1.748760569608518e-10,2.9853034881431e-09,6.676981851454388e-14,0.05930785365742589,4.381703390801397e-15,B12_deficiency_anemia,0.733686790410309,0.00012608149920001352,2.785691496842092e-09,7.2723519867585484e-09,1.6702797402241404e-08,3.738910414688397e-08,7.189009899189856e-11,1.545616464491354e-08,3.236635320564453e-08,4.130070095068223e-13,0.2661870160456587,6.626463005716614e-14,B12_deficiency_anemia,0.8894024116682755,0.004121431290832465,0.0010932544189909538,0.0017755751449769082,0.0027809993860066595,0.01697869321296165,0.0014388872040387041,0.0008076852850277892,0.002826128790593406,0.0006060469704245256,0.07765613888518187,0.0005127477426888829,B12_deficiency_anemia,0.9201116478746835,0.005908723380331796,0.0005773675919173665,0.0012972571973391398,0.002315772427542355,0.009727993078434439,0.0016842257502300239,0.0007991587546633517,0.0017893723723474918,0.0005280502175776121,0.05480846877096652,0.0004519625839664265
P000725,iron_deficiency_anemia,iron_deficiency_anemia,1.502245254802258e-06,1.1070887163827324e-09,3.6465821890061025e-05,8.09989561447687e-05,1.576997988911322e-05,1.664932392732071e-05,4.933810694267215e-12,4.4183970890587334e-05,0.8727157815609201,2.536291537373416e-09,0.12708864449276872,3.0269383294574585e-16,iron_deficiency_anemia,2.7762832591030953e-05,2.973277886851037e-09,2.047221308118615e-05,0.00017967809772271155,0.0001765492220983246,2.3368095858981262e-05,1.0189516340119632e-11,1.6340410589483589e-06,0.8310406782561275,1.3237170692170533e-09,0.1685298529342768,2.1163836680716746e-17,iron_deficiency_anemia,0.0024995444183637896,0.0007210579582481404,0.004665693303315201,0.004091565624669045,0.002052591242498727,0.0020559404108447766,0.0007856363023294344,0.003783744409748321,0.806933086448724,0.00167190363795675,0.17018397651103243,0.0005552597322693392,iron_deficiency_anemia,0.0016515330654164968,0.00047839113794327187,0.002349064250307074,0.00320679400331925,0.0019408302199811045,0.001095275463890632,0.0004261507955397824,0.0017907353157434916,0.8741142605741916,0.0017013017332057796,0.11092946893452835,0.00031619450593316716
P000726,mixed_deficiency,mixed_deficiency,2.706797839086209e-05,4.771250899112853e-08,3.6647796377618513e-06,1.3061035094218932e-07,3.255378471213619e-06,4.817003274923725e-05,1.0468536906035282e-06,8.297699487425869e-07,0.4264081803317332,4.771254205103657e-06,0.5735028352919592,6.3541487353878464e-12,mixed_deficiency,0.00035900220882918504,1.1187658066830953e-05,0.00032848752129060766,5.981854663224961e-05,0.0001402508445481961,0.0004155623110902249,0.00011515647979497516,3.799381147663597e-06,0.4928810303005309,0.00048204970721990717,0.5052036438678252,1.117302404178691e-08,iron_deficiency_anemia,0.0011424970177415514,0.0007158005482905175,0.005158855759450393,0.0028540497190521733,0.0016801946428853358,0.003621552248863091,0.0012810049064709405,0.0023571262246129586,0.7372096424099217,0.001988455449434391,0.24142516547012594,0.0005656556031511144,iron_deficiency_anemia,0.0009383331642135378,0.0005538833722243123,0.0029010159311884613,0.0026085142690259427,0.0012773446380681208,0.002032136336325655,0.0006196925355427741,0.0013763655977667398,0.7311973999513247,0.0016660562685167726,0.2543298723210702,0.0004993856147329484
P000727,mixed_deficiency,B12_deficiency_anemia,0.8078481297724041,7.546091414038272e-06,1.3976796808201626e-08,1.6192630632540271e-06,2.4652975215966095e-06,0.002338272323826707,3.850826500201192e-06,2.9623014574487495e-07,1.3790594076666347e-06,1.9744208010123055e-10,0.18979642661644752,3.4503016787035e-10,B12_deficiency_anemia,0.6276677061780244,0.0010240367407437039,8.592420550622945e-06,0.0004939750914245352,0.0005271148677448623,0.039753869145770344,0.0012081187410770138,3.755495479393325e-05,6.553344506588187e-05,6.606017236484768e-07,0.32921267317704495,1.6463603600116212e-07,B12_deficiency_anemia,0.5745914174986142,0.003942514029431746,0.004089896629214409,0.012340312550604396,0.007395372439824744,0.08042494188849998,0.012499461655967187,0.0022815578966306244,0.006582267565823576,0.0014051993544592733,0.292401698989573,0.002045359501356806,mixed_deficiency,0.43507654092293196,0.0022877679645042673,0.0022482635714355104,0.009440104507213424,0.005870467849077259,0.08328614598742647,0.004403241507091538,0.001636673557200316,0.004327367820028728,0.0011318957655677524,0.44896112138544997,0.0013304091620729148
P000728,B12_deficiency_no_anemia,B12_deficiency_no_anemia,0.04253030675234612,0.9318898620749773,0.0004599031654394739,9.544284234447428e-05,0.00018226045605481455,0.0048701873794215885,0.00459906780710132,5.508483344102511e-05,1.0991561835181843e-05,0.0003093196272405946,0.014817356977819033,0.00018021652197878533,B12_deficiency_no_anemia,0.05493618090677648,0.893933731112393,0.0007218459696401959,0.00028574277825418496,0.00029723592722519373,0.0155348944021297,0.009089261823340827,0.00015668060041321535,3.621164070286825e-05,0.0009806342653508908,0.02370908917894819,0.00031849139482515424,B12_deficiency_no_anemia,0.027661687584833432,0.868463585956125,0.0034781131958928854,0.0032248245744046803,0.004720703700708549,0.021734222034177325,0.044779599154321545,0.0018107977968550538,0.0021967056097301715,0.0034222897208064196,0.010699824117019687,0.0078076465551252154,B12_deficiency_no_anemia,0.011269050246285321,0.8427451707634446,0.003290695831138832,0.003045935984776364,0.007892975896984022,0.0215239433544608,0.08616825617489514,0.0015346763697279655,0.0021478869794641616,0.004830740523106938,0.006530131013980443,0.00902053686173585
P000729,inflammation_anemia,inflammation_anemia,0.0009490454672532335,1.2452364991594154e-05,0.01649348944436818,0.001033303609042648,0.0003237659144957346,0.0035230010962256563,0.0007746870294831732,0.9669313363868229,0.0051083091068864035,0.00039186687007452837,0.004133365811386678,0.000325376898969199,inflammation_anemia,0.005174193544901187,8.390300734371575e-05,0.032038725190759,0.016075230922553353,0.0139507373867444,0.018549424192129845,0.006227897770378442,0.8534212852674957,0.016035231442097786,0.0009552202903283406,0.03614463537221139,0.0013435156130569695,inflammation_anemia,0.0009415954915650577,0.0005646679364205424,0.009367081972439429,0.005683364186005806,0.0011957061617239935,0.0011670841910654069,0.0004940693732724226,0.9739312246491445,0.003798406740419769,0.0006327972595699654,0.0016497509625898689,0.0005742510757833578,inflammation_anemia,0.002877211072652836,0.0010239556708368876,0.04752998231369674,0.09410102183601406,0.006271607951031595,0.0037847723579757272,0.0014196946615396236,0.8032398449043274,0.02838178093291957,0.0015996087102590699,0.008677030433739864,0.0010934891550065016
P000730,B6_deficiency,B6_deficiency,5.099652321348686e-06,0.0014746862552903908,0.9636471427641101,4.134182462494026e-05,1.7861357452610335e-05,1.941258273502963e-05,0.0052099388835731624,2.6990873657513258e-05,0.00019474341032506577,0.02686694803869066,7.139612620007173e-05,0.0024244382310190816,B6_deficiency,7.289061491396004e-08,0.00023926234802551128,0.986908055311536,3.571930760687792e-05,1.597126385840301e-05,6.024827247922947e-07,0.00041275131598646805,2.989636736839092e-06,1.8829917179434942e-05,0.004974178957237866,2.3822772348240998e-06,0.007389184291257862,B6_deficiency,0.0021361864486535084,0.025523971087895655,0.5837727380793525,0.005918490030271547,0.014456144424716405,0.003890770848000592,0.050654182793304164,0.008297960389411087,0.011497090939559881,0.10976108287513547,0.004829007106535892,0.17926237497716316,B6_deficiency,0.0022777351741512493,0.01786544655650623,0.49540658680174954,0.005789684809664724,0.009064463900689445,0.002675434468272511,0.04399741509998737,0.00626351149305786,0.007277814051527235,0.15594463975575387,0.0036706787863949627,0.24976658910224478
P000731,mixed_deficiency,iron_deficiency_anemia,0.0003773930137407503,0.0003792901058512824,0.006613131631414946,0.0018231957082436123,0.001772207313185735,0.003460204561332669,0.0002035420286364772,0.0002769232597189122,0.8168958516855817,0.0028135598667091174,0.1653815150113971,3.1858141876596184e-06,iron_deficiency_anemia,0.004249265390867625,0.006893543274148575,0.05963720158847651,0.04153754186259782,0.022661793481680896,0.034356019065689254,0.01368074036573174,0.008257109199185068,0.6074470530292042,0.03068941732819355,0.17011466897947014,0.00047564643475481595,iron_deficiency_anemia,0.01805258259620592,0.009015544040524586,0.10558280405147266,0.06318991752332594,0.03707662026230742,0.021261399523404508,0.010290637792955479,0.0471289459896464,0.5941051960586199,0.008266285439566637,0.08196099437483069,0.004069072347139982,iron_deficiency_anemia,0.017588010365635575,0.010331247819400256,0.09234076205564086,0.10455585030280945,0.0672105903086374,0.03174500150727429,0.013293206737754125,0.03100354209014917,0.530773166330395,0.009882005600468131,0.08528863313342525,0.005987983748410545
P000732,B12_deficiency_no_anemia,B12_deficiency_no_anemia,3.7506550205099414e-05,0.9987778276054112,2.0684523673028696e-08,2.9324724580006374e-08,4.116127980455688e-08,2.0648471974132736e-07,5.447787492886771e-05,7.849789819139115e-10,2.4630187856076823e-09,3.4793709477672394e-07,0.0011294629702055222,7.615890884266223e-08,B12_deficiency_no_anemia,0.002176835840304188,0.9933003600889564,3.337713580573477e-06,2.3702118628704612e-05,2.8972214377036427e-05,0.00011952490410375321,0.0013294193566040424,5.270192599969984e-07,7.744879709849799e-07,9.990430063032352e-05,0.0028488233386455013,6.781861693838416e-05,B12_deficiency_no_anemia,0.0135274422809213,0.8076403690326389,0.004085193941676528,0.006815046817595921,0.006841641955817345,0.017369961241986854,0.10674697670122234,0.003390883502647512,0.0027859429306003893,0.010686271256105205,0.008107975674426905,0.012002294664360596,B12_deficiency_no_anemia,0.011722073501677113,0.7835090594140607,0.003502110224866187,0.004712495627899651,0.003762613918419966,0.014535135598259332,0.1422012541359096,0.0025800355869391015,0.002301148691449089,0.006784279143457975,0.00857029181694809,0.0158195023401132
P000733,mixed_deficiency,mixed_deficiency,0.002845536215275893,5.0565382610984075e-05,0.00026128807399645283,0.0005479702361281763,0.0005181828556108385,0.018771416123400442,0.0003464598053400935,0.0003623714152282952,0.05541113773648446,6.225699192665989e-05,0.920822738034105,7.712989283682573e-08,mixed_deficiency,0.000200608551073049,2.3427313015220236e-07,1.274480828877677e-06,6.235498037937912e-06,8.565737922281037e-07,0.0006657251590813227,3.1158601369207376e-07,1.936243716992161e-08,0.0032500045744418824,5.793494357139421e-08,0.995874672004016,2.2039915539820704e-12,mixed_deficiency,0.001531333709778785,0.0005775938105538831,0.001591525153196495,0.0011601902798543016,0.0007811128474770066,0.0031437106280405966,0.0008240504556884423,0.0010926881805653887,0.03467949449082081,0.000788476276290907,0.9535794617828295,0.0002503623849038788,mixed_deficiency,0.0012281821779632624,0.0005270511485139799,0.0008527877100559376,0.0005866708442327318,0.0006124042726146483,0.0013648637021982124,0.0006664084824209426,0.00045107759159828667,0.016521211617057247,0.0006695743810485524,0.9763223182263916,0.00019744984590443812
P000734,B12_deficiency_anemia,B12_deficiency_anemia,0.7278259575147183,0.19073441100811367,0.0019578424154528245,0.018710673557769456,0.00023643215578748913,0.0032120531222074563,0.0005606482727234432,0.004182696509291456,0.00030935861831796603,0.0002482186025862849,0.05029721112582471,0.0017244970972068838,B12_deficiency_anemia,0.9949691980470582,0.0016009206662163582,5.0071947385752636e-06,4.794197475549225e-05,5.615582499847022e-08,0.00015291027733398818,4.068184886987381e-06,2.4998250309294095e-05,5.310434140782413e-07,7.614027145905411e-08,0.0031933103304496047,9.817347410753243e-07,B12_deficiency_anemia,0.4426361686968303,0.026603530620886936,0.011976292473309816,0.037602074884197874,0.0682352552660592,0.23881332288553686,0.016625045367777126,0.013228528278011695,0.017989896416879286,0.004771670718252878,0.11303709568614177,0.00848111870611624,B12_deficiency_anemia,0.602178213663038,0.017823631055610547,0.007506221271885078,0.03091697091251355,0.02334609923303151,0.211915449336611,0.014212777248540849,0.008419115043115393,0.012997410033458499,0.005674467334111877,0.05796635040158577,0.007043294466498272
P000735,folate_deficiency_no_anemia,folate_deficiency_no_anemia,0.004310495038876753,0.01863974950519859,0.0014618839593751266,0.012264618343303547,0.0034795733931126684,0.06322181208879839,0.8562515039062121,0.0011756928084562341,0.00046955009967907435,0.0013307284944819012,0.005786818284054481,0.03160757407845113,folate_deficiency_no_anemia,0.00013566439466660823,0.0025530593618227895,0.0001607884477598766,0.003293036463626688,0.0012869593616283413,0.015124979131976187,0.9560804516501009,5.684993561763007e-05,1.5153453484913636e-05,2.0705030689740448e-05,0.00038125166674629976,0.02089110110188017,folate_deficiency_no_anemia,0.0067373392851942165,0.06444788967478386,0.017605786693053023,0.01426350673449026,0.08172894649853331,0.028984043866049056,0.673720196046505,0.005823610377697804,0.003791553342391322,0.012354688330850204,0.006551838873830781,0.08399060027662093,folate_deficiency_no_anemia,0.00435631956428431,0.033613339213031355,0.008049616806527063,0.013253955457274988,0.022265872263989035,0.019899047261924575,0.7692696530224131,0.005805017147003155,0.001427008009831047,0.010445857068600163,0.0031775190271745883,0.10843679515794677
P000736,iron_deficiency_anemia,iron_deficiency_anemia,0.004510418570788838,0.00018339760501610405,0.0026984432348329374,0.005405641363505907,0.0008351948452697547,2.6175737486580176e-05,2.561366631767428e-07,0.001403798623375369,0.9458024192517439,0.004450343552429759,0.03467627943248683,7.631646400926727e-06,iron_deficiency_anemia,0.00027992581992606973,3.938982536129391e-06,0.0013268822740518892,0.0008288147570361444,0.00035366652894753924,2.0531480823393225e-08,1.0743718986668364e-11,4.1784667748322485e-07,0.9911361083827296,0.00034746145655460556,0.005722730344100251,3.306521567625368e-08,iron_deficiency_anemia,0.0027222971742560365,0.0009500732804026442,0.0066802322239848866,0.005050363482501527,0.0023202441636272033,0.0014449649069966889,0.0008555381452767005,0.004554127272955801,0.8645039643387287,0.002274852262101745,0.10799312669025538,0.0006502160589127047,iron_deficiency_anemia,0.0022420986004799952,0.0006484876956958778,0.003741514455849223,0.0031518836277374803,0.002115891743825715,0.0006664846615526089,0.0005392514232413433,0.002241877750157369,0.8142012194027228,0.002019564924543532,0.16801680950421036,0.0004149162099837374
P000737,inflammation_anemia,inflammation_anemia,0.00029367475951766627,0.003609620825228476,7.65907361535884e-07,0.002314019318010902,0.00029705047169997843,2.0981143004726514e-05,3.517775199983298e-05,0.9909399730453534,0.0007062851343646852,0.00020322151131532378,9.461125116799961e-05,0.0014846188809754352,inflammation_anemia,3.7557674893067145e-05,0.0003276581927706972,7.738706619399663e-10,0.0003714712193387308,0.0007470224695136235,6.812720860556786e-06,3.089143079039233e-07,0.9980519899293812,1.434677520642629e-06,1.3222475408997869e-08,8.489509582969526e-07,0.00045488125410912163,inflammation_anemia,0.021844609316965084,0.034832823548824464,0.09897724858603318,0.14447354978513746,0.05448273521424912,0.02320940389676287,0.05157436192705527,0.41647873195760243,0.03464130656464281,0.028978117677691942,0.02929003912218901,0.06121707240284632,inflammation_anemia,0.028011104461590643,0.022390521359343475,0.05061770909430609,0.15940287004239637,0.05084358911417839,0.042012212218488984,0.02277211436138704,0.50912763459671,0.033929844552769185,0.020758071911462016,0.03220275229391302,0.02793157599345474
P000738,iron_deficiency_anemia,iron_deficiency_anemia,0.00041779483570732477,8.998428919306472e-05,0.00035110940472478537,0.002076759242972646,8.388030100090723e-06,2.5211468407676977e-06,6.904696698065443e-09,0.0008247770675429128,0.9824602104674355,0.0007164603956402425,0.013051369060269831,6.191548761138881e-07,iron_deficiency_anemia,5.141431056767169e-05,1.1160031831651568e-06,1.5183286930262909e-05,0.00010454973449517534,7.976994466306481e-05,1.2992638146535793e-09,2.8430463685712985e-14,1.2168542938005362e-06,0.9981978254999173,2.4837371925954105e-05,0.0015240853500522653,3.446790343080119e-10,iron_deficiency_anemia,0.004905248410886457,0.0011384434050342549,0.008370199891716244,0.008301590737863759,0.0066638758641870705,0.0018490175927655848,0.000991586615346074,0.006622320232961007,0.7621582996113487,0.0028755909104033863,0.1953238428802589,0.0007999838472283126,iron_deficiency_anemia,0.0020438194953218596,0.0006957373090741703,0.01080813977023915,0.0047408059848935815,0.002904944458296832,0.0009308423354831167,0.0007948322415578372,0.003128260353066674,0.8677575970052176,0.0026805772834363395,0.10293627046141733,0.0005781733019954265
P000739,iron_deficiency_anemia,iron_deficiency_anemia,3.053667571981815e-05,2.038011105316317e-06,0.00020787428212376132,0.0002811693839886009,3.1899164404270675e-05,3.230389731903537e-05,3.361753875679975e-06,9.188969227351444e-06,0.8063421065268415,0.0414786144165321,0.1515639266839395,1.6980234923137282e-05,iron_deficiency_anemia,8.561131514187248e-09,3.331792749739442e-10,9.528218785009586e-07,5.880300208252138e-07,2.0411403031807697e-07,6.238992017462864e-10,1.8925073581405882e-12,5.99233396749978e-08,0.9150707513708631,0.005312423565009053,0.07961500207090068,8.583855160011632e-09,iron_deficiency_anemia,0.002446562137486348,0.002762115974878801,0.027261808518748206,0.03258931095589171,0.007219048690305695,0.005093621848817657,0.0035442150223016222,0.012456510959456858,0.8027192965223323,0.014512908013405774,0.0858344171938426,0.003560184162532356,iron_deficiency_anemia,0.002239901443434534,0.0018397140884105672,0.01509593455861636,0.029430660738555416,0.005971568587219828,0.002700926516913992,0.002288235645218387,0.01758793486316502,0.8273943868717953,0.014176290614743898,0.07835479315516487,0.002919652916761747
P000740,B12_deficiency_anemia,B12_deficiency_anemia,0.5309373025683458,0.000894844925056151,4.9158651222702756e-05,0.0021020160450085524,0.000430093056721051,0.06418276568915894,0.0003874818155161551,0.0007630234640536058,0.0001609351487143791,1.3282321220400713e-06,0.4000906091053231,4.4129875742353464e-07,folate_deficiency_anemia,0.32109197491504143,0.00404022950930685,0.00010082955872635837,0.00638604950222238,0.0009502244993842224,0.4889783329785022,0.0009908009910314483,0.0018857873048715266,0.0006640329338984844,3.226714542405974e-06,0.17490782154600346,6.895464693184008e-07,B12_deficiency_anemia,0.646694966037948,0.013331359206273917,0.003319908309348413,0.010114446323732674,0.021343564580215066,0.16861190460382675,0.0057131225937728175,0.004999363485922367,0.0058958966593332185,0.001625091752533339,0.11649643881007318,0.0018539376370200911,B12_deficiency_anemia,0.7330653753229052,0.013463868066635654,0.0024095173014255455,0.006638430927650147,0.050463287299415384,0.08431599208744933,0.0056370126535420315,0.0032100599587967468,0.005004430291499822,0.0018199949423515483,0.09224688303976084,0.0017251481085676797
P000741,no_anemia_no_deficiency,no_anemia_no_deficiency,0.00023493352208604543,0.038847106278307605,0.015341297269406785,0.0028628412423907716,0.00048062438020532444,0.0004349300475517151,0.10995815013602361,0.0011842294972154554,0.00021248890073754544,0.0362899322989761,1.959213212875425e-05,0.7941338742949703,no_anemia_no_deficiency,3.500084200519479e-07,0.0011054226705418248,0.000498142910449752,0.00031604537288927343,0.0007023001480174898,1.2583582442905802e-06,0.020913474054300718,1.1872483934721945e-05,8.900552098076016e-07,0.0022811902390189784,6.9035159543862945e-09,0.9741690467954571,no_anemia_no_deficiency,0.002008205274974348,0.04533203881168893,0.13454042914427572,0.0098799145399138,0.011078605027691297,0.0030845518792504967,0.05618399968342688,0.010035503517361115,0.007386334825092793,0.17724461857091864,0.0032759700694918255,0.5399498286559141,no_anemia_no_deficiency,0.002269485850842873,0.05552343788512447,0.05656297428326207,0.008215609330789313,0.009850819569860645,0.002511563216372837,0.04629594084499837,0.005300297205685082,0.005021603913424535,0.1315937042494886,0.0027011874430761524,0.674153376207075
P000742,no_anemia_no_deficiency,no_anemia_no_deficiency,0.00039495428751660936,0.0491558218408227,0.005048747967886552,0.004255241122575221,0.0010162342533582664,0.0006111337035942169,0.11686135065535017,0.0020385233824800845,0.0012827771060301414,0.11407930940279037,0.00036488776326287173,0.7048910185143328,no_anemia_no_deficiency,3.529352002641276e-05,0.0377990790799188,0.0002109220131742097,0.0016490877667461558,0.0002858182264946424,0.00019260568381766129,0.057018141499140085,0.000179022177359859,7.397839795297792e-05,0.060754854847052835,2.2256465148772227e-05,0.8417789403231676,no_anemia_no_deficiency,0.0013489200604455192,0.04572118246433491,0.03523532498450056,0.006553161153682479,0.009426748181747487,0.002815460039961826,0.04620269493898921,0.004879867206748038,0.004216660393433959,0.1458412661407949,0.0022739401585012095,0.6954847742768598,no_anemia_no_deficiency,0.0011579112030361057,0.04041211430510025,0.03261763761067384,0.007080708386121172,0.009547338363748117,0.0022762441630106993,0.03203084811091885,0.004064627780293319,0.0031492548770662688,0.1456343721006124,0.0015113035653047731,0.7205176395341143
P000743,latent_deficiency,latent_deficiency,0.0007396700717728578,0.008445293955643645,0.010615532338452447,0.000801187010116906,0.0029730724794969476,0.0003741344136832714,0.0167385740497531,0.002643942057900983,0.0578166215905435,0.850095916507278,0.011461412274146703,0.037294643251211776,latent_deficiency,1.0428289271152797e-05,0.0006528170860721416,0.00047340727396740065,3.386888389789278e-05,0.0002024927847149423,4.7233797684777755e-06,0.0012443217028368248,0.023273893397017294,0.021826756568515092,0.926336198447321,0.0008083036182214499,0.025132788568396444,latent_deficiency,0.002138087269546938,0.015885277629456265,0.02372371078769384,0.006145661175652718,0.00971725645733607,0.002602957652591346,0.014913699413872399,0.004561193337822328,0.033425279573774586,0.8483985637470765,0.011575264719749833,0.026913048235427173,latent_deficiency,0.002322439286760578,0.02071504740109226,0.012644957135908033,0.008553421131274977,0.004667195069137731,0.0025849461131196333,0.010102522241843541,0.018782945314265487,0.033787792319323905,0.8341332841135783,0.009729899917288069,0.041975549956407364
P000744,mixed_deficiency,mixed_deficiency,0.010626780342217599,0.0006437428523059446,0.00024307355503237247,0.001536968252194689,0.0014438143142507722,1.4121791674729274e-05,6.153928759311656e-08,0.0030315876615780732,0.2636840384901941,0.00160199082425074,0.7171726019974783,1.2183795351025518e-06,mixed_deficiency,0.010231295281222129,0.0012629610837941703,0.0007141721093804461,0.0027067416235624824,0.0035066085485022176,3.417538220166284e-05,1.0713702272614061e-07,0.006785825853184799,0.45216026810628035,0.0021558068680840527,0.520440873954042,1.1640527228532949e-06,mixed_deficiency,0.09444679830592206,0.009410566202972427,0.0075826457592653995,0.021547895323705265,0.007919021395022137,0.02012578535549919,0.006383203409457973,0.02121455983761168,0.07537908615584757,0.005791859102842173,0.7270305973019233,0.0031679818499308694,mixed_deficiency,0.039164526115651334,0.004758611265870012,0.004789602833316121,0.012012105413745738,0.006145287767068903,0.011880361577081533,0.002769374568952094,0.017852117735760984,0.0774873061798062,0.005383305061792879,0.8160452060141955,0.0017121954667585918
P000745,B12_deficiency_anemia,B12_deficiency_anemia,0.6754068225272388,0.003062430611354917,4.42888524941788e-05,4.857617167612007e-05,3.4482157680816625e-05,0.0002480811646349233,0.0001208142851423012,5.8258084068012334e-05,0.00016404483756860707,3.6700589411063885e-05,0.3207699367880643,5.563930666066031e-06,B12_deficiency_anemia,0.8522338009662179,2.7048213895044528e-05,1.0392273296756258e-07,1.423433949801953e-07,7.390655915223221e-07,2.6166374080691926e-05,1.225532830843035e-07,8.501637962093961e-08,9.487887785587443e-07,7.203851253904687e-08,0.14771075536897546,1.5348157531315945e-08,B12_deficiency_no_anemia,0.14049212281341505,0.36827355386245175,0.02458058419862354,0.01868126605754984,0.02921375329872852,0.04543872962599851,0.07525954567304186,0.014769252586695007,0.022352502821709808,0.020937063414885004,0.21984100110822175,0.02016062453867949,B12_deficiency_anemia,0.38661818856540137,0.13476462029933373,0.0197286693540285,0.02666346910224533,0.035214751016364544,0.04155255461737868,0.03520946579064377,0.012122459507784364,0.023455006165652777,0.018345512782944027,0.24716545567134987,0.019159847126872923
P000746,folate_deficiency_anemia,folate_deficiency_anemia,0.015980590211462746,0.00017856410386075084,8.805063440682924e-07,0.32984821069324355,0.031190670808299754,0.5988749313269421,0.002963237528224809,0.015107889604356705,0.003681673628840095,4.756429861046881e-06,0.0020563534016885044,0.00011224175687579703,folate_deficiency_anemia,0.03396711793656589,0.0002382265046408194,1.3300777059429695e-06,0.39860584818201916,0.06216550117454616,0.47440585773104654,0.0021983013194751913,0.017978984067106525,0.004883677995295427,3.8096222089318396e-06,0.005470540441068825,8.080494832067562e-05,folate_deficiency_anemia,0.09574566345817274,0.008937996161240466,0.0206310260083216,0.04794651843256018,0.020320286102555072,0.7037492982333057,0.010526904648448451,0.017471385775847132,0.02326296279795008,0.003015093358780281,0.04298871196773649,0.005404153055081632,folate_deficiency_anemia,0.10866386495550756,0.01283821730834368,0.016466516207824515,0.04319788618637759,0.0335640218827109,0.7065267583050465,0.01528201997246743,0.01445544345430453,0.013372454935186085,0.0028884101903261495,0.02703643889858964,0.005707967703315492
P000747,mixed_deficiency,mixed_deficiency,3.825765365305112e-05,4.931549556047286e-10,0.00035092193852659777,4.41403606057452e-06,1.7853072649883305e-05,0.0009589995002439126,6.947206534282165e-07,3.098942000910456e-05,0.27379531470499235,4.7444219101050513e-07,0.7248020800032894,1.457565871490239e-11,mixed_deficiency,0.0014362575122789359,7.260467941327585e-07,0.008440291911866137,0.00455013931590836,0.0016816620174815524,0.05384234047927575,0.0004940504322272556,0.000745519907586278,0.3003449567798555,0.00016896655655692467,0.6282948121227316,2.769174374962257e-07,iron_deficiency_anemia,0.023050901902229765,0.006040154637409087,0.05970721476060686,0.0529186271393122,0.022190401583005576,0.06910397632978366,0.009962462764122586,0.04288562493889271,0.3982408093830033,0.005767445455798752,0.3069323304417616,0.0032000506640737767,iron_deficiency_anemia,0.014174552343611585,0.0035110500216632015,0.06213276034628422,0.06022560792630366,0.020341944169464842,0.03876604570122158,0.006826358052728015,0.023025437781564448,0.4768771820155581,0.005982490298458698,0.2846666262062821,0.0034699451368592894
P000748,anemia_other,anemia_other,1.9209377044923638e-08,3.097932337461895e-07,9.403244162743263e-07,0.9999986367210731,2.5794536179708616e-08,1.1560633631442935e-09,1.2451189687292363e-11,3.716872882351369e-08,2.3229124954946654e-08,2.9801366308933217e-12,6.624299444121325e-11,6.5217723787718214e-09,anemia_other,0.0037757612208842582,0.1144680506300047,0.11646343912498168,0.6899275636021303,0.027130339200428604,0.0015979618130962888,0.0009653054656578434,0.014558013893867173,0.013088176053558349,5.706311222340425e-05,0.0004926420240982152,0.01747568385906928,anemia_other,0.011500485809452744,0.007996577038774324,0.07371955286324564,0.7887850036864192,0.010002982198437548,0.007046027791932835,0.007589358415677723,0.05248685358628684,0.016772120065636695,0.00579093035611564,0.0063618300617801415,0.011948278126240703,anemia_other,0.021955621751250487,0.010397939096303942,0.14514361061390593,0.5935474985655467,0.020315381331289135,0.012056875382879528,0.006413157361858511,0.15624503566788492,0.013566024434521654,0.00417127845558497,0.006147560250307988,0.010040017088666404
P000749,B6_deficiency,B6_deficiency,8.60143195554718e-05,0.0005205493949319337,0.984214040929846,0.003692251101420511,0.0003488004578063395,0.00017018615503380766,0.001039600502505648,0.00023387325696417775,0.002632503367944871,0.0012088758706695626,2.8429255072348404e-05,0.00582487538824953,B6_deficiency,2.008519730438505e-05,0.00027203119483832505,0.9905268158992739,0.0027752221116296083,0.0009216210424969561,5.860495966673934e-05,0.0006548435825414318,0.0011785278022854047,0.001031603485215605,0.000350509806220211,9.168982466000211e-06,0.0022009659360616436,B6_deficiency,0.005893053958098072,0.016536673462990127,0.7319615059473285,0.04615233830867622,0.018889291147703102,0.015385504759656835,0.020536122376651506,0.02323203317994578,0.06701635988645714,0.021601895745722816,0.008157858439553571,0.024637362787216396,B6_deficiency,0.0054240816824017764,0.010995201037048857,0.8025408685036839,0.027207399305849093,0.025776719650063736,0.008017528609498248,0.01672520889069356,0.019741424670020193,0.03666702371501948,0.01824388890250842,0.007071038032004303,0.021589617001208462
P000750,B12_deficiency_anemia,B12_deficiency_anemia,0.9051792238495281,0.0072999109558522885,1.2948579086995553e-06,6.894516805619088e-05,1.1868397958497114e-05,0.00011892805516664448,1.3106207276465209e-05,6.5397943065309354e-06,1.2280737664123892e-05,6.320494152125982e-07,0.08728657864123768,6.912856293338355e-07,B12_deficiency_anemia,0.8606631710286475,0.006915029996539594,4.370169477745508e-09,4.98785673677687e-07,5.19368607336924e-07,7.474419207455533e-06,4.0244368405707054e-08,1.8098490496441664e-08,3.0436604825237916e-07,7.332193304061863e-10,0.13241293496001888,3.6290095492119627e-09,B12_deficiency_anemia,0.8821288034480932,0.0043317084015792665,0.0019556941678520357,0.004109634327388468,0.002636463140159633,0.013728182330846658,0.002007369545364136,0.0010365631192282847,0.0018302172377605214,0.0006295217345274352,0.08482915183281405,0.0007766907143858229,B12_deficiency_anemia,0.8893351631849234,0.005379362816384146,0.001829666863900677,0.003938942140349936,0.0038798474091117016,0.014211342816985871,0.0021684567443050282,0.0013323055165243073,0.0015982002101510425,0.0009739283185461789,0.07439153257676391,0.0009612514020536136
P000751,no_anemia_no_deficiency,no_anemia_no_deficiency,7.788519170487327e-09,0.0009609563585021729,3.4489278739365196e-07,8.350647928212245e-07,9.972868672992377e-09,1.0228639817730286e-07,0.10360727891642539,1.2107669295041541e-06,3.601792573056378e-08,0.0003900821765555249,1.65900028596918e-09,0.8950391340992951,no_anemia_no_deficiency,7.794325722166276e-08,0.0050366158696538415,1.0730374158527447e-06,4.56368110329902e-07,6.288886044230917e-07,2.3647947272973876e-06,0.11719647966070067,9.070002696448743e-08,1.0069395066008413e-08,0.0015846331700233567,1.9334078675749344e-09,0.876177567564677,no_anemia_no_deficiency,0.0011176039270949152,0.05185546824089742,0.0035560759091339093,0.0026065619079798734,0.0032060883427092045,0.0019799904193742402,0.08303443800451343,0.00321782596380061,0.0016499493536550373,0.02798501972883162,0.0010036693640245121,0.8187873088379852,no_anemia_no_deficiency,0.002690692447305003,0.09338302772906996,0.003475105994029661,0.0035341355500155556,0.0074719883108131475,0.003147029556464225,0.12359129692298972,0.0023126184761588227,0.0015194302142900737,0.011283290982025565,0.0012829060150100612,0.7463084778018282
P000752,anemia_other,anemia_other,0.021473780018074335,0.0035905476912275686,0.010502909480157209,0.7198291913758325,0.00783184454854236,0.07278988133401462,0.029653121679794968,0.005625732766175912,0.032223170663566704,0.002051643683514779,0.09381840813692702,0.000609768622172147,mixed_deficiency,0.06817538669715814,0.011503838239809166,0.023275677311173974,0.09358278803826349,0.06589456204438984,0.238113967574655,0.07795217618086386,0.06346806284311937,0.07129911125298545,0.004714239051749708,0.28093518066653894,0.0010850100992930887,anemia_other,0.013022587191636495,0.007379456139884333,0.03514653134897052,0.673664880980842,0.02320205155705258,0.06829152166109738,0.009597191930056622,0.024666044294338326,0.07305714175147829,0.004770354117650701,0.06204220489059689,0.00516003413639605,folate_deficiency_anemia,0.04038469967249606,0.013360752420051358,0.04288587885819588,0.1084431302959331,0.06270951112837429,0.2572194910613827,0.01973752169429162,0.1381210845177633,0.09163396671626811,0.008785441569035862,0.21136830510223859,0.0053502169639691064
P000753,mixed_deficiency,iron_deficiency_anemia,0.0006839544659017635,0.0001361556285040243,0.0020105295795720002,0.0006761286532075703,0.0005922378397184297,0.0009585978042910426,0.0008862927979006789,0.0021019924046119377,0.4079444922241271,0.23518199197394138,0.34876573727249155,6.188935573270446e-05,iron_deficiency_anemia,0.000846685085285581,0.00010942512681076563,0.0025004501302569562,0.0011265802167724662,0.004355037857073683,0.002333600951449889,0.0011479779227741725,0.0019256736965092283,0.38144305292589364,0.27104091795121127,0.3331275271232079,4.307101275438739e-05,iron_deficiency_anemia,0.004596948896601505,0.003906890400320901,0.010982599550775443,0.007297184489153677,0.00564064034051082,0.005340334085458595,0.004254126711644507,0.006297643066191824,0.6785735711491057,0.026405744106778355,0.24391372746453716,0.002790589738921645,mixed_deficiency,0.005755982362284033,0.0024757821538783664,0.005651158013784375,0.0061341350803915985,0.009121793730215981,0.004542952935801008,0.003326169987850553,0.00821742799709771,0.4578897556118479,0.010699716426577504,0.48437910896983755,0.0018060167304333955
P000754,latent_deficiency,latent_deficiency,1.6165724886120803e-05,0.008451816484627615,0.0006880040950453329,0.00010112740185045865,9.593187720757696e-05,4.729176997791162e-05,0.009777723754715051,0.00010760784087602223,0.003625046085271461,0.9197627695464349,0.0008753483014072633,0.05645116711770029,latent_deficiency,5.3886049094491226e-08,0.0011059252860878277,3.105679093554845e-05,1.3365601431251352e-05,3.753972622967629e-05,6.682977529424701e-07,0.00030510048809194104,5.083642029775237e-07,0.00020316013956614323,0.9867729372970984,1.692967218147765e-05,0.011512754450372956,latent_deficiency,0.00021897707248693348,0.0020375742097722507,0.004693071228313468,0.0007507304892509514,0.0006696126442826512,0.00031516895255462703,0.002290113917675732,0.0008576389819733075,0.0028160810866817826,0.9740682325433989,0.0011455465158509966,0.01013725235775849,latent_deficiency,0.00035089283038937895,0.0021134636104040132,0.004891678393466601,0.0007101753166688501,0.0009206064664051152,0.0003677534431907835,0.001452877600734439,0.0007699632835822937,0.003079739230016231,0.9787513455318716,0.0014495126749281104,0.005141991618342649
P000755,iron_deficiency_anemia,iron_deficiency_anemia,0.04501273799139161,0.0051223572856180346,0.05198354797638377,0.06930450448687327,0.04266552164906722,0.016317656980165296,0.00507291956893468,0.0041540700674653624,0.6269994090563192,0.01774897743545282,0.11510729640979701,0.0005110010925318079,iron_deficiency_anemia,0.02376573071684226,0.0051092607782517565,0.05520424314179845,0.07228765886993462,0.07687591733126715,0.012523039281847536,0.005706715382623369,0.0508908439042227,0.5934454492160817,0.014991218309436253,0.08887060832931205,0.00032931473838216497,iron_deficiency_anemia,0.024030440424139238,0.014051140475464753,0.10132880256653372,0.046660628257916226,0.11268876308791813,0.018120719206481797,0.01096249977091563,0.028664195410482866,0.447358196987542,0.007019547571041648,0.18336909167177523,0.005745974569788836,iron_deficiency_anemia,0.022705651343724435,0.00790251883915385,0.06848497292299068,0.042078830095321845,0.07225434711774334,0.010677387963820438,0.007788444637302192,0.0765557659980799,0.5338125200246336,0.01126241702258757,0.14241788570426014,0.0040592583303820096
P000756,folate_deficiency_anemia,B12_deficiency_no_anemia,0.20074746741229593,0.24087677337647911,0.003424588111378592,0.05820933903393209,0.035749433633514884,0.23595557182426047,0.13024334502361515,0.05159457600882059,0.003875486880004926,0.0001381852703248323,0.019559966282717372,0.019625267142655924,folate_deficiency_no_anemia,0.1323294024390942,0.15584457658622186,0.004559673080131567,0.045319417501851506,0.041901673868396244,0.1251587105449814,0.24365553939916687,0.14680778360941785,0.006325729419744832,0.0027249543152549393,0.04430023214117391,0.05107230709456481,B12_deficiency_no_anemia,0.06931272315458474,0.3400205118187976,0.014430348830202763,0.016245645911106315,0.1247799968857188,0.0452060922103233,0.28111066879888746,0.0195235737479998,0.009663783151781881,0.014155602683675743,0.01571855393513813,0.04983249887178353,B12_deficiency_no_anemia,0.03813355161047283,0.4233614513038928,0.020839738428673944,0.018210695621108268,0.0959842681517161,0.045107119777018534,0.2239697301566173,0.023051295799389655,0.00697239918793901,0.017289889197431785,0.011932602471322483,0.07514725829441718
P000757,no_anemia_no_deficiency,no_anemia_no_deficiency,0.006340701625337851,0.03729998313950063,0.004624466213805946,0.03140887672758859,0.010214197018722445,0.030960847980335073,0.2693387802265645,0.006992131449492362,0.0003474001860147837,0.0036501066368823474,0.0014937768471942796,0.5973287319485612,no_anemia_no_deficiency,0.0003899819713912762,0.017591808796647887,0.00038950068030573534,0.0319167380329886,0.0032121369353507786,0.006465642862082911,0.289014120811026,8.528539350115292e-05,2.6406990131977287e-05,0.0011421202348056928,4.5894964060494234e-05,0.6497203623277075,folate_deficiency_no_anemia,0.004022315615109388,0.18784484062228662,0.00606459846204721,0.007885688153079263,0.011908148445973349,0.016062153969663887,0.36913599592954593,0.0030329041544990515,0.004071900354576223,0.0285897570737549,0.0030907935183179954,0.35829090370114614,B12_deficiency_no_anemia,0.004249109093679087,0.4263428522297925,0.005515451957592274,0.013152119392840321,0.009999033776676587,0.016016362799586306,0.23004412570479119,0.0027927687468142603,0.0030951316462491957,0.015496649601345867,0.0031731347279202824,0.2701232603227123
P000758,mixed_deficiency,mixed_deficiency,0.0007330658715884558,1.2747066836910365e-05,0.00043778039856049274,5.903830558936969e-05,0.000215972576553568,0.0026668123331304787,0.0015853888823569836,6.905837876879824e-05,0.06459977794239212,0.0015538768637006941,0.9280663699593023,1.1142121997305247e-07,mixed_deficiency,1.734990160913733e-05,3.183266128885013e-08,1.9292642243081494e-06,2.5597559597587197e-08,7.119791957721351e-07,0.0003148799668689357,1.7209333113870703e-05,1.1841721313574403e-06,0.0068852865755526065,1.1639866008921885e-05,0.9927497514560311,5.504309185384416e-11,mixed_deficiency,0.002459073363452387,0.00170208500147267,0.00385972725152335,0.002256771074231529,0.0016124172831988308,0.004329242595588124,0.002935240107392306,0.0028668003257584034,0.10358284619953488,0.0037330926074248824,0.8699123146244667,0.0007503895659558666,mixed_deficiency,0.001444850319751483,0.0010264329877623852,0.00168719343957355,0.001074267120617613,0.0008048744750755344,0.0038484446366481967,0.002061019564511677,0.0022198676335285243,0.054218151126453944,0.0024502066420595743,0.9285301344068336,0.0006345576471838639
P000759,anemia_other,anemia_other,0.00018725760208874382,1.562642628272729e-05,2.361823153463451e-05,0.9996603477505001,4.412773828222127e-05,2.62016283400186e-07,4.5787364678387e-08,3.2601986760416046e-06,2.3382456291112655e-06,1.311585179074292e-07,3.213089899404367e-08,6.295271394141608e-05,anemia_other,0.20292096443085,0.06914253336027454,0.027812719953259544,0.5560758119425895,0.0973346539183958,0.003659387678127169,0.0018758218157665294,0.009937792689126892,0.00453902605828515,0.0017920205124498365,0.002006723120587912,0.022902544520287046,anemia_other,0.02085110904415237,0.003985702462914032,0.004781261721935523,0.9055594420571572,0.003953846645992098,0.027802171669309456,0.008013927949753282,0.006682814879441672,0.006265643539926609,0.001987911539504227,0.0048625024495583275,0.0052536660403552544,anemia_other,0.25924964595428956,0.01573449588045236,0.0144623272499041,0.3997554463366459,0.035637670521690236,0.16421327423827106,0.029110098100315954,0.016277931592845348,0.018576136760946122,0.0042176728166189855,0.03089230205093133,0.011872998497088958
P000760,no_anemia_no_deficiency,no_anemia_no_deficiency,3.272053857355818e-06,0.0005957305127900703,1.8258708515384334e-06,0.00023612807996950321,8.048500550215168e-07,1.2524123240404189e-05,0.0016923525677856066,1.913080693779128e-07,4.717757039304169e-08,1.1537927502675239e-05,2.029830016119606e-08,0.9974455652300079,no_anemia_no_deficiency,8.291769089084069e-05,0.003469771903004196,3.1349772179334235e-05,0.0019066706782947232,0.00013423214808875886,0.00016958428322061498,0.012644521658396116,1.4406982314853732e-05,2.99576997198327e-06,0.00023146681268416838,3.7634439016826676e-06,0.9813083188570528,no_anemia_no_deficiency,0.005934744833461499,0.07003247247307241,0.005932980144790591,0.007222163041970259,0.01532957776282776,0.011892372678921273,0.22172165416690554,0.004686038663654569,0.003024749273317644,0.018309562757952435,0.00270268380674201,0.6332110003963841,no_anemia_no_deficiency,0.0034338020173667917,0.0364027749225372,0.004218406783716754,0.005939612326316417,0.01087351386155872,0.007668700399238903,0.14323261812953375,0.004178695158651745,0.0018681032452757568,0.009997869592678624,0.002060094396741029,0.7701258091663843
P000761,no_anemia_no_deficiency,no_anemia_no_deficiency,6.895647880715038e-05,0.004834871793882714,0.00022765693060075346,0.00019024680218221056,0.00028402667684236844,0.0006325870535253417,0.06767528280792733,0.00013308996729396522,0.00011684123043534838,0.03346484243387738,9.781099692000983e-05,0.8922737868277054,no_anemia_no_deficiency,3.544129209728579e-07,0.0010432015330969146,5.546390015675204e-06,1.950389934326441e-05,2.4594417020285463e-05,1.8814892913681494e-05,0.041441090027572826,2.1823239180122378e-05,5.880846280795373e-06,0.07265219002422497,1.899047572613555e-06,0.8847651012698577,no_anemia_no_deficiency,0.0008480443207046413,0.05591144709306082,0.002903454793602155,0.0021606912168609404,0.004243342325628621,0.00318635898368943,0.13932715458092124,0.0013325828593818117,0.0015700327813652694,0.0314960250061788,0.001086065374208125,0.7559348006643982,no_anemia_no_deficiency,0.00101061533442161,0.061231153577812975,0.0037466668280238123,0.0036886983231389976,0.009157234536511712,0.003337003125299829,0.1679373713863212,0.0022831697287502843,0.0017129660160534195,0.037739436474525774,0.0010959034858042307,0.7070597811833362
P000762,folate_deficiency_no_anemia,folate_deficiency_no_anemia,1.1122345082712247e-05,5.476103452362136e-05,2.2195887105468446e-05,0.0024465952950964926,2.8485664337231046e-05,0.08062347573372106,0.9157931758345661,6.392569881508472e-06,2.062976318045596e-06,5.1492024661687425e-06,2.6332226007404575e-05,0.000980251230894371,folate_deficiency_no_anemia,7.36606404441554e-06,0.00034189186285247186,0.00010932069309177758,0.0019240851986349976,0.0010694388403831002,0.14114310200645167,0.8535841843894624,2.595156555305752e-06,3.2198319807856366e-06,1.2369554152756183e-05,2.7122027656267662e-05,0.001775304374733898,folate_deficiency_no_anemia,0.0025731382802677673,0.01971429988701105,0.0035070575002007793,0.008683688228416406,0.013323943470403932,0.014962868422594191,0.8923890804859034,0.001978560810572777,0.0011525317904624546,0.002788552234737902,0.001434248074335845,0.03749203081509323,folate_deficiency_no_anemia,0.002252588067794259,0.014347491331372052,0.005280404931576334,0.009143119130051525,0.011806986883003192,0.012729647073243882,0.8842064943687916,0.0028536471248162454,0.001192747505590213,0.004554886548347183,0.002162061992946174,0.04946992504246726
P000763,mixed_deficiency,mixed_deficiency,0.0003756479840263526,0.0007130568889173788,1.380905932777661e-07,1.3870146221243525e-08,1.0364154668990674e-07,9.83636662217835e-07,1.5466317259227115e-06,7.491205657182761e-08,2.491126506917732e-05,2.7074191688005914e-05,0.9988564486091929,2.7837523406299027e-10,mixed_deficiency,0.0057396458904713284,0.023018108766648962,0.00018784032580474296,5.396626717159335e-05,0.0003716391178794277,0.0005171250031145878,0.0003478030863940846,2.8649320541908154e-05,0.002819935634070578,0.006998812610159629,0.9599154752946538,9.986830894282893e-07,mixed_deficiency,0.009493749620345585,0.004420737311248188,0.0014328764529145572,0.0018782296000179023,0.0017870727774486187,0.002131453667433062,0.0012830094837081927,0.0010911103246701102,0.019873374030526,0.0023408722846721465,0.9535903532490584,0.000677161197957292,mixed_deficiency,0.009015836977968265,0.005399471524671057,0.0017418300114641213,0.0017672239189977796,0.0018091124978056761,0.003235304170007088,0.0015054576012612903,0.0016346629923529165,0.03126192982748145,0.00410269525955498,0.9375509620645599,0.0009755131538754666
P000764,anemia_other,anemia_other,0.014764201279350868,1.195696192486306e-05,0.008080279654846567,0.7995089526553595,0.010150432559757875,1.2666482221543979e-05,1.449914270469453e-07,0.021887912983922342,0.14404506987751906,4.0825815186117424e-05,0.00015807501253327518,0.0013394817259509964,anemia_other,0.04444491160508906,0.0005678640701928521,0.013762924110455446,0.7738228580638036,0.1056151138185461,1.5692112484260965e-05,1.0413784361830983e-07,0.03134601443252536,0.029606057425765844,2.1408593771406737e-05,0.00044320023807346604,0.00035385139144893584,anemia_other,0.049124060694407,0.012156392260883176,0.06519354323596245,0.4718130587315422,0.05247308979031874,0.0657434794110698,0.010538927396493711,0.13262334917212507,0.07901849482259699,0.004936610024983155,0.04571352812468573,0.010665466334931805,anemia_other,0.07319686416120688,0.0062379102471037794,0.0225062019315989,0.5669350113919468,0.1189294392923077,0.03389725543077811,0.00806598501082596,0.10990428918111021,0.025482223872261373,0.002631642342934517,0.026926854706902897,0.005286322431022859
P000765,latent_deficiency,latent_deficiency,2.3159194868439452e-05,0.01877262053494845,0.0038294159096459468,0.0006342223214681787,2.2875662961714925e-05,2.732176046332637e-05,0.029666490562595904,7.912495424439887e-05,0.004122218613667268,0.8258367099717657,0.0002659935739155239,0.11671984693945513,latent_deficiency,2.6089185590815018e-05,0.043872911662569854,0.011761824110199538,0.0005225244912008349,0.0005806578597170111,5.5177877590723985e-05,0.039169192771050486,9.48572371411069e-05,0.0030794669625164336,0.788728004803962,0.00013061402747616753,0.11197867901098506,latent_deficiency,0.0013338739143742948,0.033090753767563014,0.09526916979689468,0.005165288813111902,0.00860679253293317,0.0022055056954101877,0.048683596434670136,0.0051593743030619015,0.008660296955596995,0.613520884997957,0.0030506104334242735,0.17525385235500257,latent_deficiency,0.001727348642771872,0.05165671481203049,0.10429000541499386,0.005354517170432832,0.015176687928160302,0.00206937886533871,0.03822921637359911,0.004374004136344385,0.008859317479263924,0.6253835254159708,0.0026106260952065857,0.14026865766588711
P000766,inflammation_anemia,inflammation_anemia,3.8957658234333535e-05,0.0005180950250213418,0.0008656730786868644,9.88224829707821e-05,8.086853789633578e-05,0.0006621245103867108,0.0007451913510848267,0.9960899015034325,0.00044071219223550166,8.320124721822478e-06,6.584580087928173e-05,0.0003854877344496897,inflammation_anemia,0.0005155568114023123,0.010812001161558159,0.012392213863434958,0.020645938328427444,0.012389725827491522,0.009817997601888718,0.018497929691937615,0.9026275206984137,0.0034452673134924444,4.623945578416687e-05,0.002216027783596077,0.006593581462573046,inflammation_anemia,0.0012342068526069953,0.0012686996046037985,0.013857986054193076,0.005191641541992902,0.0022228201016388388,0.0019259307283726556,0.0014767814349236172,0.9643170302196391,0.003754898725932642,0.0012438440691741979,0.0013966665058036461,0.002109494161118788,inflammation_anemia,0.004676325390883547,0.004276303621898553,0.03296990552794087,0.04084302401553954,0.015921568245128102,0.005909564358630944,0.006684877210438039,0.8557870113240134,0.018911176793878298,0.0030782963433661284,0.004353491778697591,0.0065884553895849225
P000767,B12_deficiency_no_anemia,B12_deficiency_no_anemia,0.0037540570057791618,0.7473716300470228,0.0022582207332965975,0.005539344393349472,0.0014099616955863734,0.006621603687065352,0.13794324007258327,0.013454337601039616,0.0008139341002213608,0.04361694719605132,0.013530001207667189,0.023686722260337537,B12_deficiency_no_anemia,0.000666849731840403,0.9378460731095364,2.5169713978995927e-06,0.00033023853169681543,5.183878779404563e-05,0.006859396747034139,0.04452200129895647,4.317840431005598e-05,1.0969861677807125e-05,0.0009924534028328894,0.004128519856304161,0.004545963296618912,B12_deficiency_no_anemia,0.002524951414946879,0.7571294990010822,0.004982376466331534,0.004241837702497882,0.004219966496852091,0.005189388248864587,0.11700081537603177,0.006847182086234572,0.0028962292530675744,0.01946431779761302,0.004496285734862501,0.07100715042161536,B12_deficiency_no_anemia,0.001088749524899923,0.9289485891399186,0.0009321414938521879,0.0023034832206718816,0.001957920870997706,0.002721216321016403,0.038341322612422964,0.0009710507946850802,0.0007189390601150845,0.0028323261401502773,0.0010911213948450306,0.018093139426424917
P000768,B12_deficiency_no_anemia,no_anemia_no_deficiency,0.016758321778717517,0.263672437220586,0.016662520225379358,0.033695891803128715,0.00972313743229406,0.03540271597613785,0.2690944334168224,0.01043879913190625,0.0032005423904826694,0.01165340280488961,0.013011034794823215,0.3166867630248326,no_anemia_no_deficiency,0.017850057901582745,0.3055386090892877,0.010431437332358764,0.03209058917083065,0.0184567371648651,0.03638890847903042,0.21442036769779033,0.0334115167787148,0.002251104279198282,0.00882882493778242,0.014547601539188377,0.30578424562937057,B12_deficiency_no_anemia,0.0043034146174100105,0.41785860804952035,0.009799953932926212,0.008944558555311661,0.009026411856536912,0.013177221781778383,0.41534835939645337,0.005939920060164199,0.0027194536010988735,0.018718399753382894,0.0024053830685983216,0.09175831532681887,B12_deficiency_no_anemia,0.006978823496912289,0.49206799985229216,0.014672937890301586,0.017379747468611338,0.014702027544077968,0.021286272498655202,0.25820497536971654,0.015836672678333715,0.003392314100072877,0.014664210765905671,0.004528773272370861,0.13628524506274992
P000769,anemia_other,B6_deficiency,8.567544882862365e-05,0.00012673143205236818,0.9534724255967698,0.02940405281404292,0.013509605213776029,0.002901356725280475,0.00013431164794500965,0.00027323002660856616,3.4653623100745176e-05,5.693804655739322e-09,3.055538988579537e-05,2.7396387904910053e-05,B6_deficiency,0.0015509431952399786,0.0003657571274247176,0.7071657223926203,0.27288595649797864,0.0027878957943825683,0.014576364046748093,0.00042341079225837304,9.004849017994812e-05,2.9722444095988903e-05,3.261144785028588e-09,0.00011413518896821528,1.0040768958553254e-05,anemia_other,0.012893350518576511,0.00573892716702372,0.3041269527684134,0.43116433513623686,0.12085432691145231,0.03892332290229615,0.010559870477642728,0.03126717335756358,0.02105191423981645,0.0035539568689068064,0.010805886775522335,0.009059982876549114,anemia_other,0.013861306974873592,0.005013167636882648,0.30822782187842623,0.5062416150969912,0.04146019002987766,0.06211439356456345,0.006609320435370445,0.027538386188441552,0.010274897390805731,0.003032211587262663,0.010406961487320896,0.005219727729183877
P000770,no_anemia_no_deficiency,no_anemia_no_deficiency,0.002061027632550386,0.053286723331141435,0.012204723593053765,0.23150624082115231,0.0015610378771901638,0.011274017045283436,0.11967907351811416,0.00047854957848017206,0.0012278874105502832,0.011471549620975038,0.0007635348739140981,0.5544856346975947,no_anemia_no_deficiency,0.0001803729129825408,0.010048889759011422,0.002396988981261022,0.14143493519238487,0.0039214762203850515,0.010342730551952619,0.1501465938778486,3.336594533453296e-05,9.610975307268895e-05,0.003501377855691153,8.918845184484287e-05,0.6778079704982307,no_anemia_no_deficiency,0.002631293593785866,0.033138116878306714,0.010055563564465063,0.03384191119383517,0.005508142674832981,0.0044356722424780315,0.10857676925090379,0.005381795814410454,0.0023089961448398305,0.02315689627486292,0.001936303930415644,0.7690285384368635,no_anemia_no_deficiency,0.004955758312378509,0.046774593538529405,0.009677782970991108,0.01619793388490665,0.012733084451413933,0.008712095958632819,0.14462472905124213,0.006404466655286184,0.002367663572720808,0.017241754354285942,0.002341837625687484,0.7279682996239251
P000771,B6_deficiency,no_anemia_no_deficiency,0.003397665406448531,0.002369940518555102,0.16585052316557267,0.1093155090850916,0.020959759608855735,5.253110450125618e-05,0.00012129308680195887,0.013327892952789416,0.017595763501689943,0.018829687685723316,8.658756462394638e-05,0.6480928463193466,no_anemia_no_deficiency,0.00015622955494575384,5.120529897932402e-05,0.06374927416104337,0.07284529341903788,0.004703922359719169,5.409797495971899e-07,2.091763350646966e-06,0.28225925052591083,0.0008070656133349666,0.0003196090017021804,1.04770059921567e-07,0.5751054125521664,no_anemia_no_deficiency,0.007022048032507973,0.06310904885036651,0.2566845530703667,0.06214330096916537,0.03799202883816547,0.008935783465301505,0.07181757455981787,0.023704008156132102,0.019631419757128517,0.07097715605754053,0.007428350131181435,0.3705547281123261,no_anemia_no_deficiency,0.006138394391085247,0.08992221944059949,0.11515817923279985,0.0973921458051545,0.027309803267282388,0.0059958381096900885,0.06603198504908354,0.09282960601089721,0.01012998450758834,0.041790113323578314,0.004599478347064076,0.44270225251517686
P000772,mixed_deficiency,mixed_deficiency,0.0010699581777094931,7.330901355791146e-07,5.744390234710394e-05,0.0004150695267453161,2.4493370499020626e-06,0.0009001551403721642,3.4248893260646685e-06,2.627024983789741e-05,0.15794434896261608,1.984568437912233e-07,0.8395799480643197,2.0269703082474786e-10,mixed_deficiency,0.004918873517252255,0.00013170721464202895,0.004181277505969787,0.01702689909456729,0.004839983841906471,0.027329330758579993,0.0008966751784721817,0.0017675874192104961,0.3343073863408764,0.00015587601892169952,0.6044439833394659,4.19770135521291e-07,mixed_deficiency,0.00501967590582129,0.0011943621156203814,0.003679914719463525,0.007667973948116093,0.0059771437400970425,0.009910440771358107,0.001297729129285904,0.004949890660131295,0.16505113576587663,0.002872542145084006,0.7913865376537854,0.0009926534453603684,mixed_deficiency,0.002338658903257045,0.001321655058772303,0.00574969729637781,0.008351903979551462,0.0027768822175319756,0.004677226834762548,0.001214275776371841,0.0032829028910874546,0.3247563666472508,0.0054747702038000804,0.6390302140843211,0.0010254461069155159
P000773,no_anemia_no_deficiency,no_anemia_no_deficiency,1.391495271223781e-05,1.0533926977192243e-08,0.0007315452235137529,6.911693464830617e-05,6.485773926437952e-05,0.0003058896488321546,0.16973124327691788,1.971212726556408e-05,3.8241926521116314e-05,0.01105053289116046,6.550366853534916e-07,0.8179742797085519,no_anemia_no_deficiency,2.9435454633376534e-05,0.036126472093616344,0.0006114983201377065,0.00032775952699495663,0.0001761786970070405,7.392837644088781e-05,0.10211060991352519,7.553314865633661e-05,2.227835099846399e-05,0.015541218279444597,1.9664802669782047e-05,0.8448854230358753,no_anemia_no_deficiency,0.0010377557490423655,0.033030789166232644,0.011148835913856136,0.00472478249849117,0.01004822592784167,0.0036111131925680366,0.06365519602874509,0.0024507094651636785,0.0024869829575715737,0.03568496331752091,0.0013794293526169818,0.8307412164303498,no_anemia_no_deficiency,0.0008886805858413985,0.032043500557619724,0.004682767933453753,0.004326520991158653,0.008914150954867459,0.0019945597159233826,0.14498585614626183,0.0021550995414500894,0.0014914956007940116,0.028939812145312344,0.000779336487067933,0.7687982193402494
P000774,folate_deficiency_anemia,folate_deficiency_anemia,0.05923905311947544,0.00010849234856078671,8.512924407865081e-05,0.2306249233473269,0.00842401953057171,0.6749783250428544,0.00048472292214417486,0.003930316820157796,0.005183163198664854,4.453483920303772e-06,0.016936829579698526,5.713625464057144e-07,folate_deficiency_anemia,0.013214078209304694,0.0002752841682078994,4.1645225093385925e-05,0.07991630037253018,0.21512541267459973,0.6649750635516254,0.0005851927063421172,0.015065151379309598,0.00683313764842441,1.3745734590654309e-06,0.003966947417992562,4.120731111639092e-07,folate_deficiency_anemia,0.23226686665645846,0.016896714354580983,0.012211771577170344,0.05392618125075566,0.04457628283317165,0.48523441303620024,0.016156158910008548,0.014033714826321115,0.03703803094309169,0.004760728251937379,0.07921062219228879,0.003688515168015162,folate_deficiency_anemia,0.30564826356537983,0.02173523546581761,0.00988428131173119,0.037757290944811284,0.08661356883607779,0.385565793739669,0.013209799676357147,0.015286759414825131,0.04199342848885019,0.004197170777282292,0.07389350663571655,0.004214901143482174
P000775,iron_deficiency_anemia,iron_deficiency_anemia,5.654621681861537e-05,3.0331106652621205e-06,0.0020445278316324252,0.00024147894504077775,2.0971368109474542e-05,5.205090202048335e-06,1.073746883743991e-06,5.665998050749538e-05,0.9734676855645773,0.006876830808013537,0.01721783414164236,8.153195907044549e-06,iron_deficiency_anemia,4.6704838018653073e-07,2.9868178647128688e-09,0.00010386857981729818,2.393393943116952e-06,1.5211307759106896e-05,3.632771969819455e-09,1.004173296897833e-10,1.337700484808437e-08,0.9975718407782043,0.0019032744007776118,0.0004029198253958204,4.568710730961815e-09,iron_deficiency_anemia,0.0016081892183432394,0.0006929600301226879,0.003906136046718169,0.0038105559811440755,0.0045157934419332284,0.0017969269439267617,0.0008972621446637705,0.003574198597769964,0.9076303166154664,0.0031252588942366345,0.0676622807320089,0.0007801213536659891,iron_deficiency_anemia,0.0019059658802315091,0.0006585593883950436,0.004037113444608283,0.003331959912742138,0.005860752548616081,0.0015986306307311626,0.0007909415791736599,0.00311907114018233,0.8944089398163304,0.002007480820525075,0.08169529849247124,0.0005852863459930902
P000776,no_anemia_no_deficiency,folate_deficiency_no_anemia,0.0007679699233933418,0.0047653369434056785,0.005964412424658848,0.003700975486874651,0.0020791253170644756,0.008051282458565692,0.5243925018993429,0.0003978057365051917,0.000761448390278106,0.03621813916371214,0.0001267837055709394,0.412774218550628,folate_deficiency_no_anemia,0.0042144232705861,0.0441245702585565,0.004030425120272119,0.017470571878644266,0.009489307076334373,0.01678081124401764,0.5371297823646927,0.004398897938385146,0.0030492976389949267,0.05479727386193181,0.003343913931268967,0.3011707254163154,folate_deficiency_no_anemia,0.00261954061959144,0.08980347043619613,0.01839092222902918,0.0069202232209291505,0.012838181209058724,0.004949026591613014,0.4755134509871356,0.004150045035251555,0.004604280282474563,0.037633131638957706,0.0017876834956853617,0.34079004425407744,folate_deficiency_no_anemia,0.0019350081200318024,0.1021975176584486,0.009021729787093705,0.004515697047893682,0.014869299127904304,0.0022677462547277248,0.541436237988589,0.0028667202323169358,0.0024006266245368865,0.03034523127641555,0.0013611797678657344,0.28678300611417606
P000777,B12_deficiency_no_anemia,B12_deficiency_no_anemia,0.01304331261805777,0.9587706247207602,0.00045277863702723487,0.0034808662150015795,0.0002997355302383812,0.0008614027578946179,0.008020119537048918,5.1939443912358084e-05,3.517242617181574e-05,0.0003263576373370082,0.00056878155326859,0.014088908923281403,B12_deficiency_no_anemia,0.0016131871050710958,0.9962828975893421,2.721493226240354e-06,0.00016395383623855143,1.6996517819795172e-05,2.9997611539688935e-06,0.000681332682618104,6.004889676102767e-08,1.0033345673732371e-07,4.369411771238286e-06,9.848016755662381e-05,0.001132901052848873,B12_deficiency_no_anemia,0.01008687678293104,0.6644976767357013,0.013379632194418317,0.017270184255629577,0.01741300967290118,0.010151539293238735,0.05924110939735979,0.005076555783161434,0.006617608539172617,0.026821944260907987,0.008571266999810057,0.16087259608476817,B12_deficiency_no_anemia,0.007860956181209848,0.7762948964153602,0.004173246679166235,0.008627119036239238,0.00650246796062419,0.004335699226100745,0.0508313384796121,0.0020833509303549843,0.0022024874899574096,0.010412200232476422,0.0032004830043198024,0.12347575436457885
P000778,no_anemia_no_deficiency,no_anemia_no_deficiency,0.0003362774930474528,0.02822238261546693,0.0004042038236030575,0.0007716953137874146,0.00046602395957020637,0.003210799440216418,0.3299837076425436,8.073890136598437e-05,0.0002054494734441067,0.005325904248456262,0.0008894802749458167,0.6301033368135528,folate_deficiency_no_anemia,4.253859042950258e-06,0.013064057466183705,2.2744577611207326e-05,5.458810966015019e-05,0.00020238981097465804,0.00030425754748431813,0.8043569189551324,4.101917798819413e-06,3.940361036541211e-06,0.00015051926962065005,5.115753005149995e-05,0.18178107059540308,no_anemia_no_deficiency,0.0035649431986392727,0.05607103646661931,0.01770274108212438,0.00946715928637885,0.0156628899238587,0.010261645549317551,0.12803517045482168,0.005048650348156862,0.005753033157525164,0.08662959756496061,0.00459080232541596,0.6572123306421817,no_anemia_no_deficiency,0.008511379168069412,0.11568190374955185,0.011664229355326537,0.017232301091305424,0.02557162714466856,0.030608550976259686,0.21017966901348484,0.008526126187054985,0.004385256556134057,0.06177973511058644,0.006749551519124995,0.4991096701284332
P000779,anemia_other,anemia_other,0.09783284781549817,0.024331713589866105,0.03850147116674546,0.42166100297207193,0.02460433210890827,0.16572434540527836,0.02362305073353005,0.10118348794974481,0.0343579247857293,0.00019516082222528555,0.06049986611006517,0.007484796540337102,anemia_other,0.012621070599902058,0.003574861329230933,0.005874570641518687,0.5987768010454587,0.25813774614754936,0.009116761326180209,0.0004867775795257603,0.07539346841830491,0.01642748614083702,3.979189136335433e-07,0.01662327050932046,0.002966788343258435,anemia_other,0.13343700205750753,0.025038645874282058,0.025908128377172036,0.33136064636332724,0.07481880056058432,0.22512226728334186,0.017266884287210144,0.09835582893397021,0.02571544091299249,0.003612460297362643,0.03046571057856429,0.008898184473685336,anemia_other,0.03289484217440051,0.013709839301276743,0.01589645483617489,0.5987082113593305,0.09036361741176373,0.04485089721138515,0.008502891732503418,0.15572967978467595,0.01444429889109953,0.0025242447664083354,0.013142351648754848,0.009232670882226379
P000780,latent_deficiency,latent_deficiency,0.00016941990238919147,0.004353079320601851,0.0025296910349137244,0.00065944357262906,0.0007778572332597861,0.00036958615892628894,0.005232105391216587,0.0005152752555308545,0.15573821604877597,0.7802853576856907,0.046524273881491746,0.0028456945145741513,latent_deficiency,1.1361410300157974e-06,0.000631383889103596,0.0002075036913809518,0.00010705050042386517,0.0004594767664115535,2.150286679068929e-06,6.930052802957356e-05,9.748323217012548e-07,0.08356776564713124,0.9080837357944651,0.00659873885648497,0.00027078306653825437,latent_deficiency,0.0008211541289001598,0.005403683598588284,0.02099681094483639,0.0020533625045093306,0.003406925507254412,0.0010893699682329784,0.00667541873137611,0.0036988407862761255,0.0360866443451393,0.8971606725424669,0.013306785929035551,0.00930033101338452,latent_deficiency,0.0009522298020034717,0.00561416319072686,0.017629340363152692,0.001882669369117875,0.0037056656632010044,0.0007423394069409682,0.004101883921659633,0.002014344064460605,0.03222614697089561,0.9172671874795824,0.01017013389548956,0.003693895872769471
P000781,mixed_deficiency,mixed_deficiency,0.003374247561756599,4.236445375418662e-06,0.0021019264048904446,0.0014072179053767054,0.0009258714124345934,0.0031515497560184553,0.00011186842532200425,0.001291173907687864,0.3258289715782614,0.008880567907920198,0.652908344898697,1.4023796259297096e-05,mixed_deficiency,8.890255705544984e-06,3.394964191505261e-09,4.999661219458889e-05,9.124583846790681e-05,2.3237914140434605e-05,9.933554826461585e-06,8.235682277886985e-09,1.0127669249891485e-05,0.47915277647249016,0.0009094677838693402,0.5197442590318473,5.323656193411154e-08,iron_deficiency_anemia,0.006927050281018945,0.00428440029324421,0.032281571992925626,0.04878965770722148,0.0130310706773925,0.011615173535065405,0.0061623693541666595,0.02244203793649646,0.6088732895054573,0.012922880052802371,0.2268324159799756,0.005838082684233309,iron_deficiency_anemia,0.002851432847750448,0.0031967619819648556,0.019861371442570497,0.0493369959773136,0.008962184671214153,0.00624809511981887,0.0037718003793849255,0.02240238450076121,0.7563930443512317,0.028015253885559387,0.09373430122071624,0.005226373621714266
P000782,latent_deficiency,latent_deficiency,0.0001580948157199374,0.010297445356568829,0.0015775945140004163,0.0008217706884279306,0.0017750258738686753,0.00012765724529056966,0.0034585780293709414,0.0008369967762730642,0.06989187841872795,0.8187425013456987,0.037490037086602736,0.05482241984945039,latent_deficiency,2.062797340755648e-06,0.00034273409717623004,1.8470381627070563e-05,1.033993069429096e-05,0.00010838308152825779,1.7976620856721112e-07,2.4915143036221394e-06,0.00012152706930979569,0.02495182879480699,0.9591162313434507,0.011191947751216251,0.004133803472337503,latent_deficiency,0.0022964691320422333,0.0496484433415889,0.019505252804820163,0.010730118257564822,0.01706311518422878,0.003981118371290049,0.039168716922492616,0.007789054149187108,0.023708238655356467,0.6355961258611544,0.010818855545448085,0.17969449177482627,latent_deficiency,0.0015903036146534826,0.023395687843464304,0.01025628447069015,0.004546763389280544,0.007525757318023418,0.0019780677657439323,0.027770826350750104,0.005918258480469468,0.012743457387360152,0.8241204774462157,0.006045922680452881,0.07410819325289585
P000783,latent_deficiency,latent_deficiency,8.693749502108808e-05,0.0028932058259610633,0.0020700053575897714,9.186836438109276e-05,5.7745460505305265e-05,1.8159199970502166e-06,3.7363111711182976e-05,8.050539188175074e-05,0.02781894070290273,0.9570897855359193,0.004600905616779575,0.005170921217350335,latent_deficiency,1.4385249426854592e-06,0.00034193768081841293,4.0619644678151444e-05,6.692806395778723e-06,2.9583547973801044e-05,7.748881899466491e-09,3.536894567825009e-08,4.488931747234539e-07,0.007300610770321001,0.991158467275671,0.0006187570254904727,0.0005014007127064052,latent_deficiency,0.0004722630329511508,0.0036781983636305035,0.007509852014562711,0.0012194393544550204,0.0008380770582161276,0.0005567381486130684,0.002054110180601423,0.0018315067334036363,0.006065245620475361,0.966760622353184,0.0023913904268616543,0.006622556713045451,latent_deficiency,0.0009361891798820276,0.0059109694154578065,0.006117172282138277,0.0015529926957471307,0.001096891416178021,0.0007218375156691192,0.0015906741369408203,0.0019654039815185853,0.006421785273228194,0.9651387940984638,0.0038073436359225806,0.0047399463688534175
P000784,folate_deficiency_anemia,B6_deficiency,0.0018196972870145552,0.00016919069142970545,0.6820700726613298,0.0033289018353710475,0.004784642702098379,0.23136080903088574,0.07433873399327559,0.0005982597534096694,0.0002864568411972651,2.6252142318800977e-06,0.0012392740830171397,1.3359067391647835e-06,B6_deficiency,0.007442870333148995,0.0020651416871158854,0.5610437927991071,0.03775794522000571,0.016822868161538065,0.256605082668751,0.08791567331802351,0.01278578906155193,0.0030054244198313247,0.0004370811858905178,0.013963715157379413,0.00015461598765655312,folate_deficiency_anemia,0.051964864120971226,0.03387138869564664,0.07852833335391089,0.10158619517172773,0.07022320165984243,0.41323834208653215,0.024572283831355714,0.0311144019017501,0.04391247544374711,0.006686875162278037,0.13520058252748704,0.00910105604475091,folate_deficiency_anemia,0.043032509088084966,0.019661942264710047,0.09092223637698553,0.1467526809920961,0.04482848273668684,0.42902076083964047,0.025808860417963517,0.03921740514735713,0.03046173174552764,0.008559871287403495,0.11345733368287496,0.008276185420669364
P000785,folate_deficiency_no_anemia,folate_deficiency_no_anemia,0.00010832231680114264,0.0013978162483291043,7.502997401273619e-05,0.017865227054450407,0.0007067510942506407,0.11923977319375005,0.8332658330583553,0.0003656043356814219,0.000188904624944504,8.179633736372486e-06,9.620303779983405e-05,0.026682355427888247,folate_deficiency_no_anemia,0.0024043005843426926,0.010894406611142302,0.0010180701511870143,0.01668569284447835,0.007586701435062303,0.17583865920867958,0.7633594691379146,0.002326471734396421,0.0013223125581906178,0.0004244698757363282,0.004118959187104863,0.01402048667176458,folate_deficiency_no_anemia,0.024698600978285207,0.05623057909160376,0.020165291513004613,0.07442494114955475,0.03486098540591043,0.10830870370303859,0.34122409564575046,0.03798000492811705,0.03490001143551761,0.06599583233021608,0.0364256050539833,0.1647853487650181,folate_deficiency_no_anemia,0.021368048247674964,0.043512923921600846,0.012990028478063895,0.052489232430421,0.04112015788044102,0.06161720147804537,0.5347386990694342,0.036304707134761825,0.016852485257585977,0.06043455928518263,0.02952516983555162,0.0890467869812367
P000786,latent_deficiency,latent_deficiency,2.054892545212128e-05,0.0031652696264884523,0.0006706033117964854,0.00012771688591550214,5.490000293681152e-05,2.5310474527004594e-05,0.004484365476225028,6.57855247522772e-05,0.018197849878130765,0.9675196936296225,0.0037771445847547646,0.0018908116793982695,latent_deficiency,1.1318901272220512e-07,0.0003101972502055799,3.6860910617954006e-06,5.519997800273186e-07,4.895824487528569e-06,1.40484839301777e-06,0.00019469674363123578,1.396524884209601e-07,0.0020363797497446015,0.9968210184911143,0.00025429065356966004,0.0003726255065113405,latent_deficiency,0.00019885419630452845,0.0015837660793429932,0.001954849724470142,0.00046953402094667606,0.000501334427804754,0.0002624691677990016,0.0018157814108429298,0.0005013432531301028,0.0040124200855674785,0.9839201952668261,0.0016800282528831438,0.0030994241140820528,latent_deficiency,0.00021803575197785867,0.0016556428868562789,0.000981617596282559,0.000320809396433448,0.0004760564564842518,0.00026466108294579766,0.001489963674603118,0.0005989034166469692,0.003519758995524485,0.9864865170105582,0.001329619184620156,0.0026584145470669473
P000787,B12_deficiency_anemia,B12_deficiency_anemia,0.5147442911320359,0.322499347231575,0.0003069801595849927,0.017988482718393414,0.059818158642029,0.03625378138854117,0.003401096944010515,0.0016985412714307507,2.5037587092361974e-05,7.147816461597036e-06,0.03572472948397403,0.007532405624871184,B12_deficiency_anemia,0.5606237506275425,0.15144832176365924,0.00029463477143011277,0.0347615704825919,0.13943389330844555,0.047469398683667605,0.005170677665048975,0.010715195266731432,3.0297695113719644e-05,1.1375499057722106e-05,0.037179873611227265,0.012861010625484011,B12_deficiency_anemia,0.7355138505159495,0.024924099060763157,0.007657081711231312,0.07098240358743468,0.04211499384353542,0.04570422944999761,0.012642746474250038,0.013424367630044124,0.004851968319244811,0.003245729333561355,0.03307511476074213,0.005863415313245618,B12_deficiency_anemia,0.6305510300533675,0.018202578831462896,0.010907976280409633,0.06744252252224195,0.08223069979535308,0.08691924190355364,0.013573105571563155,0.03730411804991624,0.005535300547913974,0.0043185003513327444,0.03474632530100704,0.008268600791878135
P000788,mixed_deficiency,folate_deficiency_anemia,0.4350612753894879,0.0023842492463143432,8.650471096442286e-06,0.007110451676023895,0.0002684188408262888,0.5461583154259348,0.00026679645404478384,0.0005941262909738803,2.2996438121395095e-05,9.110702774305105e-11,0.008118340841892948,6.378834176269426e-06,B12_deficiency_anemia,0.6704500445864318,0.013144953686772461,0.00039221662808156666,0.010516401891651225,0.003419890484146161,0.18806069043661588,0.01574672100423837,0.0045205857149808,0.00026857220577800777,1.9238838392187842e-07,0.09342503989919684,5.4691073722984046e-05,folate_deficiency_anemia,0.2186185387250656,0.02952712422838528,0.014318414261652196,0.08222852943142209,0.03579895123563771,0.46989793075563957,0.018620106536597115,0.009802425641734754,0.009294706690749135,0.0024668227991053913,0.10373965381030331,0.0056867958837079,B12_deficiency_anemia,0.37628312333122804,0.025692227253195286,0.010611533440513968,0.03738393279439829,0.0183884125322023,0.37075414001429113,0.01847216463316783,0.011208024933624976,0.005491959304727607,0.0026336658036593893,0.11856197787236528,0.004518838086625855
P000789,B12_deficiency_no_anemia,B12_deficiency_no_anemia,0.004904277927920703,0.8686978437821387,0.0006089344709471891,0.006598974712629794,0.0008601525266883988,0.004135626254228863,0.045556504849100746,0.0006054380425551177,0.0005163692553381575,0.001163904004696644,0.0018352816774393225,0.06451669249631657,B12_deficiency_no_anemia,8.959153542095198e-05,0.9921968062053776,7.1252131063722e-07,0.00030684879623448554,8.742053183359432e-05,9.256777400896049e-05,0.0031645847921135638,5.110603819577276e-06,1.0358617774411886e-06,5.698849380253669e-07,2.7844993472493985e-05,0.00402690649969289,no_anemia_no_deficiency,0.006345973770739501,0.2814721533975269,0.009620046371745966,0.017436706868844902,0.018487171707716996,0.011445270684548927,0.22702720760171746,0.005370484263081344,0.005170387782113693,0.026619315223493405,0.004384273207660182,0.3866210091208107,B12_deficiency_no_anemia,0.010391110505121837,0.6963636637854939,0.005554236015172979,0.014703540021189673,0.018904994802071293,0.010627527798156155,0.10083200917834968,0.005413536394652123,0.002137872917365688,0.00786474862524694,0.0036362370133866655,0.12357052294379339
P000790,latent_deficiency,latent_deficiency,1.916071771923414e-06,0.018386361567869415,5.629503773934225e-07,7.703696960033642e-05,1.0288370398631598e-08,0.00020120906527617072,0.01761525941761384,4.582615164884071e-05,0.0003604594049841293,0.9183059960390392,0.003183117100325277,0.041822244973123104,latent_deficiency,2.1233784515626966e-05,0.0057055769560706805,5.03725257582077e-06,4.8822180899672054e-05,4.0692513277781695e-08,0.000142295877454307,0.04073564285599446,0.00010173103035532376,0.0003967718220916726,0.9041555132260999,0.0022037958407410446,0.046483538480688334,latent_deficiency,0.005609831417235098,0.02556249205605721,0.07337734365593394,0.012792778128496586,0.03937417402300578,0.014146374309398123,0.05630470995374598,0.009036236520022126,0.021960100662039118,0.6177235153640758,0.014185510745531349,0.10992693316445899,latent_deficiency,0.01320488395952098,0.021966168670568855,0.06152864392556478,0.023305566589692225,0.05747236532888888,0.03418763517680475,0.15803284818489813,0.020375588559170193,0.026902590994863314,0.43993671013642455,0.0307792480970135,0.11230775037658983
P000791,latent_deficiency,latent_deficiency,7.223373966750122e-06,1.1260107755034634e-05,9.892897906612812e-07,2.2594806925083563e-05,1.1739257212065183e-05,1.5191902216066494e-07,1.5765981341205985e-06,1.0045756508544568e-06,0.0032825472033128846,0.9949428026520819,1.8213806857984363e-05,0.0016998964092904988,latent_deficiency,6.201898831925363e-06,1.2525308716184697e-05,3.4425422434319144e-07,2.0383857808044545e-05,2.6550153669794874e-05,4.514359892203573e-08,5.142479544554123e-07,1.429716971066076e-06,0.0029608879466046538,0.9957252958951462,1.1562091721739244e-05,0.0012342594847526626,latent_deficiency,0.0013933332862721408,0.005345399160813598,0.020276521428353508,0.0027668991318153175,0.0015608624123872466,0.0018455508645328581,0.004227255744600129,0.002827548742975858,0.010816745844905091,0.9360375633390906,0.004632853758041077,0.008269466286212643,latent_deficiency,0.002878370723318989,0.006461075927336134,0.022712904425500655,0.0045083168574684826,0.002773432821207038,0.0027782905996348887,0.003607559282979233,0.006066457334712734,0.01224398333999991,0.9174746354565069,0.010666654885647688,0.007828318345687453
P000792,mixed_deficiency,B12_deficiency_anemia,0.7687503943729153,0.0009109916043379624,3.641358530406033e-07,0.006970460832602408,0.002026512521454746,0.15729061473709594,0.005562561809982695,0.00024702535197234835,3.0679073998478456e-05,1.2511589182134496e-06,0.058194406097988656,1.4738302880102067e-05,folate_deficiency_anemia,0.3670825524257954,0.00022546034071346287,4.429399266819157e-09,0.03788755659994447,0.00027946292828030377,0.5133616319146911,0.0012645167491189661,1.5549705439222848e-05,3.6996397279569697e-06,7.461339188332325e-09,0.07987815600807331,1.4017974771686518e-06,B12_deficiency_anemia,0.5730121286511392,0.01042298930362526,0.02143986736570082,0.05037625643385294,0.030158098425989523,0.15553358803045142,0.01371410833588181,0.011716947959821018,0.00983410016111564,0.004594777900065255,0.11129880393938027,0.007898333492977026,B12_deficiency_anemia,0.36903725700170315,0.007000530422490994,0.014249033403629839,0.08894706408223783,0.011332488700794261,0.27761010059419594,0.020492365563198535,0.0061407372998868726,0.006532909376169742,0.0038992665463242556,0.18814756486013778,0.006610682149230461
P000793,mixed_deficiency,folate_deficiency_anemia,0.1595867386195202,0.0021938705654546437,1.253748981466261e-08,0.005955743006750736,0.0024569504029839703,0.5861727558260521,0.003005252443012438,0.000928914866719714,0.00011602433490593534,1.696082529117452e-06,0.2395791650584345,2.876256146941508e-06,folate_deficiency_anemia,0.06202838974537487,4.410113858495535e-05,3.785412103290008e-14,9.24397072635194e-05,3.5985783806724015e-05,0.701614340477079,1.2011987009152281e-05,2.3170301510578426e-08,9.202961341163507e-07,4.746958155468438e-11,0.23617178756561552,8.132319121609494e-11,folate_deficiency_anemia,0.16122549056200233,0.011028102764164396,0.010594889469655892,0.018601236905365356,0.020027229119766277,0.44376721721488543,0.0160824408982849,0.003979126450365388,0.014741027871341777,0.002981749283056464,0.2935910261133225,0.0033804633477892082,mixed_deficiency,0.08454700392487476,0.008031939244730148,0.008551775568973729,0.011224031599816059,0.012903752720786471,0.20003659493784723,0.011917250615618293,0.00425768757109031,0.0075227682348528455,0.003119080884930371,0.6448725102004866,0.003015604495993126
P000794,folate_deficiency_anemia,folate_deficiency_anemia,0.0013387954976976527,8.884813843634671e-07,0.004750707070454387,0.02867389960707031,0.002452226212626535,0.9318864136529789,0.02591483382392657,0.000440725728952036,0.0026430081172091596,0.00012065433894218831,0.0011266015133625145,0.0006512459553953518,folate_deficiency_anemia,1.552544857280983e-06,8.639296296943112e-11,0.00016145888498662206,0.005006254331717042,0.00027661283809877476,0.9904955057598616,0.003886327265699841,4.599043041056571e-05,0.00011039511749468678,5.631808949491427e-07,1.2665342578546575e-05,2.6742170068506225e-06,folate_deficiency_anemia,0.038057370356329806,0.005078065315262281,0.010444869089594763,0.05393889552752927,0.01044949144039407,0.8079128064351296,0.013241665034496338,0.0028378425163265433,0.019801102846492797,0.0021942749781348695,0.03275666403463268,0.003286952425676878,folate_deficiency_anemia,0.02512417128728846,0.0022832709293630865,0.009635418431000034,0.06809626217342252,0.010979756633639403,0.8166570482744606,0.012419335037215814,0.003471830181872208,0.0132731972915559,0.002205701797341812,0.033174645584935956,0.002679362377904365
P000795,latent_deficiency,latent_deficiency,2.8779969157917367e-06,0.00024390830008468126,1.0630694834210398e-05,1.0831823050482262e-05,1.9153814467274867e-06,2.793761626063811e-06,0.0002999386074290803,9.881335122842002e-07,0.003844350840211332,0.9786951157550454,0.0015004937470602386,0.01538615495878388,latent_deficiency,1.4372616155887233e-10,8.452026637928313e-07,3.601587928418804e-09,7.114574660335528e-09,1.1624494883173596e-07,2.2558269384581845e-10,4.3511967269446136e-08,1.824061511631056e-10,0.00014088133987201425,0.9995149799097903,2.7202779208142682e-05,0.0003159197436718973,latent_deficiency,0.0007266736280828155,0.007915117037355538,0.003703298967328526,0.0017622323174964704,0.0012413802245460875,0.0015235077828322998,0.01257316707221569,0.0013969941310622964,0.003174082595668829,0.9247041873878153,0.0018811613723868049,0.03939819748320931,latent_deficiency,0.001118449202090255,0.006480998650861445,0.002298186959367321,0.0016659154786853607,0.0020619557925142095,0.0017411212280092432,0.008718537681171397,0.0014777667882115435,0.0031097409785385195,0.9523160211936044,0.0020475600668937474,0.016963745980052455
P000796,folate_deficiency_anemia,folate_deficiency_anemia,0.03796360621324085,0.0001884334184536392,1.5084491737773126e-06,0.00020907899038385516,2.7865424940702463e-09,0.9390023727842026,0.014712056891919642,1.5760206530757138e-06,8.333741265192049e-07,5.268419175583642e-10,0.007920519324250535,1.1220211055491018e-08,B12_deficiency_anemia,0.42731399006376475,0.0016397892972132145,2.330188907119268e-06,0.0005418778598160493,1.337511196905139e-09,0.4016313570680202,0.04583062106564747,8.46776475621684e-06,2.9516667934661538e-06,2.1565636987985744e-10,0.12302859843162088,1.504029291195015e-08,folate_deficiency_anemia,0.3267340956976791,0.009946751512933252,0.005984418530243013,0.025357616701775484,0.01967772924915748,0.5173923294913476,0.01862099711694313,0.0037260354261388633,0.003441641864639206,0.0022765830415978805,0.06296982697475546,0.0038719743927896127,folate_deficiency_anemia,0.15838198705200787,0.010055118340358814,0.00647574243465511,0.02298567095419652,0.01560889685187791,0.6759912971253282,0.017760698542721207,0.004990915763399801,0.0044777571993989095,0.0029941528463491222,0.07509496131301546,0.005182801576691023
P000797,iron_deficiency_anemia,iron_deficiency_anemia,4.7912535836992164e-06,1.6667678033613129e-09,0.00014354416339511271,0.00020824903000688018,7.699672797032976e-08,4.117448798399946e-08,3.6260076077980175e-12,3.7000361547002995e-06,0.998162428203466,1.764928351058439e-08,0.0014771498215694347,9.310506550273543e-13,iron_deficiency_anemia,5.5030318040582084e-05,2.3851243065924455e-06,0.011233732885884104,0.012921128075029514,0.0005813693855715336,2.3056273922283216e-05,2.369031837600917e-07,0.00017986779171108688,0.965705786423505,2.6729463023700464e-05,0.009270633467804948,4.388801678983555e-08,iron_deficiency_anemia,0.013382835350709346,0.004626202954331117,0.05198930125846741,0.03760067338008908,0.014543156572874775,0.008626977006160531,0.005219534929691451,0.028867230440657067,0.7417240242950093,0.006306748215861912,0.08424675116980351,0.0028665644263445016,iron_deficiency_anemia,0.008573575161889302,0.004867455772808749,0.04775210191673988,0.060064937313992976,0.022135219336188523,0.006247875842088599,0.003979402633025298,0.017649054437627335,0.7790908046661974,0.006332349472082423,0.04035308211217067,0.0029541413351889512
P000798,inflammation_anemia,inflammation_anemia,3.9850866181495344e-05,5.493480015212344e-06,0.002570457870109917,0.003362571705798276,0.00013045325345500182,1.8104922764436596e-05,1.262129281650862e-06,0.9930746058840177,0.000681854560351094,9.373514136993592e-07,1.5679108796279474e-05,9.872886781504588e-05,inflammation_anemia,4.080634662801697e-06,4.1328875031346205e-07,0.0006818018716330015,0.015301212602378175,0.0006117787528325246,1.5758531174627224e-07,2.1094817028627475e-10,0.9833156252281693,7.07495154892606e-05,1.0522167262872483e-10,1.5002583689238424e-07,1.4030178766118905e-05,inflammation_anemia,0.0015039460595008193,0.0009761552197505426,0.012574920809805584,0.010159759546964572,0.001731407356620853,0.001127858987794581,0.000992456335865511,0.9622447065267931,0.005259552805423459,0.0010038381926643037,0.0014006429543537355,0.001024755204462808,inflammation_anemia,0.0017486448589491116,0.0007129374065934135,0.009240228302180038,0.022428919661146116,0.0024104652153269803,0.0014877872251583663,0.000590593419467938,0.9561013991867277,0.0027878808660425,0.000531105593504141,0.0010296667398010816,0.0009303715251025494
P000799,mixed_deficiency,mixed_deficiency,0.0012718413860334835,8.32116126405149e-06,0.0006737215101096241,0.0033954064438448898,0.00043750200582103434,0.030705387206229652,0.001240539999510813,8.753584282979494e-05,0.23723418038271446,0.0008460435370998148,0.7240970387050456,2.481819496751845e-06,mixed_deficiency,1.997310080836877e-05,2.6681356613636003e-08,1.0080551433097393e-05,8.786290576630505e-05,0.00010527283439153955,0.00118716264707245,7.832524834575917e-06,6.195323491047857e-08,0.14754163810367232,3.412023388826084e-05,0.851005967222826,1.2407156052849153e-09,mixed_deficiency,0.001952702198009144,0.0013209682049199023,0.005082262176434935,0.007914409265221318,0.0030825046404266616,0.010428238995959014,0.0013468609361712404,0.0028034995674685727,0.4542039438556659,0.0024652341832839737,0.5087149535974972,0.0006844223789420678,mixed_deficiency,0.0011419257962443075,0.0005304437280089239,0.0024942142883966492,0.0029030889175313337,0.0021644569844828107,0.0076273475397131574,0.001112468391825896,0.0015899319228905838,0.35171952643028614,0.002007309549887107,0.6263218551387115,0.0003874313120215699
P000800,folate_deficiency_anemia,folate_deficiency_anemia,0.02532714847893088,0.00019771364409916392,0.001420327687587425,0.0296814105669686,0.003667434414489364,0.7929437713521899,0.08827906280510704,0.028033785297863465,0.002239384405109658,0.00031963926343552977,0.027391071690776054,0.0004992503934429814,folate_deficiency_anemia,0.001471991592420175,2.367793109539318e-06,3.4459785953829007e-05,0.001415745967183311,0.0028287363308762757,0.9324486980801457,0.05409675896103835,0.0032030364199452667,0.00020795684938708443,5.849137817925545e-06,0.004278511700902446,5.887381220243304e-06,folate_deficiency_anemia,0.05259176350134668,0.009566885554930534,0.006094229679856317,0.015067606315947292,0.009159142083197123,0.7454478622119082,0.011732192735203973,0.04943245617318072,0.016763981428441935,0.00235079162145057,0.07896802633140801,0.0028250623631284584,folate_deficiency_anemia,0.023739587487833707,0.004562762895692316,0.00662076159106326,0.014105974887857392,0.010903757505879354,0.7948598633539287,0.010705649228950636,0.03221545730507743,0.01987896852820328,0.0024511872532785735,0.07737631228177415,0.0025797176804611384
P000801,iron_deficiency_anemia,B6_deficiency,0.012894231449299172,0.0002466866766845341,0.6978363369599131,0.04146810236269939,0.026176554388059405,6.764600670563469e-05,4.470617834035222e-06,0.004981564934291451,0.20625450133888573,0.008868309388686841,0.0008259866732792903,0.0003756092036611764,B6_deficiency,0.005598825407378765,0.0011165783879117696,0.7323879608815165,0.02585732888143534,0.01942346175441703,0.00020812081604419566,0.00018228845828427683,0.007582736086151417,0.1618778171039636,0.0375443371058903,0.00696798461120627,0.0012525605058005536,iron_deficiency_anemia,0.036006615536436186,0.014105258127881567,0.025800988374609438,0.06612097282492485,0.024415337117198795,0.09088299598706677,0.018208540221741107,0.025056012259356785,0.44004385817226516,0.019797429720324663,0.22720603499804504,0.012355956660149544,iron_deficiency_anemia,0.044814648731965584,0.013110899370234732,0.031186877253488635,0.07106385206347952,0.02048827757268204,0.0744972263030261,0.012219483052297697,0.038835752244122335,0.4601956641459763,0.027453780794290162,0.19690565718601483,0.009227881282422298
P000802,no_anemia_no_deficiency,no_anemia_no_deficiency,0.0005057807326895282,0.02782216374907665,0.007488646263128739,0.00760811577513777,0.001039162795086262,0.002833484346235287,0.11240681334468218,0.0016247576501914633,0.002613823661348042,0.07017885710948807,0.0012423128195055188,0.7646360817534306,no_anemia_no_deficiency,6.965914661634129e-05,0.031872272570839875,0.00307162552221011,0.004383167353581554,0.0044651893585157055,0.00028501260215199516,0.18631296278244455,0.001592920773022061,0.0007936174292332623,0.07214648860091721,0.0005415921800028698,0.6944654916804645,no_anemia_no_deficiency,0.0015929400736961086,0.03943166421453832,0.060225939176763665,0.008097008035591718,0.009601099416442117,0.003200424472105506,0.07908219718930606,0.011499002611062592,0.004749985458335212,0.06277269678265618,0.0022127264067405483,0.717534316162762,no_anemia_no_deficiency,0.0014670041047366883,0.045237423297899,0.020152948977127022,0.0076030379445405465,0.010117256431249838,0.002062092331143512,0.06453429380367007,0.00674622307075507,0.003216197764024083,0.06980842981476755,0.0018918981889670524,0.7671631942711195
P000803,B12_deficiency_anemia,B12_deficiency_anemia,0.9696408480293496,0.0008637509309776326,0.00026338010667436066,0.009705326478267133,0.0007833522589763282,0.00014211534042879703,6.366468660497623e-08,0.0013452477300058365,0.0006567889682882927,4.5463325096561864e-07,0.016593054240172274,5.617618922273436e-06,B12_deficiency_anemia,0.9984249373575045,7.85079159971377e-06,2.067755229537004e-07,7.570386996611217e-05,4.411788270168036e-06,7.467962835226641e-08,1.8241723308762647e-13,3.2214924260919753e-06,2.003238318702197e-06,1.934565295271916e-12,0.0014815895721629279,4.32483530509487e-10,B12_deficiency_anemia,0.9234956589798673,0.007067881306866517,0.002335237665239079,0.011981993959562393,0.005063832493727002,0.014661859845954727,0.0030163538342833944,0.0039980529429991755,0.0039529037678916095,0.0008432511302713274,0.02217106201594444,0.0014119120573930781,B12_deficiency_anemia,0.919883005371147,0.004494329960147057,0.0019316691957068318,0.01763196396373165,0.010371003384715199,0.008540526276451813,0.0018113995789776965,0.005398062195133328,0.001998147165612472,0.0008883861228953187,0.025635332988246894,0.0014161737972344924
P000804,no_anemia_no_deficiency,no_anemia_no_deficiency,3.870147212775441e-05,0.0004983878469295166,0.003781297627787131,0.00036074026031353973,0.0008203990874603532,0.00013459353136702806,0.06433981786614416,0.0003921619611043841,0.0006821806315855275,0.07306686682583367,0.0001603692150672227,0.8557244836742798,no_anemia_no_deficiency,5.048795892094665e-07,3.097571457824834e-05,0.0009135849879357402,0.00012998899262394657,0.00010770446181419006,1.963775189532446e-05,0.06248749688497896,0.0003889078846768083,8.584709220360164e-05,0.1385452782744338,2.4863775821138504e-06,0.7972875866976881,no_anemia_no_deficiency,0.0013304584130364374,0.03490271650146124,0.044884450881064415,0.005692066159081808,0.011492700015912821,0.0037319123402300047,0.0422213754507538,0.004405026254632938,0.006072980277388395,0.13792567769480032,0.0024633505112158145,0.7048772855004221,no_anemia_no_deficiency,0.001286488911362375,0.042720008310694876,0.04436581371433014,0.010956426719433044,0.00983882871176659,0.0029389692209829395,0.03263205893153552,0.009946886303248097,0.005937494290480558,0.23311202346561713,0.0020637318659407905,0.6042012695546078
P000805,mixed_deficiency,mixed_deficiency,0.013886992689230541,0.001970315512420113,0.0004779658751543483,0.0037529735649755314,0.001669847598699253,0.0033441473735633695,0.00040117833337178165,0.00042178919268621453,0.2622130447130836,0.002215241774161369,0.7096212733857766,2.522998687715115e-05,mixed_deficiency,0.0005605490937942652,3.925217942461677e-05,5.867761146296364e-06,7.83610980186335e-06,0.00014055535370121353,2.285541804448413e-05,4.752677701826639e-07,5.0805464099651364e-06,0.21090895640833654,8.114569992450237e-05,0.7882274179666233,8.195022734781205e-09,mixed_deficiency,0.02134119567016099,0.003134968895056794,0.003920659441264123,0.011598236589526648,0.004270958503276562,0.011434024349381091,0.004027669644081082,0.00368723418552457,0.33972961856099815,0.004404680099424791,0.5900117479254905,0.0024390061358147484,mixed_deficiency,0.006709288165865411,0.0012717265194371005,0.0017307012525677875,0.0023800274386180653,0.0015037963040618262,0.0011072275150688542,0.0008829751132893182,0.002654536349845909,0.20515297857553325,0.0019046676424162685,0.7741227620850418,0.0005793130382543538
P000806,mixed_deficiency,B12_deficiency_anemia,0.75609452005826,0.02671053328930242,6.617457856803619e-05,4.511119796073502e-05,7.143615405545247e-06,0.00012886392586821595,2.8623749198467887e-06,0.00023553236564903375,0.0006089018933780978,0.00025929318172912465,0.21584022068146275,8.428374961115543e-07,B12_deficiency_anemia,0.7387157352737288,0.028277440497012318,0.00010632888333551929,7.272576172478742e-05,0.0005016269115708891,0.0002891613479343046,6.9197024068785185e-06,8.378865436699152e-06,0.0023594863141218154,0.0007263004362645828,0.22893473909229736,1.1569141659638004e-06,B12_deficiency_anemia,0.5057588993643053,0.009076775708347104,0.0023408602957357793,0.004319183008036257,0.004613610299508762,0.010048995504259282,0.0033591782683543934,0.002757766194442932,0.009844050554818401,0.0033412962176503623,0.44269385663264565,0.0018455279518957693,mixed_deficiency,0.42161734886126373,0.007152599904494434,0.002478585038235569,0.004428241347294994,0.004567135010753919,0.023085470011689927,0.003788254511812503,0.0033209912774396304,0.009739095664494619,0.0027367914205792135,0.5155160377452105,0.0015694492067309328
P000807,anemia_other,anemia_other,0.02353161214312202,0.04619522562572686,0.05712683855165964,0.4182860478348465,0.014889118102762736,0.0002028771785928936,7.549018020193218e-05,0.06012311545257615,0.08275309918035034,0.0586633178288444,0.0032616859041535843,0.234891572017163,anemia_other,0.0012716368919514168,0.001543154896451906,0.015054941275227884,0.7264389865640841,0.09783978317425987,3.3426580054009488e-06,6.449123414917127e-08,0.008962361297825518,0.018258550571487786,0.01274513345525394,2.3738839483786846e-05,0.11785830588473445,anemia_other,0.0409204160148916,0.046478030176451274,0.05929225980969568,0.45179198331213377,0.027647860046599446,0.03871761112267161,0.03402310096309568,0.13727511623613003,0.05561571595826122,0.015442522218134708,0.031586098817922126,0.06120928532401295,anemia_other,0.04693418540744345,0.042932625115333835,0.02103006822761172,0.6042259266326454,0.0730341375822399,0.03301789618866846,0.014408637711289146,0.0700443850490898,0.03216804333199365,0.010178296119889687,0.013967947724041859,0.03805785090975337
P000808,B12_deficiency_anemia,B12_deficiency_anemia,0.76646321001177,3.4427293717367967e-06,0.11331742951562244,0.0282657881204149,0.00019309908346485356,0.0006692275613685594,3.4603248757618628e-06,4.470961971632371e-06,0.0002505863163722286,5.512022950972352e-10,0.09082922822566517,5.6597900458826216e-08,B12_deficiency_anemia,0.8896024096520431,4.213347643634971e-06,0.03524692214796731,0.02916599039100252,0.0008979223527994075,0.004119378315906855,7.912971756245096e-06,1.37062059652133e-05,4.374150837337313e-05,1.3715050951796756e-10,0.04089778980998193,1.3159409688792597e-08,B12_deficiency_anemia,0.4008103094871529,0.011343285703201469,0.055371946505531705,0.11645251240517454,0.030997689528941684,0.19519634979329295,0.020643170005473138,0.010397162755307386,0.011927995801840308,0.004410461131091678,0.1341698145834125,0.008279302299579603,B12_deficiency_anemia,0.32118606947029926,0.010207547510410192,0.11613576076537527,0.11330276956839434,0.03722602476624466,0.16266850983462433,0.014029612158630219,0.014368585692050292,0.011098956863555552,0.00417629548527279,0.18785704981922885,0.007742818065914232
P000809,inflammation_anemia,inflammation_anemia,1.0426873061608387e-05,0.0004622696271815071,0.000457345152459875,0.00038845251710733353,5.1866170291190425e-05,1.540945309537877e-05,0.0004774735551809614,0.9967823356432276,2.709438534230727e-05,1.8002869205216485e-05,1.624248777653034e-05,0.0012930812660701993,inflammation_anemia,1.3423765498736331e-05,0.0007292010461024504,0.00043874965187005045,0.0010054536242904406,0.002601571923806073,3.6013395325845724e-05,0.0003038557985447626,0.9913792670837287,1.5606638423273425e-07,3.7912438707214275e-09,2.9539998885603856e-06,0.003489349853316484,inflammation_anemia,0.007515213746824498,0.050543135124903917,0.1527977630506333,0.03705633405457949,0.025562180622985917,0.010665111756049263,0.07092972678528325,0.3574933895532632,0.029372532015533002,0.08422169724049493,0.015037439852848729,0.1588054761966004,inflammation_anemia,0.00920657849338478,0.04044901219399355,0.09546594714317258,0.05890294122959821,0.028395465371114485,0.00930366368962052,0.05394720437237229,0.4101256439061757,0.02587073081507515,0.12848957746310036,0.012778323131610864,0.12706491219078153
P000810,iron_deficiency_anemia,iron_deficiency_anemia,0.004191383582549542,0.0037074524174389688,0.025949481745635335,0.020496804488302045,0.0034527838266309556,0.00016704977975541785,3.9742610012099054e-05,0.0023980816895623224,0.8087708618485631,0.09381768022610908,0.036215443020591265,0.0007932347648497656,iron_deficiency_anemia,0.0043733086112801335,0.0036512688390473317,0.018266472242275452,0.015063399028103648,0.008755196734829893,0.00013543485478285502,3.49853455057709e-05,0.010992486235457646,0.8407664606663491,0.050827182013555225,0.046567801009590605,0.0005660044192223119,iron_deficiency_anemia,0.01405821607154159,0.00953129677427001,0.08140654844622684,0.05424378186341757,0.013521375663408216,0.014262553720176593,0.007187368571424666,0.032329387075304965,0.666968853181263,0.010769340246865928,0.08626182479193786,0.009459453594162708,iron_deficiency_anemia,0.025628526142603917,0.009671050132033397,0.05840948759560958,0.06813050250216444,0.037367014650870924,0.017147635271201837,0.00840266447741416,0.06773638564910098,0.6018866358715742,0.016067997376820433,0.08050229838084777,0.009049801949758454
P000811,B12_deficiency_no_anemia,B12_deficiency_no_anemia,0.014008449222571068,0.4391345601216697,0.0004966567901632917,0.0033197822801621178,0.001892152706936452,0.004221379533620608,0.41527997902819064,0.0008047352858371391,0.001798762187073826,0.03628048837873814,0.008455264123677288,0.07430779034135977,B12_deficiency_no_anemia,0.018258495043656047,0.41116764003944295,0.002967008349956228,0.011259622768655778,0.013304860901336283,0.016416951730896936,0.3491136057846842,0.005017319830363994,0.0037212972267039513,0.05994802601179722,0.015922355479419965,0.09290281683308638,folate_deficiency_no_anemia,0.005301785470460185,0.36436609045465257,0.010896195309624074,0.007672782069357102,0.01425699043487424,0.00419470214331031,0.37995225887803413,0.005216645702850393,0.005966096309923304,0.04046354695282543,0.0026558261813575197,0.1590570800927308,folate_deficiency_no_anemia,0.00428277285608127,0.35647841021389737,0.011277086602818493,0.0062098838748248855,0.02697757918182173,0.00445867166185507,0.41349177404269655,0.0034767925666241207,0.0035683533952258722,0.04055161847398162,0.002693965832378152,0.1265330912977949
P000812,mixed_deficiency,mixed_deficiency,0.10943888434031247,0.007262921321095926,4.3319233658497834e-10,2.8483424322283487e-06,1.8630376925986818e-11,7.58899251566617e-06,1.1357191785017737e-06,2.0814092030382224e-05,0.0009722036428938293,1.1422507548828752e-07,0.8822934861415529,2.7310897174590967e-09,mixed_deficiency,0.38806697465083106,0.0009345688163573986,2.7368133500765196e-09,1.1093870128921165e-06,9.831017962163652e-13,1.0328674172293074e-06,9.278544090379973e-08,4.680905891533564e-06,0.00020277848452127968,1.252743638805198e-08,0.6107887467959001,4.139494392038805e-11,mixed_deficiency,0.07066804471716846,0.009297577606744925,0.024927821398276574,0.01199831837793345,0.009479498530221772,0.013710448423625428,0.005430516036943879,0.00718106462047921,0.0858635565207632,0.005916373763363445,0.7515524642106565,0.003974315793823217,mixed_deficiency,0.08221361834486277,0.017238744042333554,0.022847031105286436,0.015232928647349799,0.021324565940851924,0.01857334263954498,0.010604102279041738,0.013191169111348478,0.08420381172123868,0.01335327894501967,0.6944574818040777,0.006759925419044255
P000813,B12_deficiency_anemia,B12_deficiency_anemia,0.6573582158378243,0.0017183378020886918,5.946283470796651e-05,0.0022722308596015654,0.0007542079689763567,0.007447330475849281,9.129079564380487e-05,0.0007299455360988028,0.0014803851602120525,7.485641107877291e-06,0.3280799981139539,1.1089739355099059e-06,B12_deficiency_anemia,0.8133724473675121,0.00010405763837011989,1.600769568166392e-07,2.2472419404097664e-05,4.0562470420136536e-05,0.0009420233363740743,1.2763570159275953e-07,1.3101519337189535e-06,0.00011272490632752118,1.0838106389495936e-08,0.18540410143233255,1.7265609292127746e-09,mixed_deficiency,0.36929454130707484,0.002629633830848635,0.0036979687926121827,0.006446357097683504,0.010368250982424505,0.03048260690368266,0.0030573582858689136,0.002911939478169178,0.029206650576915013,0.0015057147595727044,0.5391798461988787,0.001219131786269117,B12_deficiency_anemia,0.5349085217284766,0.003914322838140881,0.00401392834733974,0.008593523649905526,0.013251302273286924,0.03625907321906538,0.003990707762132817,0.002862545462605279,0.01607257189873032,0.0018731358129515522,0.3727052372830891,0.001555129724275829
P000814,B12_deficiency_anemia,B12_deficiency_anemia,0.9860106042330543,0.0012888219725814213,2.3715624053168762e-07,7.026334648840257e-05,1.2724416098393426e-05,0.0003444222646055358,1.9343550367098074e-05,5.048148760114225e-05,2.870541089346863e-07,1.077060234142049e-09,0.012202682762833948,1.3067896017979771e-07,B12_deficiency_anemia,0.9561553010902507,6.934796281887865e-05,4.6432271653533766e-07,1.8511123774887396e-05,5.9668903234847884e-06,6.175063666822227e-06,5.185781030262394e-06,1.4038595714052687e-05,1.7453935148644846e-07,7.616852267691631e-11,0.043724643454011856,1.911001725167819e-07,B12_deficiency_anemia,0.4212603338843037,0.01593058428232785,0.015164408062991947,0.12242204873338185,0.06364253489228099,0.16175274640138057,0.016806076728097204,0.027126093479977808,0.00949423326948643,0.0034478481110267233,0.13718173473484108,0.00577135741990384,B12_deficiency_anemia,0.3295340319870873,0.014815985952201667,0.02044970785141323,0.21417953647721857,0.055791350299636576,0.13637727092502291,0.018627863248131284,0.03962079091352962,0.010750564607748194,0.0056742076978931666,0.14075807112682803,0.013420618913289382
P000815,folate_deficiency_anemia,folate_deficiency_anemia,0.004854582070920703,0.0017112524736174833,3.2385494625545345e-05,0.08759650219521019,0.0123740432486382,0.8560483600003922,0.021121729297511535,0.013993277826972678,0.0007455046393407663,4.336369442994628e-06,0.001236573073819404,0.00028145330950823716,folate_deficiency_anemia,0.0021673561647883124,0.0006486745998604478,5.345285116576581e-07,0.08164731615740986,0.04331553628677114,0.8441025623058409,0.018438269899748064,0.009189683035032982,0.00023256294447841815,1.5149459649865994e-08,0.0002469052927548658,1.058363534366812e-05,folate_deficiency_anemia,0.05747558720988107,0.00536565507612786,0.008066369648428455,0.022676731840883094,0.0055959149775605095,0.8479531127927532,0.01227309213029886,0.00480320912598335,0.003629188352306919,0.0013240123631561868,0.027944963581698956,0.002892162900921563,folate_deficiency_anemia,0.047267600378441445,0.0073720458930715965,0.006802112367510335,0.023303259086543814,0.009598934349993926,0.8303589218336599,0.015672564444272247,0.004298319004988703,0.0031831395569341422,0.0020155440330542544,0.04676282442980941,0.0033647346217202598
P000816,anemia_other,anemia_other,0.0013793661022656182,7.164177847002792e-07,0.20989903283186323,0.6162804507976448,0.00525539519333407,0.11663652053282898,0.024214707941007503,0.0007676748488164515,0.011609967860295061,0.003894167510890588,0.0010046622192483186,0.009057337744020573,B6_deficiency,0.0014129717289991075,2.1348360949541874e-06,0.3951737678390297,0.23473416013911025,0.039363566530521775,0.18574705876637074,0.06828780651894024,0.009355277378188307,0.0363624698684776,0.007942923111540535,0.001675029433654253,0.019942833849072732,anemia_other,0.009167210021089467,0.006007338197551951,0.13782019443923663,0.7397108154999078,0.011941200293349311,0.023687055876224668,0.009265004729529224,0.015547089646957845,0.02291404607748193,0.00548943826910103,0.00930749815283484,0.009143108796735017,B6_deficiency,0.022279594460685274,0.02118238089978971,0.4363809402169346,0.22308033298769933,0.05748601011767021,0.03765515477545507,0.015418273764105556,0.08343642754591499,0.0422668571985281,0.017245494104107455,0.024750086724399142,0.01881844720471076
P000817,inflammation_anemia,inflammation_anemia,0.0001922408562386403,0.00021350448835140401,0.0084999600010278,0.00887336316721519,0.0004843581562948017,0.0008165586147945611,0.008863403099428856,0.8036976239467318,0.006054350791071103,0.0012175831111136677,0.00285522500896543,0.1582318287587667,inflammation_anemia,0.0018387670402278482,0.030183007522847128,0.035042689150378774,0.1270221588296423,0.011245816788715083,0.057098730542603275,0.009215344911206253,0.6922901183860852,0.001873870881050956,0.00016688534200749627,0.004309173846397418,0.029713436758838342,inflammation_anemia,0.001906073161526264,0.008477125772684085,0.013326350455230994,0.018713216304655257,0.006762253850566693,0.004104569424264025,0.008050018428965676,0.889468176268431,0.00488100678877331,0.0064612638648726805,0.003126937475439925,0.03472300820459002,inflammation_anemia,0.0023111250426334795,0.010184713065423873,0.0174023802334918,0.029986664825416107,0.012050731159976713,0.005136765380514951,0.007891803808376667,0.8742969262039351,0.003178180836310758,0.00541258631404943,0.002075391868044999,0.03007273126182613
P000818,B12_deficiency_anemia,B12_deficiency_anemia,0.7704314854094738,0.00584163096106584,4.6436303208070845e-08,0.001609743459671384,7.696196504314561e-05,0.00917371688442917,0.0012765492289700578,0.0007238960993125194,0.00010680257599017516,2.3834547775218223e-05,0.21072652553897467,8.806892990791096e-06,B12_deficiency_anemia,0.7848373637335768,0.0010035721812117846,2.930065714840312e-13,2.3107564924066314e-06,1.4681325384947013e-05,0.0010195302165001518,1.7520678347646885e-05,3.9715840593137937e-08,1.7327443452253398e-06,2.3375792738635716e-08,0.21310321425108292,1.1021131805776747e-08,mixed_deficiency,0.3091630563684379,0.021105919048319752,0.0153945304064231,0.01573267774814805,0.09032058022459499,0.10346579279727865,0.011549892210062446,0.011771361477544859,0.02297439421897799,0.004826928375934062,0.3874358620881958,0.006259005036082324,B12_deficiency_anemia,0.40611538181485474,0.027658671146306907,0.00742665558563425,0.010492901001857813,0.033098333659795656,0.0665087025344341,0.010178254718748288,0.008858219488695283,0.024198267913384544,0.004323854873111869,0.3962739639237092,0.004866793339467242
P000819,anemia_other,anemia_other,0.015208334685074314,0.009739112761317104,0.03850260126068289,0.8435476740601617,0.047059894164811544,0.0026462078559810957,9.813586370346657e-05,0.020498645050197915,0.01816977505496766,6.039546118252688e-05,0.0013946264574855054,0.0030745973244340583,anemia_other,0.011477522470271319,0.0073406181233986855,0.03096368267605169,0.8796331240572782,0.04319143973907874,0.0006434024856637573,3.270460632001347e-05,0.019396357282386447,0.005323638578222679,1.0145297596379533e-05,0.0008219849004657063,0.0011653797832664114,anemia_other,0.021322917217456647,0.003101279583084578,0.07303774169157046,0.8025965736073215,0.013826873432219855,0.008347797032468695,0.004206117792095582,0.04108652155524341,0.014145525512679667,0.0014158035844353666,0.012847229470998778,0.004065619520425793,anemia_other,0.011788458599569345,0.002143282567242338,0.03263992311615732,0.8081364689889711,0.012412916797837868,0.004816183773273453,0.0020942074027933883,0.11319130954866034,0.0043330092687253975,0.0010936747351265787,0.005331362008098094,0.002019203193544893
P000820,latent_deficiency,latent_deficiency,8.168708750035013e-07,1.1567177118782779e-08,0.009221719144984765,1.6558863240832738e-05,2.747206453880066e-05,0.0001051801144475555,0.017493411538192033,2.8359025540066292e-05,0.0011431990760549435,0.8325137736454807,3.394395209486536e-05,0.1394155541373734,latent_deficiency,4.803823618348393e-05,2.221430176796229e-06,0.03435784482011645,0.0068537209615623105,0.0013150469105649891,0.004120978283427172,0.08350593449271831,0.0013434382608150071,0.010263079439640261,0.6181769595699939,0.00038794177829452436,0.23962479581650697,latent_deficiency,0.0017993018593985284,0.022910151130520907,0.18750371231626875,0.005209000062325574,0.005651099906388893,0.00229764150497957,0.030485162364214922,0.0058184507021253225,0.006858766184111291,0.6420649175288348,0.00259172252564291,0.08681007391518857,latent_deficiency,0.0015340658610708585,0.018370621954488686,0.17274915366260252,0.010683889481656038,0.006616114854472813,0.002921705279598111,0.023355695722250363,0.005327475552204296,0.006980742942056992,0.635393619704562,0.0024147747831001396,0.11365214020193729
P000821,B6_deficiency,B6_deficiency,0.0012889271466886125,0.0010576440078217749,0.918396082734298,0.039300472962043934,1.0638030558439562e-06,0.0006352952313983124,0.0002781671302670598,0.0004024685564269365,0.03311397682342286,0.001166823544535332,0.00391812266232536,0.00044095539771581615,B6_deficiency,0.0017049409570472419,0.0012058543597028015,0.881574508688639,0.07823325150235111,0.007967796605427952,0.0005940128047291637,0.00023313280931630168,0.0006392039252212432,0.022656191392477612,0.0005854282318577017,0.004306267865477555,0.00029941085775231363,anemia_other,0.01369532198819223,0.00593550948520603,0.11403801977306102,0.43152951207937446,0.029876844738373695,0.00984192305327666,0.009383095942844732,0.031182777891644562,0.26375172811234715,0.01474608529294243,0.06270158311871614,0.013317598524021059,anemia_other,0.018089646773254385,0.008830343519639669,0.2031157903633407,0.4988301097999406,0.01593140349134989,0.011046999785913027,0.007564445799141208,0.03760954419645297,0.13637576343244065,0.01702053631979104,0.0328330870722035,0.012752329446532328
P000822,latent_deficiency,latent_deficiency,0.0004005110113024851,0.00039662987187462833,0.020913199873027925,0.01257140591015571,0.004617318132278003,0.012864273847174049,0.05610696681212382,0.0012055082158789745,0.04199701544340097,0.610969187994582,0.013324216968394068,0.2246337659198075,latent_deficiency,0.00014738864929578584,0.00017121899135736257,0.017814665342519135,0.0150889884215998,0.006564900970983097,0.006809424831039779,0.06417717887645405,0.013298247913503735,0.048096975726467275,0.5800607859326091,0.007453874781205964,0.240316349562965,latent_deficiency,0.002782451785636034,0.08225072041012989,0.11918798619802912,0.01222005720234374,0.014165742437362832,0.007508653860336387,0.04838725008712663,0.009220827898445987,0.017135897026336142,0.3794270914239375,0.004559524821288478,0.30315379684902727,latent_deficiency,0.0025356819288568505,0.03222913636864055,0.10223813846069271,0.01398440112350378,0.00987309854211043,0.00586979918103229,0.01962967297058071,0.010736369760957907,0.015257690782138612,0.44996407735417326,0.003801283446304977,0.33388065008100787
P000823,B12_deficiency_no_anemia,B12_deficiency_no_anemia,0.007805063987785702,0.9845062510658754,2.026436987115628e-08,7.637947532375824e-05,0.0001595557353306,0.0006962842719264764,0.0029902334798992255,0.00014875463254180484,1.6168038799146515e-05,0.0003274959747279515,0.002880593262970746,0.0003931998104491078,B12_deficiency_no_anemia,0.00996758333883085,0.9840811065413799,1.0073840167160346e-08,0.00013952813388859616,8.821685049865867e-05,0.0007764771146720478,0.0014939804418693113,6.538297726950732e-05,1.2302324349959704e-05,0.0002849647153086949,0.002884092870237306,0.00020635461785512447,B12_deficiency_no_anemia,0.01167848110049808,0.787398823330028,0.005350073154213067,0.004593141248847401,0.010729706243314237,0.01647202267477499,0.11502562810744549,0.0033540929785708506,0.002709263660613939,0.006055007715525721,0.008386348276901993,0.02824741150926602,B12_deficiency_no_anemia,0.009487575192813872,0.8377201391722866,0.00327520225062503,0.003614875330771451,0.007689304399372242,0.010536286992893934,0.10146657845238798,0.001981926297923757,0.0020483482257349066,0.0045408183799997845,0.004823909184706409,0.012815036120483925
P000824,anemia_other,anemia_other,0.0016714661049662897,0.0001740508387581169,0.007027627035663551,0.8856476193173238,0.008468094219937453,0.02740690232992687,0.0026220952371805444,0.03209090713571159,0.0305754887626643,5.926389685960746e-05,0.004099101524989504,0.00015738359601826632,anemia_other,0.0005978609850512314,4.8797814022103454e-05,0.013221092215795328,0.5205053450693647,0.1731483565028673,0.08739319765697864,0.00810909331143713,0.14216929277797227,0.05287353218813638,0.00012544621589468955,0.0015268835225670774,0.00028110173991310585,anemia_other,0.03434144533368438,0.010701671166166552,0.21085591229717712,0.42246418243356454,0.03850103324953708,0.05406421397122559,0.009293751055407622,0.07037652425360233,0.049980340113205964,0.007908421396888726,0.08133799737972067,0.010174507349819298,B6_deficiency,0.01164901831526661,0.006805394220242351,0.34131295231983844,0.1464057338188418,0.08294360689430837,0.07808615150492501,0.015796671197368547,0.21745719306313382,0.043222135827383296,0.007935711134100784,0.041703944923536455,0.006681486781054618
P000825,anemia_other,iron_deficiency_anemia,3.271676659850443e-05,0.00016439119868576457,0.2192921482627307,0.2883845180546402,0.001070273660934876,0.015361610381447195,0.0019537966776817578,0.0014913008776764622,0.46961106577685235,0.00011846161164675495,0.0012642892025436336,0.001255427528561892,anemia_other,6.8282166137278776e-06,2.277912718025503e-05,0.14809386062319158,0.8009285453816958,0.004130617928891145,0.012342008663319396,0.0015556935218641978,0.00028701177250033724,0.03247390158468798,8.95683089157038e-06,9.242019220219773e-05,5.737615696174245e-05,anemia_other,0.010739103375304013,0.007307737308574717,0.26511106747907476,0.35785863108347155,0.10282997347980852,0.024094266100628283,0.018437913120011574,0.038536857536157744,0.11684890639491759,0.01109106255618313,0.03342493886699389,0.013719542698874081,anemia_other,0.007984680181136143,0.003451263764589099,0.17825465554492187,0.583574349286448,0.12824072814572632,0.020612746303182165,0.004801202494525382,0.023865339095582586,0.0284067606100893,0.00419225415831209,0.010771303029587698,0.0058447173858991
P000826,inflammation_anemia,inflammation_anemia,1.7203928758808756e-05,4.072963167917733e-07,2.570192078529153e-05,4.8126521085540344e-05,3.184080414533512e-06,1.2398161908647452e-07,1.982195789151064e-08,0.999740547714574,0.00016028188041013978,4.911344819482763e-09,4.354748258742464e-06,4.319447433660945e-08,inflammation_anemia,2.444830765578199e-07,3.5016280370159422e-09,9.798692267777305e-07,1.0698288049852157e-05,1.619095675825528e-05,1.5191991206663522e-05,7.160096232868682e-09,0.9999539256694286,2.7403826114449745e-06,1.2879250491982756e-10,1.6731237258012634e-08,8.37887493987679e-10,inflammation_anemia,0.002908336379876839,0.0018352939497832646,0.010786122036692089,0.024150742033965576,0.005084274042446383,0.004557806149382381,0.0015659604911643,0.9150422272522131,0.019636464122210383,0.00131226595615488,0.01200291802288538,0.001117589563225324,inflammation_anemia,0.0035759126067104277,0.0017247326051052717,0.01585959448812838,0.020301009905180502,0.005756385388963353,0.008161416035422444,0.001407826304106321,0.8955828000667566,0.03372099386241965,0.002149269220605119,0.01048826745553268,0.0012717920610691971
P000827,inflammation_anemia,inflammation_anemia,1.8527560347536496e-09,2.496884420933443e-09,3.0035415713125337e-09,8.162141440030106e-09,7.51971666729341e-09,6.553985647338506e-11,3.3028578003827786e-11,0.9999999669704596,3.932748685821416e-09,2.137841569524704e-09,6.214142824128579e-10,3.2039275270712348e-09,anemia_other,0.03785074110395387,0.01759899433675541,0.017635774595706425,0.7074030039596942,0.03753565324445716,0.00039812480434218674,1.2964729634486727e-05,0.0772831965080085,0.06668944012477712,0.009333417740797087,0.003926693337552644,0.024331995514320907,inflammation_anemia,0.0040908621902223125,0.005421741799850185,0.011397782263224672,0.034697616551561075,0.02642018372414284,0.004257127125961748,0.0028346135882519807,0.8798646970781174,0.014801504559829504,0.003035265056417752,0.00751950258244589,0.005659103479974707,anemia_other,0.007926418153410754,0.022126962686438757,0.03668373964906792,0.6109642433170563,0.03515400618377614,0.01709762362755996,0.013783124036900284,0.14178013081270327,0.05988435121685757,0.008599412352142717,0.016193158404432327,0.029806829559654004
P000828,inflammation_anemia,inflammation_anemia,0.007486043758104556,5.338475737051055e-05,0.052641353604860074,0.17374050260861068,2.051076074535885e-05,0.05096685314050908,0.013034373774078928,0.5471927091723363,0.14036682539266246,1.997699297955563e-05,0.012363067578738453,0.002114398459004036,inflammation_anemia,0.0021462158648732433,3.915797282895078e-05,0.047398563047135384,0.3047755202826386,5.904053746592752e-05,0.026929221163479046,0.012445143904523009,0.539845266080463,0.05749150517318605,5.018556416794903e-06,0.007468435119594687,0.0013969122973952156,inflammation_anemia,0.0048224048306584645,0.003173295714162396,0.035535131532775,0.05987859094184942,0.03109467621115322,0.023288406007211514,0.004323837479101556,0.8092142137404534,0.012326293748776272,0.002209164847485664,0.00964218556173651,0.00449179938463657,inflammation_anemia,0.005956186588097438,0.0031956422475960013,0.04577212776006537,0.15408623341954783,0.04534193667817155,0.03857509607521934,0.008411578219697935,0.6573241216877248,0.019155245009783172,0.0033889009258907562,0.013098189216472928,0.005694742171732682
P000829,iron_deficiency_anemia,iron_deficiency_anemia,0.001062963626904135,0.002029345681064019,0.004699709536977044,0.015723273314526283,0.004176625888674332,0.004304107079629097,0.0005127136301961095,0.002444046001715626,0.9110101750011104,0.01335364995381036,0.04055465546787837,0.0001287348175141158,iron_deficiency_anemia,7.643341023244223e-06,5.2303006941651095e-05,0.0025361346642512167,0.004210582842426273,0.0033983267331954346,3.882386695282409e-05,1.651128243965342e-06,2.2714319640733955e-05,0.9848273154015342,0.0020311196070980065,0.0028725060493435387,8.79039348832123e-07,iron_deficiency_anemia,0.0019638426235395134,0.0009032097570053799,0.014742699960518094,0.010127645327078983,0.0031658437921656397,0.0018301653912056667,0.0017974285374038074,0.005407538166914386,0.8551178730703978,0.005106603825032353,0.09906437030706643,0.0007727792416721449,iron_deficiency_anemia,0.0011320520390825793,0.0005590504757629702,0.0052974477167882965,0.004016046104932284,0.002370978787124367,0.0006730841391378997,0.0005735094192899346,0.0021334901564238097,0.911381447787485,0.00388794982782466,0.06759635623850924,0.0003785873076392838
P000830,mixed_deficiency,mixed_deficiency,0.04986981260199011,0.00014722077875624795,0.0009502104256280129,0.003247541237169985,0.0038348558026486067,0.019253371332858815,7.737847531078627e-05,0.0021949891826961846,0.28248663314685796,0.00017746512322150567,0.6377598128972268,7.089956349009536e-07,mixed_deficiency,0.05369005685175958,5.474571938981722e-06,0.00015284037906136607,7.480820103133762e-05,0.00124886709453351,0.0027405697322073026,1.2558374481548954e-07,8.131979962369535e-05,0.27762247865687073,4.169124526754563e-06,0.6643792894264643,5.782377039758232e-10,mixed_deficiency,0.010811605410470448,0.0018694271230182864,0.006108776683965674,0.0137476970475518,0.02908883361430536,0.010676279981541203,0.002065609377492069,0.004013326589593574,0.41331832030074767,0.0026980478649078015,0.5045655626143972,0.0010365133920089105,iron_deficiency_anemia,0.005121148911218398,0.001558965876610012,0.004662447344902548,0.0063320443339225365,0.008459427202189522,0.0036994172332756124,0.0015334489931032019,0.003400930533408719,0.5695307007415942,0.002805148326092541,0.39208489145385383,0.0008114290498288307
P000831,anemia_other,anemia_other,3.194273369874172e-05,5.877436808431273e-05,0.0008174581656485197,0.9961198234152946,1.4710453360554204e-06,0.0014898088672528887,9.073582786117046e-05,0.00012973799879677402,0.0010521011196534303,1.937880689738164e-06,7.189344675639286e-05,0.0001343151309273189,anemia_other,3.736283649096146e-05,1.1346587541574976e-05,0.004379630854652064,0.9703011085100648,0.017609015697505115,0.0021900487625536817,2.402332093800865e-05,0.00040660959491945647,0.005002766557788235,1.378292760267205e-07,2.4184699408859798e-05,1.3764748861060252e-05,anemia_other,0.0029578849593073016,0.0016067681446220138,0.0142129187505818,0.9402745262870785,0.01070457083092278,0.004704367444131658,0.0023662510689796573,0.004499312252890855,0.009469244258230706,0.0017107419236539149,0.004355181642080162,0.0031382324375204772,anemia_other,0.007493951133569207,0.0066879334667772124,0.19322282896305706,0.6021664668582336,0.06663963456751075,0.012863813238654542,0.00810921848563587,0.05497371473791093,0.02040999508888097,0.006183979403460471,0.007854403915659551,0.013394060140649828
P000832,anemia_other,anemia_other,5.356419736559946e-05,6.854609316672356e-07,0.0007158889695266814,0.9985556159784115,2.7621257119917536e-05,1.0112274528551402e-05,5.3034895109309424e-08,0.00011091392356920679,0.0005140363384890953,6.45004351390462e-08,6.409637074857557e-07,1.0803101020178611e-05,anemia_other,0.0044811854577262635,0.00021226386469134638,0.01801603289201015,0.965362063532237,0.00034168739299457663,0.0006837211218416398,3.534594496784988e-05,0.0010985295523451778,0.008682738436512759,5.6913312630087476e-05,0.0008040237900445462,0.00022549470199858548,anemia_other,0.01266285207610152,0.006587469120401027,0.12885489917183798,0.6206826336672562,0.04459684470532337,0.05245192597778369,0.009689452067055236,0.03296559883527852,0.04280175402479686,0.009180856866796903,0.018432962067556305,0.021092751419812494,anemia_other,0.011290116366413371,0.005344250887169792,0.1765767109830005,0.6457490679533553,0.03301830990312421,0.020719849153995357,0.005996214333387744,0.03838081842860399,0.031170557756441012,0.007255386798868865,0.015973238213373146,0.008525479222266668
P000833,iron_deficiency_anemia,iron_deficiency_anemia,0.0001443063568250329,7.443990223659334e-05,0.0013282424986605253,3.179908795686707e-05,2.1414166772643363e-06,4.239157941453204e-05,3.713347384690588e-05,1.2012068570239786e-05,0.8902389997946186,0.03276268788853359,0.07532582440169111,2.1530968735369546e-08,iron_deficiency_anemia,0.00041015075091242417,9.101194728106694e-05,0.000701692423149289,5.871237077369045e-06,0.00014256121814050217,2.6581777814112013e-05,4.1403932518558435e-05,6.383044598430037e-06,0.7951474319039734,0.0062664698703112426,0.19716043573206307,6.162160576340374e-09,iron_deficiency_anemia,0.0043333436423302245,0.003952510266296737,0.011701672321024186,0.007707667120598355,0.007599498937191896,0.0024404231661073464,0.0032080399125481124,0.0045471737844344565,0.8409147581220106,0.05534074835123285,0.055353837003168566,0.002900327373056597,iron_deficiency_anemia,0.0017847648190508782,0.001382889935953592,0.004003730498274321,0.0020149079782268565,0.0022048092401130304,0.0008714115108174172,0.0012070281925090816,0.004839374144620432,0.9047702453833376,0.006978536427707563,0.0690805669560423,0.00086173491334699
P000834,no_anemia_no_deficiency,no_anemia_no_deficiency,0.0002325407613867624,0.08680588168628856,0.0021548143426872455,0.008004670480505918,5.940970903980158e-07,0.00042707197400656676,0.31084805035227125,3.259409357252315e-05,0.0007523476872647181,0.03366751471749863,0.0004433423651737866,0.5566305774422536,no_anemia_no_deficiency,0.00040354983376600855,0.1910879667761021,0.004656158141263651,0.0021272895560002485,0.0014260626496742953,0.001161749546424119,0.33365601732196587,0.00010605159691505996,0.00035203467002265523,0.014682058052920118,0.00015766117798645643,0.4501834006769593,no_anemia_no_deficiency,0.005619529153648957,0.13784822918527256,0.020830487289402903,0.018847644001826654,0.0450362602467843,0.013570579315549254,0.22713583246783284,0.006696460164334803,0.0073621520731735925,0.06458736267935881,0.0064502300329484065,0.4460152333898669,B12_deficiency_no_anemia,0.006216636068316536,0.3692188314347049,0.014512244428998981,0.013589273704743896,0.026354908813741414,0.0099787913864155,0.15823680707393015,0.0033591542991325734,0.0032807175440608583,0.047605949435504044,0.00346530035968563,0.3441813854507655
P000835,B12_deficiency_no_anemia,B12_deficiency_no_anemia,0.00828627796159049,0.9702904168295854,1.277701806038379e-06,0.0011036894543407399,3.183784792593561e-05,0.0007282664371261331,0.012607330831306643,5.108619790659699e-05,1.227701808334856e-05,0.00025953361593262456,0.00014179298776237207,0.006486213116633682,no_anemia_no_deficiency,0.004531132516985305,0.2702857690720585,0.00048516625220730055,0.0042453070981863725,0.0019427963363536401,0.0034954856087479054,0.23061540373433337,0.0011441493095426549,0.00012651541005912268,0.00132319432732683,0.00026701549007893295,0.48153806484412004,folate_deficiency_no_anemia,0.016859011390061764,0.25691679310515975,0.019351109871888043,0.020448873852788724,0.02275440168403855,0.018950303216147494,0.4787384992928032,0.00595436955275395,0.006993761990488644,0.017893739039231367,0.0098818698055314,0.12525726719910701,no_anemia_no_deficiency,0.022142790668318122,0.265128104174407,0.014975079861019576,0.020108969458114048,0.02607350231955069,0.03228779880308222,0.23224591918938584,0.010233722187450061,0.007501630773165309,0.018047947053199058,0.011630535014530395,0.33962400049777774
P000836,iron_deficiency_anemia,latent_deficiency,0.0022929668014566905,0.005600919178547086,0.002409188551020553,0.0014457430240700443,0.0009048276719105915,0.00126561542523918,0.002379488181244479,0.00018775371154057768,0.2132839570152602,0.44980306901621236,0.31585150614337004,0.004574965280128145,mixed_deficiency,5.762011579055742e-05,0.0003941217141734577,6.244571049293868e-05,8.426190020465278e-05,0.0002910260374710361,2.2924080558177455e-05,2.5535040274587412e-05,1.159858338147146e-05,0.1939591539077758,0.28676704120871443,0.5180866417972019,0.00023762990396097167,latent_deficiency,0.014320777111715586,0.0571874809335425,0.043233451909903936,0.036378284859325004,0.06358494202392337,0.015168626517853421,0.03282796019396565,0.02340026548002755,0.11110433205667031,0.4408270283672973,0.07316308433853487,0.08880376620724045,latent_deficiency,0.006732965808573531,0.027681987838876435,0.028427277705144027,0.02558791976899332,0.012364372238606744,0.008155840771385888,0.014562656406517823,0.018544571970877437,0.060664586358518985,0.7266569901398721,0.03998252895410843,0.0306383020385253
P000837,anemia_other,anemia_other,0.021811688100936987,0.000875650024705071,0.0027055314416966503,0.8254282546755137,0.011465781230174174,0.06330040556280912,0.02666284900250858,0.0018294491200464592,0.006090094268117658,0.00023399848999682834,0.009616314906453939,0.029979983177040922,anemia_other,0.03187461333976167,0.004336681911760882,0.014152862672834214,0.7205313025616011,0.053921722883754325,0.10286960614300807,0.03323341176485517,0.0034146194016651307,0.005476507624282239,0.0013745885883171482,0.01863133544413832,0.010182747664021781,anemia_other,0.045891507262373746,0.013169191288065783,0.0374926178751755,0.3622635786766217,0.10153555932929706,0.28780802279365103,0.02340612062681058,0.030298641814078757,0.032011854372149505,0.008784440830165014,0.028862029049870754,0.028476436081740636,anemia_other,0.0545354881065373,0.007533112594500112,0.024201209175883656,0.5984522462295114,0.04380346770727006,0.16889408646560725,0.016066225369194168,0.016215329058071007,0.019596903599375284,0.004904417481897407,0.033661466603720026,0.012136047608432215
P000838,latent_deficiency,latent_deficiency,0.001036206703828628,0.012132436323813977,0.02680846555837244,0.019542808378375808,0.0008867098254969993,1.8164466606260056e-09,2.8659117787657926e-08,0.004806241875790334,0.14948430241855576,0.624042547747192,6.9149969283411965e-06,0.16125333569608116,latent_deficiency,0.00017123362648798475,0.010322978400646592,0.11955071558380181,0.03229026918177771,0.012966884120933199,5.182399251813415e-09,4.845201994343209e-08,0.0038645057512346863,0.09898800777700136,0.5266806456395624,1.3549392790678618e-06,0.195163351344856,latent_deficiency,0.004996070943422697,0.1291647086649006,0.18749951097110876,0.012703580770742686,0.01991387400602371,0.005677012250877075,0.024938123350078535,0.024498787409815908,0.030990185274816263,0.3641588286899496,0.01176182015126896,0.18369749751699535,latent_deficiency,0.006835990430801384,0.17929093174890576,0.24758726853890348,0.017626220730538156,0.032129393601947095,0.004883602998513081,0.03196272072547902,0.018062598222137984,0.04726419200885328,0.3005876076512474,0.0104965294994185,0.10327294384325478
P000839,B12_deficiency_anemia,copper_deficiency,0.06291347570811795,0.09520059901190865,0.08844442947857971,0.13222007882646764,0.34887363977035557,0.014974320879102155,0.011927942579592626,0.12552039656350242,0.06495383756043918,0.013599212943727186,0.023530818582281558,0.017841248095925136,inflammation_anemia,0.1252256307991368,0.06402763282027386,0.0554640768309422,0.20809786413699233,0.06597664163159322,0.01312828753247224,0.003133239276402311,0.39985442339602606,0.04167477679174282,0.0011803029401219213,0.0130568684739001,0.009180255370396063,B6_deficiency,0.04172219673258169,0.04528424522385931,0.16746458706708325,0.13197556232545332,0.15381544829464752,0.05063897366348982,0.044272492187180115,0.1604760640584707,0.07158111701280899,0.024275407411683797,0.08308116747780989,0.025412738544931524,B6_deficiency,0.07387442175239305,0.03760196317322269,0.24023996519310542,0.20611402878571575,0.05393266542764422,0.04988608912531437,0.036279964102548926,0.11863507930439195,0.051407260012212665,0.02062177553301038,0.0871408372223788,0.024265950368061767
P000840,inflammation_anemia,inflammation_anemia,8.14776840511928e-09,2.3875472510240784e-10,4.762020436814099e-07,1.3935584930880307e-08,1.4652867967926551e-08,5.216306582966671e-07,5.529833225098888e-08,0.9999987818384446,2.6727339208880696e-09,5.514447933406601e-11,1.953722650328066e-09,1.2337394419036447e-07,inflammation_anemia,4.2754135197756654e-05,5.0303307217731334e-06,0.00435287428637711,0.006147876186368979,0.002280520114663606,0.010259075894604442,0.0017768674414190533,0.9732127940116024,1.2776490743939166e-05,2.1731231721229652e-07,2.018858795519791e-05,0.001889025208028458,inflammation_anemia,0.0011396523473000976,0.0013437169140054926,0.0068037023648872,0.01191684789017829,0.003739323178377842,0.0032771259340954096,0.0014657552771522786,0.9634386895890263,0.0021476848181574805,0.000837193278314527,0.0011808749891119791,0.0027094334193931554,inflammation_anemia,0.004663070174036277,0.00498546624955018,0.0290512729761286,0.222782642264353,0.04403575677560301,0.011493158935202218,0.007660425882384938,0.6559537638857582,0.0062185698942051875,0.0018190682118327964,0.0034231585208673015,0.007913646230078331
