patient_id,anemia_class_true,deficiency_cause_true,anemia_rule,ensemble_class_pred,ensemble_cause_pred,iron_deficiency__true,iron_deficiency__probability,iron_deficiency__prediction,iron_deficiency__rule_score,B12_deficiency__true,B12_deficiency__probability,B12_deficiency__prediction,B12_deficiency__rule_score,folate_deficiency__true,folate_deficiency__probability,folate_deficiency__prediction,folate_deficiency__rule_score,B6_deficiency__true,B6_deficiency__probability,B6_deficiency__prediction,B6_deficiency__rule_score,copper_deficiency__true,copper_deficiency__probability,copper_deficiency__prediction,copper_deficiency__rule_score,inflammation_anemia__true,inflammation_anemia__probability,inflammation_anemia__prediction,inflammation_anemia__rule_score
P000001,B12_deficiency_no_anemia,B12_deficiency,0,B12_deficiency_no_anemia,B12_deficiency,0,0.000889448879280398,0,0.05,1,0.8282356325249303,1,0.15,0,0.13024304524699312,0,0.95,0,0.0033224930043614345,0,0.5,0,0.0006544648566097851,0,0.5,0,0.00018270204100937626,0,0.05
P000002,folate_deficiency_no_anemia,folate_deficiency,0,no_anemia_no_deficiency,none,0,5.3753627990054366e-05,0,0.05,0,0.011014552752093915,0,0.5,1,0.08121599521316092,0,0.5,0,0.0007475606415367404,0,0.5,0,0.0024145429228890304,0,0.5,0,0.0001860471794838669,0,0.05
P000003,latent_deficiency,iron_deficiency,0,latent_deficiency,iron_deficiency,1,0.9999527477385053,1,0.7249999999999999,0,4.384697244596035e-05,0,0.15,0,0.022020360062761854,0,0.5,0,0.0007363242724577306,0,0.5,0,0.0007090951113765414,0,0.5,0,0.00010752818141976557,0,0.05
P000004,B12_deficiency_no_anemia,B12_deficiency,0,B12_deficiency_no_anemia,B12_deficiency,0,0.00481497878068989,0,0.05,1,0.9978439136572219,1,0.95,0,0.02351123405751355,0,0.5,0,0.004895530785066356,0,0.5,0,0.00011932102274815838,0,0.5,0,0.00015307501034862747,0,0.05
P000005,B12_deficiency_anemia,B12_deficiency,1,B12_deficiency_anemia,B12_deficiency,0,5.5549074472882023e-05,0,0.05,1,0.9999539629600217,1,0.15,0,0.012668329132219273,0,0.5,0,0.0011633177276508021,0,0.5,0,3.2310896644971386e-09,0,0.5,0,0.00012217894895862725,0,0.9500000000000001
P000006,anemia_other,undetermined,1,anemia_other,undetermined,0,0.006943480120402743,0,0.5,0,0.00015293675987075014,0,0.15,0,0.0005145410714655488,0,0.1,0,0.0012725154802455095,0,0.5,0,0.0004811269487057583,0,0.5,0,0.000610851628553539,0,0.5
P000007,inflammation_anemia,inflammation,1,inflammation_anemia,inflammation,0,0.00035566669070292615,0,0.24285714285714283,0,0.10327772295336125,0,0.15,0,0.0004716467822206808,0,0.1,0,0.007434545748045409,0,0.5,0,0.00020066977717881954,0,0.5,1,0.9998649338224593,1,0.9500000000000001
P000008,B12_deficiency_anemia,B12_deficiency,1,folate_deficiency_anemia,folate_deficiency,0,0.0038144212987625166,0,0.05,1,0.3673909663364074,0,0.5,0,0.8462971857582422,1,0.5,0,0.002411679803137262,0,0.5,0,0.0010213482128898282,0,0.5,0,0.008952527131067615,0,0.5900000000000001
P000009,B12_deficiency_anemia,B12_deficiency,1,B12_deficiency_anemia,B12_deficiency,0,2.801993245644726e-05,0,0.05,1,0.9995096249790842,1,0.15,0,0.03905864769164021,0,0.5,0,0.0011996372966514455,0,0.5,0,0.003764777972982181,0,0.5,0,0.0006066244157449038,0,0.4357142857142857
P000010,latent_deficiency,iron_deficiency,0,latent_deficiency,iron_deficiency,1,0.999965317969324,1,0.9500000000000001,0,0.00038353415760993616,0,0.15,0,0.0013353881950092553,0,0.1,0,0.000863325099721272,0,0.5,0,1.3450133423012125e-05,0,0.5,0,0.00010931350986711774,0,0.05
P000011,iron_deficiency_anemia,iron_deficiency,1,iron_deficiency_anemia,iron_deficiency,1,0.999989028318462,1,0.9500000000000001,0,0.0037919489357821374,0,0.5,0,0.001359446294025192,0,0.1,0,0.014605955273227538,0,0.5,0,0.0016225388347368332,0,0.5,0,6.869131367726722e-05,0,0.41000000000000003
P000012,no_anemia_no_deficiency,none,0,no_anemia_no_deficiency,none,0,0.002818001562645438,0,0.5,0,0.006998900656768136,0,0.5,0,0.04773432110215278,0,0.5,0,0.0013415571080886556,0,0.5,0,0.0003738682076039133,0,0.5,0,0.0011167595950968513,0,0.05
P000013,mixed_deficiency,iron_B12,1,mixed_deficiency,iron_B12,1,0.9989393960185119,1,0.05,1,0.9993969597781172,1,0.5,0,0.015301293508324869,0,0.1,0,0.0016487382239175302,0,0.5,0,0.0008578504147458044,0,0.5,0,7.003794732583353e-05,0,0.9500000000000001
P000014,inflammation_anemia,inflammation,1,inflammation_anemia,inflammation,0,0.00018422206130673364,0,0.49999999999999994,0,0.00020338955430118647,0,0.15,0,0.00244497790726128,0,0.5,0,0.013948799359526764,0,0.5,0,0.0053494821822184496,0,0.5,1,0.9999828645226001,1,0.9500000000000001
P000015,folate_deficiency_anemia,folate_deficiency,1,folate_deficiency_anemia,folate_deficiency,0,4.478038974897276e-05,0,0.05,0,0.0005330957467060975,0,0.15,1,0.9734716136007988,1,0.95,0,0.0006785343007810775,0,0.5,0,0.03717003405135789,0,0.5,0,4.127806457300572e-05,0,0.9500000000000001
P000016,latent_deficiency,iron_deficiency,0,latent_deficiency,iron_deficiency,1,0.7525163246078055,1,0.1,0,0.0002772817269271945,0,0.5,0,0.01891912867940552,0,0.5,0,0.010253819969415604,0,0.5,0,0.005393382499362459,0,0.5,0,7.351713740020715e-05,0,0.05
P000017,B12_deficiency_anemia,B12_deficiency,1,B12_deficiency_anemia,B12_deficiency,0,8.026209234239424e-05,0,0.05,1,0.9999528774637474,1,0.15,0,0.0034717290187962985,0,0.1,0,0.0009213176028838849,0,0.5,0,0.006817649322267001,0,0.5,0,0.0001477065540248176,0,0.5900000000000001
P000018,mixed_deficiency,iron_folate,1,mixed_deficiency,iron_folate,1,0.9999929352955821,1,0.5499999999999999,0,0.00011970160085359847,0,0.15,1,0.602787696852733,1,0.95,0,0.23937230959517075,0,0.5,0,0.0017827261295038812,0,0.5,0,0.00269927566842442,0,0.9500000000000001
P000019,latent_deficiency,iron_deficiency,0,latent_deficiency,iron_deficiency,1,0.9999314754950137,1,0.8214285714285715,0,0.0003821799910492123,0,0.5,0,0.014696676888031869,0,0.5,0,0.0016870633746299438,0,0.5,0,0.0004613445838082421,0,0.5,0,7.095764826386412e-05,0,0.05
P000020,mixed_deficiency,iron_folate,1,mixed_deficiency,iron_folate,1,0.9867371995277632,1,0.5499999999999999,0,0.015608397231761315,0,0.5,1,0.873544372059292,1,0.95,0,0.002254213381539822,0,0.5,0,0.00018880331228911558,0,0.5,0,4.23458251387524e-05,0,0.9500000000000001
P000021,no_anemia_no_deficiency,none,0,no_anemia_no_deficiency,none,0,0.0005771438371989571,0,0.05,0,0.0005603789722260712,0,0.5,0,0.01269170263261139,0,0.5,0,0.009212163004124977,0,0.5,0,0.004625891028770659,0,0.5,0,1.4041991393406533e-05,0,0.05
P000022,anemia_other,undetermined,1,anemia_other,undetermined,0,0.002650600835613694,0,0.5,0,0.0025986028790893024,0,0.5,0,0.035439199826085094,0,0.5,0,0.009441571536951797,0,0.5,0,0.006713765265960002,0,0.5,0,0.00015679973686031018,0,0.5
P000023,folate_deficiency_no_anemia,folate_deficiency,0,folate_deficiency_no_anemia,folate_deficiency,0,5.766416101556117e-05,0,0.05,0,0.005164089568837623,0,0.15,1,0.9923680752595326,1,0.95,0,0.001204805276317143,0,0.5,0,0.0049766995539079215,0,0.5,0,0.00020676191715999654,0,0.05
P000024,mixed_deficiency,iron_B12,1,mixed_deficiency,iron_B12,1,0.9983807856937426,1,0.31999999999999995,1,0.9994490194247618,1,0.15,0,0.00010724123509782687,0,0.5,0,0.012318866568192961,0,0.5,0,0.0002553030078607252,0,0.5,0,3.175071976078317e-05,0,0.5900000000000001
P000025,anemia_other,undetermined,1,anemia_other,undetermined,0,0.0007504440811804374,0,0.05,0,0.002416254264334496,0,0.15,0,0.037964539559913135,0,0.5,0,0.012833169097607426,0,0.5,0,0.009106706933958398,0,0.5,0,6.104726320217848e-05,0,0.4357142857142857
P000026,latent_deficiency,iron_deficiency,0,latent_deficiency,iron_deficiency,1,0.9991362931127035,1,0.1,0,0.0004628104666191348,0,0.15,0,0.027982283170591545,0,0.5,0,0.016862333365523872,0,0.5,0,0.006645580649718913,0,0.5,0,9.655763397857456e-05,0,0.05
P000027,latent_deficiency,iron_deficiency,0,latent_deficiency,iron_deficiency,1,0.9999432819794506,1,0.9500000000000001,0,8.125486862168447e-05,0,0.15,0,0.017745131560317786,0,0.5,0,0.0019407239104404983,0,0.5,0,0.004172465597583455,0,0.5,0,3.238777516437961e-05,0,0.05
P000028,B12_deficiency_anemia,B12_deficiency,1,B12_deficiency_anemia,B12_deficiency,0,0.0001797971792059507,0,0.05,1,0.9971988142075084,1,0.15,0,0.2901599809171061,0,0.5,0,0.0017416999891243182,0,0.5,0,0.0003644507032804366,0,0.5,0,0.029110384599726844,0,0.9500000000000001
P000029,latent_deficiency,iron_deficiency,0,latent_deficiency,iron_deficiency,1,0.9999599444540517,1,0.9500000000000001,0,7.074925348629415e-05,0,0.15,0,0.026331556738622842,0,0.5,0,0.005018096485497827,0,0.5,0,0.0009321740706855963,0,0.5,0,0.0005157887611480367,0,0.05
P000030,iron_deficiency_anemia,iron_deficiency,1,iron_deficiency_anemia,iron_deficiency,1,0.9999920678602658,1,0.9500000000000001,0,0.0009061080282988349,0,0.5,0,0.0018070647213110638,0,0.5,0,0.011289349388186473,0,0.5,0,0.010085993144301994,0,0.5,0,0.00014172433266818117,0,0.41000000000000003
P000031,iron_deficiency_anemia,iron_deficiency,1,iron_deficiency_anemia,iron_deficiency,1,0.9999968064154906,1,0.9500000000000001,0,0.00032504715540707243,0,0.15,0,0.033371149078733835,0,0.5,0,0.002712339026094788,0,0.5,0,0.005921281728686077,0,0.5,0,0.04236757783486175,0,0.41000000000000003
P000032,iron_deficiency_anemia,iron_deficiency,1,iron_deficiency_anemia,iron_deficiency,1,0.9830401697614244,1,0.6785714285714285,0,0.024852630796085007,0,0.5,0,0.0197347596234689,0,0.5,0,0.000549801542071908,0,0.5,0,0.007821942797220153,0,0.5,0,4.767726886134007e-05,0,0.68
P000033,folate_deficiency_no_anemia,folate_deficiency,0,folate_deficiency_no_anemia,folate_deficiency,0,0.006444837309908135,0,0.05,0,0.02585916533344042,0,0.5,1,0.983531157269999,1,0.95,0,0.0004545191084000822,0,0.5,0,0.002666058767267808,0,0.5,0,8.492373840505047e-05,0,0.05
P000034,anemia_other,undetermined,1,anemia_other,undetermined,0,0.00014829809908553594,0,0.05,0,0.0004605444625011094,0,0.5,0,0.05637926940726128,0,0.5,0,0.0018279376729348758,0,0.5,0,0.012472776621948596,0,0.5,0,2.3017223259813858e-05,0,0.5900000000000001
P000035,anemia_other,undetermined,1,anemia_other,undetermined,0,6.982519333094151e-05,0,0.05,0,7.842507115501681e-05,0,0.15,0,0.004405775703829183,0,0.1,0,0.012533714840143668,0,0.5,0,0.0035200710295051774,0,0.5,0,0.00010182970874614057,0,0.5900000000000001
P000036,no_anemia_no_deficiency,none,0,no_anemia_no_deficiency,none,0,0.05237267791322613,0,0.05,0,0.00039751395992436504,0,0.5,0,0.022993981270899556,0,0.5,0,0.011772455068600802,0,0.5,0,0.00459359822063893,0,0.5,0,2.4911640840433632e-05,0,0.05
P000037,folate_deficiency_anemia,folate_deficiency,1,folate_deficiency_anemia,folate_deficiency,0,0.0001940389627354834,0,0.05,0,0.0656834244703071,0,0.5,1,0.9964628631804181,1,0.95,0,0.0025338117807871662,0,0.5,0,8.35822901492742e-05,0,0.5,0,8.834340344007631e-06,0,0.4357142857142857
P000038,folate_deficiency_no_anemia,folate_deficiency,0,folate_deficiency_no_anemia,folate_deficiency,0,0.0008409520352076375,0,0.05,0,0.011250701710853296,0,0.5,1,0.9634977120589617,1,0.95,0,0.0007155859593335291,0,0.5,0,0.006895481048756391,0,0.5,0,2.163183253480371e-05,0,0.05
P000039,inflammation_anemia,inflammation,1,inflammation_anemia,inflammation,0,0.0036725881206492225,0,0.6349999999999999,0,0.00012703494579742412,0,0.15,0,0.034484654723268594,0,0.5,0,0.015163161100625714,0,0.5,0,0.012065667633929834,0,0.5,1,0.6676416868526703,1,0.9500000000000001
P000040,B12_deficiency_anemia,B12_deficiency,1,mixed_deficiency,B12_folate,0,0.00021130519812794903,0,0.05,1,0.9998258506421069,1,0.15,0,0.503277980811635,1,0.5,0,0.000753707904579678,0,0.5,0,1.0966678868075267e-06,0,0.5,0,3.652259363847437e-05,0,0.4357142857142857
P000041,iron_deficiency_anemia,iron_deficiency,1,iron_deficiency_anemia,iron_deficiency,1,0.9999980511358109,1,0.4857142857142857,0,0.00042491756015197165,0,0.15,0,0.0010959202689231737,0,0.1,0,0.008451270982923982,0,0.5,0,0.011461129359587291,0,0.5,0,6.807288063068938e-06,0,0.32
P000042,B12_deficiency_anemia,B12_deficiency,1,B12_deficiency_anemia,B12_deficiency,0,0.10323920485851952,0,0.5,1,0.9999002050168114,1,0.15,0,0.003845250715185558,0,0.1,0,0.0009938535237529835,0,0.5,0,0.0010796672793312654,0,0.5,0,2.4047706373130847e-05,0,0.5
P000043,iron_deficiency_anemia,iron_deficiency,1,iron_deficiency_anemia,iron_deficiency,1,0.9999590622892497,1,0.9500000000000001,0,0.0007863543315946539,0,0.5,0,0.007007705087677202,0,0.5,0,0.0004219020934907493,0,0.5,0,0.0007033739208293926,0,0.5,0,4.8810526036587e-05,0,0.41000000000000003
P000044,iron_deficiency_anemia,iron_deficiency,1,iron_deficiency_anemia,iron_deficiency,1,0.9999916727261253,1,0.5499999999999999,0,0.0015184846030630648,0,0.15,0,0.019120315224265223,0,0.5,0,0.032105840359425736,0,0.5,0,0.0047966748578431645,0,0.5,0,5.406455900433686e-05,0,0.9500000000000001
P000045,latent_deficiency,iron_deficiency,0,latent_deficiency,iron_deficiency,1,0.9982386072039824,1,0.8214285714285715,0,0.0007330778227380125,0,0.5,0,0.0057651701099259945,0,0.5,0,0.014957670883779663,0,0.5,0,2.1704330647760025e-08,0,0.5,0,0.0004150771308366928,0,0.05
P000046,mixed_deficiency,iron_B12,1,mixed_deficiency,iron_B12,1,0.9999678069582355,1,0.6849999999999999,1,0.9770778179775069,1,0.95,0,0.0025340272221493136,0,0.1,0,0.0009919988822309205,0,0.5,0,0.0035448351152268433,0,0.5,0,0.00017176883739529838,0,0.9500000000000001
P000047,mixed_deficiency,iron_folate,1,mixed_deficiency,iron_folate,1,0.9999949679396183,1,0.7749999999999999,0,0.0084235968539268,0,0.5,1,0.9589126464623449,1,0.95,0,0.0007147731320278946,0,0.5,0,0.0004913743319726435,0,0.5,0,2.31815118779274e-05,0,0.68
P000048,inflammation_anemia,inflammation,1,inflammation_anemia,inflammation,0,0.011425695779045106,0,0.7500000000000001,0,0.0002919139847158158,0,0.15,0,0.002106858004891969,0,0.1,0,0.0008248849068116384,0,0.5,0,0.00484654978811098,0,0.5,1,0.9965066641653879,1,0.9500000000000001
P000049,folate_deficiency_anemia,folate_deficiency,1,folate_deficiency_anemia,folate_deficiency,0,3.6205956255298554e-05,0,0.05,0,0.0010120549148573046,0,0.15,1,0.9805785379775557,1,0.95,0,0.0011359480666765472,0,0.5,0,0.010927140504367655,0,0.5,0,0.0001741314511965383,0,0.5900000000000001
P000050,no_anemia_no_deficiency,none,0,no_anemia_no_deficiency,none,0,0.00034929027502946447,0,0.05,0,0.0013570548034633938,0,0.5,0,0.11039349768515468,0,0.5,0,0.0027462204245288346,0,0.5,0,0.0003967364571586732,0,0.5,0,0.000373433728773116,0,0.05
P000051,B12_deficiency_anemia,B12_deficiency,1,B12_deficiency_anemia,B12_deficiency,0,0.0041464161019318345,0,0.05,1,0.7193231725830672,1,0.5,0,0.006177637224594741,0,0.1,0,0.005302503942115763,0,0.5,0,0.00021523430216620015,0,0.5,0,0.03164542794694959,0,0.4357142857142857
P000052,B12_deficiency_anemia,B12_deficiency,1,B12_deficiency_anemia,B12_deficiency,0,5.673140742712336e-05,0,0.05,1,0.9987169970455945,1,0.95,0,0.03653220499402248,0,0.5,0,0.00032595220540101354,0,0.5,0,0.004810681821963427,0,0.5,0,0.0018985146704459544,0,0.9500000000000001
P000053,copper_deficiency,copper_deficiency,0,copper_deficiency,copper_deficiency,0,0.0008656343693690213,0,0.13999999999999999,0,0.0005634352046486246,0,0.15,0,0.007016822329336799,0,0.1,0,0.006152480067603001,0,0.5,1,0.6173196734008028,1,0.5,0,0.0019192690895601188,0,0.05
P000054,copper_deficiency,copper_deficiency,0,copper_deficiency,copper_deficiency,0,0.00010424230091060273,0,0.05,0,1.5174920542511557e-05,0,0.15,0,0.009689320147972441,0,0.5,0,0.008500471596614009,0,0.5,1,0.9991627939279775,1,0.5,0,0.0010979954221777366,0,0.05
P000055,B12_deficiency_anemia,B12_deficiency,1,B12_deficiency_anemia,B12_deficiency,0,0.00020536628595097352,0,0.05,1,0.9677718164903146,1,0.15,0,0.0037658302035365092,0,0.1,0,0.001336023445019624,0,0.5,0,0.0032277615815266367,0,0.5,0,0.00019110974242214513,0,0.9500000000000001
P000056,folate_deficiency_anemia,folate_deficiency,1,folate_deficiency_anemia,folate_deficiency,0,0.0002973941203220424,0,0.05,0,0.0035121733007268743,0,0.15,1,0.9755848830888325,1,0.95,0,0.0019881667585559927,0,0.5,0,3.7164477118521414e-05,0,0.5,0,0.0002204199856489207,0,0.9500000000000001
P000057,anemia_other,undetermined,1,anemia_other,undetermined,0,0.00017554126610658168,0,0.05,0,0.0002666790823199756,0,0.15,0,0.1625331704766883,0,0.5,0,0.0009071894183081443,0,0.5,0,1.9867130563785374e-05,0,0.5,0,0.0003088357644737161,0,0.9500000000000001
P000058,anemia_other,undetermined,1,anemia_other,undetermined,0,7.09902548261882e-05,0,0.05,0,0.027848519222985934,0,0.15,0,0.00798310110156706,0,0.5,0,0.013546348486434198,0,0.5,0,0.0004737183539173036,0,0.5,0,0.0008704641556711554,0,0.5900000000000001
P000059,anemia_other,undetermined,1,anemia_other,undetermined,0,6.561611680767644e-05,0,0.31999999999999995,0,8.196475948190306e-05,0,0.15,0,0.20952373850427375,0,0.5,0,0.0033563113424120734,0,0.5,0,0.0006522044283524672,0,0.5,0,6.293571110826587e-05,0,0.5900000000000001
P000060,anemia_other,undetermined,1,folate_deficiency_anemia,folate_deficiency,0,1.3174055699557064e-05,0,0.31999999999999995,0,0.0019489660744472568,0,0.5,0,0.517353911679884,1,0.5,0,0.0036267372651291,0,0.5,0,0.007737960498047265,0,0.5,0,0.001779616967833975,0,0.5900000000000001
P000061,no_anemia_no_deficiency,none,0,no_anemia_no_deficiency,none,0,0.0009142052696337309,0,0.5,0,0.000286888149247608,0,0.15,0,0.03862932858791071,0,0.5,0,0.034573565741734556,0,0.5,0,0.00014827262015774148,0,0.5,0,1.4044523522464698e-05,0,0.05
P000062,B12_deficiency_no_anemia,B12_deficiency,0,no_anemia_no_deficiency,none,0,0.014193591676545929,0,0.5,1,0.027398391486066657,0,0.5,0,0.005281404797577444,0,0.5,0,0.0024965155228910173,0,0.5,0,0.0001426342033764864,0,0.5,0,3.7081262878395965e-05,0,0.05
P000063,folate_deficiency_anemia,folate_deficiency,1,folate_deficiency_anemia,folate_deficiency,0,7.991747274885876e-05,0,0.41000000000000003,0,0.0017753498146295499,0,0.15,1,0.9968263643854588,1,0.95,0,0.002671454618032373,0,0.5,0,0.00033147692883638805,0,0.5,0,0.00013456796851310396,0,0.4357142857142857
P000064,iron_deficiency_anemia,iron_deficiency,1,iron_deficiency_anemia,iron_deficiency,1,0.9999776093150796,1,0.4857142857142857,0,0.003020145226031393,0,0.5,0,0.005962374366709869,0,0.5,0,0.0016411867911432154,0,0.5,0,0.0016922465094161092,0,0.5,0,0.0001827542919624168,0,0.32
P000065,copper_deficiency,copper_deficiency,1,copper_deficiency,copper_deficiency,0,0.0014562709166423392,0,0.5,0,0.00023123422375503943,0,0.15,0,0.12751726789437579,0,0.5,0,0.0007752816863609038,0,0.5,1,0.9980799573746851,1,0.5,0,6.654732518683068e-05,0,0.5
P000066,folate_deficiency_no_anemia,folate_deficiency,0,folate_deficiency_no_anemia,folate_deficiency,0,7.235001257781493e-05,0,0.05,0,0.04791619306181965,0,0.5,1,0.9797886863889143,1,0.95,0,0.0005968154570572736,0,0.5,0,0.006960387546773988,0,0.5,0,0.0002432152836358949,0,0.05
P000067,iron_deficiency_anemia,iron_deficiency,1,iron_deficiency_anemia,iron_deficiency,1,0.9999686588321122,1,0.9500000000000001,0,0.00161261413281697,0,0.5,0,0.007608845912368153,0,0.5,0,0.0003692101525453187,0,0.5,0,0.0001751296658899745,0,0.5,0,0.00013082645052687423,0,0.41000000000000003
P000068,mixed_deficiency,iron_B12,1,mixed_deficiency,iron_B12,1,0.999828145703852,1,0.9500000000000001,1,0.990989527091573,1,0.95,0,0.0006901974301653967,0,0.5,0,0.013786595616761448,0,0.5,0,0.0006949893514285751,0,0.5,0,0.00045704599083421237,0,0.5642857142857144
P000069,inflammation_anemia,inflammation,1,inflammation_anemia,inflammation,0,8.515009719059337e-05,0,0.6349999999999999,0,0.0016290430727317635,0,0.5,0,0.0037783242343427527,0,0.1,0,0.00795998306215706,0,0.5,0,0.0005103779116454696,0,0.5,1,0.9548179374203289,1,0.9500000000000001
P000070,latent_deficiency,iron_deficiency,0,latent_deficiency,iron_deficiency,1,0.9999778914628019,1,0.5499999999999999,0,0.00646761958224098,0,0.5,0,0.011401871593725557,0,0.5,0,0.011926316989298353,0,0.5,0,9.269793200729096e-05,0,0.5,0,0.001746853264628101,0,0.05
P000071,iron_deficiency_anemia,iron_deficiency,1,iron_deficiency_anemia,iron_deficiency,1,0.9999932958278513,1,0.9500000000000001,0,0.0001328052154606245,0,0.15,0,0.023021665725910925,0,0.5,0,0.0016951108442544074,0,0.5,0,0.0010540293189789005,0,0.5,0,7.777300925673498e-05,0,0.41000000000000003
P000072,no_anemia_no_deficiency,none,0,no_anemia_no_deficiency,none,0,2.2047883693951088e-05,0,0.05,0,0.0004736817991476833,0,0.5,0,0.0960862779734549,0,0.5,0,0.0006199203142404684,0,0.5,0,0.004282171818053146,0,0.5,0,5.335781159526264e-05,0,0.05
P000073,mixed_deficiency,B12_folate,1,mixed_deficiency,B12_folate,0,0.0002519268255114085,0,0.05,1,0.9993076853067656,1,0.95,1,0.983357500553403,1,0.95,0,0.002390032126425771,0,0.5,0,0.007832760741028372,0,0.5,0,0.0009848192394377284,0,0.4357142857142857
P000074,latent_deficiency,iron_deficiency,0,latent_deficiency,iron_deficiency,1,0.9997557871136928,1,0.86,0,0.0007088841032939352,0,0.5,0,0.01878017614875741,0,0.5,0,0.0005709454308181635,0,0.5,0,0.004972035703564119,0,0.5,0,7.03412712641754e-05,0,0.05
P000075,B12_deficiency_anemia,B12_deficiency,1,B12_deficiency_anemia,B12_deficiency,0,0.00047133680028624996,0,0.13999999999999999,1,0.9998850045663449,1,0.15,0,0.06515759011118892,0,0.5,0,0.009641854285475633,0,0.5,0,0.0004229369280570589,0,0.5,0,0.008682619600010462,0,0.32
P000076,iron_deficiency_anemia,iron_deficiency,1,iron_deficiency_anemia,iron_deficiency,1,0.999825445102019,1,0.59,0,0.0003186076340294363,0,0.15,0,0.003792615432978522,0,0.1,0,0.0034123791118245987,0,0.5,0,0.00021692078660371508,0,0.5,0,8.374622309989645e-05,0,0.32
P000077,latent_deficiency,iron_deficiency,0,latent_deficiency,iron_deficiency,1,0.9999721576720628,1,0.8214285714285715,0,0.003492134919579108,0,0.5,0,0.18327060875662576,0,0.5,0,0.0007437379296727284,0,0.5,0,3.9617157146353165e-05,0,0.5,0,2.7551187699013607e-05,0,0.05
P000078,no_anemia_no_deficiency,none,0,no_anemia_no_deficiency,none,0,0.0005871267208822215,0,0.05,0,0.002970898522718254,0,0.15,0,0.0029363503533572535,0,0.5,0,0.009468841263327867,0,0.5,0,0.0035004306489737555,0,0.5,0,7.443913225567955e-05,0,0.05
P000079,mixed_deficiency,iron_B12,1,mixed_deficiency,iron_B12,1,0.9999919891698912,1,0.9500000000000001,1,0.9998126229542691,1,0.95,0,0.15243900648445882,0,0.95,0,0.0005321674595574382,0,0.5,0,0.03421132823370621,0,0.5,0,4.9548747813799925e-05,0,0.41000000000000003
P000080,iron_deficiency_anemia,iron_deficiency,1,iron_deficiency_anemia,iron_deficiency,1,0.9995695534840087,1,0.31999999999999995,0,0.0014982924075540214,0,0.5,0,0.017532607464081876,0,0.5,0,0.004166125815935664,0,0.5,0,0.0005615050701317694,0,0.5,0,4.523782787733873e-05,0,0.5900000000000001
P000081,iron_deficiency_anemia,iron_deficiency,1,iron_deficiency_anemia,iron_deficiency,1,0.9999696950968464,1,0.6785714285714285,0,2.0759474957832286e-05,0,0.15,0,0.031955117344842326,0,0.5,0,0.0018279124964250474,0,0.5,0,0.00013424487774237748,0,0.5,0,0.0009563298556382808,0,0.68
P000082,mixed_deficiency,iron_folate,1,mixed_deficiency,iron_folate,1,0.999962338168517,1,0.9500000000000001,0,0.00016824193505253423,0,0.15,1,0.9180968494461146,1,0.95,0,0.004502265692190597,0,0.5,0,0.005693169042509459,0,0.5,0,0.00014221657553521963,0,0.41000000000000003
P000083,mixed_deficiency,iron_B12,1,mixed_deficiency,iron_B12,1,0.999478091513047,1,0.9500000000000001,1,0.9054585717830212,1,0.15,0,0.11318560527768665,0,0.5,0,0.000347424487528485,0,0.5,0,0.0006557589058568384,0,0.5,0,8.334679108042674e-06,0,0.5642857142857144
P000084,anemia_other,undetermined,1,anemia_other,undetermined,0,5.413560873325023e-05,0,0.05,0,0.00010135800269359523,0,0.15,0,0.025070520342898854,0,0.5,0,0.04089855638263673,0,0.5,0,0.001643507511821734,0,0.5,0,4.8000215833935334e-05,0,0.4357142857142857
P000085,inflammation_anemia,inflammation,1,inflammation_anemia,inflammation,0,0.009562303806859677,0,0.5,0,0.0034302001002501693,0,0.5,0,0.0016111207687250647,0,0.1,0,0.015548068234462115,0,0.5,0,0.00019941957293311745,0,0.5,1,0.9458273287678338,1,0.5
P000086,folate_deficiency_no_anemia,folate_deficiency,0,no_anemia_no_deficiency,none,0,0.0004828273787070125,0,0.05,0,0.003962424957225271,0,0.5,1,0.12089751731037887,0,0.5,0,0.0006052749106779588,0,0.5,0,0.00012474741517292423,0,0.5,0,0.0003079936784052697,0,0.05
P000087,mixed_deficiency,iron_B12,1,mixed_deficiency,iron_B12,1,0.9999305761216348,1,0.64,1,0.9947156479618033,1,0.95,0,0.016638623798578854,0,0.5,0,0.0024587372437306987,0,0.5,0,0.008012778537808074,0,0.5,0,9.257474000862552e-05,0,0.32
P000088,anemia_other,undetermined,1,anemia_other,undetermined,0,0.0004551904913803957,0,0.05,0,0.0017716626186746415,0,0.15,0,0.0006119218533095601,0,0.1,0,0.009648959098217285,0,0.5,0,0.011457433039891416,0,0.5,0,0.00019715240338956418,0,0.9500000000000001
P000089,iron_deficiency_anemia,iron_deficiency,1,iron_deficiency_anemia,iron_deficiency,1,0.9999838208657568,1,0.8214285714285715,0,6.876964820859664e-05,0,0.15,0,0.01124363505162013,0,0.5,0,0.0042535864728237794,0,0.5,0,1.312120211067728e-05,0,0.5,0,0.03576065340695524,0,0.68
P000090,latent_deficiency,iron_deficiency,0,no_anemia_no_deficiency,none,1,0.007545442187802455,0,0.05,0,0.004397370426201681,0,0.5,0,0.0043347918858327415,0,0.5,0,0.001718483540002915,0,0.5,0,0.00012305140159543122,0,0.5,0,0.00017750204410196016,0,0.05
P000091,inflammation_anemia,inflammation,1,inflammation_anemia,inflammation,0,0.02309573266962946,0,0.49999999999999994,0,0.0003710728445342391,0,0.5,0,0.0020469129021555045,0,0.1,0,0.04281923942517571,0,0.5,0,0.0029936134956549277,0,0.5,1,0.9986070752733083,1,0.9500000000000001
P000092,folate_deficiency_no_anemia,folate_deficiency,0,no_anemia_no_deficiency,none,0,0.00010309977368850845,0,0.05,0,0.0027389992210585367,0,0.5,1,0.3371230734921383,0,0.5,0,0.002020777329510971,0,0.5,0,0.0014865094929811542,0,0.5,0,0.001946968045785463,0,0.05
P000093,no_anemia_no_deficiency,none,0,no_anemia_no_deficiency,none,0,0.0004815775691820659,0,0.05,0,7.567874363395699e-05,0,0.5,0,0.0023327807274308716,0,0.5,0,0.0010631360670419496,0,0.5,0,6.679156643858672e-11,0,0.5,0,5.9675020949445995e-06,0,0.05
P000094,mixed_deficiency,iron_folate,1,mixed_deficiency,iron_folate,1,0.9999961730609326,1,0.7749999999999999,0,0.13764759939120047,0,0.15,1,0.9281411192820364,1,0.95,0,0.0003677289884936308,0,0.5,0,0.006662702524215374,0,0.5,0,4.795911126251723e-05,0,0.68
P000095,B6_deficiency,B6_deficiency,0,B6_deficiency,B6_deficiency,0,0.006341809305030307,0,0.05,0,0.0005514704584636779,0,0.5,0,0.06965940134727167,0,0.5,1,0.6725364851627063,1,0.5,0,0.00063601961686623,0,0.5,0,0.001001189894661823,0,0.05
P000096,mixed_deficiency,iron_B12,1,mixed_deficiency,iron_B12,1,0.9999876703537903,1,0.9500000000000001,1,0.9889417501035613,1,0.15,0,0.08581842005377646,0,0.5,0,0.0029217120996107727,0,0.5,0,3.625706843623945e-05,0,0.5,0,0.00015558871965959677,0,0.41000000000000003
P000097,iron_deficiency_anemia,iron_deficiency,1,iron_deficiency_anemia,iron_deficiency,1,0.999972303406516,1,0.9500000000000001,0,0.0062101432094864,0,0.5,0,0.02834459195527238,0,0.5,0,0.0030304221578588923,0,0.5,0,0.002127850155944574,0,0.5,0,4.722602623113837e-05,0,0.41000000000000003
P000098,latent_deficiency,iron_deficiency,0,latent_deficiency,iron_deficiency,1,0.9999826305985707,1,0.6785714285714285,0,0.0010447047472988062,0,0.5,0,0.018427640260127467,0,0.5,0,0.0006924669848681863,0,0.5,0,0.0001608070635747083,0,0.5,0,1.3154504459393074e-05,0,0.05
P000099,iron_deficiency_anemia,iron_deficiency,1,iron_deficiency_anemia,iron_deficiency,1,0.9850840607796126,1,0.05,0,0.0019373254598485227,0,0.5,0,0.045505767705649264,0,0.5,0,0.01623909454072245,0,0.5,0,9.863583492730966e-15,0,0.5,0,0.00026081328386272915,0,0.9500000000000001
P000100,iron_deficiency_anemia,iron_deficiency,1,iron_deficiency_anemia,iron_deficiency,1,0.9999952648338116,1,0.7749999999999999,0,1.2402958161686492e-05,0,0.15,0,0.06246138442072593,0,0.5,0,0.00547522316444812,0,0.5,0,8.481014195753309e-05,0,0.5,0,7.715405499074732e-05,0,0.68
P000101,copper_deficiency,copper_deficiency,1,copper_deficiency,copper_deficiency,0,8.421610696556815e-05,0,0.05,0,0.0006944474582786688,0,0.15,0,0.23674123824110205,0,0.5,0,0.004734706416016711,0,0.5,1,0.9993166576461965,1,0.5,0,4.901212118516754e-05,0,0.5900000000000001
P000102,inflammation_anemia,inflammation,1,anemia_other,undetermined,0,0.0005383685840412318,0,0.6349999999999999,0,0.00023892912116415323,0,0.15,0,0.0023138116539958265,0,0.1,0,0.0031885904807964407,0,0.5,0,0.03046499106721296,0,0.5,1,0.041222515080536426,0,0.9500000000000001
P000103,iron_deficiency_anemia,iron_deficiency,1,iron_deficiency_anemia,iron_deficiency,1,0.9998592589153762,1,0.4999999999999999,0,0.00015384000305828638,0,0.15,0,0.01035919954896994,0,0.5,0,0.007580620750642388,0,0.5,0,4.527718105278679e-05,0,0.5,0,0.000992770632987889,0,0.5900000000000001
P000104,no_anemia_no_deficiency,none,0,no_anemia_no_deficiency,none,0,0.00011806094767579167,0,0.05,0,0.004669295151406126,0,0.5,0,0.25637483747887424,0,0.5,0,0.0005744493097006687,0,0.5,0,0.0002600770927818547,0,0.5,0,0.00015357012087080673,0,0.05
P000105,B12_deficiency_anemia,B12_deficiency,1,B12_deficiency_anemia,B12_deficiency,0,7.080172722514869e-05,0,0.05,1,0.9997921520007524,1,0.5,0,0.17164642891438733,0,0.5,0,0.00018678480044552953,0,0.5,0,0.0003154446934864713,0,0.5,0,0.0005016714955395252,0,0.9500000000000001
P000106,copper_deficiency,copper_deficiency,0,copper_deficiency,copper_deficiency,0,0.0007843205325140951,0,0.5,0,0.24163236880286157,0,0.15,0,0.0029198166826930327,0,0.1,0,0.0028329800055616446,0,0.5,1,0.9997628798604116,1,0.5,0,2.3634870336184355e-05,0,0.05
P000107,copper_deficiency,copper_deficiency,1,copper_deficiency,copper_deficiency,0,0.0007865769692566788,0,0.5,0,0.050545064142342666,0,0.15,0,0.1474466180881253,0,0.5,0,0.0006164713815118557,0,0.5,1,0.19851825061591166,1,0.5,0,0.0052871298707515045,0,0.5
P000108,folate_deficiency_anemia,folate_deficiency,1,folate_deficiency_anemia,folate_deficiency,0,0.00011165233590542661,0,0.05,0,0.00596442537341407,0,0.15,1,0.9779234301439284,1,0.95,0,0.011335426659572923,0,0.5,0,0.009356343570227545,0,0.5,0,7.386934284556789e-05,0,0.5900000000000001
P000109,no_anemia_no_deficiency,none,0,no_anemia_no_deficiency,none,0,0.005644780893040522,0,0.5,0,0.00031154933633795477,0,0.15,0,0.035558095951625485,0,0.5,0,0.0009786980789361047,0,0.5,0,0.00014216946091396242,0,0.5,0,0.0011267680278811553,0,0.05
P000110,no_anemia_no_deficiency,none,0,no_anemia_no_deficiency,none,0,0.037398212971086656,0,0.5,0,0.04522695906690631,0,0.15,0,0.0025292744873986117,0,0.5,0,0.01292699519083164,0,0.5,0,0.003725739987298917,0,0.5,0,1.193967270876393e-05,0,0.05
P000111,no_anemia_no_deficiency,none,0,no_anemia_no_deficiency,none,0,0.0005961751106484559,0,0.5,0,0.00013509958711487718,0,0.15,0,0.1263248855869696,0,0.5,0,0.0026047381590608913,0,0.5,0,3.08959205241333e-10,0,0.5,0,4.723810272497151e-05,0,0.05
P000112,iron_deficiency_anemia,iron_deficiency,1,iron_deficiency_anemia,iron_deficiency,1,0.9134315577978276,1,0.5409090909090909,0,0.0009538450912212599,0,0.15,0,0.01479347287092903,0,0.1,0,0.0006753733999280931,0,0.5,0,0.010139381103284276,0,0.5,0,0.0015037345407541718,0,0.9500000000000001
P000113,iron_deficiency_anemia,iron_deficiency,1,iron_deficiency_anemia,iron_deficiency,1,0.999939996512968,1,0.59,0,0.002486909104788669,0,0.5,0,0.1663549884315846,0,0.5,0,0.0007977467418107276,0,0.5,0,0.0012847232391834716,0,0.5,0,3.7062693923276024e-05,0,0.32
P000114,no_anemia_no_deficiency,none,0,no_anemia_no_deficiency,none,0,0.00016440886787266382,0,0.05,0,0.007700095182605825,0,0.5,0,0.00043557455950410395,0,0.1,0,0.004999819941700219,0,0.5,0,0.0010440061042887167,0,0.5,0,0.0002050204109664954,0,0.05
P000115,B12_deficiency_anemia,B12_deficiency,1,B12_deficiency_anemia,B12_deficiency,0,0.002221531642184407,0,0.1,1,0.999915349197779,1,0.95,0,0.004059749134492058,0,0.1,0,0.0001749435972470073,0,0.5,0,0.03805879902477685,0,0.5,0,0.055387517463665915,0,0.5900000000000001
P000116,mixed_deficiency,iron_B12,1,mixed_deficiency,iron_B12,1,0.9999743223278352,1,0.9500000000000001,1,0.9997474839550076,1,0.95,0,0.0032779792909533017,0,0.1,0,0.00047335305939323624,0,0.5,0,2.1754218281502115e-13,0,0.5,0,0.00027669771898559324,0,0.41000000000000003
P000117,latent_deficiency,iron_deficiency,0,latent_deficiency,iron_deficiency,1,0.9984685522165645,1,0.59,0,0.0011263336492952213,0,0.15,0,0.007895470371221602,0,0.1,0,0.0005625758412987683,0,0.5,0,0.004224344730226346,0,0.5,0,0.00027656908956095745,0,0.05
P000118,no_anemia_no_deficiency,none,0,no_anemia_no_deficiency,none,0,0.00023102783967659388,0,0.05,0,0.0011765195064896328,0,0.5,0,0.14634943289386498,0,0.5,0,0.011206562787790397,0,0.5,0,0.00014807662229031324,0,0.5,0,1.8250236198099104e-05,0,0.05
P000119,inflammation_anemia,inflammation,1,inflammation_anemia,inflammation,0,2.2346538619756536e-05,0,0.6349999999999999,0,5.599841706954329e-05,0,0.15,0,0.10971712967383673,0,0.5,0,0.014029678556167003,0,0.5,0,0.0009700687252880019,0,0.5,1,0.999689066359302,1,0.9500000000000001
P000120,B6_deficiency,B6_deficiency,1,anemia_other,undetermined,0,0.14977674730167112,0,0.05,0,2.5152531329133176e-05,0,0.15,0,0.001564214990528948,0,0.1,1,0.00381485930013575,0,0.5,0,0.0006693359824845761,0,0.5,0,0.014861968474224144,0,0.9500000000000001
P000121,no_anemia_no_deficiency,none,0,no_anemia_no_deficiency,none,0,0.00017567363590274783,0,0.05,0,0.0002398469004104359,0,0.5,0,0.025193264850140694,0,0.5,0,0.0026953867541696557,0,0.5,0,0.0006387099350451291,0,0.5,0,5.976601352717138e-05,0,0.05
P000122,mixed_deficiency,iron_B12,1,mixed_deficiency,iron_B12,1,0.9999744315329067,1,0.8214285714285715,1,0.9998694699554771,1,0.95,0,0.0042304080435439555,0,0.1,0,0.013586064121646455,0,0.5,0,0.0019938283546233355,0,0.5,0,6.064360327444748e-05,0,0.68
P000123,anemia_other,undetermined,1,anemia_other,undetermined,0,0.00015936538002040814,0,0.41000000000000003,0,1.1123081833704023e-05,0,0.15,0,0.008363990042134747,0,0.5,0,0.007544829111597078,0,0.5,0,0.00870336938138899,0,0.5,0,0.00015056792413204053,0,0.4357142857142857
P000124,latent_deficiency,iron_deficiency,0,latent_deficiency,iron_deficiency,1,0.9999486846833514,1,0.9500000000000001,0,0.0002528327847828025,0,0.15,0,0.005992823527168387,0,0.5,0,0.0016430880952819297,0,0.5,0,0.0073121078911781235,0,0.5,0,0.00010732532986029298,0,0.05
P000125,iron_deficiency_anemia,iron_deficiency,1,iron_deficiency_anemia,iron_deficiency,1,0.9999449965885476,1,0.9500000000000001,0,0.0015913167547194724,0,0.5,0,0.0012925187511985531,0,0.1,0,0.0025874387374789573,0,0.5,0,0.006912049564362033,0,0.5,0,5.062503511938549e-05,0,0.5642857142857144
P000126,iron_deficiency_anemia,iron_deficiency,1,iron_deficiency_anemia,iron_deficiency,1,0.9999877090493232,1,0.7749999999999999,0,0.010502189674008717,0,0.15,0,0.0023178944654546584,0,0.5,0,0.002694754701696577,0,0.5,0,0.002188992065240869,0,0.5,0,0.00013823968149553236,0,0.68
P000127,anemia_other,undetermined,1,anemia_other,undetermined,0,4.273323481174879e-05,0,0.05,0,2.427622596432812e-05,0,0.15,0,0.0029813321733426264,0,0.5,0,0.0029799109795673466,0,0.5,0,0.00041133998623719314,0,0.5,0,0.00024131709678047687,0,0.5900000000000001
P000128,inflammation_anemia,inflammation,1,inflammation_anemia,inflammation,0,0.0064024542249470065,0,0.6349999999999999,0,0.0004516460354465482,0,0.15,0,0.008569841878126096,0,0.5,0,0.06872520173136588,0,0.5,0,0.0016997032931517547,0,0.5,1,0.9801540828987516,1,0.9500000000000001
P000129,iron_deficiency_anemia,iron_deficiency,1,iron_deficiency_anemia,iron_deficiency,1,0.99996418355184,1,0.8214285714285715,0,0.0006440030952974082,0,0.5,0,0.0027444807788256005,0,0.1,0,0.011036203127696112,0,0.5,0,0.001291115507485784,0,0.5,0,0.002158616695127668,0,0.68
P000130,iron_deficiency_anemia,iron_deficiency,1,iron_deficiency_anemia,iron_deficiency,1,0.9998593698043619,1,0.5499999999999999,0,0.015621475110453439,0,0.15,0,0.00029064323044440487,0,0.5,0,0.0007597108651938393,0,0.5,0,0.02131623693273616,0,0.5,0,0.00044630089131360214,0,0.9500000000000001
P000131,inflammation_anemia,inflammation,1,inflammation_anemia,inflammation,0,0.001057596396605694,0,0.6349999999999999,0,0.0005936335000067642,0,0.5,0,0.0033198919628103316,0,0.5,0,0.009887761787697194,0,0.5,0,0.026176525265561322,0,0.5,1,0.9999934843007781,1,0.9500000000000001
P000132,copper_deficiency,copper_deficiency,1,copper_deficiency,copper_deficiency,0,0.00012956004910363977,0,0.05,0,5.957465416853097e-05,0,0.15,0,0.10009531120743935,0,0.5,0,0.017399580477213135,0,0.5,1,0.3157551199405665,1,0.5,0,0.0008713686466144193,0,0.9500000000000001
P000133,B12_deficiency_no_anemia,B12_deficiency,0,B12_deficiency_no_anemia,B12_deficiency,0,0.0001488648823820159,0,0.05,1,0.9946473031158938,1,0.15,0,0.008986520380311112,0,0.1,0,0.0013965897553108216,0,0.5,0,0.0068576399084146755,0,0.5,0,0.00015837664177706352,0,0.05
P000134,no_anemia_no_deficiency,none,0,no_anemia_no_deficiency,none,0,0.0850896136634943,0,0.41000000000000003,0,0.004845319959337268,0,0.15,0,0.0007617176614339729,0,0.1,0,0.012866184104675955,0,0.5,0,0.007343756678963951,0,0.5,0,5.094749633965988e-05,0,0.05
P000135,latent_deficiency,iron_deficiency,0,latent_deficiency,iron_deficiency,1,0.9998989205330443,1,0.6785714285714285,0,0.005724308120380745,0,0.15,0,0.000405030173183734,0,0.1,0,0.002579085204848844,0,0.5,0,0.00010730877631375266,0,0.5,0,2.5204497473381358e-05,0,0.05
P000136,no_anemia_no_deficiency,none,0,no_anemia_no_deficiency,none,0,2.4856954640719686e-05,0,0.05,0,0.002110688387839114,0,0.5,0,0.024882485778958713,0,0.5,0,0.0006087155743076507,0,0.5,0,8.955281098607816e-05,0,0.5,0,0.0007313865638681137,0,0.05
P000137,no_anemia_no_deficiency,none,0,no_anemia_no_deficiency,none,0,0.0019939728930287786,0,0.05,0,0.005712912622436034,0,0.15,0,0.10939053769389681,0,0.5,0,0.0026132782429136984,0,0.5,0,0.016962975040792937,0,0.5,0,0.0013697966826392064,0,0.05
P000138,no_anemia_no_deficiency,none,0,no_anemia_no_deficiency,none,0,9.553813180698307e-05,0,0.05,0,0.006387411912291216,0,0.5,0,0.0008342179485387629,0,0.1,0,0.0036922215797888405,0,0.5,0,0.0017315554981367609,0,0.5,0,0.0001540624431224769,0,0.05
P000139,inflammation_anemia,inflammation,1,inflammation_anemia,inflammation,0,0.00013248968704786845,0,0.49999999999999994,0,0.00017664867004619098,0,0.5,0,0.05098431540262466,0,0.95,0,0.0017289504529772964,0,0.5,0,0.04606303828549497,0,0.5,1,0.9999913449357984,1,0.9500000000000001
P000140,B6_deficiency,B6_deficiency,1,B6_deficiency,B6_deficiency,0,0.0005248458893608579,0,0.05,0,0.00018218644657260974,0,0.15,0,0.4935833501390781,1,0.95,1,0.9735304683373648,1,0.5,0,0.0002698787187088272,0,0.5,0,0.0005076354089214976,0,0.5900000000000001
P000141,folate_deficiency_anemia,folate_deficiency,1,folate_deficiency_anemia,folate_deficiency,0,0.0007927526263707941,0,0.05,0,0.19333188990212472,0,0.15,1,0.9166198699883017,1,0.95,0,0.0005124355525316539,0,0.5,0,0.0009714669699837186,0,0.5,0,0.00014445867966895112,0,0.5900000000000001
P000142,folate_deficiency_anemia,folate_deficiency,1,folate_deficiency_anemia,folate_deficiency,0,0.0006119704012522788,0,0.05,0,0.002770884316494065,0,0.5,1,0.5020588069790928,1,0.5,0,0.000328004888169234,0,0.5,0,0.004714090469503536,0,0.5,0,0.005585752642393271,0,0.5900000000000001
P000143,mixed_deficiency,iron_B12,1,mixed_deficiency,iron_B12,1,0.9999063401309758,1,0.6785714285714285,1,0.9986773653439035,1,0.15,0,0.003968559627501862,0,0.5,0,0.0005788504779068144,0,0.5,0,0.00010404556600713744,0,0.5,0,0.0004606412253752541,0,0.68
P000144,mixed_deficiency,iron_B12,1,mixed_deficiency,iron_B12,1,0.9999874670310631,1,0.5499999999999999,1,0.9949616276019448,1,0.15,0,0.006479901244791875,0,0.1,0,0.000298859096293036,0,0.5,0,0.006719197193706071,0,0.5,0,0.0004948003927103296,0,0.9500000000000001
P000145,mixed_deficiency,iron_folate,1,mixed_deficiency,iron_folate,1,0.9999710434942939,1,0.86,0,0.2296219943766432,0,0.15,1,0.8965081689004479,1,0.95,0,0.002861191095728181,0,0.5,0,2.1172194719386455e-07,0,0.5,0,4.918698976464395e-05,0,0.68
P000146,latent_deficiency,iron_deficiency,0,latent_deficiency,iron_deficiency,1,0.9945064182362526,1,0.36999999999999994,0,0.0009991478559433441,0,0.5,0,0.014735191556029417,0,0.5,0,0.000675527782456886,0,0.5,0,2.1603059527087674e-11,0,0.5,0,0.00020725029464706567,0,0.05
P000147,iron_deficiency_anemia,iron_deficiency,1,iron_deficiency_anemia,iron_deficiency,1,0.9999917977696484,1,0.9500000000000001,0,0.0008878216668266073,0,0.5,0,0.007542884263596078,0,0.5,0,0.0016327735979449057,0,0.5,0,0.0012933585776139585,0,0.5,0,0.00038564575712211007,0,0.41000000000000003
P000148,no_anemia_no_deficiency,none,0,no_anemia_no_deficiency,none,0,0.0035663585389839733,0,0.05,0,0.022200166816042075,0,0.15,0,0.022917752494086476,0,0.5,0,0.0015903396092824273,0,0.5,0,8.217490311046794e-07,0,0.5,0,0.0002940221437327837,0,0.05
P000149,inflammation_anemia,inflammation,1,inflammation_anemia,inflammation,0,0.0006073753652719089,0,0.05,0,9.97201889941251e-05,0,0.15,0,0.0038349516505153548,0,0.5,0,0.04924595015139767,0,0.5,0,0.0009370114162942799,0,0.5,1,0.9996661025750435,1,0.5900000000000001
P000150,B12_deficiency_anemia,B12_deficiency,1,B12_deficiency_anemia,B12_deficiency,0,5.5917144385775254e-05,0,0.05,1,0.9999513869393446,1,0.95,0,0.00499089727559377,0,0.1,0,0.013196211148480448,0,0.5,0,1.6360099872647545e-05,0,0.5,0,1.9280591328131922e-05,0,0.4357142857142857
P000151,B6_deficiency,B6_deficiency,0,B6_deficiency,B6_deficiency,0,0.1266959552998983,0,0.5,0,0.5939310066929805,1,0.15,0,0.006472382958397407,0,0.5,1,0.9378082114389383,1,0.5,0,0.00234759435158553,0,0.5,0,9.917600806837782e-05,0,0.05
P000152,iron_deficiency_anemia,iron_deficiency,1,iron_deficiency_anemia,iron_deficiency,1,0.999014414207642,1,0.9500000000000001,0,0.0017260693660578524,0,0.5,0,0.021409647178517302,0,0.5,0,0.02444914165904185,0,0.5,0,0.0016595014819081222,0,0.5,0,7.684389436240434e-05,0,0.05
P000153,inflammation_anemia,inflammation,1,inflammation_anemia,inflammation,0,0.002528238920934996,0,0.7500000000000001,0,3.76370689005114e-05,0,0.15,0,0.021059601195737694,0,0.5,0,0.010263907964876563,0,0.5,0,0.00628300756058537,0,0.5,1,0.9276959364847419,1,0.9500000000000001
P000154,folate_deficiency_anemia,folate_deficiency,1,folate_deficiency_anemia,folate_deficiency,0,0.0004148271655354586,0,0.05,0,0.0011252951735042829,0,0.15,1,0.9189521196733283,1,0.95,0,0.000490789067987335,0,0.5,0,0.005819227996545866,0,0.5,0,0.004171902229322634,0,0.5900000000000001
P000155,B12_deficiency_no_anemia,B12_deficiency,0,B12_deficiency_no_anemia,B12_deficiency,0,0.0007804209356635668,0,0.5,1,0.9857235197811531,1,0.15,0,0.06708838214002476,0,0.5,0,0.0005379218061873642,0,0.5,0,0.00015638074174152287,0,0.5,0,0.0006542450132713546,0,0.05
P000156,folate_deficiency_anemia,folate_deficiency,1,folate_deficiency_anemia,folate_deficiency,0,0.00016485065304329245,0,0.05,0,0.1201159602734283,0,0.15,1,0.9821331335067198,1,0.95,0,0.0038663192884071758,0,0.5,0,0.00888143545339852,0,0.5,0,0.0003529211820717094,0,0.5900000000000001
P000157,folate_deficiency_no_anemia,folate_deficiency,0,no_anemia_no_deficiency,none,0,0.00018852556631024142,0,0.05,0,0.0009764780004394935,0,0.5,1,0.021831880906825696,0,0.5,0,0.0009976281647485334,0,0.5,0,0.005140510508076626,0,0.5,0,0.0005895585102533335,0,0.05
P000158,inflammation_anemia,inflammation,1,inflammation_anemia,inflammation,0,0.00014818375319467685,0,0.49999999999999994,0,0.00011358996798657237,0,0.15,0,0.023701303368371795,0,0.5,0,0.009205114753881652,0,0.5,0,0.0004705821018348865,0,0.5,1,0.9999848185141678,1,0.9500000000000001
P000159,B6_deficiency,B6_deficiency,1,B6_deficiency,B6_deficiency,0,0.00016505612753516313,0,0.05,0,1.645138418547864e-05,0,0.15,0,0.03471231872928704,0,0.5,1,0.7836256203849841,1,0.5,0,0.0007376295056614613,0,0.5,0,0.00043228240977973,0,0.5900000000000001
P000160,no_anemia_no_deficiency,none,0,no_anemia_no_deficiency,none,0,0.0005312778395327172,0,0.05,0,0.00012792392040482807,0,0.15,0,0.17461552022896212,0,0.5,0,0.0027647732668678138,0,0.5,0,1.9791392985007052e-12,0,0.5,0,0.003942457047146982,0,0.05
P000161,anemia_other,undetermined,1,anemia_other,undetermined,0,0.0006599081468204464,0,0.05,0,0.0005989901648606801,0,0.5,0,0.0045871137220583405,0,0.5,0,0.0014651761431432046,0,0.5,0,2.169967960695731e-07,0,0.5,0,2.9629889576236083e-05,0,0.4357142857142857
P000162,anemia_other,undetermined,1,anemia_other,undetermined,0,0.382160999861568,0,0.1,0,0.004484663135440901,0,0.15,0,0.0016628034096146588,0,0.5,0,0.0075650497366492875,0,0.5,0,0.0006921390819821236,0,0.5,0,0.001345704401761474,0,0.5900000000000001
P000163,copper_deficiency,copper_deficiency,1,copper_deficiency,copper_deficiency,0,0.0943993600710072,0,0.05,0,0.0046600471029221435,0,0.5,0,0.0005905944229754856,0,0.1,0,0.011628413341595083,0,0.5,1,0.767133980593693,1,0.5,0,0.00017921564448597344,0,0.5
P000164,inflammation_anemia,inflammation,1,inflammation_anemia,inflammation,0,0.0008551487360697307,0,0.24285714285714283,0,0.0005708214743729675,0,0.5,0,0.014101744513360957,0,0.5,0,0.01219333409315541,0,0.5,0,0.00014606753543233825,0,0.5,1,0.9987639590529375,1,0.9500000000000001
P000165,no_anemia_no_deficiency,none,0,no_anemia_no_deficiency,none,0,8.999669861371021e-05,0,0.05,0,0.008773229730827054,0,0.5,0,0.02869465356566199,0,0.5,0,0.001593840360635871,0,0.5,0,0.0006978393005158094,0,0.5,0,0.00014069981370002375,0,0.05
P000166,B6_deficiency,B6_deficiency,0,B6_deficiency,B6_deficiency,0,0.009859102543986044,0,0.9500000000000001,0,5.889706959407728e-05,0,0.15,0,0.001487589829155491,0,0.5,1,0.831320710229172,1,0.5,0,0.0021449124512485478,0,0.5,0,0.002878125970998662,0,0.05
P000167,iron_deficiency_anemia,iron_deficiency,1,iron_deficiency_anemia,iron_deficiency,1,0.9999599786687368,1,0.8214285714285715,0,0.019418585590739695,0,0.15,0,0.03558217627837607,0,0.5,0,0.008723690163095908,0,0.5,0,7.192233907597486e-07,0,0.5,0,9.949766822775073e-05,0,0.68
P000168,folate_deficiency_no_anemia,folate_deficiency,0,no_anemia_no_deficiency,none,0,0.0004997262316150665,0,0.05,0,0.005540397915244218,0,0.5,1,0.05953564584872151,0,0.5,0,0.002592987671637554,0,0.5,0,0.0005795379442988805,0,0.5,0,7.069647312354471e-05,0,0.05
P000169,inflammation_anemia,inflammation,1,inflammation_anemia,inflammation,0,0.000787424004926556,0,0.49999999999999994,0,7.844853054385548e-05,0,0.15,0,0.0065062367759159715,0,0.5,0,0.01270835052676226,0,0.5,0,0.001238959300369139,0,0.5,1,0.999981456345552,1,0.9500000000000001
P000170,folate_deficiency_anemia,folate_deficiency,1,folate_deficiency_anemia,folate_deficiency,0,0.0002290311571092379,0,0.05,0,0.03156225622442482,0,0.5,1,0.98928479863537,1,0.95,0,0.000990031491306881,0,0.5,0,0.0016524628125577773,0,0.5,0,6.26477255975758e-05,0,0.5900000000000001
P000171,latent_deficiency,iron_deficiency,0,latent_deficiency,iron_deficiency,1,0.9999779576991041,1,0.59,0,0.0028803591122438742,0,0.5,0,0.05494314785214796,0,0.5,0,7.066963194168741e-05,0,0.5,0,0.0054145747185293065,0,0.5,0,9.682484640520649e-06,0,0.05
P000172,mixed_deficiency,iron_folate,1,mixed_deficiency,iron_folate,1,0.9999783052628848,1,0.86,0,0.16451417366188684,0,0.15,1,0.9411894946384197,1,0.95,0,0.00071116028220439,0,0.5,0,0.000701573643600904,0,0.5,0,4.1368013948236705e-05,0,0.68
P000173,B6_deficiency,B6_deficiency,1,B6_deficiency,B6_deficiency,0,0.0011056921016471585,0,0.05,0,0.00031462616319854044,0,0.5,0,0.3069663021256037,0,0.95,1,0.9760554387370195,1,0.5,0,2.1222526129372594e-05,0,0.5,0,0.002619548482435091,0,0.5900000000000001
P000174,anemia_other,undetermined,1,anemia_other,undetermined,0,0.00023399456455601596,0,0.5409090909090909,0,0.005483402714302156,0,0.15,0,0.0017020722074336508,0,0.1,0,0.002012523984972958,0,0.5,0,0.0010201508274846412,0,0.5,0,0.01111362760362138,0,0.9500000000000001
P000175,inflammation_anemia,inflammation,1,inflammation_anemia,inflammation,0,0.0013344231808955353,0,0.49999999999999994,0,0.00042257334575266763,0,0.15,0,0.048029800997937064,0,0.5,0,0.02345216890012778,0,0.5,0,0.00518189558764234,0,0.5,1,0.9418672134783199,1,0.9500000000000001
P000176,iron_deficiency_anemia,iron_deficiency,1,mixed_deficiency,iron_folate,1,0.9651438577906378,1,0.5,0,0.018865172403049288,0,0.15,0,0.4859968864227481,1,0.5,0,0.008408141478413862,0,0.5,0,0.012432999255701346,0,0.5,0,2.799193561089089e-05,0,0.5
P000177,no_anemia_no_deficiency,none,0,no_anemia_no_deficiency,none,0,5.3708369757111426e-05,0,0.05,0,0.0017240882911798466,0,0.5,0,0.05584603588649091,0,0.5,0,0.0002233218104351718,0,0.5,0,0.005972333506154052,0,0.5,0,5.377039159728064e-05,0,0.05
P000178,copper_deficiency,copper_deficiency,0,copper_deficiency,copper_deficiency,0,6.527990321468589e-05,0,0.05,0,0.0028367616225167644,0,0.15,0,0.16636379693615974,0,0.5,0,0.0019519226140944893,0,0.5,1,0.999182998535298,1,0.5,0,0.0007354000964131246,0,0.05
P000179,iron_deficiency_anemia,iron_deficiency,1,iron_deficiency_anemia,iron_deficiency,1,0.9985320814119334,1,0.7500000000000001,0,0.016820072296969378,0,0.15,0,0.007352081023810579,0,0.5,0,0.024643565495676298,0,0.5,0,0.004820301654337391,0,0.5,0,1.5038936414318068e-05,0,0.9500000000000001
P000180,iron_deficiency_anemia,iron_deficiency,1,iron_deficiency_anemia,iron_deficiency,1,0.6044668741317425,1,0.1,0,0.11507721841171352,0,0.15,0,0.002624102020894373,0,0.1,0,0.0010926509472533737,0,0.5,0,0.0001155837160627093,0,0.5,0,8.207811104411776e-05,0,0.9500000000000001
P000181,iron_deficiency_anemia,iron_deficiency,1,iron_deficiency_anemia,iron_deficiency,1,0.9999642045227887,1,0.9500000000000001,0,0.0001993092807408602,0,0.5,0,0.024043783541837144,0,0.5,0,0.0008815730795636165,0,0.5,0,0.005086263235783245,0,0.5,0,0.0001232783875095429,0,0.41000000000000003
P000182,anemia_other,undetermined,1,anemia_other,undetermined,0,0.00011377034520624441,0,0.05,0,0.0003257554727695041,0,0.5,0,0.0032658113504795356,0,0.5,0,0.026522677986471604,0,0.5,0,0.008942946956250936,0,0.5,0,0.000873831938826083,0,0.5900000000000001
P000183,folate_deficiency_no_anemia,folate_deficiency,0,folate_deficiency_no_anemia,folate_deficiency,0,3.661593897802757e-05,0,0.17857142857142855,0,0.008876317709529747,0,0.5,1,0.8513723078253546,1,0.95,0,0.009831706075674441,0,0.5,0,0.0027940152511906798,0,0.5,0,0.00015011851936679447,0,0.05
P000184,mixed_deficiency,B12_folate,1,mixed_deficiency,B12_folate,0,4.6089133031537174e-05,0,0.05,1,0.9997627232251105,1,0.15,1,0.9534622486880009,1,0.95,0,0.0005895449869669999,0,0.5,0,7.652242251155952e-11,0,0.5,0,6.072022634439791e-05,0,0.5900000000000001
P000185,inflammation_anemia,inflammation,1,inflammation_anemia,inflammation,0,0.0004171658245620401,0,0.49999999999999994,0,0.00014767885119119735,0,0.15,0,0.00021080054469389416,0,0.1,0,0.012788015659213408,0,0.5,0,0.0008457504466970125,0,0.5,1,0.9982268430288852,1,0.9500000000000001
P000186,latent_deficiency,iron_deficiency,0,latent_deficiency,iron_deficiency,1,0.9851616703875103,1,0.6349999999999999,0,0.004512791004365465,0,0.5,0,0.01476721761419998,0,0.5,0,0.004459041449563284,0,0.5,0,0.004390324985723313,0,0.5,0,0.00013497265330865787,0,0.05
P000187,latent_deficiency,iron_deficiency,0,latent_deficiency,iron_deficiency,1,0.9999622066839342,1,0.8214285714285715,0,0.003210565172816817,0,0.5,0,0.017574819198386885,0,0.5,0,0.06920288301142459,0,0.5,0,0.0009111553228287093,0,0.5,0,0.003401993578851845,0,0.05
P000188,iron_deficiency_anemia,iron_deficiency,1,iron_deficiency_anemia,iron_deficiency,1,0.9999656350596233,1,0.4857142857142857,0,0.00034439016473185183,0,0.15,0,0.16661876983794321,0,0.5,0,0.0020192247487149325,0,0.5,0,0.00019006392392382712,0,0.5,0,1.3855059631606423e-05,0,0.32
P000189,anemia_other,undetermined,1,anemia_other,undetermined,0,0.00010624697427238865,0,0.05,0,0.0008990203240412144,0,0.5,0,0.0006096715166644884,0,0.1,0,0.0014943153410928813,0,0.5,0,0.0024286662637192087,0,0.5,0,0.0018087657547964796,0,0.5900000000000001
P000190,anemia_other,undetermined,1,anemia_other,undetermined,0,0.0006155722923920228,0,0.05,0,0.0034674847561641945,0,0.5,0,0.22026061425417195,0,0.5,0,0.0020105951080706293,0,0.5,0,0.07173853821173953,0,0.5,0,0.0001536724597615623,0,0.9500000000000001
P000191,no_anemia_no_deficiency,none,0,no_anemia_no_deficiency,none,0,0.021315254738375252,0,0.5,0,0.00814925425816834,0,0.5,0,0.006759256706868944,0,0.5,0,0.0037190030354890442,0,0.5,0,0.0002648362559453779,0,0.5,0,0.00018907402986846614,0,0.05
P000192,iron_deficiency_anemia,iron_deficiency,1,iron_deficiency_anemia,iron_deficiency,1,0.9997918672955797,1,0.1,0,0.08631961581720864,0,0.5,0,0.000885096801710411,0,0.1,0,0.0065899511816919784,0,0.5,0,4.291037393273214e-12,0,0.5,0,0.0015285129040311257,0,0.9500000000000001
P000193,no_anemia_no_deficiency,none,0,no_anemia_no_deficiency,none,0,0.006599443882874042,0,0.05,0,0.009134332462910635,0,0.5,0,0.000734602935488373,0,0.1,0,0.006210421756143801,0,0.5,0,0.000616395051474902,0,0.5,0,7.10927128291443e-05,0,0.05
P000194,B12_deficiency_no_anemia,B12_deficiency,0,B12_deficiency_no_anemia,B12_deficiency,0,0.00317828515029555,0,0.05,1,0.27292544607308833,1,0.15,0,0.0034903678044969372,0,0.1,0,0.0010491974621037621,0,0.5,0,7.657679054954141e-10,0,0.5,0,8.476584053413796e-05,0,0.05
P000195,latent_deficiency,iron_deficiency,0,latent_deficiency,iron_deficiency,1,0.9999798600113455,1,0.6785714285714285,0,0.0012078276852400198,0,0.5,0,0.0038164038811588632,0,0.5,0,0.0008380924795166302,0,0.5,0,0.0001792249301717614,0,0.5,0,0.00014869230613640097,0,0.05
P000196,mixed_deficiency,iron_B12,1,mixed_deficiency,iron_B12,1,0.9999336818067477,1,0.8214285714285715,1,0.9980111873171047,1,0.5,0,0.0025455628101972746,0,0.1,0,0.011447212188611652,0,0.5,0,0.0010076485983705628,0,0.5,0,4.227922570500448e-05,0,0.68
P000197,anemia_other,undetermined,1,anemia_other,undetermined,0,6.168612875977353e-05,0,0.05,0,0.0036350844125716043,0,0.5,0,0.0021263423290124855,0,0.1,0,0.0051594586135626785,0,0.5,0,0.003845455610601414,0,0.5,0,0.00033807725225625164,0,0.4357142857142857
P000198,B12_deficiency_no_anemia,B12_deficiency,0,B12_deficiency_no_anemia,B12_deficiency,0,0.0027848254412299552,0,0.05,1,0.9984249257459228,1,0.95,0,0.007371463624445518,0,0.1,0,0.0008138726000487044,0,0.5,0,0.0014381290781375516,0,0.5,0,3.448229754796425e-05,0,0.05
P000199,iron_deficiency_anemia,iron_deficiency,1,iron_deficiency_anemia,iron_deficiency,1,0.9999850892780665,1,0.5499999999999999,0,0.002600108824369323,0,0.5,0,0.0027327780216289325,0,0.1,0,0.002135815978540001,0,0.5,0,7.964423585012688e-06,0,0.5,0,0.0017729256227262233,0,0.9500000000000001
P000200,no_anemia_no_deficiency,none,0,no_anemia_no_deficiency,none,0,0.00017537610072037362,0,0.05,0,0.0007906415584437317,0,0.5,0,0.032276515109734956,0,0.5,0,0.005509955095554688,0,0.5,0,4.698576877012765e-08,0,0.5,0,5.550946408667088e-05,0,0.05
P000201,latent_deficiency,iron_deficiency,0,latent_deficiency,iron_deficiency,1,0.9999424324066426,1,0.5499999999999999,0,0.0015010167420109997,0,0.5,0,0.0026909076642626113,0,0.5,0,0.0023984670473100253,0,0.5,0,3.4424342159788755e-09,0,0.5,0,0.0004091171558872198,0,0.05
P000202,iron_deficiency_anemia,iron_deficiency,1,iron_deficiency_anemia,iron_deficiency,1,0.9999753151527709,1,0.8214285714285715,0,0.0003265784136356028,0,0.15,0,0.021957602427545273,0,0.5,0,0.009345157498114352,0,0.5,0,2.039587086366566e-07,0,0.5,0,0.00015778844964316397,0,0.68
P000203,B6_deficiency,B6_deficiency,1,B6_deficiency,B6_deficiency,0,0.00014171402174040205,0,0.05,0,0.0026592325726370416,0,0.15,0,0.0030885297815650766,0,0.5,1,0.6467833910073882,1,0.5,0,0.0007134444744207239,0,0.5,0,0.08747379029321045,0,0.9500000000000001
P000204,mixed_deficiency,iron_B12,1,mixed_deficiency,iron_B12,1,0.9999277560044812,1,0.8214285714285715,1,0.9946526184634641,1,0.95,0,0.9834770554927941,1,0.95,0,0.003948574269244221,0,0.5,0,1.2672930018231373e-08,0,0.5,0,0.00016893757039254485,0,0.68
P000205,latent_deficiency,iron_deficiency,0,latent_deficiency,iron_deficiency,1,0.9999607014305796,1,0.7571428571428572,0,0.007824183824272149,0,0.5,0,0.0003015342955133152,0,0.1,0,0.002981896088073765,0,0.5,0,7.084689633327035e-05,0,0.5,0,4.0804029702169676e-05,0,0.05
P000206,B6_deficiency,B6_deficiency,0,B6_deficiency,B6_deficiency,0,0.04765435614765555,0,0.05,0,0.003106895661728828,0,0.5,0,0.03275951580573875,0,0.5,1,0.8101882511317088,1,0.5,0,0.001154303878450515,0,0.5,0,1.754214084918475e-05,0,0.05
P000207,folate_deficiency_anemia,folate_deficiency,1,folate_deficiency_anemia,folate_deficiency,0,0.0009193088313787771,0,0.05,0,0.002984885547018538,0,0.15,1,0.9855803907042342,1,0.95,0,0.01174735479403487,0,0.5,0,1.9540920709773863e-05,0,0.5,0,1.5184530333231574e-05,0,0.4357142857142857
P000208,copper_deficiency,copper_deficiency,0,copper_deficiency,copper_deficiency,0,0.00033003999341514964,0,0.05,0,0.0009630785956190396,0,0.15,0,0.009600001831391279,0,0.5,0,0.038904184270509026,0,0.5,1,0.822731064337224,1,0.5,0,0.0014623814146054693,0,0.05
P000209,mixed_deficiency,iron_folate,1,iron_deficiency_anemia,iron_deficiency,1,0.9996755527538507,1,0.9500000000000001,0,0.014889909773536353,0,0.5,1,0.06800176198725871,0,0.5,0,0.010972212232754972,0,0.5,0,0.0011101947473804517,0,0.5,0,0.00027237998388258435,0,0.5642857142857144
P000210,folate_deficiency_anemia,folate_deficiency,1,folate_deficiency_anemia,folate_deficiency,0,9.221347635746742e-05,0,0.05,0,0.03292611729267042,0,0.15,1,0.9936321469971874,1,0.95,0,0.0031639769786885696,0,0.5,0,0.0059094337394079675,0,0.5,0,0.0002968402499734341,0,0.5900000000000001
P000211,iron_deficiency_anemia,iron_deficiency,1,iron_deficiency_anemia,iron_deficiency,1,0.9999846029810298,1,0.9500000000000001,0,0.0009570746553789808,0,0.15,0,0.025437100989581005,0,0.5,0,0.0010784273725768245,0,0.5,0,0.0019819780794426813,0,0.5,0,1.2952836129960573e-05,0,0.41000000000000003
P000212,copper_deficiency,copper_deficiency,1,copper_deficiency,copper_deficiency,0,0.0038100998663764592,0,0.5,0,0.006186325152713881,0,0.5,0,0.08755725897622266,0,0.5,0,0.002070556375750704,0,0.5,1,0.9992954389354721,1,0.5,0,6.396634042302162e-05,0,0.5
P000213,copper_deficiency,copper_deficiency,0,copper_deficiency,copper_deficiency,0,0.00020978850718913103,0,0.05,0,0.019192968081692203,0,0.5,0,0.29466231314245245,0,0.5,0,0.0009504014171198248,0,0.5,1,0.9999954349076032,1,0.5,0,0.0006617067660363363,0,0.05
P000214,B12_deficiency_anemia,B12_deficiency,1,B12_deficiency_anemia,B12_deficiency,0,0.010396021285308222,0,0.5,1,0.999976004098164,1,0.95,0,0.049299434026184155,0,0.5,0,0.0007028379003887664,0,0.5,0,0.04527724648973993,0,0.5,0,0.00010482524821246366,0,0.5
P000215,iron_deficiency_anemia,iron_deficiency,1,iron_deficiency_anemia,iron_deficiency,1,0.9999587857051409,1,0.5499999999999999,0,0.0011433961873529887,0,0.15,0,0.03445924860222816,0,0.5,0,0.012800849665644785,0,0.5,0,0.001204208196410038,0,0.5,0,0.00011357646614076553,0,0.9500000000000001
P000216,iron_deficiency_anemia,iron_deficiency,1,iron_deficiency_anemia,iron_deficiency,1,0.9461423351483382,1,0.05,0,0.0012243049245756388,0,0.5,0,0.015632859443049804,0,0.5,0,0.030396754900111858,0,0.5,0,0.0009254938016596332,0,0.5,0,0.00010942534985187433,0,0.9500000000000001
P000217,anemia_other,undetermined,1,anemia_other,undetermined,0,0.00016725013477092695,0,0.5409090909090909,0,0.019504988454006073,0,0.15,0,0.0009291597798135805,0,0.1,0,0.0010567750288727085,0,0.5,0,0.0005768900657579754,0,0.5,0,0.0026063179850051065,0,0.9500000000000001
P000218,folate_deficiency_anemia,folate_deficiency,1,folate_deficiency_anemia,folate_deficiency,0,3.947133219590179e-05,0,0.31999999999999995,0,4.174045456735104e-05,0,0.15,1,0.9862392216980168,1,0.95,0,0.013864525762056566,0,0.5,0,0.0007155755372734914,0,0.5,0,0.0005256226713268952,0,0.5900000000000001
P000219,B12_deficiency_anemia,B12_deficiency,1,B12_deficiency_anemia,B12_deficiency,0,0.00014473542771670597,0,0.05,1,0.9998922433606356,1,0.15,0,0.1418095407022828,0,0.5,0,0.009273904677379034,0,0.5,0,5.269412503535926e-05,0,0.5,0,0.00012151488591125812,0,0.5
P000220,folate_deficiency_anemia,folate_deficiency,1,folate_deficiency_anemia,folate_deficiency,0,0.0005095901653677716,0,0.05,0,0.0026298718389829658,0,0.15,1,0.9943350325196589,1,0.95,0,0.09693989914589804,0,0.5,0,0.1522717661855772,0,0.5,0,9.124058676781843e-05,0,0.4357142857142857
P000221,mixed_deficiency,B12_folate,1,mixed_deficiency,B12_folate,0,5.818443949700155e-05,0,0.05,1,0.7254092267877315,1,0.15,1,0.562749737941189,1,0.95,0,0.0006755964265806473,0,0.5,0,0.062150589060853294,0,0.5,0,0.09095618857437926,0,0.9500000000000001
P000222,B12_deficiency_no_anemia,B12_deficiency,0,no_anemia_no_deficiency,none,0,0.02172931531180033,0,0.5,1,0.3491546045710683,0,0.15,0,0.15235896983313713,0,0.5,0,0.002204885688065763,0,0.5,0,0.00615697596404793,0,0.5,0,2.800334333524312e-05,0,0.05
P000223,iron_deficiency_anemia,iron_deficiency,1,iron_deficiency_anemia,iron_deficiency,1,0.9997884490648128,1,0.7571428571428572,0,6.523653521369992e-05,0,0.15,0,0.00018591630684244354,0,0.1,0,0.7649877792428277,1,0.5,0,0.0014409082882118171,0,0.5,0,0.0010783623755439135,0,0.05
P000224,inflammation_anemia,inflammation,1,inflammation_anemia,inflammation,0,0.004222863818090609,0,0.49999999999999994,0,0.00213706796851038,0,0.15,0,0.0019645510374187154,0,0.5,0,0.005548226479879666,0,0.5,0,0.002305233576180011,0,0.5,1,0.9999894342955555,1,0.9500000000000001
P000225,anemia_other,undetermined,1,anemia_other,undetermined,0,0.00016331262063298867,0,0.05,0,3.096385323905216e-05,0,0.15,0,0.289901293817319,0,0.95,0,0.024302375328279446,0,0.5,0,0.003524645842775592,0,0.5,0,4.592320463090293e-05,0,0.4357142857142857
P000226,B12_deficiency_anemia,B12_deficiency,1,B12_deficiency_anemia,B12_deficiency,0,0.00033988696284673216,0,0.31999999999999995,1,0.9995662679425239,1,0.15,0,0.1648461591315293,0,0.5,0,0.016524089994555832,0,0.5,0,0.003751210796038687,0,0.5,0,0.0012028424838510582,0,0.5900000000000001
P000227,folate_deficiency_anemia,folate_deficiency,1,folate_deficiency_anemia,folate_deficiency,0,3.722120458334409e-05,0,0.05,0,0.01979798552539115,0,0.5,1,0.9871731791223384,1,0.95,0,0.0015668313206658364,0,0.5,0,0.0003242220769372434,0,0.5,0,0.02007674667159695,0,0.4357142857142857
P000228,iron_deficiency_anemia,iron_deficiency,1,iron_deficiency_anemia,iron_deficiency,1,0.999975933820746,1,0.9500000000000001,0,0.0045721784761766715,0,0.15,0,0.005742363540914884,0,0.1,0,0.0006819700624620534,0,0.5,0,0.002299504772213359,0,0.5,0,1.3270334611469331e-05,0,0.41000000000000003
P000229,inflammation_anemia,inflammation,1,inflammation_anemia,inflammation,0,0.0009469353144126623,0,0.24285714285714283,0,0.0013939434843373503,0,0.15,0,0.005719941044894022,0,0.5,0,0.003965755726783434,0,0.5,0,0.0010912427363145196,0,0.5,1,0.8961396920166609,1,0.9500000000000001
P000230,inflammation_anemia,inflammation,1,inflammation_anemia,inflammation,0,0.0005260035549046181,0,0.49999999999999994,0,0.0007636141433122713,0,0.15,0,0.0008397829416469246,0,0.1,0,0.004811100319325751,0,0.5,0,0.001139725225884368,0,0.5,1,0.9999852650414367,1,0.9500000000000001
P000231,anemia_other,undetermined,1,anemia_other,undetermined,0,5.616403413501328e-05,0,0.05,0,0.17228839982006397,0,0.15,0,0.0015005805364422477,0,0.1,0,0.019576916914862453,0,0.5,0,0.003738263842498012,0,0.5,0,0.0001695595748330886,0,0.4357142857142857
P000232,B12_deficiency_no_anemia,B12_deficiency,0,B12_deficiency_no_anemia,B12_deficiency,0,0.0004012431035757647,0,0.05,1,0.9556233101427754,1,0.95,0,0.0015794721292726377,0,0.5,0,0.0006352243759151301,0,0.5,0,0.001248177983173291,0,0.5,0,0.00028436120480492525,0,0.05
P000233,latent_deficiency,iron_deficiency,0,latent_deficiency,iron_deficiency,1,0.8927450384839504,1,0.4999999999999999,0,0.0037013389569046833,0,0.5,0,0.012917705245436896,0,0.5,0,0.019890975698893004,0,0.5,0,0.0006387315139563265,0,0.5,0,0.00011474301251385583,0,0.05
P000234,iron_deficiency_anemia,iron_deficiency,1,iron_deficiency_anemia,iron_deficiency,1,0.9994640563098676,1,0.9500000000000001,0,0.00010466264502113189,0,0.5,0,0.3828020922219602,0,0.95,0,0.0030269902193223465,0,0.5,0,0.003068004752220679,0,0.5,0,0.0004489045363466559,0,0.5642857142857144
P000235,folate_deficiency_no_anemia,folate_deficiency,0,folate_deficiency_no_anemia,folate_deficiency,0,0.00019726930525591367,0,0.05,0,0.00047160793756073616,0,0.5,1,0.6659607925961646,1,0.95,0,0.010028874654345678,0,0.5,0,0.007795274291546599,0,0.5,0,0.00036188592341663666,0,0.05
P000236,B6_deficiency,B6_deficiency,1,B6_deficiency,B6_deficiency,0,0.01564461405413852,0,0.5,0,2.1877392933403264e-05,0,0.15,0,0.008985574275154761,0,0.5,1,0.9928344696722111,1,0.5,0,0.00030907842027424803,0,0.5,0,0.004519592264763511,0,0.5
P000237,B12_deficiency_no_anemia,B12_deficiency,0,B12_deficiency_no_anemia,B12_deficiency,0,9.071783391144361e-05,0,0.05,1,0.9998618442306758,1,0.95,0,0.019633335773999276,0,0.5,0,0.00047278485577643715,0,0.5,0,0.011970695546546074,0,0.5,0,9.673550028690349e-05,0,0.05
P000238,iron_deficiency_anemia,iron_deficiency,1,iron_deficiency_anemia,iron_deficiency,1,0.9997094217269578,1,0.05,0,0.0037505016185503653,0,0.15,0,0.024849699883003867,0,0.5,0,0.008101076795920354,0,0.5,0,0.013279836972622788,0,0.5,0,0.0020668292729635763,0,0.5900000000000001
P000239,mixed_deficiency,iron_B12,1,mixed_deficiency,iron_B12,1,0.9969871962213936,1,0.5499999999999999,1,0.8223493259516024,1,0.5,0,0.059561273150876407,0,0.5,0,0.008639103639105729,0,0.5,0,0.019201622547860196,0,0.5,0,0.00024381887918105056,0,0.9500000000000001
P000240,no_anemia_no_deficiency,none,0,no_anemia_no_deficiency,none,0,0.0014469901317154233,0,0.5,0,0.0026260021420279524,0,0.5,0,0.3185734392199474,0,0.95,0,0.0010002322611070082,0,0.5,0,0.00564708519872138,0,0.5,0,0.0005549897885333368,0,0.05
P000241,mixed_deficiency,iron_folate,1,iron_deficiency_anemia,iron_deficiency,1,0.9999529298175354,1,0.5499999999999999,0,0.0029374962054408422,0,0.15,1,0.08421739479637055,0,0.5,0,0.00350258965979905,0,0.5,0,3.1003710124377334e-06,0,0.5,0,6.20696293379268e-05,0,0.9500000000000001
P000242,mixed_deficiency,iron_folate,1,mixed_deficiency,iron_folate,1,0.9996102848565919,1,0.9500000000000001,0,0.0031639699783843384,0,0.15,1,0.9733222643296309,1,0.95,0,0.004168959259128793,0,0.5,0,2.149652546080778e-08,0,0.5,0,6.687486131620499e-05,0,0.41000000000000003
P000243,no_anemia_no_deficiency,none,0,no_anemia_no_deficiency,none,0,0.053767568275982815,0,0.5,0,0.0023806868103941198,0,0.5,0,0.0015250546233849106,0,0.1,0,0.0011273240110925222,0,0.5,0,0.006080886470853771,0,0.5,0,0.00024755003794365183,0,0.05
P000244,mixed_deficiency,iron_folate,1,mixed_deficiency,iron_folate,1,0.9999785493149278,1,0.6785714285714285,0,0.00029807131354579644,0,0.15,1,0.44597919766783967,1,0.95,0,0.0056772398631653835,0,0.5,0,0.00028519741317783494,0,0.5,0,0.0001956807657775201,0,0.68
P000245,B12_deficiency_anemia,B12_deficiency,1,B12_deficiency_anemia,B12_deficiency,0,0.0029919398572289995,0,0.05,1,0.9999033681995649,1,0.15,0,0.1986296068759214,0,0.5,0,0.008595505206747286,0,0.5,0,0.007174463052678619,0,0.5,0,5.548024392783908e-05,0,0.9500000000000001
P000246,inflammation_anemia,inflammation,1,inflammation_anemia,inflammation,0,0.0007384846063966511,0,0.49999999999999994,0,7.517690253035511e-05,0,0.15,0,0.008727705518592928,0,0.5,0,0.026988316160374167,0,0.5,0,0.0006935683140076008,0,0.5,1,0.9775711706130941,1,0.9500000000000001
P000247,iron_deficiency_anemia,iron_deficiency,1,iron_deficiency_anemia,iron_deficiency,1,0.9999697980861489,1,0.7749999999999999,0,0.0001381645356277016,0,0.15,0,0.046634896861422095,0,0.5,0,0.0005969848215728958,0,0.5,0,0.006252219757460084,0,0.5,0,3.0138519529926646e-05,0,0.68
P000248,B12_deficiency_anemia,B12_deficiency,1,B12_deficiency_anemia,B12_deficiency,0,0.00019625662665027438,0,0.31999999999999995,1,0.9966144497844664,1,0.15,0,0.33906235049185873,0,0.5,0,0.00878697226340111,0,0.5,0,0.0011908568624027366,0,0.5,0,0.0003704546009813151,0,0.5900000000000001
P000249,anemia_other,undetermined,1,anemia_other,undetermined,0,0.0003606847918936731,0,0.05,0,0.009452066910775523,0,0.15,0,0.001126041121015846,0,0.1,0,0.07812522037986441,0,0.5,0,0.008025063196251124,0,0.5,0,8.373625005615522e-05,0,0.4357142857142857
P000250,folate_deficiency_no_anemia,folate_deficiency,0,no_anemia_no_deficiency,none,0,0.00019202171378928797,0,0.05,0,0.006741450712150109,0,0.15,1,0.06511232115113495,0,0.5,0,0.00410955807578688,0,0.5,0,0.001429718920535161,0,0.5,0,0.000234282232243044,0,0.05
P000251,no_anemia_no_deficiency,none,0,no_anemia_no_deficiency,none,0,0.04398398727300648,0,0.05,0,0.00019960053417537274,0,0.15,0,0.24019099356506887,0,0.95,0,0.007389267942220981,0,0.5,0,0.0015133971556234031,0,0.5,0,0.0003971563274479046,0,0.05
P000252,no_anemia_no_deficiency,none,0,no_anemia_no_deficiency,none,0,0.00011832519783246805,0,0.05,0,0.00023254029626457146,0,0.5,0,0.003562972110090544,0,0.1,0,0.010806819977099277,0,0.5,0,0.009789245413167804,0,0.5,0,9.057056409363021e-05,0,0.05
P000253,folate_deficiency_anemia,folate_deficiency,1,folate_deficiency_anemia,folate_deficiency,0,0.00012157834181813657,0,0.05,0,0.20564635743383286,0,0.15,1,0.9957497808170059,1,0.95,0,0.002265614805713945,0,0.5,0,0.0007540574199998039,0,0.5,0,0.0023463489290371587,0,0.5900000000000001
P000254,latent_deficiency,iron_deficiency,0,latent_deficiency,iron_deficiency,1,0.9999203081935888,1,0.9500000000000001,0,6.98138537074735e-05,0,0.5,0,0.023529123338667742,0,0.5,0,0.008448146292165792,0,0.5,0,5.100103522822685e-05,0,0.5,0,7.708271569937762e-05,0,0.05
P000255,iron_deficiency_anemia,iron_deficiency,1,iron_deficiency_anemia,iron_deficiency,1,0.9967526245372073,1,0.9500000000000001,0,0.0004317570479735583,0,0.15,0,0.057696583277429665,0,0.5,0,0.004940523339648431,0,0.5,0,0.014027502211356783,0,0.5,0,0.0011320008624310192,0,0.05
P000256,B12_deficiency_anemia,B12_deficiency,1,B12_deficiency_anemia,B12_deficiency,0,0.00027900303545741,0,0.5,1,0.9999256017478628,1,0.15,0,0.1992584259821727,0,0.5,0,0.0013146984350086966,0,0.5,0,0.006067450744327059,0,0.5,0,7.117515768815432e-05,0,0.5
P000257,mixed_deficiency,iron_B12,1,mixed_deficiency,iron_B12,1,0.9999910587427524,1,0.6785714285714285,1,0.9893311879021581,1,0.15,0,0.035160700421599536,0,0.5,0,0.00047532799570476544,0,0.5,0,0.0024324969314507322,0,0.5,0,0.00018483134454070946,0,0.68
P000258,folate_deficiency_anemia,folate_deficiency,1,anemia_other,undetermined,0,0.0006628160586313204,0,0.05,0,0.0048929152025092865,0,0.5,1,0.0685334083086652,0,0.5,0,0.0007887426890015474,0,0.5,0,0.27983910373004195,0,0.5,0,0.0002615788729699354,0,0.9500000000000001
P000259,no_anemia_no_deficiency,none,0,no_anemia_no_deficiency,none,0,0.00013759799223837276,0,0.05,0,0.006714829054062104,0,0.5,0,0.039810890015364656,0,0.5,0,0.001307024745961553,0,0.5,0,0.0013303692276576554,0,0.5,0,0.0001252192566415471,0,0.05
P000260,B12_deficiency_anemia,B12_deficiency,1,B12_deficiency_anemia,B12_deficiency,0,0.00014678927440631807,0,0.05,1,0.9999415775315141,1,0.15,0,0.11973736078750137,0,0.5,0,0.30353180245959516,0,0.5,0,0.0005907748978986266,0,0.5,0,0.00016080765246572935,0,0.5900000000000001
P000261,folate_deficiency_anemia,folate_deficiency,1,folate_deficiency_anemia,folate_deficiency,0,2.999249316781814e-05,0,0.05,0,0.023727898128619314,0,0.5,1,0.46341541159091226,1,0.5,0,0.002388928402178681,0,0.5,0,0.009251238356827025,0,0.5,0,0.0015462906249955224,0,0.5900000000000001
P000262,mixed_deficiency,iron_B12,1,mixed_deficiency,iron_B12,1,0.9986498358979752,1,0.9500000000000001,1,0.9998648949147773,1,0.95,0,0.00735069336357746,0,0.5,0,0.012611976711699262,0,0.5,0,0.0043513041811861705,0,0.5,0,1.978503135780372e-05,0,0.5642857142857144
P000263,mixed_deficiency,iron_B12,1,mixed_deficiency,iron_B12,1,0.999349235681671,1,0.7571428571428572,1,0.9999724021736891,1,0.95,0,0.041692601482735306,0,0.5,0,0.0001836120467963934,0,0.5,0,8.924361924289292e-05,0,0.5,0,1.8726013965618446e-05,0,0.05
P000264,mixed_deficiency,B12_folate,1,mixed_deficiency,B12_folate,0,0.0002846329976564089,0,0.05,1,0.9988213589340251,1,0.15,1,0.8973220632610235,1,0.95,0,0.02297906516937697,0,0.5,0,0.007872692538947606,0,0.5,0,0.0002949745433095351,0,0.5900000000000001
P000265,no_anemia_no_deficiency,none,0,no_anemia_no_deficiency,none,0,0.00233570121735359,0,0.05,0,0.0019965468689304637,0,0.5,0,0.005781056764259371,0,0.5,0,0.0073668213336827455,0,0.5,0,0.0049253291452968275,0,0.5,0,7.644462534792782e-05,0,0.05
P000266,mixed_deficiency,B12_folate,1,mixed_deficiency,B12_folate,0,0.035766367942979924,0,0.5,1,0.9758950685840088,1,0.95,1,0.9776255546788517,1,0.95,0,0.0003311433211705486,0,0.5,0,0.0037412119665973663,0,0.5,0,9.761779780802988e-05,0,0.5
P000267,copper_deficiency,copper_deficiency,1,copper_deficiency,copper_deficiency,0,0.020762147356732846,0,0.5,0,0.00030361704425996234,0,0.15,0,0.01915035395742648,0,0.5,0,0.005767113852713332,0,0.5,1,0.9997904635513507,1,0.5,0,6.115443476463525e-05,0,0.5
P000268,iron_deficiency_anemia,iron_deficiency,1,iron_deficiency_anemia,iron_deficiency,1,0.9999925820549398,1,0.9500000000000001,0,0.0053411498987247594,0,0.5,0,0.00525512263543431,0,0.5,0,0.009260727990547168,0,0.5,0,0.00041042860971729814,0,0.5,0,0.00018493926447558766,0,0.41000000000000003
P000269,latent_deficiency,iron_deficiency,0,latent_deficiency,iron_deficiency,1,0.999840997417953,1,0.6849999999999999,0,0.0033908071343612175,0,0.5,0,0.00562521729592698,0,0.5,0,0.004925500157170685,0,0.5,0,9.77430582099763e-05,0,0.5,0,0.0009614093785550322,0,0.05
P000270,no_anemia_no_deficiency,none,0,no_anemia_no_deficiency,none,0,0.0003201364324319127,0,0.05,0,0.0019741907266038992,0,0.5,0,0.005714432696292838,0,0.5,0,0.004001289475728736,0,0.5,0,0.005276486455875338,0,0.5,0,0.00017116514714517596,0,0.05
P000271,inflammation_anemia,inflammation,1,inflammation_anemia,inflammation,0,0.0007331966081270931,0,0.49999999999999994,0,0.00022012876008020913,0,0.5,0,0.0011459870583933422,0,0.5,0,0.0077921089246903216,0,0.5,0,0.012181192183339105,0,0.5,1,0.9715418319649101,1,0.9500000000000001
P000272,folate_deficiency_no_anemia,folate_deficiency,0,no_anemia_no_deficiency,none,0,5.360528935734041e-05,0,0.05,0,0.011562263793838767,0,0.5,1,0.10607836398848543,0,0.5,0,0.002616527793127854,0,0.5,0,0.005131368737706038,0,0.5,0,0.0005312717816490215,0,0.05
P000273,B12_deficiency_anemia,B12_deficiency,1,mixed_deficiency,B12_folate,0,0.0023512911535172017,0,0.5,1,0.9998139630755563,1,0.15,0,0.7370832500701088,1,0.5,0,0.00020407303728439037,0,0.5,0,0.001097830918267008,0,0.5,0,9.170550324885516e-05,0,0.5
P000274,latent_deficiency,iron_deficiency,0,latent_deficiency,iron_deficiency,1,0.9999800329624412,1,0.9500000000000001,0,0.0002288947837492705,0,0.5,0,0.00031142251297493835,0,0.5,0,0.0002466587042702599,0,0.5,0,1.3710379490559971e-09,0,0.5,0,1.86607649776992e-05,0,0.05
P000275,mixed_deficiency,iron_folate,1,mixed_deficiency,iron_folate,1,0.9998610370777173,1,0.6849999999999999,0,9.962087660812228e-05,0,0.15,1,0.9705301790578345,1,0.95,0,0.0018150408214498283,0,0.5,0,0.0127887763345088,0,0.5,0,0.013717556463357436,0,0.9500000000000001
P000276,latent_deficiency,iron_deficiency,0,latent_deficiency,iron_deficiency,1,0.9998208058709288,1,0.4357142857142857,0,0.003868768979526907,0,0.5,0,0.0025592761390552813,0,0.1,0,0.0012061680114407404,0,0.5,0,0.004956705748446678,0,0.5,0,1.80872987623953e-05,0,0.05
P000277,latent_deficiency,iron_deficiency,0,latent_deficiency,iron_deficiency,1,0.8193500631359145,1,0.9500000000000001,0,0.0007621076559770432,0,0.15,0,0.011505679652332405,0,0.5,0,0.024978514721599693,0,0.5,0,1.2316834245366545e-14,0,0.5,0,0.0005881792562326352,0,0.05
P000278,folate_deficiency_no_anemia,folate_deficiency,0,no_anemia_no_deficiency,none,0,0.17224007186611667,0,0.5,0,0.03553933732733581,0,0.5,1,0.23610695001117943,0,0.5,0,0.009522417721871432,0,0.5,0,0.001369194829083199,0,0.5,0,3.0217998028481993e-05,0,0.05
P000279,iron_deficiency_anemia,iron_deficiency,1,iron_deficiency_anemia,iron_deficiency,1,0.9999335554632636,1,0.86,0,3.302257985214797e-05,0,0.15,0,0.0026042824512643764,0,0.5,0,0.0031906612424017233,0,0.5,0,0.003026609814857354,0,0.5,0,0.0007918752344399744,0,0.68
P000280,B12_deficiency_anemia,B12_deficiency,1,B12_deficiency_anemia,B12_deficiency,0,0.0005395959371108169,0,0.05,1,0.9989926536977193,1,0.15,0,0.20339908624637762,0,0.5,0,0.009938138533624822,0,0.5,0,0.0009662311604939076,0,0.5,0,0.00014268768962542782,0,0.9500000000000001
P000281,no_anemia_no_deficiency,none,0,no_anemia_no_deficiency,none,0,0.0073884471609466625,0,0.5,0,0.004862365696518524,0,0.5,0,0.028858712875917195,0,0.5,0,0.0014158337683209878,0,0.5,0,0.006415486939935622,0,0.5,0,0.00044274271897359977,0,0.05
P000282,no_anemia_no_deficiency,none,0,no_anemia_no_deficiency,none,0,3.658720096543976e-05,0,0.05,0,0.0024825234091593656,0,0.5,0,0.21077613802052528,0,0.5,0,0.0008221402885611464,0,0.5,0,0.006570013157580569,0,0.5,0,0.0007467362311026071,0,0.05
P000283,B6_deficiency,B6_deficiency,1,B6_deficiency,B6_deficiency,0,0.29145605195520774,0,0.05,0,0.06138515150280179,0,0.15,0,0.001472528145949661,0,0.1,1,0.935751605709665,1,0.5,0,0.006466460971529635,0,0.5,0,7.43426626585931e-05,0,0.9500000000000001
P000284,no_anemia_no_deficiency,none,0,no_anemia_no_deficiency,none,0,0.0004740922264201189,0,0.05,0,0.00036562097428736355,0,0.5,0,0.010997522812007759,0,0.5,0,0.0032564233059605217,0,0.5,0,0.0002520249128139995,0,0.5,0,7.076763359806091e-05,0,0.05
P000285,folate_deficiency_anemia,folate_deficiency,1,folate_deficiency_anemia,folate_deficiency,0,5.853846388395212e-05,0,0.05,0,0.0005732183346830424,0,0.15,1,0.9875011322634795,1,0.95,0,0.01229768756482161,0,0.5,0,0.0016225010864262014,0,0.5,0,0.0004204075673893756,0,0.5900000000000001
P000286,no_anemia_no_deficiency,none,0,no_anemia_no_deficiency,none,0,0.0027439618910849108,0,0.05,0,0.005982534466340897,0,0.5,0,0.062493810563460525,0,0.5,0,0.0005310412512779789,0,0.5,0,0.015903946410577966,0,0.5,0,3.6764481559847893e-06,0,0.05
P000287,mixed_deficiency,iron_B12,1,mixed_deficiency,iron_B12,1,0.9999666736295806,1,0.6785714285714285,1,0.999943891608706,1,0.95,0,0.0030654661279640367,0,0.5,0,0.0031453002316933786,0,0.5,0,0.005396918882420868,0,0.5,0,8.86940707442951e-05,0,0.68
P000288,anemia_other,undetermined,1,anemia_other,undetermined,0,0.011089652043011732,0,0.1,0,0.00036465841249340946,0,0.15,0,0.0011149582612795096,0,0.1,0,0.06839086613623785,0,0.5,0,0.0038338857092711084,0,0.5,0,0.00012266910327853508,0,0.5900000000000001
P000289,inflammation_anemia,inflammation,1,inflammation_anemia,inflammation,0,5.3118665454967194e-05,0,0.24285714285714283,0,0.00011357525225971313,0,0.15,0,0.0026403828171249213,0,0.5,0,0.025378807699707455,0,0.5,0,0.00010773175949243874,0,0.5,1,0.9999822518882888,1,0.9500000000000001
P000290,inflammation_anemia,inflammation,1,inflammation_anemia,inflammation,0,0.00023944298376142985,0,0.5409090909090909,0,0.0003274743398212298,0,0.5,0,0.0011596957845632458,0,0.1,0,0.003855790675607223,0,0.5,0,0.0009888188759639763,0,0.5,1,0.9998760779272693,1,0.9500000000000001
P000291,anemia_other,undetermined,1,anemia_other,undetermined,0,0.0012298785672036638,0,0.05,0,0.0016380230347632053,0,0.5,0,0.0010457265341412593,0,0.1,0,0.0028783945946541318,0,0.5,0,0.005423180530568337,0,0.5,0,3.9016480300485053e-05,0,0.5900000000000001
P000292,latent_deficiency,iron_deficiency,0,latent_deficiency,iron_deficiency,1,0.9999821860602284,1,0.6785714285714285,0,0.00983722688203463,0,0.15,0,0.005225840357445058,0,0.5,0,0.0002052861366788269,0,0.5,0,0.006417504641499258,0,0.5,0,1.915612202349713e-05,0,0.05
P000293,B12_deficiency_anemia,B12_deficiency,1,B12_deficiency_anemia,B12_deficiency,0,0.00017152293807299953,0,0.05,1,0.9923925731440102,1,0.15,0,0.008108462247789489,0,0.1,0,0.0001766451490275116,0,0.5,0,0.001200481451383562,0,0.5,0,0.00019591184834131273,0,0.5900000000000001
P000294,iron_deficiency_anemia,iron_deficiency,1,iron_deficiency_anemia,iron_deficiency,1,0.9997871003254597,1,0.3071428571428571,0,0.00011170715557818606,0,0.15,0,0.021087802670799356,0,0.5,0,0.006375077412893195,0,0.5,0,7.382533495542672e-06,0,0.5,0,0.0009783076515197811,0,0.5900000000000001
P000295,B12_deficiency_anemia,B12_deficiency,1,B12_deficiency_anemia,B12_deficiency,0,0.0019176179294068424,0,0.5,1,0.9215488332186151,1,0.5,0,0.4854509367566682,0,0.5,0,0.00013952857795209228,0,0.5,0,0.00113669244836721,0,0.5,0,1.44877394476225e-05,0,0.5
P000296,B12_deficiency_anemia,B12_deficiency,1,B12_deficiency_anemia,B12_deficiency,0,0.008104007198673296,0,0.13999999999999999,1,0.9955387536360779,1,0.5,0,0.4270543711852129,0,0.5,0,0.0016681938600220396,0,0.5,0,0.001037469853107653,0,0.5,0,0.0018399542106333226,0,0.32
P000297,B12_deficiency_no_anemia,B12_deficiency,0,B12_deficiency_no_anemia,B12_deficiency,0,0.0002749820796094194,0,0.05,1,0.990580072151379,1,0.15,0,0.041779858749847056,0,0.5,0,0.0003530766856085516,0,0.5,0,0.027250461398311197,0,0.5,0,8.648822837374544e-05,0,0.05
P000298,no_anemia_no_deficiency,none,0,no_anemia_no_deficiency,none,0,0.0013874231172931034,0,0.5,0,0.0005505509090894724,0,0.15,0,0.11830627874012334,0,0.5,0,0.007862377917289103,0,0.5,0,0.08852914332049651,0,0.5,0,0.004666347969779718,0,0.05
P000299,B6_deficiency,B6_deficiency,1,anemia_other,undetermined,0,0.00011922954959135004,0,0.05,0,5.031730597293094e-05,0,0.15,0,0.02758604966370011,0,0.5,1,0.6472006083532612,0,0.5,0,0.11767977649032933,0,0.5,0,0.002353721157853688,0,0.9500000000000001
P000300,latent_deficiency,iron_deficiency,0,latent_deficiency,iron_deficiency,1,0.9987583664970638,1,0.4357142857142857,0,3.375987150288569e-05,0,0.15,0,0.036002639645226105,0,0.5,0,0.002932043394665049,0,0.5,0,6.588785646059667e-05,0,0.5,0,0.00016401530727816723,0,0.05
P000301,B6_deficiency,B6_deficiency,1,B6_deficiency,B6_deficiency,0,0.02180307032183087,0,0.17857142857142855,0,0.0024042007600525547,0,0.5,0,0.0861299136207165,0,0.95,1,0.9034976801647268,1,0.5,0,0.0016357187321277423,0,0.5,0,3.076885316783671e-05,0,0.32
P000302,latent_deficiency,iron_deficiency,0,latent_deficiency,iron_deficiency,1,0.8157302955054807,1,0.1,0,0.0030249328771548706,0,0.5,0,0.004797525298487649,0,0.5,0,0.0117760692799267,0,0.5,0,8.108254482729892e-08,0,0.5,0,9.860613589614926e-05,0,0.05
P000303,no_anemia_no_deficiency,none,0,no_anemia_no_deficiency,none,0,0.0001950359225222727,0,0.05,0,0.03737330448307814,0,0.5,0,0.0014192961311797036,0,0.1,0,0.0015235853876768041,0,0.5,0,0.007847018174067197,0,0.5,0,0.0001831719878037816,0,0.05
P000304,mixed_deficiency,B12_folate,1,B12_deficiency_anemia,B12_deficiency,0,0.003949219826969813,0,0.05,1,0.9978458418130841,1,0.15,1,0.15369141596112573,0,0.5,0,0.0021903048020569947,0,0.5,0,5.7043126023370026e-05,0,0.5,0,0.0005103497020809138,0,0.5900000000000001
P000305,B6_deficiency,B6_deficiency,1,B6_deficiency,B6_deficiency,0,0.000327746341754319,0,0.05,0,0.00039835696514721784,0,0.15,0,0.050423253647502914,0,0.5,1,0.9885704045110122,1,0.5,0,0.0015151968839918718,0,0.5,0,0.005768753081831696,0,0.9500000000000001
P000306,no_anemia_no_deficiency,none,0,no_anemia_no_deficiency,none,0,0.012603680444828924,0,0.5,0,0.0013824498595839695,0,0.15,0,0.0008374621400683861,0,0.1,0,0.003562298188887517,0,0.5,0,7.193685885500068e-05,0,0.5,0,0.0012486369578304918,0,0.05
P000307,mixed_deficiency,iron_B12,1,mixed_deficiency,iron_B12,1,0.9997749521145776,1,0.7571428571428572,1,0.9985603034649038,1,0.95,0,0.1485011800239514,0,0.5,0,0.0004224638856526798,0,0.5,0,0.0009016341830994013,0,0.5,0,2.49692164158885e-05,0,0.05
P000308,anemia_other,undetermined,1,anemia_other,undetermined,0,4.390705189696268e-05,0,0.05,0,0.00022036837647850416,0,0.15,0,0.039174439245433096,0,0.5,0,0.00509677405016894,0,0.5,0,0.0110765094302526,0,0.5,0,0.0030934403145580617,0,0.9500000000000001
P000309,inflammation_anemia,inflammation,1,inflammation_anemia,inflammation,0,0.02945823759862898,0,0.5,0,0.00034886238576468985,0,0.15,0,0.08745417732483325,0,0.5,0,0.011215243007993534,0,0.5,0,0.005455638532089802,0,0.5,1,0.2312617109857079,1,0.5
P000310,iron_deficiency_anemia,iron_deficiency,1,iron_deficiency_anemia,iron_deficiency,1,0.9947593022451818,1,0.9500000000000001,0,0.004035222365466655,0,0.5,0,0.007974294058041172,0,0.5,0,0.02501309414583142,0,0.5,0,0.005495001704711556,0,0.5,0,0.008541213206923174,0,0.05
P000311,B12_deficiency_anemia,B12_deficiency,1,B12_deficiency_anemia,B12_deficiency,0,0.001034368221231319,0,0.05,1,0.9999571956546829,1,0.95,0,0.10305269803409231,0,0.5,0,0.0007314360157894687,0,0.5,0,0.006156280953698066,0,0.5,0,4.753216343692642e-05,0,0.9500000000000001
P000312,mixed_deficiency,iron_folate,1,mixed_deficiency,iron_folate,1,0.9999299668225599,1,0.5499999999999999,0,0.0010280768885284988,0,0.15,1,0.9473004722842321,1,0.95,0,0.01491151929153163,0,0.5,0,0.013876067123147807,0,0.5,0,0.00292593043261907,0,0.9500000000000001
P000313,no_anemia_no_deficiency,none,0,no_anemia_no_deficiency,none,0,0.0003280113135183148,0,0.05,0,0.00168974797926036,0,0.5,0,0.005947465939900184,0,0.5,0,0.00812708456845614,0,0.5,0,0.00012600604794515082,0,0.5,0,3.43032153911087e-05,0,0.05
P000314,B12_deficiency_no_anemia,B12_deficiency,0,B12_deficiency_no_anemia,B12_deficiency,0,0.00020263321552772883,0,0.05,1,0.9992054068419619,1,0.15,0,0.024979183790824283,0,0.5,0,0.0014753503890188413,0,0.5,0,0.0062385842533247025,0,0.5,0,0.0020129386612311273,0,0.05
P000315,inflammation_anemia,inflammation,1,inflammation_anemia,inflammation,0,0.059372607290530545,0,0.7500000000000001,0,3.6814382717220136e-05,0,0.15,0,0.0003718982668651611,0,0.1,0,0.010106459495824116,0,0.5,0,0.00015186679876873468,0,0.5,1,0.9997641555625547,1,0.9500000000000001
P000316,iron_deficiency_anemia,iron_deficiency,1,iron_deficiency_anemia,iron_deficiency,1,0.9999868600778322,1,0.8214285714285715,0,0.0013984805930542929,0,0.5,0,0.001909125346481421,0,0.1,0,0.008630308252121046,0,0.5,0,0.005587409660772133,0,0.5,0,0.013880006329314071,0,0.68
P000317,anemia_other,undetermined,1,anemia_other,undetermined,0,0.0003960765588900013,0,0.05,0,0.014221568308496172,0,0.5,0,0.002083003508784806,0,0.1,0,0.007252716290085913,0,0.5,0,1.8177428234076006e-05,0,0.5,0,0.0005244505604344854,0,0.5900000000000001
P000318,copper_deficiency,copper_deficiency,0,copper_deficiency,copper_deficiency,0,0.0010175373511749253,0,0.05,0,0.00292171459203399,0,0.5,0,0.01780644136062511,0,0.5,0,0.021738262408277642,0,0.5,1,0.9994799365739826,1,0.5,0,0.0012780365633355982,0,0.05
P000319,no_anemia_no_deficiency,none,0,no_anemia_no_deficiency,none,0,0.0011552566138607488,0,0.05,0,0.000510077282495982,0,0.15,0,0.07329627296998345,0,0.5,0,0.0026850040556385697,0,0.5,0,0.00534763588569527,0,0.5,0,0.00026122550053716436,0,0.05
P000320,anemia_other,undetermined,1,anemia_other,undetermined,0,8.674700664255833e-05,0,0.05,0,0.03141840266743232,0,0.15,0,0.41400081301315045,0,0.95,0,0.004437180181653469,0,0.5,0,0.0003894671436281386,0,0.5,0,4.957161303035949e-05,0,0.4357142857142857
P000321,folate_deficiency_anemia,folate_deficiency,1,folate_deficiency_anemia,folate_deficiency,0,0.00011001255698762077,0,0.05,0,0.003827953443183309,0,0.15,1,0.9889185812725818,1,0.95,0,0.0036082705722687925,0,0.5,0,0.002131695739382277,0,0.5,0,0.00022118140995977813,0,0.9500000000000001
P000322,anemia_other,undetermined,1,anemia_other,undetermined,0,0.00015601550991899404,0,0.05,0,0.00025051329428985524,0,0.15,0,0.004498294051318874,0,0.5,0,0.010238002254151404,0,0.5,0,0.008962701024388755,0,0.5,0,0.02702674306228048,0,0.9500000000000001
P000323,iron_deficiency_anemia,iron_deficiency,1,iron_deficiency_anemia,iron_deficiency,1,0.9999486544313632,1,0.5499999999999999,0,0.00033913716709564135,0,0.15,0,0.0013226018599565453,0,0.1,0,0.0065192689312233406,0,0.5,0,0.0006898217926545446,0,0.5,0,0.001051425091012089,0,0.9500000000000001
P000324,copper_deficiency,copper_deficiency,1,copper_deficiency,copper_deficiency,0,0.000381376645354729,0,0.5,0,0.0040564702481255994,0,0.15,0,0.014807190113666626,0,0.5,0,0.02724835260392982,0,0.5,1,0.9952294783358864,1,0.5,0,0.00016666425252163784,0,0.5
P000325,iron_deficiency_anemia,iron_deficiency,1,iron_deficiency_anemia,iron_deficiency,1,0.9999610230105049,1,0.9500000000000001,0,0.0009389505871432393,0,0.15,0,0.002592929476594162,0,0.1,0,0.002592812612553538,0,0.5,0,0.018988684327432146,0,0.5,0,5.14419080072826e-05,0,0.41000000000000003
P000326,no_anemia_no_deficiency,none,0,no_anemia_no_deficiency,none,0,0.0004130808320824612,0,0.05,0,0.002750173279675884,0,0.5,0,0.02407324493236654,0,0.5,0,0.015157037345631463,0,0.5,0,0.005666617133680528,0,0.5,0,4.0346885629582904e-05,0,0.05
P000327,B12_deficiency_anemia,B12_deficiency,1,B12_deficiency_anemia,B12_deficiency,0,7.619590589419803e-05,0,0.05,1,0.999862085150072,1,0.95,0,0.341807059537831,0,0.5,0,0.013232528612145442,0,0.5,0,0.009916192715483116,0,0.5,0,0.00022154911057217514,0,0.9500000000000001
P000328,no_anemia_no_deficiency,none,0,no_anemia_no_deficiency,none,0,0.000331980517550753,0,0.05,0,0.05074040986967241,0,0.15,0,0.018759183826052853,0,0.5,0,0.009407029082004227,0,0.5,0,0.006263742520315446,0,0.5,0,0.0113199109373173,0,0.05
P000329,mixed_deficiency,iron_B12,1,mixed_deficiency,iron_B12,1,0.9999850318199384,1,0.9500000000000001,1,0.38454744507006466,1,0.5,0,0.0011261259518119712,0,0.1,0,0.00033317950436491774,0,0.5,0,0.008760369789034604,0,0.5,0,0.00013152521726676904,0,0.41000000000000003
P000330,B12_deficiency_no_anemia,B12_deficiency,0,mixed_deficiency,B12_folate,0,0.00011196016031267556,0,0.05,1,0.8626512123776866,1,0.15,0,0.6785460298096538,1,0.5,0,0.0018034624219399357,0,0.5,0,0.0002736829992136676,0,0.5,0,0.0001602414363929952,0,0.05
P000331,inflammation_anemia,inflammation,1,inflammation_anemia,inflammation,0,0.10381632552443479,0,0.7500000000000001,0,7.786293973777706e-05,0,0.15,0,0.00017056146704154537,0,0.1,0,0.03432119031880133,0,0.5,0,2.6529824622079977e-10,0,0.5,1,0.9998623568757716,1,0.9500000000000001
P000332,B6_deficiency,B6_deficiency,1,B6_deficiency,B6_deficiency,0,0.0016498264573176875,0,0.05,0,0.00021221114462300733,0,0.15,0,0.03987571835859041,0,0.5,1,0.9910986153545522,1,0.5,0,0.00030660222100604956,0,0.5,0,0.028162890060527156,0,0.5900000000000001
P000333,iron_deficiency_anemia,iron_deficiency,1,iron_deficiency_anemia,iron_deficiency,1,0.9999934388358236,1,0.5499999999999999,0,0.003071160187217043,0,0.5,0,0.003027618116274524,0,0.5,0,0.000665975270989669,0,0.5,0,0.0014696517818791387,0,0.5,0,9.371526602211976e-06,0,0.9500000000000001
P000334,latent_deficiency,iron_deficiency,0,latent_deficiency,iron_deficiency,1,0.9997201968240119,1,0.6785714285714285,0,8.193372834502293e-05,0,0.5,0,0.004238522969754282,0,0.5,0,0.004261228168406945,0,0.5,0,4.304012156530578e-05,0,0.5,0,0.00014837223438089807,0,0.05
P000335,B12_deficiency_anemia,B12_deficiency,1,B12_deficiency_anemia,B12_deficiency,0,0.00012408288959229362,0,0.05,1,0.9993713362637222,1,0.15,0,0.42515272635831775,0,0.5,0,0.0019944478747963863,0,0.5,0,0.0005225285534010994,0,0.5,0,0.0001652899321482659,0,0.5900000000000001
P000336,copper_deficiency,copper_deficiency,1,copper_deficiency,copper_deficiency,0,0.0036169268153582795,0,0.05,0,0.00533228452362372,0,0.5,0,0.0061956510574133865,0,0.5,0,0.020423202746351406,0,0.5,1,0.7023023928752872,1,0.5,0,0.00021550154305524164,0,0.5
P000337,folate_deficiency_no_anemia,folate_deficiency,0,folate_deficiency_no_anemia,folate_deficiency,0,0.0001082968097925946,0,0.05,0,0.06748970574381971,0,0.5,1,0.8526300186607751,1,0.5,0,0.0001886706343757608,0,0.5,0,0.0017944905611247852,0,0.5,0,2.9635775029774773e-05,0,0.05
P000338,mixed_deficiency,iron_B12,1,mixed_deficiency,iron_B12,1,0.9999089292491258,1,0.5499999999999999,1,0.9989780546496141,1,0.5,0,0.1016679153521735,0,0.5,0,0.0025493633340798916,0,0.5,0,0.0008190073582932171,0,0.5,0,0.000520960888728085,0,0.9500000000000001
P000339,latent_deficiency,iron_deficiency,0,mixed_deficiency,iron_folate,1,0.9607916409488728,1,0.1,0,0.005468579415785022,0,0.5,0,0.4546227085374132,1,0.5,0,0.0008332919340687691,0,0.5,0,0.00036428008358641755,0,0.5,0,0.00021270184080852308,0,0.05
P000340,mixed_deficiency,B12_folate,1,mixed_deficiency,B12_folate,0,0.00035123707301969566,0,0.05,1,0.9999102551384722,1,0.15,1,0.8611459397782864,1,0.95,0,0.0010797425596781628,0,0.5,0,6.844622739762574e-05,0,0.5,0,0.0055160587362845384,0,0.5900000000000001
P000341,iron_deficiency_anemia,iron_deficiency,1,iron_deficiency_anemia,iron_deficiency,1,0.9999918441211981,1,0.9500000000000001,0,4.055207600869843e-05,0,0.15,0,0.001391198642463039,0,0.1,0,0.001946795177465445,0,0.5,0,0.010380530696593584,0,0.5,0,2.7816099819345927e-05,0,0.41000000000000003
P000342,mixed_deficiency,B12_folate,1,B12_deficiency_anemia,B12_deficiency,0,0.0008445151038607987,0,0.05,1,0.999959404261662,1,0.95,1,0.2125322793651754,0,0.5,0,0.0025486459872735936,0,0.5,0,0.0009505811370510161,0,0.5,0,3.9396981710684126e-05,0,0.5900000000000001
P000343,mixed_deficiency,iron_folate,1,mixed_deficiency,iron_folate,1,0.9999638301809907,1,0.7571428571428572,0,0.0019131051914634055,0,0.15,1,0.998457189733885,1,0.95,0,0.013097188883069499,0,0.5,0,0.002779814488071708,0,0.5,0,7.147968908549769e-05,0,0.05
P000344,no_anemia_no_deficiency,none,0,no_anemia_no_deficiency,none,0,0.0014024852175999057,0,0.05,0,0.00029779412315722475,0,0.5,0,0.0318121143856311,0,0.5,0,0.011776343991068866,0,0.5,0,0.005092728149541688,0,0.5,0,0.00018629464980217137,0,0.05
P000345,B12_deficiency_anemia,B12_deficiency,1,B12_deficiency_anemia,B12_deficiency,0,0.00016850842003241574,0,0.05,1,0.9997103285988038,1,0.95,0,0.0072217435305382575,0,0.5,0,0.0012817721630625654,0,0.5,0,2.1718474020945325e-07,0,0.5,0,0.000642090602967871,0,0.9500000000000001
P000346,folate_deficiency_no_anemia,folate_deficiency,0,folate_deficiency_no_anemia,folate_deficiency,0,0.005904610779458554,0,0.5,0,0.0019786336510417717,0,0.5,1,0.9057349531424104,1,0.95,0,0.0004199576848893708,0,0.5,0,0.0007643011962204843,0,0.5,0,0.00010313593203016753,0,0.05
P000347,mixed_deficiency,iron_folate,1,folate_deficiency_anemia,folate_deficiency,1,0.00361630264183592,0,0.49999999999999994,0,0.001149158944539223,0,0.5,1,0.9524239984563243,1,0.95,0,0.0019390565287223827,0,0.5,0,0.0001180746559860296,0,0.5,0,0.016534967875849592,0,0.9500000000000001
P000348,no_anemia_no_deficiency,none,0,no_anemia_no_deficiency,none,0,3.478100905164182e-05,0,0.05,0,0.007165674593901139,0,0.5,0,0.005641391890437819,0,0.5,0,0.005548809260602397,0,0.5,0,0.0029418355524129863,0,0.5,0,4.7575401383127444e-05,0,0.05
P000349,iron_deficiency_anemia,iron_deficiency,1,iron_deficiency_anemia,iron_deficiency,1,0.9999478880557657,1,0.8214285714285715,0,0.0019734396192686676,0,0.5,0,0.01765904041257489,0,0.5,0,0.0055470286324058,0,0.5,0,0.00012159723157203151,0,0.5,0,0.0003847229705805582,0,0.68
P000350,mixed_deficiency,iron_B12,1,mixed_deficiency,iron_B12,1,0.998240692982688,1,0.41000000000000003,1,0.9999128063432621,1,0.15,0,0.0013016607593907396,0,0.1,0,0.0009700738801799008,0,0.5,0,1.806526685423435e-09,0,0.5,0,4.8691869135413506e-05,0,0.4357142857142857
P000351,inflammation_anemia,inflammation,1,inflammation_anemia,inflammation,0,0.001497777348224948,0,0.49999999999999994,0,6.407338916962335e-05,0,0.15,0,0.010336537825501105,0,0.5,0,0.0331275195703831,0,0.5,0,0.0036427898683222136,0,0.5,1,0.9999547808283427,1,0.9500000000000001
P000352,B12_deficiency_anemia,B12_deficiency,1,B12_deficiency_anemia,B12_deficiency,0,0.016022600875136704,0,0.5,1,0.9999669696836178,1,0.15,0,0.0035139624951045054,0,0.5,0,0.00016027264493813934,0,0.5,0,0.00019599013307651606,0,0.5,0,0.00013504808257732887,0,0.5
P000353,inflammation_anemia,inflammation,1,inflammation_anemia,inflammation,0,0.0009024021403208045,0,0.49999999999999994,0,0.0015442962079933059,0,0.15,0,0.0595886951870402,0,0.5,0,0.008365082766721849,0,0.5,0,0.0012520648129777001,0,0.5,1,0.6903324395612517,1,0.9500000000000001
P000354,latent_deficiency,iron_deficiency,0,latent_deficiency,iron_deficiency,1,0.9999970697402418,1,0.9500000000000001,0,0.00030007583939947583,0,0.5,0,0.008350091437306245,0,0.5,0,0.004388731617004709,0,0.5,0,0.0048151688542780995,0,0.5,0,7.822485340957904e-05,0,0.05
P000355,B12_deficiency_anemia,B12_deficiency,1,mixed_deficiency,B12_folate,0,2.3729157269134082e-05,0,0.05,1,0.5319019338226874,1,0.5,0,0.5111709857667008,1,0.5,0,0.011561777929103696,0,0.5,0,0.00039446526616652007,0,0.5,0,8.085837457954925e-05,0,0.4357142857142857
P000356,no_anemia_no_deficiency,none,0,copper_deficiency,copper_deficiency,0,0.00019549903997222916,0,0.05,0,0.0029455631024665916,0,0.5,0,0.01186226072380047,0,0.5,0,0.0013584597866656382,0,0.5,0,0.37282366870654166,1,0.5,0,2.9734906414910075e-05,0,0.05
P000357,no_anemia_no_deficiency,none,0,no_anemia_no_deficiency,none,0,0.0004709796114158038,0,0.05,0,0.00024123132918876716,0,0.5,0,0.019910594056086653,0,0.5,0,0.002597524772165724,0,0.5,0,0.0019740060126439895,0,0.5,0,0.0024669124361946485,0,0.05
P000358,B6_deficiency,B6_deficiency,1,B6_deficiency,B6_deficiency,0,0.00042258527607234007,0,0.05,0,0.00014393890887705232,0,0.15,0,0.0009083790792829217,0,0.5,1,0.9957063535531808,1,0.5,0,0.003321101264662162,0,0.5,0,0.0018173067976919226,0,0.4357142857142857
P000359,anemia_other,undetermined,1,anemia_other,undetermined,0,0.00019040733089347012,0,0.05,0,0.0001609760879755248,0,0.15,0,0.0023848380879543346,0,0.5,0,0.002371438546784634,0,0.5,0,0.0024456125796843294,0,0.5,0,0.0014980956625167319,0,0.9500000000000001
P000360,folate_deficiency_anemia,folate_deficiency,1,folate_deficiency_anemia,folate_deficiency,0,0.13960157066332196,0,0.5,0,0.001171283552030318,0,0.15,1,0.632557424030709,1,0.5,0,0.00036946042515408745,0,0.5,0,0.00027490760901263315,0,0.5,0,0.0007564718198717255,0,0.5
P000361,folate_deficiency_no_anemia,folate_deficiency,0,folate_deficiency_no_anemia,folate_deficiency,0,0.0007026442789505598,0,0.5,0,0.0005659811106097226,0,0.5,1,0.9806080205613605,1,0.95,0,0.0008275657485654116,0,0.5,0,0.007102348987089212,0,0.5,0,0.00021121819149615633,0,0.05
P000362,copper_deficiency,copper_deficiency,1,copper_deficiency,copper_deficiency,0,0.014989857002806636,0,0.05,0,0.0009879822011203284,0,0.15,0,0.019255381072663766,0,0.5,0,0.048762566149072484,0,0.5,1,0.8883378778624827,1,0.5,0,8.23060491575132e-06,0,0.5900000000000001
P000363,inflammation_anemia,inflammation,1,inflammation_anemia,inflammation,0,0.00018610510831772412,0,0.5409090909090909,0,0.0006261818016325218,0,0.5,0,0.004036795090192039,0,0.5,0,0.0044537020068376836,0,0.5,0,0.0011999421498494545,0,0.5,1,0.999771665274137,1,0.9500000000000001
P000364,copper_deficiency,copper_deficiency,1,copper_deficiency,copper_deficiency,0,0.00021096931074428643,0,0.05,0,0.00023846236431584263,0,0.5,0,0.003972257878247931,0,0.5,0,0.02466335075571046,0,0.5,1,0.17727022126396128,1,0.5,0,0.06237173242027394,0,0.4357142857142857
P000365,mixed_deficiency,iron_folate,1,mixed_deficiency,iron_folate,1,0.9130250108872955,1,0.5,0,0.0005190885828063231,0,0.15,1,0.9373835763089984,1,0.95,0,0.012093229445778729,0,0.5,0,0.0004114189274047747,0,0.5,0,0.0004899353497781745,0,0.5
P000366,no_anemia_no_deficiency,none,0,no_anemia_no_deficiency,none,0,0.01123225952882723,0,0.05,0,0.0003259048081428698,0,0.5,0,0.005554193495058873,0,0.5,0,0.07901193283075034,0,0.5,0,0.0047700961523553876,0,0.5,0,4.663861258629453e-05,0,0.05
P000367,B12_deficiency_anemia,B12_deficiency,1,B12_deficiency_anemia,B12_deficiency,0,0.0004021626455547931,0,0.05,1,0.9998448644218465,1,0.15,0,0.002200226675531621,0,0.1,0,0.002714028617373421,0,0.5,0,0.00038588819163623165,0,0.5,0,1.253404107127635e-05,0,0.4357142857142857
P000368,no_anemia_no_deficiency,none,0,no_anemia_no_deficiency,none,0,5.9890782804071135e-05,0,0.05,0,0.0023379996645983407,0,0.15,0,0.004491944451895845,0,0.5,0,0.014739843710522511,0,0.5,0,0.0016896279018268514,0,0.5,0,0.0001786530735536029,0,0.05
P000369,folate_deficiency_anemia,folate_deficiency,1,folate_deficiency_anemia,folate_deficiency,0,0.002665317708570463,0,0.1,0,0.00012667107635358876,0,0.15,1,0.9445253550851913,1,0.95,0,0.009868037916673431,0,0.5,0,0.0035527947253214533,0,0.5,0,0.00010398758927530996,0,0.5900000000000001
P000370,iron_deficiency_anemia,iron_deficiency,1,iron_deficiency_anemia,iron_deficiency,1,0.9999563344150562,1,0.8214285714285715,0,0.00020342812972569705,0,0.15,0,0.001722704009734368,0,0.1,0,0.015550077374487662,0,0.5,0,0.0017951716621663275,0,0.5,0,0.0018341207985015642,0,0.68
P000371,B12_deficiency_anemia,B12_deficiency,1,B12_deficiency_anemia,B12_deficiency,0,0.00019119855743036918,0,0.05,1,0.9997833823011641,1,0.95,0,0.22899474675247425,0,0.5,0,0.000806663995401303,0,0.5,0,0.0007646130045924777,0,0.5,0,4.518145457780231e-05,0,0.4357142857142857
P000372,B12_deficiency_anemia,B12_deficiency,1,B12_deficiency_anemia,B12_deficiency,0,0.1135827940652242,0,0.05,1,0.9999285183819221,1,0.15,0,0.09406673355663667,0,0.5,0,0.0001240638052775663,0,0.5,0,0.006959229066853592,0,0.5,0,8.55506104855669e-05,0,0.9500000000000001
P000373,mixed_deficiency,iron_folate,1,mixed_deficiency,iron_folate,1,0.9999503859257173,1,0.9500000000000001,0,0.0005296600286010081,0,0.15,1,0.9806557564658444,1,0.95,0,0.005315962341028233,0,0.5,0,0.005861322051112089,0,0.5,0,4.264984656249953e-05,0,0.41000000000000003
P000374,B6_deficiency,B6_deficiency,0,B6_deficiency,B6_deficiency,0,0.176528586131883,0,0.5,0,0.00018938307917432622,0,0.5,0,0.0054470335017695,0,0.5,1,0.9723508406444263,1,0.5,0,0.0009410079545148958,0,0.5,0,0.00014527016311651793,0,0.05
P000375,inflammation_anemia,inflammation,1,inflammation_anemia,inflammation,0,0.0014851891309358685,0,0.49999999999999994,0,0.00023253035456759365,0,0.15,0,0.016111119864279926,0,0.5,0,0.00929306061219933,0,0.5,0,0.01603928196021881,0,0.5,1,0.9999433879134189,1,0.9500000000000001
P000376,anemia_other,undetermined,1,anemia_other,undetermined,0,0.11822441032910365,0,0.5,0,0.002985590983627451,0,0.5,0,0.0026060636764362894,0,0.1,0,0.0024427562905717493,0,0.5,0,0.005119226688960947,0,0.5,0,0.01022535508784701,0,0.5
P000377,B12_deficiency_anemia,B12_deficiency,1,B12_deficiency_anemia,B12_deficiency,0,4.816785557882196e-05,0,0.5,1,0.9998391248137466,1,0.95,0,0.297223416825823,0,0.5,0,0.007520265297115531,0,0.5,0,0.006377117143975323,0,0.5,0,0.00013897319482998344,0,0.5
P000378,inflammation_anemia,inflammation,1,inflammation_anemia,inflammation,0,0.004745591691274951,0,0.7500000000000001,0,0.0007690361176387666,0,0.5,0,0.008253679539933056,0,0.5,0,0.013078094096841308,0,0.5,0,0.000951607003789877,0,0.5,1,0.9999753255501278,1,0.9500000000000001
P000379,inflammation_anemia,inflammation,1,inflammation_anemia,inflammation,0,0.00047208179038401356,0,0.49999999999999994,0,0.004650622743210915,0,0.5,0,0.005210351480691408,0,0.5,0,0.0024411572485366455,0,0.5,0,0.004607667542534813,0,0.5,1,0.9999669705739749,1,0.9500000000000001
P000380,B12_deficiency_no_anemia,B12_deficiency,0,B12_deficiency_no_anemia,B12_deficiency,0,6.0446186697377044e-05,0,0.05,1,0.9997737984794932,1,0.15,0,0.0014359623193084987,0,0.1,0,0.03732492114651267,0,0.5,0,0.00013785423463347113,0,0.5,0,0.23999880426286602,1,0.05
P000381,folate_deficiency_anemia,folate_deficiency,1,folate_deficiency_anemia,folate_deficiency,0,0.0003803346622308623,0,0.36999999999999994,0,0.043982991498298575,0,0.5,1,0.8098298935020711,1,0.5,0,0.0016270958143341774,0,0.5,0,6.168430815798433e-05,0,0.5,0,0.0013373666065405764,0,0.5900000000000001
P000382,iron_deficiency_anemia,iron_deficiency,1,iron_deficiency_anemia,iron_deficiency,1,0.999104872930634,1,0.8300000000000001,0,0.004615270725311809,0,0.5,0,0.004764687198025056,0,0.5,0,0.016437638941011103,0,0.5,0,0.0003332453799543666,0,0.5,0,0.0010852746821488736,0,0.9500000000000001
P000383,copper_deficiency,copper_deficiency,1,copper_deficiency,copper_deficiency,0,0.00015357690440744948,0,0.5409090909090909,0,0.0007778492022633124,0,0.15,0,0.1553135613715944,0,0.5,0,0.15255824316371164,0,0.5,1,0.6995565172006725,1,0.5,0,0.00017901424259032783,0,0.9500000000000001
P000384,iron_deficiency_anemia,iron_deficiency,1,iron_deficiency_anemia,iron_deficiency,1,0.993110614579889,1,0.9500000000000001,0,0.0003000335002012229,0,0.15,0,0.0010512706282446312,0,0.1,0,0.006820800720288822,0,0.5,0,0.003936826678630309,0,0.5,0,0.0030995276452491934,0,0.05
P000385,iron_deficiency_anemia,iron_deficiency,1,anemia_other,undetermined,1,0.13616057421550812,0,0.49999999999999994,0,0.0002240705207554505,0,0.15,0,0.02345909443376216,0,0.5,0,0.028333751551256545,0,0.5,0,0.0004914400177728879,0,0.5,0,0.09105207667205986,0,0.9500000000000001
P000386,B12_deficiency_no_anemia,B12_deficiency,0,B12_deficiency_no_anemia,B12_deficiency,0,0.0008803142514119758,0,0.05,1,0.968796012360549,1,0.15,0,0.304973441680843,0,0.5,0,0.001300940633407124,0,0.5,0,0.013477882144775678,0,0.5,0,0.00010725639472402882,0,0.05
P000387,anemia_other,undetermined,1,anemia_other,undetermined,0,0.0003696607894508578,0,0.05,0,0.00043287709562460564,0,0.5,0,0.05223740128021362,0,0.5,0,0.02911662914277567,0,0.5,0,0.007010547587021592,0,0.5,0,0.0026913626131835396,0,0.5900000000000001
P000388,anemia_other,undetermined,1,anemia_other,undetermined,0,0.0005380488227212286,0,0.05,0,0.0008854026839683584,0,0.5,0,0.03349105299983067,0,0.5,0,0.007941772865555906,0,0.5,0,0.004761787325328294,0,0.5,0,3.153019954824848e-05,0,0.4357142857142857
P000389,no_anemia_no_deficiency,none,0,no_anemia_no_deficiency,none,0,0.0014347360475646654,0,0.5,0,0.0007151281156451252,0,0.15,0,0.013086626217713055,0,0.5,0,0.010596133532810071,0,0.5,0,0.0035181662824143077,0,0.5,0,0.0004440360564717347,0,0.05
P000390,no_anemia_no_deficiency,none,0,no_anemia_no_deficiency,none,0,0.00018515807816865494,0,0.05,0,0.0012871068437254663,0,0.5,0,0.011692797915693933,0,0.5,0,0.007891365131116667,0,0.5,0,0.00020286035133775557,0,0.5,0,0.00012321952464578476,0,0.05
P000391,folate_deficiency_no_anemia,folate_deficiency,0,no_anemia_no_deficiency,none,0,0.0003307958734954438,0,0.1,0,2.6897059683565395e-05,0,0.15,1,0.19551725520935398,0,0.5,0,0.0009209419308448814,0,0.5,0,0.009259812465502823,0,0.5,0,3.173742039387264e-05,0,0.05
P000392,no_anemia_no_deficiency,none,0,no_anemia_no_deficiency,none,0,0.0002881223643360258,0,0.5409090909090909,0,0.0002666912447200325,0,0.5,0,0.008271263634779712,0,0.5,0,0.018957591407594267,0,0.5,0,0.011635758581145827,0,0.5,0,0.00044030954375535417,0,0.05
P000393,copper_deficiency,copper_deficiency,1,copper_deficiency,copper_deficiency,0,0.00024279600508974458,0,0.05,0,0.004225229819563984,0,0.5,0,0.005504447393306747,0,0.1,0,0.0014187838898388956,0,0.5,1,0.9999999999996116,1,0.5,0,0.0002171252232942237,0,0.9500000000000001
P000394,latent_deficiency,iron_deficiency,0,latent_deficiency,iron_deficiency,1,0.9989823985050443,1,0.9500000000000001,0,0.0008892032732922856,0,0.5,0,0.002124825284857036,0,0.1,0,0.8146851968989774,1,0.5,0,0.00029774757143914124,0,0.5,0,0.00016822991667545821,0,0.05
P000395,folate_deficiency_anemia,folate_deficiency,1,folate_deficiency_anemia,folate_deficiency,0,5.7102295861352585e-05,0,0.05,0,0.12186479048958601,0,0.15,1,0.9857032137093538,1,0.95,0,0.00039157630939153944,0,0.5,0,0.06680930375610641,0,0.5,0,0.001779372586244123,0,0.4357142857142857
P000396,inflammation_anemia,inflammation,1,inflammation_anemia,inflammation,0,0.0003590227231478815,0,0.49999999999999994,0,9.433462474022375e-05,0,0.15,0,0.0008106038786828497,0,0.1,0,0.021888781105352407,0,0.5,0,0.003897577524706492,0,0.5,1,0.9999900641495304,1,0.9500000000000001
P000397,latent_deficiency,iron_deficiency,0,latent_deficiency,iron_deficiency,1,0.9928604343485378,1,0.6500000000000001,0,0.0007582800561217422,0,0.15,0,0.006068877604633158,0,0.5,0,0.0012045343827217496,0,0.5,0,0.006488603622013572,0,0.5,0,2.4094150822512706e-05,0,0.05
P000398,copper_deficiency,copper_deficiency,1,copper_deficiency,copper_deficiency,0,6.646715120878119e-05,0,0.05,0,0.000130626137874071,0,0.15,0,0.0805198054702363,0,0.5,0,0.0014670296036990776,0,0.5,1,0.9999989839743493,1,0.5,0,0.00041087972916167056,0,0.5900000000000001
P000399,iron_deficiency_anemia,iron_deficiency,1,mixed_deficiency,iron_folate,1,0.9999876501452372,1,0.6785714285714285,0,0.00021505179804673244,0,0.15,0,0.6915826226282149,1,0.95,0,0.0012004028467593037,0,0.5,0,7.213228766636064e-05,0,0.5,0,3.840181866324162e-05,0,0.68
P000400,iron_deficiency_anemia,iron_deficiency,1,iron_deficiency_anemia,iron_deficiency,1,0.9999894119586807,1,0.8214285714285715,0,0.0003804261770995781,0,0.15,0,0.03404812723799893,0,0.5,0,0.006814168542883631,0,0.5,0,9.863583492730966e-15,0,0.5,0,0.00826953208235217,0,0.68
P000401,anemia_other,undetermined,1,anemia_other,undetermined,0,8.073555546174964e-05,0,0.05,0,0.009776045033135634,0,0.5,0,0.0016735631565717754,0,0.1,0,0.011716060569973045,0,0.5,0,2.6959524210993783e-12,0,0.5,0,0.0003921874921792221,0,0.9500000000000001
P000402,B6_deficiency,B6_deficiency,1,B6_deficiency,B6_deficiency,0,0.029382146966179544,0,0.05,0,0.0034436823397377128,0,0.5,0,0.10320560139592244,0,0.5,1,0.3930964034402428,1,0.5,0,0.006043028955979927,0,0.5,0,4.580260912053048e-05,0,0.5900000000000001
P000403,inflammation_anemia,inflammation,1,inflammation_anemia,inflammation,0,0.0011438537055988589,0,0.05,0,0.00010889972937076869,0,0.15,0,0.00817704575380468,0,0.5,0,0.0095007774930901,0,0.5,0,0.002282095583532848,0,0.5,1,0.9988863588266942,1,0.9500000000000001
P000404,B12_deficiency_anemia,B12_deficiency,1,B12_deficiency_anemia,B12_deficiency,0,0.00013796736832447676,0,0.05,1,0.9914831075459625,1,0.95,0,0.0021213399813142797,0,0.1,0,0.002857938149197212,0,0.5,0,6.104065974642077e-07,0,0.5,0,0.00023931186888379074,0,0.9500000000000001
P000405,no_anemia_no_deficiency,none,0,copper_deficiency,copper_deficiency,0,0.0002669686989157754,0,0.05,0,0.01659751156195736,0,0.15,0,0.03233389253552987,0,0.5,0,0.0019303540144609646,0,0.5,0,0.17255896321326897,1,0.5,0,0.0011353294417799358,0,0.05
P000406,latent_deficiency,iron_deficiency,0,latent_deficiency,iron_deficiency,1,0.9999612486624906,1,0.8214285714285715,0,0.0020482054160885317,0,0.5,0,0.012260910530828714,0,0.5,0,0.0005545306196636155,0,0.5,0,0.0005048832453919158,0,0.5,0,0.0012632822337224703,0,0.05
P000407,anemia_other,undetermined,1,anemia_other,undetermined,0,8.767253977261007e-05,0,0.05,0,0.00011126078531947319,0,0.15,0,0.032908195186235334,0,0.5,0,0.0022367535934246833,0,0.5,0,0.0018878711410223743,0,0.5,0,0.002104199728603653,0,0.9500000000000001
P000408,copper_deficiency,copper_deficiency,1,copper_deficiency,copper_deficiency,0,0.003255572342514077,0,0.05,0,0.0012544171806537843,0,0.15,0,0.004251084095184222,0,0.1,0,0.011252567478542247,0,0.5,1,0.9073527797647438,1,0.5,0,0.0003284002865713157,0,0.5900000000000001
P000409,B6_deficiency,B6_deficiency,1,anemia_other,undetermined,0,0.002909957514727227,0,0.05,0,0.0002635182514892315,0,0.15,0,0.042927301179893865,0,0.5,1,0.009651013701364794,0,0.5,0,0.006984151163114936,0,0.5,0,0.004103566183648084,0,0.5900000000000001
P000410,anemia_other,undetermined,1,anemia_other,undetermined,0,0.0008174380561134238,0,0.05,0,0.0008250987881178065,0,0.5,0,0.061079074450799596,0,0.5,0,0.0043619534845619895,0,0.5,0,0.00745605673066758,0,0.5,0,1.2152244174392307e-05,0,0.4357142857142857
P000411,latent_deficiency,iron_deficiency,0,latent_deficiency,iron_deficiency,1,0.9999703177465105,1,0.6785714285714285,0,0.00011340956504848691,0,0.15,0,0.0005846575444795966,0,0.1,0,0.010390949784260084,0,0.5,0,0.00074690248231768,0,0.5,0,1.6334759467396205e-05,0,0.05
P000412,mixed_deficiency,iron_B12,1,mixed_deficiency,iron_B12,1,0.9998064846926105,1,0.4357142857142857,1,0.9996000845246165,1,0.15,0,0.014577293054130887,0,0.5,0,0.0017274036301015757,0,0.5,0,0.00018148248213206898,0,0.5,0,4.95940890715545e-05,0,0.32
P000413,folate_deficiency_no_anemia,folate_deficiency,0,folate_deficiency_no_anemia,folate_deficiency,0,0.0001540672188301942,0,0.05,0,0.09446626125030086,0,0.15,1,0.9744425421345512,1,0.95,0,0.002728227284214626,0,0.5,0,0.00017961557565761185,0,0.5,0,4.0574595245749624e-05,0,0.05
P000414,latent_deficiency,iron_deficiency,0,latent_deficiency,iron_deficiency,1,0.9999628200319555,1,0.9500000000000001,0,0.007971386023567614,0,0.5,0,0.000484960880363603,0,0.1,0,0.002119634165850316,0,0.5,0,0.006387237346165581,0,0.5,0,3.616594933898735e-05,0,0.05
P000415,B12_deficiency_no_anemia,B12_deficiency,0,B12_deficiency_no_anemia,B12_deficiency,0,2.962396538080766e-05,0,0.05,1,0.9384275436239974,1,0.95,0,0.08984577349582157,0,0.5,0,0.00422027288704508,0,0.5,0,0.00039964025990182965,0,0.5,0,0.0005956643457617831,0,0.05
P000416,inflammation_anemia,inflammation,1,inflammation_anemia,inflammation,0,0.002023156029915387,0,0.6349999999999999,0,0.01636045269858626,0,0.15,0,0.00022865153190896624,0,0.1,0,0.010333895298537689,0,0.5,0,2.628339778536392e-10,0,0.5,1,0.9999700369647895,1,0.9500000000000001
P000417,iron_deficiency_anemia,iron_deficiency,1,iron_deficiency_anemia,iron_deficiency,1,0.9992462393201638,1,0.5499999999999999,0,8.043715447960733e-06,0,0.15,0,0.008098435200205735,0,0.5,0,0.005612239432612354,0,0.5,0,0.00015971907385357983,0,0.5,0,0.17139302275546942,0,0.9500000000000001
P000418,copper_deficiency,copper_deficiency,1,copper_deficiency,copper_deficiency,0,0.0004941059155552354,0,0.05,0,0.0013764962646058338,0,0.15,0,0.6773465014835015,1,0.5,0,0.005885081724378219,0,0.5,1,0.9652593574197598,1,0.5,0,0.00011444919981668004,0,0.5900000000000001
P000419,B12_deficiency_no_anemia,B12_deficiency,0,mixed_deficiency,iron_B12,0,0.6601523056390022,1,0.1,1,0.9870553800442374,1,0.95,0,0.008572225998106139,0,0.5,0,0.0005340459400264409,0,0.5,0,0.00011022099452288496,0,0.5,0,1.3518748694457693e-05,0,0.05
P000420,mixed_deficiency,B12_folate,1,mixed_deficiency,B12_folate,0,0.0009754802219112771,0,0.05,1,0.9999224276316081,1,0.15,1,0.9138802026849315,1,0.95,0,0.0007708681986815216,0,0.5,0,0.013350963554697535,0,0.5,0,6.4734956579394e-05,0,0.9500000000000001
P000421,mixed_deficiency,iron_B12,1,mixed_deficiency,iron_B12,1,0.9546049037164714,1,0.9500000000000001,1,0.9535999489044951,1,0.15,0,0.07707924520869597,0,0.5,0,0.001670998967020588,0,0.5,0,0.0017180473778713142,0,0.5,0,0.0002328217402967805,0,0.5
P000422,mixed_deficiency,B12_folate,1,mixed_deficiency,B12_folate,0,0.0010223942040944183,0,0.05,1,0.9958761122662932,1,0.15,1,0.93611596969638,1,0.95,0,0.013050099691332587,0,0.5,0,0.0001593957471870308,0,0.5,0,4.7186973237015045e-05,0,0.5900000000000001
P000423,latent_deficiency,iron_deficiency,0,latent_deficiency,iron_deficiency,1,0.99998158770052,1,0.9500000000000001,0,0.004907193286551037,0,0.15,0,0.01235692983239281,0,0.5,0,0.002523894844793798,0,0.5,0,0.0013528242666573085,0,0.5,0,0.00019200241410266336,0,0.05
P000424,iron_deficiency_anemia,iron_deficiency,1,iron_deficiency_anemia,iron_deficiency,1,0.9997661064596001,1,0.6849999999999999,0,0.00026103812190003163,0,0.15,0,0.019903214641311978,0,0.1,0,0.000387707367694662,0,0.5,0,0.008961121501085327,0,0.5,0,0.00014436793601354918,0,0.9500000000000001
P000425,mixed_deficiency,iron_folate,1,mixed_deficiency,iron_B12,1,0.9974866709777264,1,0.49999999999999994,0,0.3671224987028309,1,0.15,1,0.206708817925612,0,0.5,0,0.002185741438713697,0,0.5,0,0.001869212749422999,0,0.5,0,2.5896219894340262e-05,0,0.9500000000000001
P000426,latent_deficiency,iron_deficiency,0,latent_deficiency,iron_deficiency,1,0.998653937750533,1,0.3071428571428571,0,0.006550003435069,0,0.5,0,0.0015478176916758533,0,0.1,0,0.0011114361542724064,0,0.5,0,0.0054988836809068105,0,0.5,0,7.914600700684686e-05,0,0.05
P000427,no_anemia_no_deficiency,none,0,no_anemia_no_deficiency,none,0,0.0010393639515775327,0,0.05,0,0.011917534605248976,0,0.15,0,0.0011221489067185107,0,0.1,0,0.012201211147786314,0,0.5,0,0.005687774872439682,0,0.5,0,1.307409109288716e-05,0,0.05
P000428,B12_deficiency_no_anemia,B12_deficiency,0,B12_deficiency_no_anemia,B12_deficiency,0,0.0001524227292343988,0,0.05,1,0.9878211896087561,1,0.5,0,0.0727692472836148,0,0.5,0,0.0006907008001128878,0,0.5,0,0.008373216390077461,0,0.5,0,1.6505660536493956e-05,0,0.05
P000429,B6_deficiency,B6_deficiency,0,B6_deficiency,B6_deficiency,0,0.0010099011998254083,0,0.05,0,0.0008571002339219137,0,0.5,0,0.00357130942931706,0,0.5,1,0.9923529755304354,1,0.5,0,0.0010790301070325802,0,0.5,0,0.0054731303845222835,0,0.05
P000430,folate_deficiency_no_anemia,folate_deficiency,0,folate_deficiency_no_anemia,folate_deficiency,0,0.2358855274090382,0,0.05,0,0.011900467433034861,0,0.5,1,0.9944656398090117,1,0.95,0,0.0004166049953463054,0,0.5,0,0.00256398217280438,0,0.5,0,0.00014988121091926026,0,0.05
P000431,inflammation_anemia,inflammation,1,inflammation_anemia,inflammation,0,0.0004103438076129466,0,0.6349999999999999,0,0.00046693340588242906,0,0.5,0,0.004142140236608036,0,0.5,0,0.002625334577125356,0,0.5,0,0.0030312326478006803,0,0.5,1,0.9920431667210251,1,0.9500000000000001
P000432,mixed_deficiency,iron_B12,1,mixed_deficiency,iron_B12,1,0.9999922670055816,1,0.7571428571428572,1,0.9985363879430054,1,0.15,0,0.06936325091268808,0,0.5,0,0.0025120929600259043,0,0.5,0,0.001320113120429426,0,0.5,0,9.10139678793945e-05,0,0.05
P000433,no_anemia_no_deficiency,none,0,no_anemia_no_deficiency,none,0,0.033382783171627475,0,0.5,0,4.799175224406519e-05,0,0.15,0,0.1695110949788644,0,0.5,0,0.01792590119666617,0,0.5,0,0.0003213041248090654,0,0.5,0,5.214774241232748e-05,0,0.05
P000434,folate_deficiency_anemia,folate_deficiency,1,folate_deficiency_anemia,folate_deficiency,0,6.700842296883928e-05,0,0.5,0,0.0011410634053864545,0,0.15,1,0.9884893892246319,1,0.95,0,0.0004063710834342477,0,0.5,0,0.008535630606244873,0,0.5,0,0.00026571425992198407,0,0.5
P000435,iron_deficiency_anemia,iron_deficiency,1,iron_deficiency_anemia,iron_deficiency,1,0.9998480646596826,1,0.59,0,0.00017320465460910568,0,0.15,0,0.0009228196018902896,0,0.1,0,0.014757115369090325,0,0.5,0,0.008235263760548214,0,0.5,0,1.1296517777683933e-05,0,0.32
P000436,no_anemia_no_deficiency,none,0,no_anemia_no_deficiency,none,0,0.00010098724629116131,0,0.05,0,0.0018917108793416884,0,0.5,0,0.023226668183345137,0,0.5,0,0.0010009971166543533,0,0.5,0,9.452342259651811e-05,0,0.5,0,5.755903322496557e-05,0,0.05
P000437,inflammation_anemia,inflammation,1,inflammation_anemia,inflammation,0,0.009088200855639475,0,0.7500000000000001,0,0.00011080865630344245,0,0.15,0,0.12705706565607924,0,0.5,0,0.003789076855596589,0,0.5,0,0.0005088785449179902,0,0.5,1,0.999944880538308,1,0.9500000000000001
P000438,copper_deficiency,copper_deficiency,1,copper_deficiency,copper_deficiency,0,0.00019566363404302007,0,0.31999999999999995,0,0.0003673822302252412,0,0.15,0,0.13522109340207702,0,0.5,0,0.0007390305130317084,0,0.5,1,0.9803400443406506,1,0.5,0,0.0002421250122108211,0,0.5900000000000001
P000439,B12_deficiency_no_anemia,B12_deficiency,0,B12_deficiency_no_anemia,B12_deficiency,0,6.723644208706333e-05,0,0.05,1,0.9998084771016359,1,0.95,0,0.08437997230124819,0,0.5,0,0.0004913318049641044,0,0.5,0,0.0016292426507267636,0,0.5,0,0.0002850539762830559,0,0.05
P000440,latent_deficiency,iron_deficiency,0,latent_deficiency,iron_deficiency,1,0.9977181836707366,1,0.49999999999999994,0,0.001331870623264783,0,0.5,0,0.04908688627696144,0,0.5,0,0.0005723095410846683,0,0.5,0,0.009429521087109463,0,0.5,0,0.01012988674343712,0,0.05
P000441,no_anemia_no_deficiency,none,0,no_anemia_no_deficiency,none,0,0.00031001152820905783,0,0.05,0,0.0006826685280772463,0,0.15,0,0.0006441209585489576,0,0.1,0,0.006991394231808777,0,0.5,0,1.8259606903552926e-10,0,0.5,0,0.011489524891426229,0,0.05
P000442,iron_deficiency_anemia,iron_deficiency,1,iron_deficiency_anemia,iron_deficiency,1,0.999971172740505,1,0.9500000000000001,0,0.007209086415075949,0,0.5,0,0.013824887088392005,0,0.5,0,0.004318234718048467,0,0.5,0,5.095992046111868e-05,0,0.5,0,0.0001222223407456131,0,0.41000000000000003
P000443,no_anemia_no_deficiency,none,0,no_anemia_no_deficiency,none,0,0.002747152987504122,0,0.5,0,0.0013563155184014865,0,0.5,0,0.006494723496280816,0,0.5,0,0.00495127186690711,0,0.5,0,0.004316253916746572,0,0.5,0,4.204559328825299e-05,0,0.05
P000444,iron_deficiency_anemia,iron_deficiency,1,iron_deficiency_anemia,iron_deficiency,1,0.9999479967339198,1,0.6849999999999999,0,0.00395542322237069,0,0.5,0,0.025676983795561624,0,0.5,0,0.000944026217534945,0,0.5,0,3.7572101722168336e-07,0,0.5,0,0.0025449122422947883,0,0.9500000000000001
P000445,folate_deficiency_no_anemia,folate_deficiency,0,folate_deficiency_no_anemia,folate_deficiency,0,0.0012901458719282812,0,0.05,0,0.00029620487731600706,0,0.15,1,0.7029717731541336,1,0.95,0,0.020382937307732104,0,0.5,0,0.006638027571084466,0,0.5,0,0.0027898172845364977,0,0.05
P000446,iron_deficiency_anemia,iron_deficiency,1,iron_deficiency_anemia,iron_deficiency,1,0.9998522824253462,1,0.4857142857142857,0,9.042009394543972e-05,0,0.15,0,0.001770652787027206,0,0.5,0,0.002999439916037576,0,0.5,0,0.0038757710327872274,0,0.5,0,8.211698706934066e-05,0,0.32
P000447,iron_deficiency_anemia,iron_deficiency,1,anemia_other,undetermined,1,0.37192450477179223,0,0.5,0,0.0034165338566751044,0,0.15,0,0.0003367431552561632,0,0.1,0,0.03767353519493579,0,0.5,0,0.0007350110826832886,0,0.5,0,0.008951902894975224,0,0.5
P000448,no_anemia_no_deficiency,none,0,no_anemia_no_deficiency,none,0,0.0002843695855088852,0,0.41000000000000003,0,0.005988183976063367,0,0.5,0,0.1508856891594411,0,0.5,0,0.0002359331704458503,0,0.5,0,0.00010546148948708022,0,0.5,0,4.033022721517578e-05,0,0.05
P000449,inflammation_anemia,inflammation,1,inflammation_anemia,inflammation,0,0.0007606608085834314,0,0.24285714285714283,0,0.0005417275503003529,0,0.15,0,0.000660444581150952,0,0.1,0,0.01892067900104861,0,0.5,0,0.005039843365741034,0,0.5,1,0.9411496452865399,1,0.9500000000000001
P000450,mixed_deficiency,iron_folate,1,mixed_deficiency,iron_folate,1,0.9997378500591193,1,0.5499999999999999,0,8.659055638371206e-05,0,0.15,1,0.7716514283708924,1,0.95,0,0.006648341345200249,0,0.5,0,0.005835185053439388,0,0.5,0,0.00019387659244130698,0,0.9500000000000001
P000451,mixed_deficiency,iron_B12,1,mixed_deficiency,iron_B12,1,0.999798105839442,1,0.9500000000000001,1,0.9993939795304857,1,0.95,0,0.010879353832335577,0,0.5,0,0.0025503220019085326,0,0.5,0,0.002099518294401551,0,0.5,0,0.00012520914379099494,0,0.5642857142857144
P000452,anemia_other,undetermined,1,anemia_other,undetermined,0,0.0013505419275620866,0,0.05,0,0.0012291474439423097,0,0.5,0,0.15894219782238575,0,0.5,0,0.03142282306652964,0,0.5,0,0.0032353544238804357,0,0.5,0,2.383963473764549e-05,0,0.4357142857142857
P000453,iron_deficiency_anemia,iron_deficiency,1,iron_deficiency_anemia,iron_deficiency,1,0.9306645579654699,1,0.7500000000000001,0,2.6006521959771223e-05,0,0.15,0,0.07276348775286373,0,0.5,0,0.12437286830272974,0,0.5,0,0.0019373183527792313,0,0.5,0,5.36517853355162e-05,0,0.9500000000000001
P000454,iron_deficiency_anemia,iron_deficiency,1,iron_deficiency_anemia,iron_deficiency,1,0.999988458642887,1,0.4857142857142857,0,0.00015370605567946132,0,0.15,0,0.29583336045565245,0,0.5,0,0.013318292072531898,0,0.5,0,0.0005636864134681896,0,0.5,0,0.00017575889384048108,0,0.32
P000455,mixed_deficiency,iron_folate,1,iron_deficiency_anemia,iron_deficiency,1,0.9999625830642036,1,0.3571428571428571,0,0.006978206430572693,0,0.5,1,0.4590758517968355,0,0.95,0,0.0016932204057349984,0,0.5,0,0.0053159983428861905,0,0.5,0,0.00010335110775961828,0,0.5900000000000001
P000456,folate_deficiency_anemia,folate_deficiency,1,folate_deficiency_anemia,folate_deficiency,0,3.768167899219269e-05,0,0.05,0,0.0003113027097493635,0,0.15,1,0.5894035418320529,1,0.5,0,0.0038411373415531986,0,0.5,0,2.04780403309245e-10,0,0.5,0,0.00033866553692846614,0,0.5900000000000001
P000457,B6_deficiency,B6_deficiency,0,B6_deficiency,B6_deficiency,0,0.006590327853154683,0,0.05,0,9.211210983635975e-05,0,0.15,0,0.0021860608017535378,0,0.5,1,0.9501097022253772,1,0.5,0,9.467232984155632e-06,0,0.5,0,8.24431908904876e-05,0,0.05
P000458,iron_deficiency_anemia,iron_deficiency,1,iron_deficiency_anemia,iron_deficiency,1,0.9993424909116877,1,0.9500000000000001,0,0.0008913875301002289,0,0.15,0,0.004538908494652128,0,0.1,0,0.020167334770513898,0,0.5,0,9.863583492730966e-15,0,0.5,0,0.0012097597372834816,0,0.05
P000459,folate_deficiency_anemia,folate_deficiency,1,folate_deficiency_anemia,folate_deficiency,0,7.037971939666505e-05,0,0.05,0,0.024072661175817436,0,0.5,1,0.9962681784235081,1,0.95,0,0.011915433264946804,0,0.5,0,0.001698873506773892,0,0.5,0,0.00011209936293486139,0,0.9500000000000001
P000460,copper_deficiency,copper_deficiency,0,copper_deficiency,copper_deficiency,0,0.0357560320450959,0,0.5,0,0.004719563000127304,0,0.5,0,0.02781539325020193,0,0.5,0,0.0019574132441398957,0,0.5,1,0.7900767314304311,1,0.5,0,0.00024010090287384633,0,0.05
P000461,mixed_deficiency,iron_B12,1,mixed_deficiency,iron_B12,1,0.999989787527315,1,0.9500000000000001,1,0.9994503373741865,1,0.95,0,0.13987768373979598,0,0.5,0,0.01129987685159945,0,0.5,0,0.006407011137988799,0,0.5,0,5.366390508953778e-05,0,0.41000000000000003
P000462,no_anemia_no_deficiency,none,0,no_anemia_no_deficiency,none,0,0.0013193432070722465,0,0.05,0,0.0007685877888742046,0,0.5,0,0.04986740431129425,0,0.5,0,0.00012630666155208898,0,0.5,0,0.00031526289642137714,0,0.5,0,0.01102817607513405,0,0.05
P000463,mixed_deficiency,iron_B12,1,mixed_deficiency,iron_B12,1,0.999814609616788,1,0.7249999999999999,1,0.9953637862730983,1,0.15,0,0.005866619495786885,0,0.1,0,0.0010451640710006857,0,0.5,0,0.006932432910295422,0,0.5,0,0.00045171231734010477,0,0.68
P000464,B6_deficiency,B6_deficiency,0,B6_deficiency,B6_deficiency,0,0.04662783425342393,0,0.5,0,0.001026705254167589,0,0.15,0,0.0006752663831376152,0,0.1,1,0.9870086869360744,1,0.5,0,0.007603100015964045,0,0.5,0,4.474550514168464e-05,0,0.05
P000465,folate_deficiency_no_anemia,folate_deficiency,0,folate_deficiency_no_anemia,folate_deficiency,0,0.0009183567209361855,0,0.05,0,0.006354880846360943,0,0.15,1,0.9842865541572512,1,0.95,0,0.000587591140762665,0,0.5,0,0.007251906105225219,0,0.5,0,8.69218988103903e-06,0,0.05
P000466,anemia_other,undetermined,1,anemia_other,undetermined,0,3.5842003902999655e-05,0,0.05,0,0.0004136365807319471,0,0.15,0,0.00728159586802854,0,0.5,0,0.02969536129007507,0,0.5,0,0.13003380098616163,0,0.5,0,0.0005260123693576588,0,0.5900000000000001
P000467,no_anemia_no_deficiency,none,0,no_anemia_no_deficiency,none,0,0.010692391448968398,0,0.5,0,0.004681019642059556,0,0.5,0,0.08125351615150708,0,0.5,0,0.00010600140268757621,0,0.5,0,0.004782129704471845,0,0.5,0,0.0004013984650595179,0,0.05
P000468,mixed_deficiency,iron_B12,1,mixed_deficiency,iron_B12,1,0.9989289126496035,1,0.05,1,0.9922839641098515,1,0.15,0,0.00220687234957128,0,0.1,0,0.0024735092988923094,0,0.5,0,0.003959842587856522,0,0.5,0,8.950575543882573e-05,0,0.9500000000000001
P000469,latent_deficiency,iron_deficiency,0,latent_deficiency,iron_deficiency,1,0.999845356810527,1,0.5499999999999999,0,0.002359023488685409,0,0.5,0,0.0028074244073345704,0,0.5,0,0.0014502690151795127,0,0.5,0,0.007179348993859394,0,0.5,0,0.00016932619095256238,0,0.05
P000470,folate_deficiency_anemia,folate_deficiency,1,folate_deficiency_anemia,folate_deficiency,0,0.00016391351558729585,0,0.05,0,0.0003316959576579508,0,0.15,1,0.7973747122126494,1,0.5,0,0.022975773018503228,0,0.5,0,0.0032257507663787854,0,0.5,0,3.883433120722375e-05,0,0.5900000000000001
P000471,inflammation_anemia,inflammation,1,inflammation_anemia,inflammation,0,0.0002935125699856058,0,0.6349999999999999,0,0.0011169771594910407,0,0.5,0,0.00025422143180692605,0,0.1,0,0.010259339781921653,0,0.5,0,5.957694170319558e-07,0,0.5,1,0.9998399149712346,1,0.9500000000000001
P000472,folate_deficiency_anemia,folate_deficiency,1,folate_deficiency_anemia,folate_deficiency,0,0.00027504481845023646,0,0.05,0,0.0014875535321624994,0,0.15,1,0.9781887808201682,1,0.95,0,0.007794285294600957,0,0.5,0,0.007314126649156504,0,0.5,0,6.379917119730434e-05,0,0.4357142857142857
P000473,mixed_deficiency,iron_folate,1,mixed_deficiency,iron_folate,1,0.9999941505102083,1,0.8214285714285715,0,0.002710863314235757,0,0.15,1,0.9097167322677768,1,0.95,0,0.0009338366097562734,0,0.5,0,0.005658655272743275,0,0.5,0,0.00038941201380320663,0,0.68
P000474,copper_deficiency,copper_deficiency,1,copper_deficiency,copper_deficiency,0,0.002412918856714065,0,0.05,0,0.0047928049282068294,0,0.5,0,0.15183862816240046,0,0.5,0,0.24860695147148262,0,0.5,1,0.938719121213786,1,0.5,0,0.00017825033344034353,0,0.5900000000000001
P000475,copper_deficiency,copper_deficiency,1,copper_deficiency,copper_deficiency,0,0.0077220447593058334,0,0.05,0,0.00048599732876464816,0,0.15,0,0.010794173088361518,0,0.5,0,0.008639182420014439,0,0.5,1,0.9995147181934505,1,0.5,0,7.085830744679631e-05,0,0.9500000000000001
P000476,no_anemia_no_deficiency,none,0,no_anemia_no_deficiency,none,0,8.641692383609212e-05,0,0.05,0,0.0003356114704653619,0,0.15,0,0.010858783785064347,0,0.5,0,0.0028201999417997252,0,0.5,0,0.0008085402864585422,0,0.5,0,0.0013582888154411868,0,0.05
P000477,no_anemia_no_deficiency,none,0,no_anemia_no_deficiency,none,0,0.0001060997838941591,0,0.25000000000000006,0,0.00015439156018735303,0,0.15,0,0.0025168847639404535,0,0.1,0,0.013307428510553871,0,0.5,0,0.002955381049004613,0,0.5,0,3.299582818392447e-05,0,0.05
P000478,B6_deficiency,B6_deficiency,1,anemia_other,undetermined,0,4.823413001435764e-05,0,0.05,0,0.00011028776874094226,0,0.15,0,0.021815708684471503,0,0.5,1,0.003654368229585283,0,0.5,0,0.013325083167559057,0,0.5,0,0.0007407048798485136,0,0.5900000000000001
P000479,folate_deficiency_anemia,folate_deficiency,1,folate_deficiency_anemia,folate_deficiency,0,0.00013175547307163368,0,0.05,0,0.0004360850923811941,0,0.15,1,0.9878039311572171,1,0.95,0,0.010826686906720529,0,0.5,0,0.0004984974253025226,0,0.5,0,0.003817466781953309,0,0.5900000000000001
P000480,mixed_deficiency,iron_B12,1,mixed_deficiency,iron_B12,1,0.999988855816444,1,0.8214285714285715,1,0.9992766056322109,1,0.95,0,0.10071240073932178,0,0.5,0,0.0006830386306123442,0,0.5,0,0.00011051718812543256,0,0.5,0,0.00018224562673461049,0,0.68
P000481,mixed_deficiency,iron_B12,1,mixed_deficiency,iron_B12,1,0.9859287246877448,1,0.5909090909090909,1,0.9351653815026328,1,0.15,0,0.01793764895413461,0,0.5,0,0.013283598981687513,0,0.5,0,0.010517655924692263,0,0.5,0,1.6578706339142923e-05,0,0.9500000000000001
P000482,copper_deficiency,copper_deficiency,1,copper_deficiency,copper_deficiency,0,4.713626054005142e-05,0,0.05,0,0.008763806846391886,0,0.5,0,0.01102988317166626,0,0.1,0,0.0007503631432131757,0,0.5,1,0.9980935247287588,1,0.5,0,5.9582418983278187e-05,0,0.9500000000000001
P000483,B12_deficiency_no_anemia,B12_deficiency,0,B12_deficiency_no_anemia,B12_deficiency,0,0.0013977758337704088,0,0.5,1,0.996856558418759,1,0.95,0,0.183259961900299,0,0.5,0,0.001539785816520749,0,0.5,0,0.0058065481830581744,0,0.5,0,0.00012793222477986828,0,0.05
P000484,no_anemia_no_deficiency,none,0,no_anemia_no_deficiency,none,0,0.00975490108737747,0,0.5,0,9.180840099481935e-05,0,0.15,0,0.0015474787439688769,0,0.1,0,0.014684539622426888,0,0.5,0,0.0007366431013222781,0,0.5,0,0.00010723137538222033,0,0.05
P000485,folate_deficiency_no_anemia,folate_deficiency,0,folate_deficiency_no_anemia,folate_deficiency,0,0.00033336430184213343,0,0.05,0,0.0016486025456221433,0,0.5,1,0.8847644340791143,1,0.95,0,0.0011355743608939442,0,0.5,0,0.012590679344974669,0,0.5,0,0.003818451079761787,0,0.05
P000486,latent_deficiency,iron_deficiency,0,latent_deficiency,iron_deficiency,1,0.9994628949816734,1,0.8214285714285715,0,8.019718857453497e-05,0,0.15,0,0.05073114971801235,0,0.5,0,0.004735787494887271,0,0.5,0,0.011085126803804909,0,0.5,0,0.0012068539923492602,0,0.05
P000487,no_anemia_no_deficiency,none,0,no_anemia_no_deficiency,none,0,0.028180407092646777,0,0.5,0,0.006174106689901067,0,0.5,0,0.0016078585997509184,0,0.1,0,0.013766751980780052,0,0.5,0,0.00041364002139954837,0,0.5,0,0.0017104195648353867,0,0.05
P000488,inflammation_anemia,inflammation,1,inflammation_anemia,inflammation,0,0.00013563704380312918,0,0.24285714285714283,0,9.062606452436726e-05,0,0.15,0,0.0023911120572270234,0,0.5,0,0.014846549149789041,0,0.5,0,0.0011923281552837185,0,0.5,1,0.9997818766089448,1,0.9500000000000001
P000489,folate_deficiency_no_anemia,folate_deficiency,0,no_anemia_no_deficiency,none,0,0.0030488066330825367,0,0.5,0,0.0010295389120019006,0,0.15,1,0.23679782549450884,0,0.95,0,0.0029917797328779354,0,0.5,0,0.0009025729543496677,0,0.5,0,0.0001095447734601345,0,0.05
P000490,iron_deficiency_anemia,iron_deficiency,1,iron_deficiency_anemia,iron_deficiency,1,0.9998001007012745,1,0.1,0,7.298378089644687e-05,0,0.15,0,0.001798867440390334,0,0.1,0,0.08270842398865483,0,0.5,0,0.07553824516171018,0,0.5,0,0.0010749905801704632,0,0.9500000000000001
P000491,latent_deficiency,iron_deficiency,0,latent_deficiency,iron_deficiency,1,0.9999587483042462,1,0.6349999999999999,0,0.0029623150233497255,0,0.5,0,0.022011749375298904,0,0.5,0,0.007953199276639554,0,0.5,0,0.003907065818740273,0,0.5,0,0.0002622049466423629,0,0.05
P000492,B12_deficiency_no_anemia,B12_deficiency,0,B12_deficiency_no_anemia,B12_deficiency,0,0.004648336542167185,0,0.5,1,0.9888922414076387,1,0.5,0,0.037251789601228505,0,0.5,0,0.0016176952289995562,0,0.5,0,0.00021807681516014283,0,0.5,0,0.0005877932137400572,0,0.05
P000493,iron_deficiency_anemia,iron_deficiency,1,mixed_deficiency,iron_B12,1,0.9999618994774035,1,0.4857142857142857,0,0.9184277127173107,1,0.15,0,0.001962558420437233,0,0.1,0,0.0008296732220684274,0,0.5,0,0.000503770594181598,0,0.5,0,0.00017547592552441817,0,0.32
P000494,B12_deficiency_no_anemia,B12_deficiency,0,B12_deficiency_no_anemia,B12_deficiency,0,0.009483521317025309,0,0.5,1,0.9880342102913492,1,0.15,0,0.35429918850043307,0,0.5,0,0.0003592872221594521,0,0.5,0,9.453853975959032e-05,0,0.5,0,5.1028155233262646e-05,0,0.05
P000495,anemia_other,undetermined,1,B12_deficiency_anemia,B12_deficiency,0,0.00012015244677556863,0,0.05,0,0.5675567539430787,1,0.5,0,0.0001585554151094523,0,0.1,0,0.06328706051038493,0,0.5,0,0.007352615496843861,0,0.5,0,0.0006247261626236963,0,0.5900000000000001
P000496,latent_deficiency,iron_deficiency,0,latent_deficiency,iron_deficiency,1,0.9999387875812724,1,0.4857142857142857,0,0.0008600652027762239,0,0.5,0,0.00882856437495248,0,0.5,0,0.0014089858777945488,0,0.5,0,0.0076536396884624176,0,0.5,0,7.551331562483508e-06,0,0.05
P000497,inflammation_anemia,inflammation,1,inflammation_anemia,inflammation,0,0.0004012400097002547,0,0.05,0,0.0005502103610467009,0,0.15,0,0.0003650734554147809,0,0.5,0,0.014525726446292029,0,0.5,0,0.0008672036033306641,0,0.5,1,0.9999479717320129,1,0.9500000000000001
P000498,no_anemia_no_deficiency,none,0,latent_deficiency,iron_deficiency,0,0.47121466238657916,1,0.5409090909090909,0,0.00012856347448797067,0,0.15,0,0.01303969162960623,0,0.5,0,0.0011316236313179489,0,0.5,0,0.00035540361399470513,0,0.5,0,0.0014013439576140067,0,0.05
P000499,mixed_deficiency,iron_B12,1,mixed_deficiency,iron_B12,1,0.9996523242882878,1,0.5499999999999999,1,0.9971850433224089,1,0.5,0,0.003419409707704422,0,0.1,0,0.000739985336043057,0,0.5,0,0.004799599994301484,0,0.5,0,0.00012396878839368125,0,0.9500000000000001
P000500,mixed_deficiency,B12_folate,1,mixed_deficiency,B12_folate,0,7.326935688685872e-05,0,0.05,1,0.9999375421029784,1,0.15,1,0.659498865346223,1,0.95,0,0.00043620318361770787,0,0.5,0,0.009248925513110925,0,0.5,0,0.00021933125795423265,0,0.5900000000000001
P000501,anemia_other,undetermined,1,anemia_other,undetermined,0,0.0002139106783852972,0,0.05,0,0.0008145062078830088,0,0.5,0,0.005201678536842885,0,0.5,0,0.027254257308038175,0,0.5,0,0.01649648123256998,0,0.5,0,0.03246903314228056,0,0.5900000000000001
P000502,iron_deficiency_anemia,iron_deficiency,1,iron_deficiency_anemia,iron_deficiency,1,0.9999685555054291,1,0.6785714285714285,0,3.193267199590026e-05,0,0.15,0,0.3794428942766375,0,0.95,0,0.01892428034159594,0,0.5,0,0.001268362385104884,0,0.5,0,3.430708700613832e-05,0,0.68
P000503,B12_deficiency_no_anemia,B12_deficiency,0,B12_deficiency_no_anemia,B12_deficiency,0,4.374666565139261e-05,0,0.05,1,0.9984738079055583,1,0.15,0,0.0289371711421774,0,0.5,0,0.0006450883764935308,0,0.5,0,0.00015629504929659015,0,0.5,0,0.002134245970994657,0,0.05
P000504,no_anemia_no_deficiency,none,0,no_anemia_no_deficiency,none,0,0.031307458742895734,0,0.5,0,0.001604623453285874,0,0.5,0,0.0008314589229943909,0,0.1,0,0.004689594320383492,0,0.5,0,0.001062052590886403,0,0.5,0,2.26271760100183e-05,0,0.05
P000505,folate_deficiency_no_anemia,folate_deficiency,0,folate_deficiency_no_anemia,folate_deficiency,0,0.040075127577282585,0,0.5,0,0.0966622113201299,0,0.5,1,0.7835049441727414,1,0.95,0,0.003009059341141307,0,0.5,0,0.006291471306723809,0,0.5,0,4.460490985530039e-05,0,0.05
P000506,iron_deficiency_anemia,iron_deficiency,1,iron_deficiency_anemia,iron_deficiency,1,0.9999634474169221,1,0.7749999999999999,0,0.0003604821212719394,0,0.5,0,0.09250986822344104,0,0.5,0,0.012981260543202255,0,0.5,0,0.00019858062042255232,0,0.5,0,0.00030149784091057714,0,0.68
P000507,folate_deficiency_anemia,folate_deficiency,1,anemia_other,undetermined,0,0.0015218208398387425,0,0.05,0,0.0005120684610564531,0,0.15,1,0.13742650208941637,0,0.5,0,0.015378086680221652,0,0.5,0,0.008473819693948649,0,0.5,0,0.0008088283121846808,0,0.5
P000508,mixed_deficiency,iron_B12,1,mixed_deficiency,iron_B12,1,0.9998805180066329,1,0.9500000000000001,1,0.7430418487062891,1,0.5,0,0.013488281149040592,0,0.1,0,0.0011722285543980724,0,0.5,0,0.0003633930282858696,0,0.5,0,0.005144208696111473,0,0.5642857142857144
P000509,iron_deficiency_anemia,iron_deficiency,1,iron_deficiency_anemia,iron_deficiency,1,0.9463676936143721,1,0.9500000000000001,0,0.00024282451783999326,0,0.15,0,0.0016056575334358442,0,0.5,0,0.017786575037991786,0,0.5,0,0.001417748921273576,0,0.5,0,0.0001940227620524553,0,0.05
P000510,B12_deficiency_no_anemia,B12_deficiency,0,B12_deficiency_no_anemia,B12_deficiency,0,0.000410405337496827,0,0.5,1,0.9846636057969723,1,0.5,0,0.23646736030386226,0,0.5,0,0.0028612637158411496,0,0.5,0,0.007370433276887954,0,0.5,0,3.552879891143342e-05,0,0.05
P000511,anemia_other,undetermined,1,anemia_other,undetermined,0,0.04345035162303202,0,0.05,0,0.17187081947180877,0,0.15,0,0.004204340812160427,0,0.5,0,0.022203878077456603,0,0.5,0,0.0065473826917716626,0,0.5,0,9.711676151305494e-05,0,0.5
P000512,mixed_deficiency,iron_B12,1,mixed_deficiency,iron_B12,1,0.9999748403810008,1,0.8214285714285715,1,0.9998493316769166,1,0.95,0,0.001162349568073495,0,0.1,0,0.002573212652574787,0,0.5,0,0.005814956199697298,0,0.5,0,4.2391657432829965e-05,0,0.68
P000513,iron_deficiency_anemia,iron_deficiency,1,iron_deficiency_anemia,iron_deficiency,1,0.9999842698096798,1,0.6849999999999999,0,0.00039885221492420685,0,0.15,0,0.03316299872907615,0,0.5,0,0.003130022326602932,0,0.5,0,0.011609900180843069,0,0.5,0,0.0005349585819479969,0,0.9500000000000001
P000514,latent_deficiency,iron_deficiency,0,latent_deficiency,iron_deficiency,1,0.9999641093880541,1,0.8149999999999998,0,0.00033997312084874933,0,0.15,0,0.18155627672263888,0,0.5,0,0.0003137569378975688,0,0.5,0,6.224188595210281e-06,0,0.5,0,2.881152490571185e-05,0,0.05
P000515,mixed_deficiency,B12_folate,1,mixed_deficiency,B12_folate,0,6.874737620354753e-05,0,0.05,1,0.9999251466817771,1,0.15,1,0.8451486292968285,1,0.95,0,0.0002958080353745422,0,0.5,0,0.0004285458730351593,0,0.5,0,1.4798255344794213e-05,0,0.4357142857142857
P000516,B12_deficiency_anemia,B12_deficiency,1,B12_deficiency_anemia,B12_deficiency,0,0.00011455766380429943,0,0.05,1,0.999870761866214,1,0.15,0,0.07924647738321497,0,0.5,0,0.009432639603676206,0,0.5,0,8.707757814499053e-05,0,0.5,0,0.00442982980978105,0,0.9500000000000001
P000517,mixed_deficiency,B12_folate,1,mixed_deficiency,B12_folate,0,0.0012173388882279785,0,0.5409090909090909,1,0.9990254882687903,1,0.15,1,0.9268600075548797,1,0.95,0,0.0018055163660038506,0,0.5,0,0.0011945542078309374,0,0.5,0,9.732450133449833e-05,0,0.9500000000000001
P000518,B6_deficiency,B6_deficiency,1,anemia_other,undetermined,0,0.010508780736213537,0,0.05,0,0.005900502591501364,0,0.15,0,0.004499748008828693,0,0.5,1,0.013149726566446605,0,0.5,0,0.00047970392998918223,0,0.5,0,0.003290573688280428,0,0.4357142857142857
P000519,inflammation_anemia,inflammation,1,inflammation_anemia,inflammation,0,0.00014451271772073686,0,0.24285714285714283,0,0.0030050996311211204,0,0.5,0,0.012595414060632738,0,0.5,0,0.0012473153966987929,0,0.5,0,0.0004595815334529495,0,0.5,1,0.9999760547591529,1,0.9500000000000001
P000520,iron_deficiency_anemia,iron_deficiency,1,iron_deficiency_anemia,iron_deficiency,1,0.9999917542962453,1,0.6785714285714285,0,0.0006153355818559047,0,0.15,0,0.0007698352192376282,0,0.1,0,0.006291482635503674,0,0.5,0,0.004648638952003865,0,0.5,0,0.0036618602959973988,0,0.68
P000521,mixed_deficiency,iron_folate,1,mixed_deficiency,iron_folate,1,0.9998867685523454,1,0.86,0,0.0013287087367366893,0,0.15,1,0.9863225762668107,1,0.95,0,0.009326885250547636,0,0.5,0,0.000590968612365929,0,0.5,0,0.00037722942198984967,0,0.68
P000522,anemia_other,undetermined,1,anemia_other,undetermined,0,0.001359424028434337,0,0.5409090909090909,0,3.542871979643112e-05,0,0.15,0,0.010967611781629243,0,0.5,0,0.015147800718920156,0,0.5,0,0.0009991925592137863,0,0.5,0,4.4964893198715665e-05,0,0.9500000000000001
P000523,latent_deficiency,iron_deficiency,0,latent_deficiency,iron_deficiency,1,0.9987155748411345,1,0.6785714285714285,0,0.003582101820676327,0,0.5,0,0.03547482685655304,0,0.5,0,0.006387919082409815,0,0.5,0,0.0001811811144943772,0,0.5,0,1.5174844482061425e-05,0,0.05
P000524,inflammation_anemia,inflammation,1,inflammation_anemia,inflammation,0,0.01307184874145027,0,0.49999999999999994,0,0.001384351604364498,0,0.5,0,0.006005680645075046,0,0.5,0,0.016101767943083486,0,0.5,0,4.813586660762322e-10,0,0.5,1,0.9998801054419734,1,0.9500000000000001
P000525,latent_deficiency,iron_deficiency,0,latent_deficiency,iron_deficiency,1,0.9998613155882669,1,0.4599999999999999,0,5.266020288492695e-05,0,0.15,0,0.012660063845836188,0,0.5,0,0.00320231500212658,0,0.5,0,0.010197334036397537,0,0.5,0,3.6503806515498754e-05,0,0.05
P000526,iron_deficiency_anemia,iron_deficiency,1,iron_deficiency_anemia,iron_deficiency,1,0.9996157109059107,1,0.9500000000000001,0,0.03019926739786788,0,0.15,0,0.01376933409242331,0,0.5,0,0.0017441764374663963,0,0.5,0,0.0029660310115129677,0,0.5,0,8.089155064572243e-05,0,0.5642857142857144
P000527,inflammation_anemia,inflammation,1,inflammation_anemia,inflammation,0,0.0015739643099031506,0,0.24285714285714283,0,0.0014319562163995461,0,0.5,0,0.07534304067151885,0,0.95,0,0.0038975811576366,0,0.5,0,0.0003476563974931414,0,0.5,1,0.9999689002966504,1,0.9500000000000001
P000528,iron_deficiency_anemia,iron_deficiency,1,iron_deficiency_anemia,iron_deficiency,1,0.9985425339483598,1,0.5300000000000001,0,0.002705927932393706,0,0.5,0,0.0011860949063798186,0,0.1,0,0.0006810266960991725,0,0.5,0,0.0003966594746668923,0,0.5,0,0.00019080600127382636,0,0.05
P000529,mixed_deficiency,iron_folate,1,iron_deficiency_anemia,iron_deficiency,1,0.9978386382899127,1,0.49999999999999994,0,0.011595274572711478,0,0.15,1,0.5324929928360649,0,0.5,0,0.0005004735679786279,0,0.5,0,0.0014064310338022627,0,0.5,0,0.05426683999388241,0,0.9500000000000001
P000530,B6_deficiency,B6_deficiency,0,B6_deficiency,B6_deficiency,0,0.0014119932727249013,0,0.05,0,0.001199443957139006,0,0.5,0,0.0006916503007183891,0,0.1,1,0.8286982616845855,1,0.5,0,0.00012072437399873905,0,0.5,0,0.00012536070283159238,0,0.05
P000531,no_anemia_no_deficiency,none,0,no_anemia_no_deficiency,none,0,0.0003285458993226351,0,0.05,0,0.0017872557343673679,0,0.5,0,0.020654937587981807,0,0.5,0,0.08488259313127758,0,0.5,0,0.0008775089116189092,0,0.5,0,0.001289161256768221,0,0.05
P000532,latent_deficiency,iron_deficiency,0,latent_deficiency,iron_deficiency,1,0.9983676168071113,1,0.5909090909090909,0,0.0006646348507865943,0,0.5,0,0.020541905817547293,0,0.1,0,0.00269079466577196,0,0.5,0,0.00018007085136472641,0,0.5,0,0.0005301514534208856,0,0.05
P000533,folate_deficiency_anemia,folate_deficiency,1,anemia_other,undetermined,0,0.00011457501248634997,0,0.05,0,0.0004747036786716712,0,0.15,1,0.2842689721688131,0,0.95,0,0.018636777964811026,0,0.5,0,0.04859104352686084,0,0.5,0,0.03315797231609884,0,0.9500000000000001
P000534,inflammation_anemia,inflammation,1,inflammation_anemia,inflammation,0,0.0005892695442093349,0,0.6349999999999999,0,0.0014914338235387506,0,0.5,0,0.00027888374088973347,0,0.1,0,0.01397875335165268,0,0.5,0,0.00014105906161666204,0,0.5,1,0.9999887784760684,1,0.9500000000000001
P000535,iron_deficiency_anemia,iron_deficiency,1,iron_deficiency_anemia,iron_deficiency,1,0.8575511746784533,1,0.05,0,0.00026691600399873636,0,0.15,0,0.29449476489399,0,0.5,0,0.0008690337328970155,0,0.5,0,0.0037342154991539304,0,0.5,0,0.00011397197797755111,0,0.9500000000000001
P000536,B6_deficiency,B6_deficiency,0,B6_deficiency,B6_deficiency,0,0.005359908807599953,0,0.5,0,8.15608139719333e-05,0,0.5,0,0.040080016356994666,0,0.5,1,0.7478253548097306,1,0.5,0,0.00037332394548761334,0,0.5,0,0.0008187771805243188,0,0.05
P000537,no_anemia_no_deficiency,none,0,no_anemia_no_deficiency,none,0,0.022862421648508224,0,0.9500000000000001,0,0.0008915174727171106,0,0.15,0,0.028044356614915188,0,0.5,0,0.009458510650327271,0,0.5,0,0.011487418334709017,0,0.5,0,0.0012460335029286001,0,0.05
P000538,folate_deficiency_no_anemia,folate_deficiency,0,folate_deficiency_no_anemia,folate_deficiency,0,2.3918090302290683e-05,0,0.05,0,0.0018718606764094006,0,0.15,1,0.9841689514829947,1,0.95,0,0.0064865745793045645,0,0.5,0,0.001148176539634686,0,0.5,0,0.00023835059157918152,0,0.05
P000539,anemia_other,undetermined,1,anemia_other,undetermined,0,8.302124845425129e-05,0,0.05,0,0.004715043405414759,0,0.15,0,0.018187899894586804,0,0.5,0,0.00130289694062064,0,0.5,0,0.00673613390269342,0,0.5,0,0.0019524682843158625,0,0.9500000000000001
P000540,mixed_deficiency,iron_folate,1,iron_deficiency_anemia,iron_deficiency,1,0.9982108328611712,1,0.49999999999999994,0,0.00021818160570081377,0,0.5,1,0.40113153872218216,0,0.5,0,0.0036692822405457242,0,0.5,0,1.8003333541112762e-12,0,0.5,0,1.8659944144356933e-05,0,0.9500000000000001
P000541,mixed_deficiency,B12_folate,1,mixed_deficiency,B12_folate,0,0.00012586515255988447,0,0.05,1,0.9973183957098681,1,0.15,1,0.9846142186430722,1,0.95,0,0.0031832374235545684,0,0.5,0,0.0026983685999294365,0,0.5,0,0.0007931510096721104,0,0.5900000000000001
P000542,iron_deficiency_anemia,iron_deficiency,1,iron_deficiency_anemia,iron_deficiency,1,0.9937516906303863,1,0.1,0,0.0014518556838983255,0,0.5,0,0.0060766887217369205,0,0.5,0,0.024463582910030715,0,0.5,0,0.010624622954348328,0,0.5,0,0.0001270310955225444,0,0.9500000000000001
P000543,latent_deficiency,iron_deficiency,0,latent_deficiency,iron_deficiency,1,0.9999739826371533,1,0.6785714285714285,0,0.0023977588365152788,0,0.5,0,0.0005521930244040366,0,0.1,0,0.0028090827067855837,0,0.5,0,3.7074524190903016e-05,0,0.5,0,5.845386873610359e-05,0,0.05
P000544,latent_deficiency,iron_deficiency,0,latent_deficiency,iron_deficiency,1,0.9999629558647125,1,0.6849999999999999,0,0.0010580835695007962,0,0.5,0,0.0006007675999003085,0,0.1,0,0.000988999000997047,0,0.5,0,0.005169044585626716,0,0.5,0,0.007190039082496148,0,0.05
P000545,copper_deficiency,copper_deficiency,1,anemia_other,undetermined,0,8.535750868206651e-05,0,0.05,0,0.0005568887092052073,0,0.5,0,0.06800217925751116,0,0.5,0,0.0036998404757734686,0,0.5,1,2.2339448094765346e-07,0,0.5,0,0.0017339436000121159,0,0.9500000000000001
P000546,latent_deficiency,iron_deficiency,0,latent_deficiency,iron_deficiency,1,0.9999866551252454,1,0.6785714285714285,0,0.0008767806297699063,0,0.5,0,0.0010149314362537401,0,0.5,0,0.0009832332168274761,0,0.5,0,0.00015102965006166604,0,0.5,0,1.7933057472419486e-05,0,0.05
P000547,no_anemia_no_deficiency,none,0,no_anemia_no_deficiency,none,0,0.013402125159153103,0,0.5,0,0.0005065683308344575,0,0.15,0,0.00289573213895923,0,0.1,0,0.002044377031067887,0,0.5,0,0.0001287627754021601,0,0.5,0,0.001616697773744198,0,0.05
P000548,no_anemia_no_deficiency,none,0,no_anemia_no_deficiency,none,0,0.0002035015434081162,0,0.05,0,0.0008212941528334079,0,0.5,0,0.2326438607601153,0,0.5,0,0.0023754017562730633,0,0.5,0,0.00012936671690492267,0,0.5,0,0.0008408635217340933,0,0.05
P000549,folate_deficiency_no_anemia,folate_deficiency,0,no_anemia_no_deficiency,none,0,8.905968333661225e-05,0,0.05,0,0.013747511899907638,0,0.5,1,0.269933392165239,0,0.5,0,0.0014680200859552225,0,0.5,0,0.005119979709665759,0,0.5,0,5.284121254938894e-05,0,0.05
P000550,folate_deficiency_no_anemia,folate_deficiency,0,no_anemia_no_deficiency,none,0,0.0017623462147706888,0,0.05,0,0.09783592376406011,0,0.15,1,0.30749456097719485,0,0.5,0,0.018389915454993248,0,0.5,0,0.0068132241102549776,0,0.5,0,0.000312383329686743,0,0.05
P000551,no_anemia_no_deficiency,none,0,no_anemia_no_deficiency,none,0,0.35062457587381546,0,0.05,0,0.0016749061619103624,0,0.5,0,0.06693436383391509,0,0.5,0,0.005948591681525867,0,0.5,0,6.317071316207842e-05,0,0.5,0,7.82410456219513e-05,0,0.05
P000552,inflammation_anemia,inflammation,1,inflammation_anemia,inflammation,0,4.081666360838284e-05,0,0.05,0,0.00018243725461415862,0,0.15,0,0.0009653540424659105,0,0.1,0,0.0021036534417865674,0,0.5,0,1.9451010760178545e-06,0,0.5,1,0.9393431653026264,1,0.9500000000000001
P000553,iron_deficiency_anemia,iron_deficiency,1,iron_deficiency_anemia,iron_deficiency,1,0.9999976810016037,1,0.9500000000000001,0,8.85694600478812e-05,0,0.15,0,0.004771321466408516,0,0.1,0,0.013750605483309352,0,0.5,0,0.005583715534978987,0,0.5,0,0.00024755330570801047,0,0.41000000000000003
P000554,B12_deficiency_no_anemia,B12_deficiency,0,B12_deficiency_no_anemia,B12_deficiency,0,0.06905318597146791,0,0.5,1,0.9996108047123775,1,0.15,0,0.028883292697306287,0,0.5,0,0.004033601291212334,0,0.5,0,2.883225235647456e-09,0,0.5,0,2.3844604642712093e-05,0,0.05
P000555,no_anemia_no_deficiency,none,0,no_anemia_no_deficiency,none,0,0.00019190474393281513,0,0.05,0,0.0001027156254382174,0,0.15,0,0.029615683435999202,0,0.5,0,0.060347207219445156,0,0.5,0,0.0035769156435755786,0,0.5,0,0.028982261995841793,0,0.05
P000556,copper_deficiency,copper_deficiency,0,copper_deficiency,copper_deficiency,0,0.0026497040032671814,0,0.05,0,0.005092474293230976,0,0.5,0,0.13401546181718046,0,0.5,0,0.0016000258565790635,0,0.5,1,0.9856376358227708,1,0.5,0,4.318195923176568e-05,0,0.05
P000557,iron_deficiency_anemia,iron_deficiency,1,iron_deficiency_anemia,iron_deficiency,1,0.9999874514339897,1,0.9500000000000001,0,0.000815150106580749,0,0.15,0,0.009005499155382884,0,0.5,0,0.0036790532186979094,0,0.5,0,0.0016772293818335374,0,0.5,0,0.0002700386757652342,0,0.41000000000000003
P000558,folate_deficiency_no_anemia,folate_deficiency,0,folate_deficiency_no_anemia,folate_deficiency,0,0.0007514338487271207,0,0.05,0,0.0025356379771621323,0,0.5,1,0.9904877940180219,1,0.95,0,0.00048407421564009885,0,0.5,0,0.0016086404388288653,0,0.5,0,2.7138228039852216e-05,0,0.05
P000559,folate_deficiency_no_anemia,folate_deficiency,0,folate_deficiency_no_anemia,folate_deficiency,0,5.911206041500342e-05,0,0.05,0,0.0029684243913232046,0,0.5,1,0.9549688011461936,1,0.95,0,0.00034635920977410506,0,0.5,0,0.0076437218868758835,0,0.5,0,0.00010208838189157982,0,0.05
P000560,mixed_deficiency,iron_B12,1,mixed_deficiency,iron_B12,1,0.9972964331566982,1,0.1,1,0.9999583217276569,1,0.15,0,0.004437136969696144,0,0.1,0,0.0005386643073143313,0,0.5,0,1.6681054651419328e-13,0,0.5,0,2.8909056837950847e-05,0,0.5900000000000001
P000561,folate_deficiency_no_anemia,folate_deficiency,0,no_anemia_no_deficiency,none,0,0.00011845864998853638,0,0.31999999999999995,0,0.08591253415206891,0,0.5,1,0.4223115559654657,0,0.5,0,0.003008203457726144,0,0.5,0,0.0056266393200121055,0,0.5,0,3.410193435872576e-05,0,0.05
P000562,latent_deficiency,iron_deficiency,0,latent_deficiency,iron_deficiency,1,0.9999867665411006,1,0.9500000000000001,0,0.0009882987817830364,0,0.5,0,0.0005660951525139331,0,0.1,0,0.00047415475159311095,0,0.5,0,0.0016736687410025036,0,0.5,0,3.226694005620436e-05,0,0.05
P000563,no_anemia_no_deficiency,none,0,no_anemia_no_deficiency,none,0,0.0003193470878774417,0,0.05,0,0.017724839202279363,0,0.15,0,0.0007693063156914032,0,0.1,0,0.0008487185634150884,0,0.5,0,0.00033525232729748726,0,0.5,0,0.002395931970143507,0,0.05
P000564,no_anemia_no_deficiency,none,0,no_anemia_no_deficiency,none,0,8.691513699170334e-05,0,0.05,0,0.0052258291965061425,0,0.5,0,0.010137710697805181,0,0.5,0,0.0009532610009017497,0,0.5,0,0.0020688724174339687,0,0.5,0,0.0008862583064164468,0,0.05
P000565,latent_deficiency,iron_deficiency,0,latent_deficiency,iron_deficiency,1,0.9991598592539996,1,0.31999999999999995,0,0.0020587755137570145,0,0.5,0,0.027728860311361805,0,0.5,0,0.004290288151706461,0,0.5,0,6.141827703748132e-05,0,0.5,0,0.00046637668973478026,0,0.05
P000566,mixed_deficiency,iron_folate,1,mixed_deficiency,iron_folate,1,0.9999761009421375,1,0.7571428571428572,0,0.0050182655159940175,0,0.15,1,0.948307869577905,1,0.95,0,0.001480627838939519,0,0.5,0,0.005024093374747511,0,0.5,0,6.133614242206512e-05,0,0.05
P000567,B12_deficiency_anemia,B12_deficiency,1,B12_deficiency_anemia,B12_deficiency,0,0.0008550527942030675,0,0.5,1,0.9999433131365112,1,0.95,0,0.17096468892831496,0,0.5,0,0.00013009850657898702,0,0.5,0,0.000682916894574817,0,0.5,0,2.3221155752120402e-05,0,0.5
P000568,iron_deficiency_anemia,iron_deficiency,1,iron_deficiency_anemia,iron_deficiency,1,0.9998945576120517,1,0.4857142857142857,0,0.039481427016398576,0,0.5,0,0.026228840665590697,0,0.5,0,0.0008451504412574773,0,0.5,0,0.0004833234145761763,0,0.5,0,5.827619470143096e-05,0,0.32
P000569,anemia_other,undetermined,1,anemia_other,undetermined,0,0.00012292121692883978,0,0.05,0,0.0001554002069185733,0,0.15,0,0.12869605846572502,0,0.5,0,0.009207225518306994,0,0.5,0,1.8264817022741423e-07,0,0.5,0,8.497149809080814e-05,0,0.5900000000000001
P000570,mixed_deficiency,iron_folate,1,mixed_deficiency,iron_folate,1,0.9999801132066648,1,0.7571428571428572,0,0.08925357885844558,0,0.15,1,0.8588642088597392,1,0.95,0,0.004132516928768608,0,0.5,0,0.0001242917519917267,0,0.5,0,6.436557575529019e-05,0,0.05
P000571,B12_deficiency_anemia,B12_deficiency,1,B12_deficiency_anemia,B12_deficiency,0,0.0007796670631551687,0,0.05,1,0.9995191377741781,1,0.15,0,0.03647867680841267,0,0.5,0,0.01312783666309892,0,0.5,0,5.327822641876567e-05,0,0.5,0,3.581248286460101e-05,0,0.4357142857142857
P000572,no_anemia_no_deficiency,none,0,no_anemia_no_deficiency,none,0,0.00030497724833962193,0,0.05,0,0.0005201293908109505,0,0.15,0,0.022752206442866334,0,0.5,0,0.002240904533824098,0,0.5,0,0.005512527649049116,0,0.5,0,0.0034701995839267878,0,0.05
P000573,mixed_deficiency,B12_folate,1,mixed_deficiency,B12_folate,0,0.03813857548547592,0,0.05,1,0.9998850475562979,1,0.95,1,0.9255319685277668,1,0.95,0,0.002090575886456059,0,0.5,0,3.209349392875174e-05,0,0.5,0,0.01282791953000127,0,0.9500000000000001
P000574,folate_deficiency_anemia,folate_deficiency,1,anemia_other,undetermined,0,0.001362237839688185,0,0.05,0,0.017954700774163494,0,0.5,1,0.49150311976915106,0,0.5,0,0.014781856676326203,0,0.5,0,0.00022026226075164482,0,0.5,0,0.00022415599619694256,0,0.4357142857142857
P000575,inflammation_anemia,inflammation,1,inflammation_anemia,inflammation,0,0.0012697276424097348,0,0.49999999999999994,0,0.00018632554772637236,0,0.15,0,0.015296209079525395,0,0.5,0,0.0029055788864865008,0,0.5,0,0.0031745338764466637,0,0.5,1,0.9998857425847563,1,0.9500000000000001
P000576,copper_deficiency,copper_deficiency,0,copper_deficiency,copper_deficiency,0,0.0003655273404723511,0,0.05,0,0.008910252410721206,0,0.5,0,0.07309181755715555,0,0.5,0,0.0036208521864345713,0,0.5,1,0.34618499599439434,1,0.5,0,0.00011020881249926799,0,0.05
P000577,latent_deficiency,iron_deficiency,0,latent_deficiency,iron_deficiency,1,0.912787367688813,1,0.9500000000000001,0,3.050037330682661e-05,0,0.15,0,0.007559694721090731,0,0.5,0,0.012272759860727052,0,0.5,0,0.000429687385044444,0,0.5,0,0.0006491440344119869,0,0.05
P000578,anemia_other,undetermined,1,anemia_other,undetermined,0,0.0009404622618900944,0,0.5,0,0.00021472930057898717,0,0.15,0,0.027763207318478332,0,0.5,0,0.009156015196921009,0,0.5,0,2.4691611468571174e-07,0,0.5,0,0.0006736336597241917,0,0.5
P000579,B12_deficiency_no_anemia,B12_deficiency,0,B12_deficiency_no_anemia,B12_deficiency,0,0.0007199363155496582,0,0.5,1,0.9985905923996838,1,0.95,0,0.009552515157445575,0,0.1,0,0.00038499676687015394,0,0.5,0,0.0006982276262784384,0,0.5,0,4.662712132944702e-05,0,0.05
P000580,folate_deficiency_anemia,folate_deficiency,1,folate_deficiency_anemia,folate_deficiency,0,0.003800524508005196,0,0.05,0,0.00036693096331921396,0,0.15,1,0.6671168022555566,1,0.5,0,0.0014764830857240203,0,0.5,0,0.005566047475695105,0,0.5,0,4.1214025270272917e-05,0,0.5900000000000001
P000581,iron_deficiency_anemia,iron_deficiency,1,iron_deficiency_anemia,iron_deficiency,1,0.999960321227638,1,0.4357142857142857,0,2.0116399615251495e-05,0,0.15,0,0.0006249056846603471,0,0.5,0,0.01905522478261404,0,0.5,0,0.00021623167580165048,0,0.5,0,0.0003205776092780043,0,0.32
P000582,latent_deficiency,iron_deficiency,0,latent_deficiency,iron_deficiency,1,0.9987036663249493,1,0.8214285714285715,0,0.0008590618401841396,0,0.5,0,0.008530766830665755,0,0.5,0,0.010547437147175251,0,0.5,0,0.00011241412331766669,0,0.5,0,0.0070066049760969815,0,0.05
P000583,anemia_other,undetermined,1,inflammation_anemia,inflammation,0,0.00037208818535453925,0,0.05,0,0.0028654727046868445,0,0.15,0,0.08180995483210136,0,0.5,0,0.007736575953126597,0,0.5,0,0.005712609226580627,0,0.5,0,0.8332401992362434,1,0.4357142857142857
P000584,no_anemia_no_deficiency,none,0,no_anemia_no_deficiency,none,0,0.0021509249711540897,0,0.05,0,0.00044672148583243566,0,0.5,0,0.00465410609915469,0,0.5,0,0.011130698476011027,0,0.5,0,0.006203477621755453,0,0.5,0,0.0013206003970902052,0,0.05
P000585,folate_deficiency_no_anemia,folate_deficiency,0,folate_deficiency_no_anemia,folate_deficiency,0,0.03478925834325302,0,0.5,0,8.550376006327596e-05,0,0.15,1,0.9659784849449946,1,0.95,0,0.0043361042864008895,0,0.5,0,0.0012038584587760895,0,0.5,0,0.00031149265835870123,0,0.05
P000586,no_anemia_no_deficiency,none,0,no_anemia_no_deficiency,none,0,6.0015370247019174e-05,0,0.05,0,0.0005250006119465197,0,0.15,0,0.043840120611518874,0,0.5,0,0.0024796926445460566,0,0.5,0,0.0014456934242666956,0,0.5,0,0.00811441786389551,0,0.05
P000587,latent_deficiency,iron_deficiency,0,no_anemia_no_deficiency,none,1,0.08066193182839897,0,0.5,0,0.005123854266745293,0,0.5,0,0.018917159163196008,0,0.5,0,0.002594446023006641,0,0.5,0,0.0027768954721725274,0,0.5,0,0.00011594559643072862,0,0.05
P000588,no_anemia_no_deficiency,none,0,no_anemia_no_deficiency,none,0,0.0006370064707237396,0,0.5409090909090909,0,0.003581525977951204,0,0.5,0,0.0497788651100044,0,0.5,0,0.004022781120866163,0,0.5,0,0.016857152945891716,0,0.5,0,0.00018355162631147843,0,0.05
P000589,mixed_deficiency,iron_folate,1,mixed_deficiency,iron_folate,1,0.9999487702327898,1,0.86,0,0.015530723672221516,0,0.15,1,0.6466010968479604,1,0.95,0,0.012492892997779337,0,0.5,0,0.006525906816889766,0,0.5,0,0.0018206662055146395,0,0.68
P000590,iron_deficiency_anemia,iron_deficiency,1,iron_deficiency_anemia,iron_deficiency,1,0.9619970552917665,1,0.49999999999999994,0,0.00034536032413319393,0,0.15,0,0.001673408206070189,0,0.1,0,0.007535943524201343,0,0.5,0,1.5992259094117396e-05,0,0.5,0,0.032730408999824184,0,0.9500000000000001
P000591,mixed_deficiency,B12_folate,1,mixed_deficiency,B12_folate,0,9.047221691646287e-05,0,0.05,1,0.8981517898849185,1,0.5,1,0.997144074848276,1,0.95,0,0.007682747423000133,0,0.5,0,0.0040208615512618276,0,0.5,0,2.3074522490001144e-05,0,0.9500000000000001
P000592,B12_deficiency_anemia,B12_deficiency,1,B12_deficiency_anemia,B12_deficiency,0,0.00033679413238109693,0,0.05,1,0.9998320817541673,1,0.95,0,0.08349845098781455,0,0.5,0,0.0003385327917905272,0,0.5,0,9.863583492730966e-15,0,0.5,0,0.00037088741857095874,0,0.5900000000000001
P000593,folate_deficiency_no_anemia,folate_deficiency,0,folate_deficiency_no_anemia,folate_deficiency,0,0.00011865691012983967,0,0.05,0,0.01775458443801494,0,0.5,1,0.9943730970766509,1,0.95,0,0.0064905120650512235,0,0.5,0,9.764948709682403e-05,0,0.5,0,2.481781354794421e-05,0,0.05
P000594,no_anemia_no_deficiency,none,0,no_anemia_no_deficiency,none,0,0.0630325775304166,0,0.5,0,0.0025419740811544363,0,0.15,0,0.005579442505894667,0,0.5,0,0.0019550167171405695,0,0.5,0,0.0008576496211679446,0,0.5,0,2.7667245698072417e-05,0,0.05
P000595,no_anemia_no_deficiency,none,0,no_anemia_no_deficiency,none,0,0.00017420019943480467,0,0.05,0,0.0007098140478451778,0,0.15,0,0.03724163743313903,0,0.5,0,0.0012841569051540206,0,0.5,0,0.001524523224142722,0,0.5,0,0.28233741183562766,0,0.05
P000596,latent_deficiency,iron_deficiency,0,latent_deficiency,iron_deficiency,1,0.9999973254537987,1,0.9500000000000001,0,0.0014243286572765315,0,0.5,0,0.0039181606305970645,0,0.5,0,0.004463011284329932,0,0.5,0,0.003959739595004459,0,0.5,0,9.389729652638113e-05,0,0.05
P000597,B12_deficiency_no_anemia,B12_deficiency,0,B12_deficiency_no_anemia,B12_deficiency,0,0.018618727680210466,0,0.5,1,0.893104541549245,1,0.95,0,0.005726327279432997,0,0.5,0,0.0010312050848217047,0,0.5,0,0.015493223892655738,0,0.5,0,9.49166010661746e-05,0,0.05
P000598,folate_deficiency_no_anemia,folate_deficiency,0,no_anemia_no_deficiency,none,0,0.0003056252420278172,0,0.05,0,0.003506602688074887,0,0.5,1,0.4120729907182235,0,0.95,0,0.003454333111916644,0,0.5,0,0.006673192203853928,0,0.5,0,1.9471929480514742e-05,0,0.05
P000599,folate_deficiency_anemia,folate_deficiency,1,anemia_other,undetermined,0,0.00034682522311712345,0,0.05,0,0.0024305704720399054,0,0.15,1,0.3010666626408532,0,0.5,0,0.0009809840571279255,0,0.5,0,0.002648214798400326,0,0.5,0,0.0002243814596005979,0,0.5
P000600,iron_deficiency_anemia,iron_deficiency,1,iron_deficiency_anemia,iron_deficiency,1,0.9973072042424673,1,0.5300000000000001,0,6.700581353071091e-05,0,0.15,0,0.050309170241822763,0,0.5,0,0.007438238518327867,0,0.5,0,5.066767506903451e-05,0,0.5,0,8.39613816800388e-05,0,0.05
P000601,iron_deficiency_anemia,iron_deficiency,1,iron_deficiency_anemia,iron_deficiency,1,0.9597842691877362,1,0.7500000000000001,0,0.031437367950359243,0,0.15,0,0.05188448249284028,0,0.5,0,0.008062740564818968,0,0.5,0,0.00011435253106234004,0,0.5,0,0.00021329617244653527,0,0.9500000000000001
P000602,mixed_deficiency,iron_B12,1,mixed_deficiency,iron_B12,1,0.9999088837196025,1,0.6849999999999999,1,0.9083560685616285,1,0.15,0,0.0006301866516230521,0,0.1,0,0.0053130202033574705,0,0.5,0,0.0001091260648862972,0,0.5,0,0.0006271637272482768,0,0.9500000000000001
P000603,B12_deficiency_anemia,B12_deficiency,1,B12_deficiency_anemia,B12_deficiency,0,0.00010009294799814315,0,0.05,1,0.9998759891528359,1,0.15,0,0.14234148607415398,0,0.5,0,0.0015603575475842855,0,0.5,0,0.010846363706230613,0,0.5,0,2.8518228081151005e-05,0,0.5900000000000001
P000604,no_anemia_no_deficiency,none,0,no_anemia_no_deficiency,none,0,0.005982800575479207,0,0.17857142857142855,0,0.0031640940582867345,0,0.5,0,0.00846406567264293,0,0.5,0,0.001646546133998669,0,0.5,0,0.0028589522874904456,0,0.5,0,4.176869354965673e-05,0,0.05
P000605,copper_deficiency,copper_deficiency,1,copper_deficiency,copper_deficiency,0,0.014093791711522474,0,0.5,0,0.0146552892951305,0,0.5,0,0.0757388985216443,0,0.5,0,0.0018806880199903997,0,0.5,1,0.9705312382065234,1,0.5,0,0.00011058979468019695,0,0.5
P000606,inflammation_anemia,inflammation,1,inflammation_anemia,inflammation,0,0.0001041254166091005,0,0.24285714285714283,0,0.0008091301446763095,0,0.5,0,0.0024036665693665336,0,0.5,0,0.013778493782712682,0,0.5,0,1.3039762626916706e-06,0,0.5,1,0.999953505204686,1,0.9500000000000001
P000607,B12_deficiency_no_anemia,B12_deficiency,0,B12_deficiency_no_anemia,B12_deficiency,0,0.0077978372124976846,0,0.5,1,0.999919929568182,1,0.95,0,0.0924243026106816,0,0.5,0,0.012964066198951189,0,0.5,0,0.007149056545850305,0,0.5,0,4.416497121613165e-05,0,0.05
P000608,mixed_deficiency,iron_B12,1,mixed_deficiency,iron_B12,1,0.9982568659024769,1,0.9500000000000001,1,0.9983130756540644,1,0.95,0,0.01690162243321501,0,0.5,0,0.001992194876276303,0,0.5,0,0.000613029367268159,0,0.5,0,0.00023684619727134772,0,0.5642857142857144
P000609,no_anemia_no_deficiency,none,0,folate_deficiency_no_anemia,folate_deficiency,0,0.20403300902727925,0,0.05,0,0.001079023930750018,0,0.15,0,0.6490948905050721,1,0.5,0,0.0010115610361341447,0,0.5,0,0.0006270078314158129,0,0.5,0,0.0003459137929282426,0,0.05
P000610,latent_deficiency,iron_deficiency,0,latent_deficiency,iron_deficiency,1,0.9999822566118701,1,0.6785714285714285,0,0.003117985166048229,0,0.5,0,0.0008015482516677692,0,0.1,0,0.08008230541029238,0,0.5,0,0.0005649119540629446,0,0.5,0,0.0001357937302208449,0,0.05
P000611,B12_deficiency_anemia,B12_deficiency,1,B12_deficiency_anemia,B12_deficiency,0,0.00016224416999694062,0,0.41000000000000003,1,0.9703157409676837,1,0.15,0,0.004171344136146787,0,0.1,0,0.00040296878113705594,0,0.5,0,0.0006877709664656977,0,0.5,0,0.00028571784878590745,0,0.4357142857142857
P000612,B12_deficiency_anemia,B12_deficiency,1,B12_deficiency_anemia,B12_deficiency,0,0.0010097833885175673,0,0.5,1,0.9943393813729282,1,0.95,0,0.25490147503655775,0,0.5,0,0.00019980946964616908,0,0.5,0,0.010307404540736672,0,0.5,0,0.00010866216370686958,0,0.5
P000613,B12_deficiency_no_anemia,B12_deficiency,0,B12_deficiency_no_anemia,B12_deficiency,0,0.21192035286420585,0,0.05,1,0.9756618811100531,1,0.15,0,0.0031822161076082043,0,0.5,0,0.007828595292667209,0,0.5,0,0.0014919211391673356,0,0.5,0,0.00015178062232463197,0,0.05
P000614,anemia_other,undetermined,1,anemia_other,undetermined,0,0.025747155616396587,0,0.5,0,0.0008812077047991128,0,0.15,0,0.0020664674019713817,0,0.1,0,0.006871049241306432,0,0.5,0,0.0028730686883218573,0,0.5,0,0.007331709430996789,0,0.5
P000615,no_anemia_no_deficiency,none,0,no_anemia_no_deficiency,none,0,0.0001995569655990638,0,0.05,0,0.0002225011070563275,0,0.5,0,0.002173083231627735,0,0.1,0,0.003448926487910343,0,0.5,0,0.0034344896386367435,0,0.5,0,0.002460355867790753,0,0.05
P000616,B12_deficiency_anemia,B12_deficiency,1,B12_deficiency_anemia,B12_deficiency,0,0.002767621889512862,0,0.05,1,0.9992148080422151,1,0.15,0,0.11896057359032562,0,0.5,0,0.003558323236455709,0,0.5,0,0.0012146880271736377,0,0.5,0,9.141029881181211e-05,0,0.4357142857142857
P000617,mixed_deficiency,iron_folate,1,mixed_deficiency,iron_folate,1,0.9998871558811535,1,0.9500000000000001,0,0.00014012709347019362,0,0.15,1,0.6685056067913758,1,0.95,0,0.01122831711651696,0,0.5,0,0.003429134000176948,0,0.5,0,0.0002703958159455213,0,0.05
P000618,anemia_other,undetermined,1,anemia_other,undetermined,0,0.0002140247694862118,0,0.05,0,0.008963807225646898,0,0.15,0,0.0003256084324193112,0,0.1,0,0.14049987955816176,0,0.5,0,0.010622396101324774,0,0.5,0,0.00041491133529668436,0,0.5900000000000001
P000619,mixed_deficiency,B12_folate,1,mixed_deficiency,B12_folate,0,0.0029901969972540776,0,0.05,1,0.9999389860692434,1,0.95,1,0.9803406309826634,1,0.95,0,0.0005241190835282661,0,0.5,0,0.007432013904120545,0,0.5,0,0.0024472575188893534,0,0.9500000000000001
P000620,iron_deficiency_anemia,iron_deficiency,1,mixed_deficiency,iron_B12,1,0.9999977572535634,1,0.9500000000000001,0,0.24117345265739468,1,0.15,0,0.0005999561766949249,0,0.1,0,0.00497170178667832,0,0.5,0,0.0030576929025062606,0,0.5,0,8.467358477699903e-05,0,0.41000000000000003
P000621,anemia_other,undetermined,1,anemia_other,undetermined,0,0.023126039962741377,0,0.05,0,0.00012731199342307204,0,0.15,0,0.0009529575621734938,0,0.1,0,0.009354736919693789,0,0.5,0,0.008124498354381823,0,0.5,0,1.845559831560996e-05,0,0.4357142857142857
P000622,B12_deficiency_no_anemia,B12_deficiency,0,B12_deficiency_no_anemia,B12_deficiency,0,0.018103208999298005,0,0.5,1,0.9991633793808037,1,0.15,0,0.05109635875613957,0,0.5,0,0.00017133135170672363,0,0.5,0,0.00022525619532652537,0,0.5,0,0.00041271921957610543,0,0.05
P000623,no_anemia_no_deficiency,none,0,no_anemia_no_deficiency,none,0,6.913341803574215e-05,0,0.05,0,0.0018245412032088094,0,0.5,0,0.059369415706781885,0,0.5,0,0.011465529120199387,0,0.5,0,0.0039325235754407726,0,0.5,0,0.00099060299256184,0,0.05
P000624,B6_deficiency,B6_deficiency,0,no_anemia_no_deficiency,none,0,0.09094718981459461,0,0.05,0,8.825330451458641e-05,0,0.15,0,0.007141330111912852,0,0.5,1,0.12357323994250864,0,0.5,0,0.0003892046482384567,0,0.5,0,0.007306417583899036,0,0.05
P000625,no_anemia_no_deficiency,none,0,no_anemia_no_deficiency,none,0,0.027798322292009528,0,0.5,0,0.002442953980069225,0,0.5,0,0.0005265780690270071,0,0.1,0,0.003237620440312969,0,0.5,0,0.0005864512572796674,0,0.5,0,7.337398477151966e-05,0,0.05
P000626,copper_deficiency,copper_deficiency,1,copper_deficiency,copper_deficiency,0,0.00012730903819113402,0,0.05,0,0.0003825261740930128,0,0.15,0,0.35342276042550236,0,0.95,0,0.0013186002700082047,0,0.5,1,0.9979569391220648,1,0.5,0,0.0011340016190498068,0,0.9500000000000001
P000627,iron_deficiency_anemia,iron_deficiency,1,iron_deficiency_anemia,iron_deficiency,1,0.9999943315378288,1,0.7571428571428572,0,0.00033390417866968836,0,0.15,0,0.0006320050392660728,0,0.1,0,0.00109689539353305,0,0.5,0,0.0022995495050499217,0,0.5,0,6.967138107023327e-06,0,0.05
P000628,B12_deficiency_anemia,B12_deficiency,1,B12_deficiency_anemia,B12_deficiency,0,0.0004436262170831157,0,0.1,1,0.9934683654358312,1,0.15,0,0.03610057730337528,0,0.5,0,0.0018256937979228925,0,0.5,0,0.0029373438926653373,0,0.5,0,0.00036817227330200695,0,0.5900000000000001
P000629,no_anemia_no_deficiency,none,0,no_anemia_no_deficiency,none,0,0.002408157658479782,0,0.05,0,0.006144745395053808,0,0.15,0,0.0030314008345042115,0,0.1,0,0.0031397960103972658,0,0.5,0,0.006432439944753765,0,0.5,0,3.431558329980155e-05,0,0.05
P000630,B12_deficiency_no_anemia,B12_deficiency,0,B12_deficiency_no_anemia,B12_deficiency,0,0.00014213036709448165,0,0.31999999999999995,1,0.998818700874629,1,0.95,0,0.011256673767308784,0,0.5,0,0.001825535618672339,0,0.5,0,0.005177814191412446,0,0.5,0,0.00664166725631474,0,0.05
P000631,no_anemia_no_deficiency,none,0,no_anemia_no_deficiency,none,0,0.0013770650169114735,0,0.05,0,0.00018765829295529248,0,0.15,0,0.00877981909385167,0,0.5,0,0.03578834419208782,0,0.5,0,0.002230423625029692,0,0.5,0,5.151978897513733e-05,0,0.05
P000632,latent_deficiency,iron_deficiency,0,latent_deficiency,iron_deficiency,1,0.9999892147130512,1,0.8214285714285715,0,0.00016282971333675443,0,0.5,0,0.021651038368973044,0,0.5,0,0.0003828435249891235,0,0.5,0,0.00011040437352374851,0,0.5,0,0.0002109097141681235,0,0.05
P000633,no_anemia_no_deficiency,none,0,no_anemia_no_deficiency,none,0,7.633813627456741e-05,0,0.05,0,0.001770407628372513,0,0.5,0,0.004329689993106885,0,0.5,0,0.008181999090405508,0,0.5,0,0.004141518093443647,0,0.5,0,0.0004842620485192945,0,0.05
P000634,iron_deficiency_anemia,iron_deficiency,1,iron_deficiency_anemia,iron_deficiency,1,0.9988769236689452,1,0.6349999999999999,0,0.0008358622845982914,0,0.5,0,0.02646788570067645,0,0.5,0,0.007907789535019962,0,0.5,0,0.0013904711878681341,0,0.5,0,0.00015004310191962138,0,0.9500000000000001
P000635,folate_deficiency_no_anemia,folate_deficiency,0,folate_deficiency_no_anemia,folate_deficiency,0,0.01582436179633891,0,0.5,0,0.0018824572592774673,0,0.5,1,0.8668448404199309,1,0.95,0,0.00015393288526808387,0,0.5,0,0.0037072381621146024,0,0.5,0,7.70018408255321e-05,0,0.05
P000636,mixed_deficiency,B12_folate,1,mixed_deficiency,B12_folate,0,3.900938392958426e-05,0,0.05,1,0.9671953988257997,1,0.15,1,0.7380434899381798,1,0.5,0,0.0005813231020728078,0,0.5,0,1.3433951404921447e-09,0,0.5,0,0.0003753168702684713,0,0.5900000000000001
P000637,B12_deficiency_anemia,B12_deficiency,1,B12_deficiency_anemia,B12_deficiency,0,8.46406451515324e-05,0,0.05,1,0.9975879478543979,1,0.5,0,0.14603068329859428,0,0.5,0,0.0020786848869043294,0,0.5,0,0.006421908193478526,0,0.5,0,0.0004385282569649518,0,0.5900000000000001
P000638,inflammation_anemia,inflammation,1,inflammation_anemia,inflammation,0,0.00010272387965654772,0,0.49999999999999994,0,0.0035048320610704255,0,0.15,0,0.08550457797193017,0,0.5,0,0.003925624725991581,0,0.5,0,0.0006319733311450328,0,0.5,1,0.9974066722846695,1,0.9500000000000001
P000639,B12_deficiency_no_anemia,B12_deficiency,0,B12_deficiency_no_anemia,B12_deficiency,0,0.00020532570383216195,0,0.5,1,0.9842956972072792,1,0.15,0,0.16295586390574407,0,0.5,0,0.00025054517177245804,0,0.5,0,3.4422240474575824e-08,0,0.5,0,2.6742589736137768e-05,0,0.05
P000640,latent_deficiency,iron_deficiency,0,latent_deficiency,iron_deficiency,1,0.8960343218061977,1,0.9500000000000001,0,0.0005404242244761394,0,0.15,0,0.054855575685484916,0,0.5,0,0.03537578034924972,0,0.5,0,0.0010056192863648647,0,0.5,0,2.141125419947811e-05,0,0.05
P000641,mixed_deficiency,B12_folate,1,mixed_deficiency,B12_folate,0,0.0183045342509136,0,0.05,1,0.9959965092096417,1,0.15,1,0.9884858799690833,1,0.95,0,0.001516572799517079,0,0.5,0,7.113322019131388e-10,0,0.5,0,1.0993339108466369e-05,0,0.9500000000000001
P000642,folate_deficiency_no_anemia,folate_deficiency,0,folate_deficiency_no_anemia,folate_deficiency,0,0.007781300695566962,0,0.9500000000000001,0,0.0017353135198149017,0,0.15,1,0.8939888591891791,1,0.95,0,0.001985215576988382,0,0.5,0,0.007971090979667824,0,0.5,0,0.0002522816397576578,0,0.05
P000643,B12_deficiency_anemia,B12_deficiency,1,B12_deficiency_anemia,B12_deficiency,0,5.57227253749661e-05,0,0.05,1,0.9996422993606637,1,0.15,0,0.2499568533973117,0,0.5,0,0.00014065026505401766,0,0.5,0,0.021470281833448096,0,0.5,0,0.0002457129754091088,0,0.9500000000000001
P000644,iron_deficiency_anemia,iron_deficiency,1,iron_deficiency_anemia,iron_deficiency,1,0.9999858883299727,1,0.8214285714285715,0,0.00021203401937029557,0,0.15,0,0.12741699987806765,0,0.5,0,0.010705137695460594,0,0.5,0,0.0006061714035202265,0,0.5,0,0.002047409495613912,0,0.68
P000645,B12_deficiency_no_anemia,B12_deficiency,0,B12_deficiency_no_anemia,B12_deficiency,0,0.00010300555704196287,0,0.05,1,0.9991863492350067,1,0.15,0,0.02366928672434705,0,0.5,0,0.0010648255282595344,0,0.5,0,0.0003988252705159406,0,0.5,0,7.089216086365146e-05,0,0.05
P000646,latent_deficiency,iron_deficiency,0,latent_deficiency,iron_deficiency,1,0.9986032778976166,1,0.8300000000000001,0,0.006581995831289825,0,0.5,0,0.0027899519642685332,0,0.5,0,0.0034521017314211528,0,0.5,0,3.4784329052310197e-10,0,0.5,0,0.00013543955537238594,0,0.05
P000647,anemia_other,undetermined,1,copper_deficiency,copper_deficiency,0,7.182012240348363e-05,0,0.05,0,0.0004020017654608283,0,0.5,0,0.003192039414392812,0,0.5,0,0.0021001122396329336,0,0.5,0,0.9997865864817316,1,0.5,0,0.0005114416266386316,0,0.5900000000000001
P000648,folate_deficiency_anemia,folate_deficiency,1,folate_deficiency_anemia,folate_deficiency,0,0.00023974063035799178,0,0.05,0,0.11370974725224262,0,0.5,1,0.5271690302773975,1,0.5,0,0.00225523010653753,0,0.5,0,0.10924728228172262,0,0.5,0,4.245262948438983e-05,0,0.9500000000000001
P000649,folate_deficiency_no_anemia,folate_deficiency,0,no_anemia_no_deficiency,none,0,0.10000826948629751,0,0.1,0,0.01848304639268662,0,0.5,1,0.050505783205704605,0,0.5,0,0.0026993276459031596,0,0.5,0,0.00037077513762632494,0,0.5,0,5.6340925806457504e-05,0,0.05
P000650,B12_deficiency_no_anemia,B12_deficiency,0,B12_deficiency_no_anemia,B12_deficiency,0,0.00015874569921967132,0,0.17000000000000004,1,0.9990792229384295,1,0.95,0,0.013627783344463714,0,0.5,0,0.0029516970063125877,0,0.5,0,0.00011686439509728795,0,0.5,0,0.0001194674216236528,0,0.05
P000651,latent_deficiency,iron_deficiency,0,latent_deficiency,iron_deficiency,1,0.9999083332414056,1,0.7571428571428572,0,3.82486081140716e-05,0,0.15,0,0.00474241380619918,0,0.5,0,0.0017149460472608085,0,0.5,0,0.0022844097056768297,0,0.5,0,0.0002169222656784451,0,0.05
P000652,copper_deficiency,copper_deficiency,1,copper_deficiency,copper_deficiency,0,0.00018227269528093895,0,0.05,0,0.0012669439913091825,0,0.5,0,0.047537577987436165,0,0.5,0,0.004247016135034075,0,0.5,1,0.9998833760949297,1,0.5,0,0.004226133372464704,0,0.9500000000000001
P000653,B6_deficiency,B6_deficiency,1,B6_deficiency,B6_deficiency,0,0.00013180350940712038,0,0.05,0,0.0004015971832950659,0,0.15,0,0.009474450808970605,0,0.5,1,0.8597767739067009,1,0.5,0,0.001443523178897267,0,0.5,0,0.10054857098477464,0,0.9500000000000001
P000654,anemia_other,undetermined,1,anemia_other,undetermined,0,0.00017762480958539347,0,0.05,0,0.006575931436261853,0,0.5,0,0.15907820045659435,0,0.5,0,0.0006206544061502842,0,0.5,0,0.0007751559515521326,0,0.5,0,0.029880090752063014,0,0.5900000000000001
P000655,B12_deficiency_anemia,B12_deficiency,1,B12_deficiency_anemia,B12_deficiency,0,0.0067595535544913,0,0.17857142857142855,1,0.9997852614265663,1,0.95,0,0.09403283021557271,0,0.5,0,0.0022348193026241843,0,0.5,0,0.00017164396195343645,0,0.5,0,0.0001952097074334715,0,0.32
P000656,mixed_deficiency,iron_B12,1,mixed_deficiency,iron_B12,1,0.9999787945235284,1,0.5499999999999999,1,0.9973105460992342,1,0.95,0,0.0015706497377363916,0,0.5,0,0.0016173331281760324,0,0.5,0,0.004228145427682447,0,0.5,0,9.081574546892073e-05,0,0.9500000000000001
P000657,iron_deficiency_anemia,iron_deficiency,1,iron_deficiency_anemia,iron_deficiency,1,0.9999752588826208,1,0.3571428571428571,0,2.3175489543686388e-05,0,0.15,0,0.0014910742948457893,0,0.1,0,0.003407232081929194,0,0.5,0,0.0009098787448847279,0,0.5,0,0.00014410037101584742,0,0.5900000000000001
P000658,mixed_deficiency,iron_B12,1,mixed_deficiency,iron_B12,1,0.999941275753194,1,0.8214285714285715,1,0.9990514873553789,1,0.95,0,0.0017470993850970055,0,0.1,0,0.0004355413307791848,0,0.5,0,7.470081368052748e-11,0,0.5,0,0.00018169333397618432,0,0.68
P000659,no_anemia_no_deficiency,none,0,no_anemia_no_deficiency,none,0,0.009449488087004718,0,0.05,0,0.0005875288572727349,0,0.5,0,0.005503221313492422,0,0.5,0,0.0063354600731946155,0,0.5,0,6.491109031230767e-05,0,0.5,0,5.380953195807833e-05,0,0.05
P000660,inflammation_anemia,inflammation,1,inflammation_anemia,inflammation,0,0.0007282184512212601,0,0.49999999999999994,0,0.00033154264604195853,0,0.15,0,0.021740729824466044,0,0.5,0,0.004769186569207715,0,0.5,0,0.004508470816665623,0,0.5,1,0.9999350701447163,1,0.9500000000000001
P000661,iron_deficiency_anemia,iron_deficiency,1,iron_deficiency_anemia,iron_deficiency,1,0.9999919263925288,1,0.9500000000000001,0,0.0015720579442670378,0,0.5,0,0.00018685973850670592,0,0.1,0,0.0022551193545311578,0,0.5,0,0.0017321437556285237,0,0.5,0,9.74150667575696e-05,0,0.41000000000000003
P000662,B6_deficiency,B6_deficiency,1,B6_deficiency,B6_deficiency,0,0.00015160864606804015,0,0.05,0,0.0020649897273421493,0,0.5,0,0.006087605656232048,0,0.5,1,0.7800943361214748,1,0.5,0,0.0001856658398622717,0,0.5,0,0.004518615401821659,0,0.4357142857142857
P000663,iron_deficiency_anemia,iron_deficiency,1,iron_deficiency_anemia,iron_deficiency,1,0.939030602360047,1,0.4999999999999999,0,0.0003189339299703943,0,0.15,0,0.0030760622745921095,0,0.1,0,0.00901717977441652,0,0.5,0,4.250110381563987e-07,0,0.5,0,7.591163343360158e-05,0,0.5900000000000001
P000664,no_anemia_no_deficiency,none,0,no_anemia_no_deficiency,none,0,0.00025033973493914755,0,0.05,0,0.029379748996503103,0,0.15,0,0.010042976214506498,0,0.5,0,0.0023031676862147483,0,0.5,0,0.0058971701369360035,0,0.5,0,0.0001192260299521098,0,0.05
P000665,B12_deficiency_anemia,B12_deficiency,1,B12_deficiency_anemia,B12_deficiency,0,0.008662535348341565,0,0.5,1,0.999913652326756,1,0.15,0,0.0014089946548434887,0,0.1,0,0.00024955240537736953,0,0.5,0,6.092963072176393e-14,0,0.5,0,3.26127244806212e-05,0,0.5
P000666,anemia_other,undetermined,1,anemia_other,undetermined,0,1.923399584242317e-05,0,0.05,0,0.007515441461663552,0,0.5,0,0.03329551665617071,0,0.5,0,0.000419099005472358,0,0.5,0,0.007391371007086362,0,0.5,0,2.9614845886908985e-05,0,0.5900000000000001
P000667,latent_deficiency,iron_deficiency,0,latent_deficiency,iron_deficiency,1,0.9634835806034956,1,0.9500000000000001,0,0.000582805410011083,0,0.15,0,0.018551395852253946,0,0.5,0,0.02355613306155555,0,0.5,0,0.0019682628403787815,0,0.5,0,9.51828796319859e-05,0,0.05
P000668,anemia_other,undetermined,1,anemia_other,undetermined,0,5.36223964168761e-05,0,0.05,0,0.0001728057351716879,0,0.15,0,0.0035569112157404843,0,0.1,0,0.004383596514019339,0,0.5,0,0.00019066834556381632,0,0.5,0,0.0003508014075317339,0,0.5900000000000001
P000669,mixed_deficiency,iron_folate,1,mixed_deficiency,iron_folate,1,0.9943707826304446,1,0.3071428571428571,0,0.0003705298447736064,0,0.5,1,0.6875167283240551,1,0.95,0,0.00428603063126976,0,0.5,0,0.0005710212113541652,0,0.5,0,0.0633634162383309,0,0.5900000000000001
P000670,latent_deficiency,iron_deficiency,0,latent_deficiency,iron_deficiency,1,0.9996453833685068,1,0.6285714285714284,0,0.0005932656908952758,0,0.5,0,0.010951926953208105,0,0.5,0,0.0006591095982495977,0,0.5,0,0.0001730114933457084,0,0.5,0,5.0889858480082934e-05,0,0.05
P000671,latent_deficiency,iron_deficiency,0,latent_deficiency,iron_deficiency,1,0.9976732953722038,1,0.6500000000000002,0,0.00020501736650731654,0,0.15,0,0.0020555794075712295,0,0.1,0,0.0011487686636304727,0,0.5,0,0.0009753235471716902,0,0.5,0,0.0004207026950450522,0,0.05
P000672,anemia_other,undetermined,1,anemia_other,undetermined,0,0.00017620967071799707,0,0.05,0,0.00014235245258778127,0,0.15,0,0.084937436511857,0,0.5,0,0.0005059443014446452,0,0.5,0,0.004200906159084579,0,0.5,0,0.0001421535585501847,0,0.5
P000673,B6_deficiency,B6_deficiency,1,B6_deficiency,B6_deficiency,0,0.09739156078964653,0,0.05,0,0.004252067424716894,0,0.5,0,0.021921514706930288,0,0.5,1,0.977965921933017,1,0.5,0,0.007462531086062687,0,0.5,0,0.0008101122999448155,0,0.9500000000000001
P000674,B12_deficiency_no_anemia,B12_deficiency,0,B12_deficiency_no_anemia,B12_deficiency,0,0.003970016432796199,0,0.9500000000000001,1,0.9675723579901803,1,0.15,0,0.07470505146844239,0,0.5,0,0.0030770543905135625,0,0.5,0,0.0020188898655250998,0,0.5,0,5.3861878968047555e-05,0,0.05
P000675,B12_deficiency_anemia,B12_deficiency,1,B12_deficiency_anemia,B12_deficiency,0,8.091504461493685e-05,0,0.05,1,0.9947645896212234,1,0.15,0,0.32766036251801156,0,0.5,0,0.003380563890220995,0,0.5,0,0.00012474763710931258,0,0.5,0,0.00016599271268713447,0,0.5900000000000001
P000676,mixed_deficiency,iron_B12,1,mixed_deficiency,iron_B12,1,0.9904607143042268,1,0.1,1,0.8074029570939332,1,0.15,0,0.001399482570166726,0,0.5,0,0.010615909013899534,0,0.5,0,0.003938792994112408,0,0.5,0,0.014544530811968152,0,0.9500000000000001
P000677,B12_deficiency_no_anemia,B12_deficiency,0,B12_deficiency_no_anemia,B12_deficiency,0,0.0027397658851085376,0,0.1,1,0.8299968208943824,1,0.15,0,0.021125420568631238,0,0.5,0,0.0019670300467135105,0,0.5,0,2.8745461444671272e-05,0,0.5,0,0.00019400368640412347,0,0.05
P000678,inflammation_anemia,inflammation,1,inflammation_anemia,inflammation,0,3.6223422111422485e-05,0,0.6349999999999999,0,0.0021030186394529094,0,0.5,0,0.036115552462428945,0,0.5,0,0.0011303516533897003,0,0.5,0,0.0003011877350918993,0,0.5,1,0.9999956356449038,1,0.9500000000000001
P000679,B12_deficiency_no_anemia,B12_deficiency,0,B12_deficiency_no_anemia,B12_deficiency,0,0.00010706508954072404,0,0.05,1,0.9983772587805638,1,0.95,0,0.013788052703203726,0,0.1,0,0.0027604147923584064,0,0.5,0,0.003788778524444507,0,0.5,0,0.0004432547900597861,0,0.05
P000680,latent_deficiency,iron_deficiency,0,latent_deficiency,iron_deficiency,1,0.9992097062140262,1,0.8214285714285715,0,0.0006616100156529865,0,0.5,0,0.004230607559511855,0,0.5,0,0.002709806184974607,0,0.5,0,0.00015964250805303924,0,0.5,0,7.978039547924551e-05,0,0.05
P000681,folate_deficiency_anemia,folate_deficiency,1,folate_deficiency_anemia,folate_deficiency,0,6.938997320354916e-05,0,0.05,0,0.13641198143110886,0,0.15,1,0.9678237618856891,1,0.95,0,0.0002878006142392562,0,0.5,0,0.0031803868028186825,0,0.5,0,6.938759041750419e-05,0,0.9500000000000001
P000682,latent_deficiency,iron_deficiency,0,latent_deficiency,iron_deficiency,1,0.9971392835857762,1,0.7500000000000001,0,0.00025054401763360747,0,0.5,0,0.0064712541605054155,0,0.5,0,0.016107907359615155,0,0.5,0,0.0005167283455949656,0,0.5,0,0.0037630763891904973,0,0.05
P000683,folate_deficiency_anemia,folate_deficiency,1,folate_deficiency_anemia,folate_deficiency,0,1.614499608682742e-05,0,0.05,0,0.11082183063503717,0,0.5,1,0.9857522123797384,1,0.95,0,0.003310265287921589,0,0.5,0,0.0005474071213090413,0,0.5,0,1.4757443624851665e-05,0,0.4357142857142857
P000684,B12_deficiency_anemia,B12_deficiency,1,B12_deficiency_anemia,B12_deficiency,0,0.01688586206441512,0,0.05,1,0.9982269166910991,1,0.15,0,0.07280454979567516,0,0.5,0,0.00971741203825341,0,0.5,0,0.0017259821662286901,0,0.5,0,0.00013348045903841872,0,0.4357142857142857
P000685,no_anemia_no_deficiency,none,0,no_anemia_no_deficiency,none,0,0.00012991809980440486,0,0.05,0,6.359572182215792e-05,0,0.15,0,0.02883098232435892,0,0.5,0,0.01337942549342852,0,0.5,0,0.00015449678759324337,0,0.5,0,0.02393170087398699,0,0.05
P000686,mixed_deficiency,iron_folate,1,mixed_deficiency,iron_folate,1,0.99953576015102,1,0.1,0,0.0006230268081323745,0,0.15,1,0.43050418936500734,1,0.5,0,0.00408582715950508,0,0.5,0,0.000462877718171431,0,0.5,0,0.0031987953264229203,0,0.5900000000000001
P000687,iron_deficiency_anemia,iron_deficiency,1,iron_deficiency_anemia,iron_deficiency,1,0.9999756675846899,1,0.9500000000000001,0,0.0001641654617948687,0,0.15,0,0.0052266497538082084,0,0.5,0,0.003190224532080889,0,0.5,0,9.863583492730966e-15,0,0.5,0,0.00038105095775845855,0,0.41000000000000003
P000688,B12_deficiency_no_anemia,B12_deficiency,0,B12_deficiency_no_anemia,B12_deficiency,0,0.0001146959666828484,0,0.05,1,0.7763307306062543,1,0.5,0,0.018281691268542653,0,0.5,0,0.004298589537579456,0,0.5,0,6.574785770872527e-07,0,0.5,0,1.2802346293237221e-05,0,0.05
P000689,mixed_deficiency,iron_B12,1,mixed_deficiency,iron_B12,1,0.9999966987967084,1,0.9500000000000001,1,0.876730895439136,1,0.5,0,0.0009637548255343063,0,0.1,0,0.01314709092950856,0,0.5,0,0.0076039228745065236,0,0.5,0,7.652805155837759e-05,0,0.41000000000000003
P000690,anemia_other,undetermined,1,anemia_other,undetermined,0,0.3622857892088285,0,0.05,0,0.0001921744584896102,0,0.15,0,0.001648212678489545,0,0.5,0,0.020333288264316803,0,0.5,0,0.004329047988110145,0,0.5,0,0.00026224650886518723,0,0.9500000000000001
P000691,iron_deficiency_anemia,iron_deficiency,1,mixed_deficiency,iron_folate,1,0.9741302527312696,1,0.5909090909090909,0,0.0002793112421146714,0,0.15,0,0.4586073791790477,1,0.5,0,0.017713949602111746,0,0.5,0,0.009798164957540524,0,0.5,0,0.00011057693092101342,0,0.9500000000000001
P000692,B12_deficiency_no_anemia,B12_deficiency,0,B12_deficiency_no_anemia,B12_deficiency,0,0.0004392917744230191,0,0.05,1,0.9998895634565993,1,0.95,0,0.05576422756821539,0,0.5,0,0.0007631034989191274,0,0.5,0,0.00024788275728580904,0,0.5,0,6.703115136563486e-05,0,0.05
P000693,iron_deficiency_anemia,iron_deficiency,1,iron_deficiency_anemia,iron_deficiency,1,0.9997509832230881,1,0.4857142857142857,0,0.005121499798005127,0,0.5,0,0.0006395996575161704,0,0.1,0,0.000560032868561638,0,0.5,0,0.0008827707497317632,0,0.5,0,0.0002530698194840831,0,0.32
P000694,no_anemia_no_deficiency,none,0,no_anemia_no_deficiency,none,0,0.0012404148684007318,0,0.05,0,0.002491039918315448,0,0.5,0,0.005555467826398212,0,0.5,0,0.0026623336229136003,0,0.5,0,0.0005345377578161769,0,0.5,0,3.353343603070238e-05,0,0.05
P000695,latent_deficiency,iron_deficiency,0,latent_deficiency,iron_deficiency,1,0.9851790098409042,1,0.6849999999999999,0,0.020267513194655376,0,0.15,0,0.0024049063143437846,0,0.1,0,0.0003896187940637544,0,0.5,0,0.002753086015352063,0,0.5,0,7.028079222013565e-05,0,0.05
P000696,iron_deficiency_anemia,iron_deficiency,1,iron_deficiency_anemia,iron_deficiency,1,0.9999658946968049,1,0.6785714285714285,0,0.007412281345946849,0,0.5,0,0.0024493960223099997,0,0.5,0,0.013487946278242506,0,0.5,0,1.7980769438904219e-06,0,0.5,0,1.6008685546509243e-05,0,0.68
P000697,folate_deficiency_anemia,folate_deficiency,1,folate_deficiency_anemia,folate_deficiency,0,7.193116709968957e-05,0,0.31999999999999995,0,0.002314246224204882,0,0.5,1,0.8294416437070179,1,0.95,0,0.005528805089709134,0,0.5,0,4.7529187009859985e-11,0,0.5,0,0.0003802949027615365,0,0.5900000000000001
P000698,mixed_deficiency,iron_B12,1,mixed_deficiency,iron_B12,1,0.999998474136047,1,0.7749999999999999,1,0.9930122890234664,1,0.15,0,0.0532283554591228,0,0.5,0,0.00248718823076767,0,0.5,0,0.00010773183779947272,0,0.5,0,0.00010797916015091517,0,0.68
P000699,folate_deficiency_anemia,folate_deficiency,1,folate_deficiency_anemia,folate_deficiency,0,0.0002530166652528433,0,0.05,0,0.005789292381996422,0,0.15,1,0.9824717818480807,1,0.95,0,0.0009028339096613493,0,0.5,0,1.4597078337022204e-07,0,0.5,0,7.848341257508579e-05,0,0.9500000000000001
P000700,no_anemia_no_deficiency,none,0,no_anemia_no_deficiency,none,0,0.0052328287011261946,0,0.5,0,0.0014797888569690887,0,0.5,0,0.033465369935351826,0,0.5,0,0.001644651377171551,0,0.5,0,0.0034070296488142044,0,0.5,0,0.000142682243326961,0,0.05
P000701,mixed_deficiency,iron_B12,1,mixed_deficiency,iron_B12,1,0.9999195690524145,1,0.9500000000000001,1,0.996649989142091,1,0.15,0,0.04209801858733041,0,0.5,0,0.0019507940586877854,0,0.5,0,7.34899023285286e-05,0,0.5,0,0.00013948367370888694,0,0.41000000000000003
P000702,anemia_other,undetermined,1,anemia_other,undetermined,0,6.989653740380757e-05,0,0.05,0,0.0013870832261066567,0,0.5,0,0.11124899452431941,0,0.5,0,0.0011731001572311583,0,0.5,0,0.0007262058249747076,0,0.5,0,0.00019234144488859038,0,0.5900000000000001
P000703,copper_deficiency,copper_deficiency,1,copper_deficiency,copper_deficiency,0,5.237240274479868e-05,0,0.05,0,0.000568945503776257,0,0.5,0,0.10966265292315183,0,0.5,0,0.0027467623085127026,0,0.5,1,0.9999999999540026,1,0.5,0,0.0005830912666380812,0,0.5900000000000001
P000704,anemia_other,undetermined,1,anemia_other,undetermined,0,9.149925108279583e-06,0,0.05,0,0.0012201752465076851,0,0.5,0,0.017683386883327188,0,0.5,0,0.001537529645503884,0,0.5,0,8.682241033821586e-05,0,0.5,0,0.00024835351428699573,0,0.5900000000000001
P000705,no_anemia_no_deficiency,none,0,no_anemia_no_deficiency,none,0,0.009533284956855724,0,0.5409090909090909,0,0.034351598925848756,0,0.5,0,0.014361849907015863,0,0.1,0,0.00021404502679276045,0,0.5,0,0.004180163466849579,0,0.5,0,6.471368130409891e-05,0,0.05
P000706,iron_deficiency_anemia,iron_deficiency,1,iron_deficiency_anemia,iron_deficiency,1,0.999976474030347,1,0.9500000000000001,0,2.8617302146489825e-05,0,0.15,0,0.020876752857152684,0,0.5,0,0.013877910073110202,0,0.5,0,0.00025704301864535385,0,0.5,0,5.760503001354916e-05,0,0.41000000000000003
P000707,inflammation_anemia,inflammation,1,inflammation_anemia,inflammation,0,0.20805515030240998,0,0.8300000000000001,0,2.5921714339195866e-05,0,0.15,0,0.00431548572198639,0,0.5,0,0.0013314685132129994,0,0.5,0,0.00023726878009564426,0,0.5,1,0.9999620596554817,1,0.9500000000000001
P000708,B6_deficiency,B6_deficiency,1,B6_deficiency,B6_deficiency,0,9.103386315233611e-05,0,0.05,0,0.003214673255159352,0,0.5,0,0.004890807022058652,0,0.5,1,0.6485074816160616,1,0.5,0,0.0012824452983130142,0,0.5,0,0.0012908324072533196,0,0.5900000000000001
P000709,mixed_deficiency,iron_B12,1,mixed_deficiency,iron_B12,1,0.9779822824279186,1,0.3571428571428571,1,0.9999293521420467,1,0.15,0,0.022483680062467943,0,0.5,0,0.00833137216196452,0,0.5,0,0.002484571588197802,0,0.5,0,0.0009931597399401202,0,0.5900000000000001
P000710,iron_deficiency_anemia,iron_deficiency,1,iron_deficiency_anemia,iron_deficiency,1,0.9999783556465355,1,0.6785714285714285,0,0.0015593852253295618,0,0.15,0,0.008129023349426374,0,0.5,0,0.0039492459464821215,0,0.5,0,0.0010916839677884446,0,0.5,0,0.00040437134362837304,0,0.68
P000711,B12_deficiency_anemia,B12_deficiency,1,B12_deficiency_anemia,B12_deficiency,0,0.065090723883499,0,0.1,1,0.9998311970907406,1,0.95,0,0.004968695438022355,0,0.1,0,0.0007155621871574837,0,0.5,0,3.1552419353362823e-06,0,0.5,0,9.136936127547042e-05,0,0.5900000000000001
P000712,B12_deficiency_anemia,B12_deficiency,1,B12_deficiency_anemia,B12_deficiency,0,0.0004046641372571043,0,0.05,1,0.9996250505326769,1,0.15,0,0.002092180822031455,0,0.1,0,0.0017289410945672285,0,0.5,0,0.002265325528295304,0,0.5,0,6.442589436422646e-05,0,0.9500000000000001
P000713,B12_deficiency_no_anemia,B12_deficiency,0,B12_deficiency_no_anemia,B12_deficiency,0,0.0016289541173672437,0,0.05,1,0.9991044180913417,1,0.15,0,0.06659330944481974,0,0.5,0,0.003662892170367432,0,0.5,0,0.03148884124194204,0,0.5,0,0.00019685607732447676,0,0.05
P000714,no_anemia_no_deficiency,none,0,no_anemia_no_deficiency,none,0,0.009318648627016125,0,0.5,0,0.00407548978862928,0,0.5,0,0.35749893537633315,0,0.5,0,0.007681391727052311,0,0.5,0,0.0004362865709455316,0,0.5,0,1.121828538123903e-05,0,0.05
P000715,anemia_other,undetermined,1,anemia_other,undetermined,0,0.00021235847492230445,0,0.05,0,2.277494264563019e-05,0,0.15,0,0.009324965567972016,0,0.1,0,0.018493187899334684,0,0.5,0,0.00047836683556698234,0,0.5,0,0.00014576347256865457,0,0.4357142857142857
P000716,folate_deficiency_anemia,folate_deficiency,1,mixed_deficiency,B12_folate,0,0.016552055824593515,0,0.05,0,0.7232273419074817,1,0.15,1,0.9905168062400023,1,0.95,0,0.000816973314961845,0,0.5,0,0.00592777984144126,0,0.5,0,4.6774601406373686e-05,0,0.5900000000000001
P000717,anemia_other,undetermined,1,anemia_other,undetermined,0,6.0954029856765436e-05,0,0.05,0,0.0002904893169158604,0,0.15,0,0.3242557247113157,0,0.5,0,0.002483015529780017,0,0.5,0,0.0006085521853163902,0,0.5,0,0.0011172036595561328,0,0.5900000000000001
P000718,latent_deficiency,iron_deficiency,0,latent_deficiency,iron_deficiency,1,0.9999748190713498,1,0.6785714285714285,0,0.0003061801017345608,0,0.15,0,0.0006304096288992103,0,0.1,0,0.028446541835536243,0,0.5,0,0.0042375922738081325,0,0.5,0,0.00046737972269275213,0,0.05
P000719,mixed_deficiency,B12_folate,1,B12_deficiency_anemia,B12_deficiency,0,0.004912075727773698,0,0.05,1,0.9998865568449699,1,0.15,1,0.05668125092226141,0,0.5,0,0.009118949265651665,0,0.5,0,1.1857205567862307e-10,0,0.5,0,0.00014823243369703734,0,0.9500000000000001
P000720,iron_deficiency_anemia,iron_deficiency,1,iron_deficiency_anemia,iron_deficiency,1,0.9992194814341575,1,0.1,0,0.0033740832274076395,0,0.5,0,0.20047386747788576,0,0.5,0,0.04202746330251295,0,0.5,0,0.0012996188408933812,0,0.5,0,9.599062273678776e-05,0,0.9500000000000001
P000721,B12_deficiency_no_anemia,B12_deficiency,0,B12_deficiency_no_anemia,B12_deficiency,0,0.006583993739398899,0,0.5,1,0.7849169555605152,1,0.95,0,0.0010430376685663094,0,0.1,0,0.011623829881113566,0,0.5,0,1.1898797572596736e-06,0,0.5,0,1.8404815759147592e-05,0,0.05
P000722,anemia_other,undetermined,1,anemia_other,undetermined,0,0.0012581034104177575,0,0.05,0,0.0006099218552463192,0,0.5,0,0.036208215061888524,0,0.5,0,0.014744760074416224,0,0.5,0,0.0018543334067199113,0,0.5,0,0.0003032640392017191,0,0.5
P000723,iron_deficiency_anemia,iron_deficiency,1,iron_deficiency_anemia,iron_deficiency,1,0.9775608798270339,1,0.1,0,0.003201484602944559,0,0.15,0,0.09345974303566798,0,0.5,0,0.010966008182863252,0,0.5,0,0.008020645333909905,0,0.5,0,6.2257658463301e-05,0,0.9500000000000001
P000724,mixed_deficiency,B12_folate,1,B12_deficiency_anemia,B12_deficiency,0,0.006807423897880425,0,0.5,1,0.9997328273859871,1,0.5,1,0.0502886885681572,0,0.5,0,0.0005519851496802225,0,0.5,0,0.0025390667881936804,0,0.5,0,2.0328277266499388e-05,0,0.5
P000725,iron_deficiency_anemia,iron_deficiency,1,iron_deficiency_anemia,iron_deficiency,1,0.9999969913727187,1,0.9500000000000001,0,0.00018568369616434982,0,0.15,0,0.027437748454349223,0,0.5,0,0.005996306570040385,0,0.5,0,0.009620087970839629,0,0.5,0,5.0938511666109844e-05,0,0.41000000000000003
P000726,mixed_deficiency,iron_folate,1,mixed_deficiency,iron_folate,1,0.9999371766403486,1,0.9500000000000001,0,0.00038053819840570775,0,0.15,1,0.6898675038807404,1,0.95,0,0.0011690806940787076,0,0.5,0,0.007595487919826316,0,0.5,0,0.00015606664803292908,0,0.5642857142857144
P000727,mixed_deficiency,B12_folate,1,mixed_deficiency,B12_folate,0,0.0001805211128009961,0,0.05,1,0.9970048178693968,1,0.95,1,0.9359358684448637,1,0.95,0,0.0002268929464799539,0,0.5,0,0.0006288257698206336,0,0.5,0,4.9494059946649455e-05,0,0.4357142857142857
P000728,B12_deficiency_no_anemia,B12_deficiency,0,B12_deficiency_no_anemia,B12_deficiency,0,0.004169112239850162,0,0.05,1,0.9999638212751364,1,0.15,0,0.24768616939951255,0,0.5,0,0.0014436698641091103,0,0.5,0,0.000317816566496083,0,0.5,0,2.8858795812964735e-05,0,0.05
P000729,inflammation_anemia,inflammation,1,inflammation_anemia,inflammation,0,0.0008918219199022706,0,0.6349999999999999,0,8.994411477913295e-05,0,0.15,0,0.011534815827925524,0,0.5,0,0.044978295692897755,0,0.5,0,1.2251408142121878e-09,0,0.5,1,0.9999750943334555,1,0.9500000000000001
P000730,B6_deficiency,B6_deficiency,0,B6_deficiency,B6_deficiency,0,0.06039166502043117,0,0.5,0,0.0009201329211648823,0,0.5,0,0.07412971683680736,0,0.5,1,0.9601529081503372,1,0.5,0,0.005196133041805691,0,0.5,0,0.00012974738767430595,0,0.05
P000731,mixed_deficiency,iron_folate,1,iron_deficiency_anemia,iron_deficiency,1,0.9967917058959902,1,0.5909090909090909,0,0.001813279036126548,0,0.5,1,0.18014861744814537,0,0.5,0,0.005760943203291757,0,0.5,0,0.005929919165221933,0,0.5,0,0.00012783521237482993,0,0.9500000000000001
P000732,B12_deficiency_no_anemia,B12_deficiency,0,B12_deficiency_no_anemia,B12_deficiency,0,0.0022987401178988396,0,0.1,1,0.9998206453039618,1,0.95,0,0.40688011425638115,0,0.5,0,0.0022756395586054977,0,0.5,0,0.006164986273728416,0,0.5,0,7.131017097171652e-06,0,0.05
P000733,mixed_deficiency,iron_folate,1,mixed_deficiency,iron_folate,1,0.9999813607930359,1,0.9500000000000001,0,0.26817273475758857,0,0.5,1,0.8740323324650116,1,0.95,0,0.0006407153104681338,0,0.5,0,5.608334907941184e-07,0,0.5,0,2.3044159248684055e-05,0,0.41000000000000003
P000734,B12_deficiency_anemia,B12_deficiency,1,B12_deficiency_anemia,B12_deficiency,0,0.00027613671044134146,0,0.05,1,0.9903716547456978,1,0.15,0,0.0018946813348957692,0,0.1,0,0.0030853235569920333,0,0.5,0,2.42622255002325e-06,0,0.5,0,0.00028433108760128953,0,0.4357142857142857
P000735,folate_deficiency_no_anemia,folate_deficiency,0,folate_deficiency_no_anemia,folate_deficiency,0,5.1747441106127e-05,0,0.05,0,0.0028155589887653926,0,0.5,1,0.92074064749994,1,0.95,0,0.01202419099310555,0,0.5,0,0.0015944859374338756,0,0.5,0,4.761449113155118e-05,0,0.05
P000736,iron_deficiency_anemia,iron_deficiency,1,iron_deficiency_anemia,iron_deficiency,1,0.9998572764311966,1,0.4857142857142857,0,0.014200130491295144,0,0.5,0,0.0005301601494798793,0,0.1,0,0.000662438574863138,0,0.5,0,6.432977275888507e-05,0,0.5,0,0.00043665386718737476,0,0.32
P000737,inflammation_anemia,inflammation,1,inflammation_anemia,inflammation,0,0.0004925439140231974,0,0.6349999999999999,0,0.012591066700606482,0,0.5,0,0.007102065708011911,0,0.1,0,0.0030168875084344545,0,0.5,0,0.004124851430642783,0,0.5,1,0.9809349392586139,1,0.9500000000000001
P000738,iron_deficiency_anemia,iron_deficiency,1,iron_deficiency_anemia,iron_deficiency,1,0.9999702336142717,1,0.9500000000000001,0,0.06108866328940848,0,0.15,0,0.00030680598375664174,0,0.1,0,0.02537575071795543,0,0.5,0,0.0013927378444489147,0,0.5,0,0.0006379861509736573,0,0.41000000000000003
P000739,iron_deficiency_anemia,iron_deficiency,1,iron_deficiency_anemia,iron_deficiency,1,0.9999537318684707,1,0.7749999999999999,0,0.00010217117126313999,0,0.15,0,0.013742312919242942,0,0.5,0,0.0018018966345927057,0,0.5,0,0.003977675413026015,0,0.5,0,0.00010782720807962854,0,0.68
P000740,B12_deficiency_anemia,B12_deficiency,1,mixed_deficiency,B12_folate,0,7.414888961850066e-05,0,0.05,1,0.9980820998004171,1,0.15,0,0.6120856448273873,1,0.5,0,0.0002722126246588157,0,0.5,0,0.002549099325032806,0,0.5,0,0.00011522348209859525,0,0.9500000000000001
P000741,no_anemia_no_deficiency,none,0,no_anemia_no_deficiency,none,0,0.0029148665320798688,0,0.05,0,0.0003848868123220628,0,0.5,0,0.008589040506667162,0,0.5,0,0.03303718178070593,0,0.5,0,0.004154662121562783,0,0.5,0,0.0018221645103524353,0,0.05
P000742,no_anemia_no_deficiency,none,0,no_anemia_no_deficiency,none,0,0.0013931566603119284,0,0.05,0,0.0007798939421686001,0,0.5,0,0.006270646685928394,0,0.5,0,0.0034708350450405826,0,0.5,0,0.00031721854960674073,0,0.5,0,0.00021040386602349498,0,0.05
P000743,latent_deficiency,iron_deficiency,0,latent_deficiency,iron_deficiency,1,0.9999225824535238,1,0.8214285714285715,0,0.0031364880473956445,0,0.15,0,0.009615980948827636,0,0.5,0,0.021465966212595458,0,0.5,0,0.0003735576143660906,0,0.5,0,0.0005774621955822947,0,0.05
P000744,mixed_deficiency,iron_B12,1,mixed_deficiency,iron_B12,1,0.999718137462904,1,0.6349999999999999,1,0.9766423359688865,1,0.15,0,0.007724685708568748,0,0.1,0,0.012488987049963643,0,0.5,0,0.007151054267849001,0,0.5,0,0.0028368694667292166,0,0.9500000000000001
P000745,B12_deficiency_anemia,B12_deficiency,1,B12_deficiency_anemia,B12_deficiency,0,0.018438889302304147,0,0.05,1,0.99978748627691,1,0.15,0,0.07319603851068679,0,0.5,0,0.004167690659361925,0,0.5,0,0.004957088724591713,0,0.5,0,6.429013439987778e-05,0,0.5900000000000001
P000746,folate_deficiency_anemia,folate_deficiency,1,anemia_other,undetermined,0,0.00047892643355300173,0,0.05,0,0.0003476257637828543,0,0.15,1,0.24811421931123653,0,0.5,0,0.0017839311551287073,0,0.5,0,0.0063485761623329785,0,0.5,0,0.0009510465393718573,0,0.4357142857142857
P000747,mixed_deficiency,iron_folate,1,mixed_deficiency,iron_folate,1,0.9993071236557516,1,0.9500000000000001,0,0.0006833024997939983,0,0.15,1,0.9173241976786051,1,0.95,0,0.007109396009878448,0,0.5,0,0.0011062690874214056,0,0.5,0,0.0006298989471966273,0,0.05
P000748,anemia_other,undetermined,1,anemia_other,undetermined,0,0.0008034225666266137,0,0.05,0,0.09715524204691642,0,0.15,0,0.00046052138761669127,0,0.1,0,0.09593261862589954,0,0.5,0,1.3343458004967958e-07,0,0.5,0,0.0022936339927975584,0,0.5900000000000001
P000749,B6_deficiency,B6_deficiency,0,B6_deficiency,B6_deficiency,0,0.005131486186214942,0,0.05,0,0.0005436653425293262,0,0.5,0,0.006406531704232943,0,0.5,1,0.9579816675503029,1,0.5,0,0.004100475157196704,0,0.5,0,0.00017234890751545215,0,0.05
P000750,B12_deficiency_anemia,B12_deficiency,1,B12_deficiency_anemia,B12_deficiency,0,0.00020608922399864934,0,0.05,1,0.9999872202013302,1,0.95,0,0.13240327425425175,0,0.5,0,0.008067312738066212,0,0.5,0,0.0007471395346576619,0,0.5,0,5.597360652821169e-05,0,0.5900000000000001
P000751,no_anemia_no_deficiency,none,0,no_anemia_no_deficiency,none,0,0.0006399268576230455,0,0.05,0,0.006789118508470386,0,0.5,0,0.013019087142349565,0,0.5,0,0.00022345949870133827,0,0.5,0,3.2483322072156405e-06,0,0.5,0,0.00047834339376835614,0,0.05
P000752,anemia_other,undetermined,1,folate_deficiency_anemia,folate_deficiency,0,0.04020937313150095,0,0.5,0,0.001146979705413886,0,0.15,0,0.49810662691312957,1,0.95,0,0.0054854434132131525,0,0.5,0,0.006275395833006218,0,0.5,0,2.3607395962933214e-05,0,0.5
P000753,mixed_deficiency,iron_folate,1,iron_deficiency_anemia,iron_deficiency,1,0.9998844026503508,1,0.8214285714285715,0,0.00013930767451443175,0,0.5,1,0.05962619023423825,0,0.5,0,0.001999128956447054,0,0.5,0,0.003780650531635015,0,0.5,0,0.000760079792400346,0,0.68
P000754,latent_deficiency,iron_deficiency,0,latent_deficiency,iron_deficiency,1,0.9999903520586031,1,0.8214285714285715,0,0.00023143911052599044,0,0.5,0,0.011303321596697119,0,0.5,0,0.00023539920031270893,0,0.5,0,0.0015527769302997522,0,0.5,0,0.0004459499451346056,0,0.05
P000755,iron_deficiency_anemia,iron_deficiency,1,iron_deficiency_anemia,iron_deficiency,1,0.9979910319527698,1,0.9500000000000001,0,0.0029856153106280767,0,0.5,0,0.018248615213242624,0,0.5,0,0.004698324664317785,0,0.5,0,0.0010879743647772909,0,0.5,0,0.00011437723568115213,0,0.05
P000756,folate_deficiency_anemia,folate_deficiency,1,anemia_other,undetermined,0,0.00010223028165058179,0,0.5409090909090909,0,0.020414340092568692,0,0.5,1,0.16796041763837902,0,0.5,0,0.00031871382632385167,0,0.5,0,0.009844377389189276,0,0.5,0,0.0022560177754077874,0,0.9500000000000001
P000757,no_anemia_no_deficiency,none,0,no_anemia_no_deficiency,none,0,4.624951140875244e-05,0,0.05,0,0.0012143198375910516,0,0.15,0,0.0892417587349966,0,0.5,0,0.00034053654850940907,0,0.5,0,0.008501268780465955,0,0.5,0,0.0020687348893117935,0,0.05
P000758,mixed_deficiency,iron_folate,1,mixed_deficiency,iron_folate,1,0.9999967199538622,1,0.8214285714285715,0,0.004813200883735039,0,0.15,1,0.9606940898100099,1,0.95,0,0.0013668396595312758,0,0.5,0,0.006500708460575359,0,0.5,0,4.295100728657191e-05,0,0.68
P000759,anemia_other,undetermined,1,anemia_other,undetermined,0,0.0010177900855630857,0,0.05,0,0.00997850426955488,0,0.5,0,0.0012208203966015954,0,0.1,0,0.0030699046533157063,0,0.5,0,2.0889106853186052e-10,0,0.5,0,0.00012818729146059528,0,0.5900000000000001
P000760,no_anemia_no_deficiency,none,0,no_anemia_no_deficiency,none,0,8.423176086061549e-05,0,0.05,0,0.0027747044254224015,0,0.5,0,0.03852644978015673,0,0.5,0,0.0005705265847140222,0,0.5,0,0.00014788873312713083,0,0.5,0,7.062166860249604e-05,0,0.05
P000761,no_anemia_no_deficiency,none,0,no_anemia_no_deficiency,none,0,0.2240641129314558,0,0.05,0,0.0002114465775122742,0,0.5,0,0.09968951569367912,0,0.5,0,0.0022430423919240416,0,0.5,0,0.004050031967576443,0,0.5,0,0.00017045195883785247,0,0.05
P000762,folate_deficiency_no_anemia,folate_deficiency,0,folate_deficiency_no_anemia,folate_deficiency,0,0.0002267476535662261,0,0.05,0,0.0004795749081213215,0,0.5,1,0.9878227964382051,1,0.95,0,0.0004860827278268491,0,0.5,0,0.0038567121733182773,0,0.5,0,0.0001563676017912433,0,0.05
P000763,mixed_deficiency,iron_B12,1,mixed_deficiency,iron_B12,1,0.9999890189434506,1,0.5499999999999999,1,0.9998769027555282,1,0.15,0,0.14499947655190415,0,0.5,0,0.0007347651558903996,0,0.5,0,7.389987514546757e-05,0,0.5,0,9.64376139906532e-06,0,0.9500000000000001
P000764,anemia_other,undetermined,1,anemia_other,undetermined,0,0.00011616151736012715,0,0.05,0,0.0017166649080022699,0,0.15,0,0.0017693654845615243,0,0.1,0,0.0042688165090052485,0,0.5,0,0.0012193145130764878,0,0.5,0,0.0006511864319799435,0,0.9500000000000001
P000765,latent_deficiency,iron_deficiency,0,latent_deficiency,iron_deficiency,1,0.9724985802392463,1,0.9500000000000001,0,0.0024574749150742003,0,0.5,0,0.016130718882896092,0,0.5,0,0.01712832082252516,0,0.5,0,3.811695393569638e-10,0,0.5,0,0.0001435813547072446,0,0.05
P000766,inflammation_anemia,inflammation,1,inflammation_anemia,inflammation,0,0.00018600417030263138,0,0.6349999999999999,0,0.00069776695203241,0,0.5,0,0.005963415128231449,0,0.5,0,0.008459385374609905,0,0.5,0,0.0040771337591945485,0,0.5,1,0.9999795806684086,1,0.9500000000000001
P000767,B12_deficiency_no_anemia,B12_deficiency,0,B12_deficiency_no_anemia,B12_deficiency,0,0.0008808459025823627,0,0.5,1,0.9431299730059985,1,0.15,0,0.027464483527587076,0,0.5,0,0.001615470445243809,0,0.5,0,0.004184321393117704,0,0.5,0,0.0005710832795912109,0,0.05
P000768,B12_deficiency_no_anemia,B12_deficiency,0,no_anemia_no_deficiency,none,0,9.328294164411059e-05,0,0.05,1,0.07324206328440487,0,0.15,0,0.07042553045716901,0,0.5,0,0.01368822660833663,0,0.5,0,0.0002462028650838798,0,0.5,0,0.0009902055419475876,0,0.05
P000769,anemia_other,undetermined,1,anemia_other,undetermined,0,2.710986854776213e-05,0,0.05,0,0.006591503675474272,0,0.5,0,0.020325481704403063,0,0.5,0,0.3412193894648679,0,0.5,0,0.12923192828773547,0,0.5,0,0.00031565194568010943,0,0.5900000000000001
P000770,no_anemia_no_deficiency,none,0,no_anemia_no_deficiency,none,0,0.00010754312750127618,0,0.05,0,0.0006819734709412545,0,0.5,0,0.035895743297689714,0,0.5,0,0.004554530592004892,0,0.5,0,0.004287305585650755,0,0.5,0,1.705435753015733e-05,0,0.05
P000771,B6_deficiency,B6_deficiency,0,no_anemia_no_deficiency,none,0,8.224861877741917e-05,0,0.05,0,0.00017154295545565126,0,0.15,0,0.000617238382420501,0,0.1,1,0.07798903978299837,0,0.5,0,0.0002931709447264148,0,0.5,0,0.000356850874560066,0,0.05
P000772,mixed_deficiency,iron_folate,1,mixed_deficiency,iron_folate,1,0.999817265154933,1,0.9500000000000001,0,0.03583681157360228,0,0.15,1,0.9227429192472048,1,0.95,0,0.0028942676535559817,0,0.5,0,0.00023925785724044748,0,0.5,0,2.0237722774479386e-05,0,0.41000000000000003
P000773,no_anemia_no_deficiency,none,0,no_anemia_no_deficiency,none,0,0.0021893428574213687,0,0.05,0,0.00020267060587153378,0,0.15,0,0.2109369798345615,0,0.5,0,0.005653582155469683,0,0.5,0,0.007653944691589844,0,0.5,0,0.0005517028863842383,0,0.05
P000774,folate_deficiency_anemia,folate_deficiency,1,folate_deficiency_anemia,folate_deficiency,0,0.00201306183480638,0,0.05,0,0.00381874952321586,0,0.5,1,0.7479508541176552,1,0.5,0,0.007768084434502822,0,0.5,0,0.0007320656760132689,0,0.5,0,6.435537513102367e-06,0,0.9500000000000001
P000775,iron_deficiency_anemia,iron_deficiency,1,iron_deficiency_anemia,iron_deficiency,1,0.9999942312992568,1,0.9500000000000001,0,8.368223730153738e-05,0,0.15,0,0.001482309291992302,0,0.1,0,0.005989602668121395,0,0.5,0,0.0029591092390671755,0,0.5,0,0.0001323556984150896,0,0.41000000000000003
P000776,no_anemia_no_deficiency,none,0,no_anemia_no_deficiency,none,0,0.001423346621108711,0,0.5,0,0.000978410567499929,0,0.5,0,0.25515507108242036,0,0.5,0,0.0005192625469080043,0,0.5,0,0.00202354768087081,0,0.5,0,5.466563570761283e-05,0,0.05
P000777,B12_deficiency_no_anemia,B12_deficiency,0,B12_deficiency_no_anemia,B12_deficiency,0,8.399534603638528e-05,0,0.05,1,0.9997968735467528,1,0.15,0,0.006640041277993477,0,0.5,0,0.003276054710708346,0,0.5,0,0.007817439378002533,0,0.5,0,5.5461459380437325e-05,0,0.05
P000778,no_anemia_no_deficiency,none,0,no_anemia_no_deficiency,none,0,0.00020227966942566966,0,0.05,0,0.004426864851509355,0,0.5,0,0.36674973798565874,0,0.95,0,0.0006605317306202428,0,0.5,0,0.006604244790507082,0,0.5,0,5.747685327792565e-05,0,0.05
P000779,anemia_other,undetermined,1,anemia_other,undetermined,0,4.291599926377111e-05,0,0.05,0,0.09528853010293287,0,0.15,0,0.09226752811454585,0,0.5,0,0.015142697838645223,0,0.5,0,0.005622016448008107,0,0.5,0,0.00030514785164336864,0,0.9500000000000001
P000780,latent_deficiency,iron_deficiency,0,latent_deficiency,iron_deficiency,1,0.9999437660315569,1,0.9500000000000001,0,0.001088492230824987,0,0.5,0,0.012049845102006214,0,0.5,0,0.0016153754433407834,0,0.5,0,0.007722014051626831,0,0.5,0,3.1874755506339415e-05,0,0.05
P000781,mixed_deficiency,iron_folate,1,iron_deficiency_anemia,iron_deficiency,1,0.999941919092921,1,0.6849999999999999,0,0.00042497510437893856,0,0.15,1,0.06527083130853598,0,0.5,0,0.0024880970677042405,0,0.5,0,0.005666931765136493,0,0.5,0,0.0010605150262015075,0,0.9500000000000001
P000782,latent_deficiency,iron_deficiency,0,latent_deficiency,iron_deficiency,1,0.9998595699038302,1,0.6849999999999999,0,0.008427848927413292,0,0.15,0,0.007448169964907192,0,0.5,0,0.0010767739516717933,0,0.5,0,0.0002780664645019066,0,0.5,0,0.00011326253257436159,0,0.05
P000783,latent_deficiency,iron_deficiency,0,latent_deficiency,iron_deficiency,1,0.9999465407983069,1,0.7749999999999999,0,0.009039412321311079,0,0.5,0,0.0012557465308979103,0,0.1,0,0.0006978201834285537,0,0.5,0,0.004351106774306392,0,0.5,0,1.8997366547869336e-05,0,0.05
P000784,folate_deficiency_anemia,folate_deficiency,1,folate_deficiency_anemia,folate_deficiency,0,0.00014284204064710456,0,0.05,0,0.00765484055905605,0,0.15,1,0.7591953923083482,1,0.95,0,0.05674281122572687,0,0.5,0,0.0050454893455809495,0,0.5,0,2.2570540485600888e-05,0,0.9500000000000001
P000785,folate_deficiency_no_anemia,folate_deficiency,0,folate_deficiency_no_anemia,folate_deficiency,0,0.0030592038307405787,0,0.05,0,0.00013360271522336575,0,0.5,1,0.9275900979640237,1,0.95,0,0.0009037115681600858,0,0.5,0,0.004929866792702637,0,0.5,0,7.360504208876758e-05,0,0.05
P000786,latent_deficiency,iron_deficiency,0,latent_deficiency,iron_deficiency,1,0.9999863448279565,1,0.6785714285714285,0,0.0006370967701837403,0,0.5,0,0.006696272662708275,0,0.5,0,0.00584287554612441,0,0.5,0,3.108087196466054e-05,0,0.5,0,4.9669183156340004e-05,0,0.05
P000787,B12_deficiency_anemia,B12_deficiency,1,B12_deficiency_anemia,B12_deficiency,0,8.4082285177257e-05,0,0.05,1,0.9998096344502561,1,0.95,0,0.028512616686136007,0,0.5,0,0.0005369672282314345,0,0.5,0,0.12204771091213427,0,0.5,0,0.00027966986658149956,0,0.5900000000000001
P000788,mixed_deficiency,B12_folate,1,mixed_deficiency,B12_folate,0,5.890080656789354e-05,0,0.05,1,0.9892187970762123,1,0.15,1,0.830133971751646,1,0.95,0,0.0016662181532152228,0,0.5,0,0.009534751337184162,0,0.5,0,0.0004841548358163422,0,0.5900000000000001
P000789,B12_deficiency_no_anemia,B12_deficiency,0,B12_deficiency_no_anemia,B12_deficiency,0,6.615099392420784e-05,0,0.05,1,0.9389510009620143,1,0.15,0,0.02271701542943712,0,0.5,0,0.002405719766722308,0,0.5,0,0.00011538396103591832,0,0.5,0,0.00012394575274541437,0,0.05
P000790,latent_deficiency,iron_deficiency,0,mixed_deficiency,iron_folate,1,0.9992298338214385,1,0.6349999999999999,0,0.005574208781776996,0,0.15,0,0.4475039669151271,1,0.95,0,0.0023336168150642636,0,0.5,0,0.0016555940414449564,0,0.5,0,0.0003818826216164337,0,0.05
P000791,latent_deficiency,iron_deficiency,0,latent_deficiency,iron_deficiency,1,0.9999298912300616,1,0.7571428571428572,0,0.0005721520429660232,0,0.15,0,0.00242974608043683,0,0.1,0,0.001326561370334895,0,0.5,0,0.00010411019144233886,0,0.5,0,8.435861877102141e-05,0,0.05
P000792,mixed_deficiency,B12_folate,1,mixed_deficiency,B12_folate,0,0.00012515020363939143,0,0.05,1,0.9998037044309718,1,0.15,1,0.9528750275127786,1,0.95,0,0.011775523120397665,0,0.5,0,4.706169561864945e-05,0,0.5,0,5.058317928984112e-05,0,0.4357142857142857
P000793,mixed_deficiency,B12_folate,1,mixed_deficiency,B12_folate,0,0.0004335478270087851,0,0.05,1,0.991969603585371,1,0.95,1,0.9849391531335524,1,0.95,0,0.001438252651500018,0,0.5,0,0.001590640528918797,0,0.5,0,2.236325949609986e-05,0,0.4357142857142857
P000794,folate_deficiency_anemia,folate_deficiency,1,folate_deficiency_anemia,folate_deficiency,0,0.0023430363975718927,0,0.1,0,0.0009254731661232356,0,0.15,1,0.9950195953864269,1,0.95,0,0.002247476505421193,0,0.5,0,3.546511544217084e-09,0,0.5,0,1.249632453588672e-05,0,0.5900000000000001
P000795,latent_deficiency,iron_deficiency,0,latent_deficiency,iron_deficiency,1,0.9998869903182932,1,0.64,0,0.007933790188775713,0,0.5,0,0.011920123739058146,0,0.5,0,0.0002452320335065074,0,0.5,0,3.360092157109478e-05,0,0.5,0,1.6179314469209477e-05,0,0.05
P000796,folate_deficiency_anemia,folate_deficiency,1,mixed_deficiency,B12_folate,0,6.146596547696962e-05,0,0.05,0,0.8451600280997127,1,0.5,1,0.9882703083555864,1,0.95,0,0.001564724117051395,0,0.5,0,1.209841672481338e-07,0,0.5,0,7.644086860302928e-06,0,0.5900000000000001
P000797,iron_deficiency_anemia,iron_deficiency,1,iron_deficiency_anemia,iron_deficiency,1,0.9999014124061016,1,0.9500000000000001,0,0.0011184041434408177,0,0.5,0,0.0022819341844943844,0,0.1,0,0.023849407604470046,0,0.5,0,7.749616503910805e-07,0,0.5,0,0.0004455277692742508,0,0.05
P000798,inflammation_anemia,inflammation,1,inflammation_anemia,inflammation,0,0.0008744580193837763,0,0.05,0,5.188013507261504e-05,0,0.15,0,0.00034900105343547776,0,0.1,0,0.01591232787814321,0,0.5,0,0.0001338628320942549,0,0.5,1,0.9998822215652945,1,0.5900000000000001
P000799,mixed_deficiency,iron_folate,1,mixed_deficiency,iron_folate,1,0.9999921118428666,1,0.6785714285714285,0,0.00028528455529696446,0,0.15,1,0.8858868385976103,1,0.95,0,0.0007027204537656285,0,0.5,0,9.68081500585545e-05,0,0.5,0,8.770107122451784e-06,0,0.68
P000800,folate_deficiency_anemia,folate_deficiency,1,folate_deficiency_anemia,folate_deficiency,0,0.010510838524379614,0,0.1,0,0.002579297050847738,0,0.15,1,0.9678770641648212,1,0.95,0,0.001083881907505767,0,0.5,0,0.0014749887001128364,0,0.5,0,0.08849104398895423,0,0.9500000000000001
P000801,iron_deficiency_anemia,iron_deficiency,1,iron_deficiency_anemia,iron_deficiency,1,0.9214411896105764,1,0.6285714285714284,0,0.0002399758510396564,0,0.15,0,0.005047480170628486,0,0.1,0,0.00473911714994639,0,0.5,0,9.568646910375312e-07,0,0.5,0,0.0002377733994272171,0,0.68
P000802,no_anemia_no_deficiency,none,0,no_anemia_no_deficiency,none,0,0.06005101100221551,0,0.5409090909090909,0,0.0006155571458042151,0,0.5,0,0.06319926886889837,0,0.5,0,0.03476185727854899,0,0.5,0,0.0010263952828417043,0,0.5,0,1.6595362723626616e-05,0,0.05
P000803,B12_deficiency_anemia,B12_deficiency,1,B12_deficiency_anemia,B12_deficiency,0,6.989902560587486e-05,0,0.05,1,0.9998396004355694,1,0.15,0,0.0021359718954968173,0,0.1,0,0.001892721333962771,0,0.5,0,0.00042611854734728817,0,0.5,0,0.0004310008298471968,0,0.9500000000000001
P000804,no_anemia_no_deficiency,none,0,no_anemia_no_deficiency,none,0,0.017334208312321117,0,0.05,0,0.00021186188025291752,0,0.15,0,0.018887963114886316,0,0.5,0,0.00985652889573961,0,0.5,0,0.002153374073267891,0,0.5,0,0.00012801383405025744,0,0.05
P000805,mixed_deficiency,iron_B12,1,mixed_deficiency,iron_B12,1,0.9999920240641966,1,0.7749999999999999,1,0.8233139027270804,1,0.15,0,0.03844357658391943,0,0.5,0,0.0007797906433543436,0,0.5,0,0.005857290776936699,0,0.5,0,9.37394323866324e-06,0,0.68
P000806,mixed_deficiency,iron_B12,1,mixed_deficiency,iron_B12,1,0.7965483159365442,1,0.05,1,0.9998186129657709,1,0.15,0,0.033255094026309495,0,0.1,0,0.002730533158725915,0,0.5,0,0.000834245089469024,0,0.5,0,0.00016668878637869883,0,0.5900000000000001
P000807,anemia_other,undetermined,1,anemia_other,undetermined,0,0.010786708289096796,0,0.5,0,0.03564630890692995,0,0.15,0,0.0010120990186715329,0,0.1,0,0.0023979254617032693,0,0.5,0,3.5116301160742466e-09,0,0.5,0,0.0037574553890111603,0,0.5
P000808,B12_deficiency_anemia,B12_deficiency,1,B12_deficiency_anemia,B12_deficiency,0,5.532448039639103e-05,0,0.05,1,0.8437257080092582,1,0.5,0,0.17649288488756498,0,0.5,0,0.41480623231665825,0,0.5,0,0.00031228950291385644,0,0.5,0,1.87615273682666e-05,0,0.5900000000000001
P000809,inflammation_anemia,inflammation,1,inflammation_anemia,inflammation,0,0.0023962143988117486,0,0.49999999999999994,0,0.0003993186199860774,0,0.5,0,0.004302432395731831,0,0.5,0,0.003946806808639015,0,0.5,0,6.77073498614131e-05,0,0.5,1,0.9992496386984471,1,0.9500000000000001
P000810,iron_deficiency_anemia,iron_deficiency,1,iron_deficiency_anemia,iron_deficiency,1,0.999923767539359,1,0.9500000000000001,0,0.007897938942644562,0,0.5,0,0.0028572698863786844,0,0.1,0,0.01581376164955529,0,0.5,0,0.0013899150401617609,0,0.5,0,4.596764635014561e-05,0,0.05
P000811,B12_deficiency_no_anemia,B12_deficiency,0,B12_deficiency_no_anemia,B12_deficiency,0,0.0038141941788658127,0,0.5,1,0.7585895137095413,1,0.15,0,0.224128389198602,0,0.5,0,0.0008352033302327784,0,0.5,0,0.002426357099176937,0,0.5,0,6.348756748681597e-05,0,0.05
P000812,mixed_deficiency,iron_B12,1,mixed_deficiency,iron_B12,1,0.9998565796181664,1,0.5499999999999999,1,0.9998830302671065,1,0.15,0,0.014631538410781218,0,0.5,0,0.012549816217187012,0,0.5,0,0.0006761751855009839,0,0.5,0,0.00022528556260269084,0,0.9500000000000001
P000813,B12_deficiency_anemia,B12_deficiency,1,B12_deficiency_anemia,B12_deficiency,0,0.04318693948415276,0,0.05,1,0.9897925423745995,1,0.95,0,0.15567543493293157,0,0.5,0,0.0017433291246808464,0,0.5,0,0.006470017024230555,0,0.5,0,4.494691773183989e-05,0,0.4357142857142857
P000814,B12_deficiency_anemia,B12_deficiency,1,B12_deficiency_anemia,B12_deficiency,0,0.00031556552154151144,0,0.05,1,0.99880175992183,1,0.15,0,0.27585774529455975,0,0.5,0,0.0010631673420965222,0,0.5,0,0.004502729620584676,0,0.5,0,0.0006414402682142339,0,0.5900000000000001
P000815,folate_deficiency_anemia,folate_deficiency,1,folate_deficiency_anemia,folate_deficiency,0,7.838425254533512e-05,0,0.05,0,0.0046223718144563514,0,0.15,1,0.9794296249520011,1,0.95,0,0.002262227901613876,0,0.5,0,0.00761887238814233,0,0.5,0,0.005669319482120022,0,0.5900000000000001
P000816,anemia_other,undetermined,1,anemia_other,undetermined,0,0.0008043362802688152,0,0.05,0,0.00011486488319655773,0,0.15,0,0.007011745921071882,0,0.5,0,0.15758188568609893,0,0.5,0,0.0054227718235550825,0,0.5,0,1.3725213294592476e-05,0,0.5900000000000001
P000817,inflammation_anemia,inflammation,1,inflammation_anemia,inflammation,0,3.8480487485187265e-05,0,0.05,0,0.0006161787009507969,0,0.15,0,0.007208416274109052,0,0.5,0,0.017672114756431236,0,0.5,0,0.000651078764787939,0,0.5,1,0.9784416609764568,1,0.9500000000000001
P000818,B12_deficiency_anemia,B12_deficiency,1,mixed_deficiency,B12_folate,0,0.020403408455484526,0,0.05,1,0.9993566217272233,1,0.15,0,0.43606095779273313,1,0.5,0,0.0013128536422224403,0,0.5,0,0.007121663063727128,0,0.5,0,0.0001613404259002848,0,0.9500000000000001
P000819,anemia_other,undetermined,1,anemia_other,undetermined,0,3.586693407556939e-05,0,0.05,0,0.003470367984907462,0,0.5,0,0.0008090958078901479,0,0.1,0,0.010164540314815123,0,0.5,0,0.009734870357146208,0,0.5,0,0.0005040135968285701,0,0.5900000000000001
P000820,latent_deficiency,iron_deficiency,0,latent_deficiency,iron_deficiency,1,0.9648620992058634,1,0.1,0,0.00018093723711531766,0,0.15,0,0.022118776131029236,0,0.5,0,0.07065104381309396,0,0.5,0,0.0001550667815825906,0,0.5,0,0.002226349356527342,0,0.05
P000821,B6_deficiency,B6_deficiency,1,anemia_other,undetermined,0,0.019059527690282668,0,0.25000000000000006,0,0.0005993285360661524,0,0.5,0,0.0013881354920570617,0,0.5,1,0.07280130152838585,0,0.5,0,0.008154123563830063,0,0.5,0,2.193724537004545e-05,0,0.05
P000822,latent_deficiency,iron_deficiency,0,latent_deficiency,iron_deficiency,1,0.9923090867341906,1,0.05,0,1.539350143888311e-05,0,0.15,0,0.03644540393173287,0,0.5,0,0.0074700594546647245,0,0.5,0,0.0008811601096654376,0,0.5,0,6.927852856282752e-05,0,0.05
P000823,B12_deficiency_no_anemia,B12_deficiency,0,B12_deficiency_no_anemia,B12_deficiency,0,0.0019317835992042885,0,0.5,1,0.9997247500850899,1,0.95,0,0.11646980945648014,0,0.5,0,0.0009223876107564744,0,0.5,0,0.007573826291298848,0,0.5,0,0.00023400249787442677,0,0.05
P000824,anemia_other,undetermined,1,anemia_other,undetermined,0,0.0002530677059762842,0,0.05,0,0.013336806509737634,0,0.15,0,0.11042622464870444,0,0.5,0,0.012630224009938277,0,0.5,0,0.0003770407785252888,0,0.5,0,0.0011688299446539609,0,0.9500000000000001
P000825,anemia_other,undetermined,1,anemia_other,undetermined,0,0.005435901265981289,0,0.05,0,7.62176298716393e-05,0,0.5,0,0.11019755738000564,0,0.5,0,0.027174209420268068,0,0.5,0,0.008712606887421549,0,0.5,0,5.598915905339785e-05,0,0.5900000000000001
P000826,inflammation_anemia,inflammation,1,inflammation_anemia,inflammation,0,0.057737310060853246,0,0.7500000000000001,0,0.0021744104831465903,0,0.15,0,0.0017305396061672788,0,0.5,0,0.005031726878360145,0,0.5,0,0.0041341394563105295,0,0.5,1,0.9999058326782837,1,0.9500000000000001
P000827,inflammation_anemia,inflammation,1,inflammation_anemia,inflammation,0,0.00034521694117412087,0,0.5,0,0.0028240064453817024,0,0.15,0,0.0007976960903123044,0,0.1,0,0.009762675065136023,0,0.5,0,0.018269240835231425,0,0.5,1,0.9994446055835222,1,0.5
P000828,inflammation_anemia,inflammation,1,inflammation_anemia,inflammation,0,0.00019873732735916158,0,0.05,0,0.000150033707498556,0,0.15,0,0.07685059988649433,0,0.5,0,0.02232786039113272,0,0.5,0,0.0006904079575024859,0,0.5,1,0.9365762379274034,1,0.9500000000000001
P000829,iron_deficiency_anemia,iron_deficiency,1,iron_deficiency_anemia,iron_deficiency,1,0.999985194779152,1,0.6785714285714285,0,0.006202480128391512,0,0.5,0,0.005161777015602784,0,0.5,0,0.00201962561434793,0,0.5,0,0.004931853901155685,0,0.5,0,0.00022236259728262335,0,0.68
P000830,mixed_deficiency,iron_folate,1,iron_deficiency_anemia,iron_deficiency,1,0.9999317751098152,1,0.5499999999999999,0,0.03440819693353499,0,0.5,1,0.09701982196360151,0,0.5,0,0.0003560886147733328,0,0.5,0,0.0032503024221713413,0,0.5,0,7.334878551102152e-05,0,0.9500000000000001
P000831,anemia_other,undetermined,1,anemia_other,undetermined,0,5.878953808994948e-05,0,0.05,0,0.0004285589981539516,0,0.5,0,0.0026149001211675333,0,0.5,0,0.025747340761796744,0,0.5,0,0.0023430213282182037,0,0.5,0,6.055820270183379e-05,0,0.4357142857142857
P000832,anemia_other,undetermined,1,anemia_other,undetermined,0,0.0005542225205501001,0,0.05,0,0.00013737109727126378,0,0.15,0,0.0015311170673728823,0,0.1,0,0.011699243072946881,0,0.5,0,0.0015188130667282119,0,0.5,0,1.3726695528910311e-05,0,0.4357142857142857
P000833,iron_deficiency_anemia,iron_deficiency,1,iron_deficiency_anemia,iron_deficiency,1,0.9999797350838551,1,0.9500000000000001,0,0.0012815032427617831,0,0.5,0,0.015239796974234374,0,0.5,0,0.010291184793971706,0,0.5,0,0.0002062427273724469,0,0.5,0,0.0001302490967366957,0,0.41000000000000003
P000834,no_anemia_no_deficiency,none,0,no_anemia_no_deficiency,none,0,0.00022351298305267142,0,0.05,0,0.004288624696609915,0,0.5,0,0.029283764885078667,0,0.5,0,0.009641111999889923,0,0.5,0,0.0008423240082462051,0,0.5,0,4.091409042611776e-06,0,0.05
P000835,B12_deficiency_no_anemia,B12_deficiency,0,B12_deficiency_no_anemia,B12_deficiency,0,7.769358723598456e-05,0,0.41000000000000003,1,0.9786076395365557,1,0.95,0,0.10288148220963395,0,0.5,0,0.0010788800864183206,0,0.5,0,0.0003562849642313338,0,0.5,0,9.944922314946581e-05,0,0.05
P000836,iron_deficiency_anemia,iron_deficiency,1,iron_deficiency_anemia,iron_deficiency,1,0.9998207281992026,1,0.7749999999999999,0,0.03146652897262426,0,0.15,0,0.014169463956139204,0,0.5,0,0.003018389215248533,0,0.5,0,0.007753254681371599,0,0.5,0,3.130175744583306e-05,0,0.68
P000837,anemia_other,undetermined,1,anemia_other,undetermined,0,6.83474162969873e-05,0,0.05,0,0.0007980473512419441,0,0.15,0,0.07280819757403811,0,0.5,0,0.0024643303273157776,0,0.5,0,0.0051841340565446275,0,0.5,0,2.8512160347714118e-05,0,0.4357142857142857
P000838,latent_deficiency,iron_deficiency,0,latent_deficiency,iron_deficiency,1,0.9750434929811992,1,0.1,0,0.005980322160887558,0,0.15,0,0.0003226944252793882,0,0.1,0,0.018889492790840838,0,0.5,0,0.00012941199336250752,0,0.5,0,0.0006635970787435576,0,0.05
P000839,B12_deficiency_anemia,B12_deficiency,1,anemia_other,undetermined,0,0.0005615717254298812,0,0.05,1,0.009307404136289688,0,0.5,0,0.015209311973010292,0,0.1,0,0.029723133851217366,0,0.5,0,0.06905270746682335,0,0.5,0,0.04529787757153054,0,0.5900000000000001
P000840,inflammation_anemia,inflammation,1,inflammation_anemia,inflammation,0,0.00020809920576115126,0,0.6349999999999999,0,0.00020976685951982035,0,0.15,0,0.005564521236669562,0,0.5,0,0.012205374132902505,0,0.5,0,0.0038751953979759713,0,0.5,1,0.9999946134883043,1,0.9500000000000001
