patient_id,anemia_rule,true_class,true_cause,L1__iron_deficiency__proba,CatBoost__iron_deficiency__proba,L1__B12_deficiency__proba,CatBoost__B12_deficiency__proba,L1__folate_deficiency__proba,CatBoost__folate_deficiency__proba,L1__B6_deficiency__proba,CatBoost__B6_deficiency__proba,L1__copper_deficiency__proba,CatBoost__copper_deficiency__proba,L1__inflammation_anemia__proba,CatBoost__inflammation_anemia__proba,hierarchical_L1__class,hierarchical_L1__cause,hierarchical_CatBoost__class,hierarchical_CatBoost__cause
P000001,0,B12_deficiency_no_anemia,B12_deficiency,0.021817277339437564,0.0007221246172281248,0.7520953698770736,0.9260926899553553,0.24825239428385715,0.33054915322724265,0.033541507738481816,0.0034479561234296735,0.018093487848470317,0.00012968267722531573,0.0022604108850644406,0.0006594776870430469,B12_deficiency_no_anemia,B12_deficiency,B12_deficiency_no_anemia,B12_deficiency
P000002,0,folate_deficiency_no_anemia,folate_deficiency,8.116217782098563e-06,0.0005008697724288308,0.10840497765843574,0.015876283201820916,0.22282164299778479,0.1383033778058053,0.02306953142115487,0.0005871371298497604,0.0018699091063078277,0.006956654558127565,0.002771998440189512,0.0005318222319390698,no_anemia_no_deficiency,none,no_anemia_no_deficiency,none
P000003,0,latent_deficiency,iron_deficiency,0.9999999949086698,0.9995202207800785,2.633248912301595e-06,0.00026789055240185805,0.22381311415739039,0.016633372301193505,0.006253832164251367,0.0017072218238410235,0.008420443420682825,0.001448013338698496,0.0014770339141766927,0.00039919854395023324,latent_deficiency,iron_deficiency,latent_deficiency,iron_deficiency
P000004,0,B12_deficiency_no_anemia,B12_deficiency,0.018842166264803763,0.008554049967064459,0.9992792661871518,0.9911422541614198,0.15905364306561204,0.021742155174336617,0.11638526183235373,0.002265546444828194,0.0001385789516493135,0.0003372291010043341,0.00424428160318468,0.001036372822756859,B12_deficiency_no_anemia,B12_deficiency,B12_deficiency_no_anemia,B12_deficiency
P000005,1,B12_deficiency_anemia,B12_deficiency,5.453624382843283e-07,0.0005135678915768346,0.9999928802318718,0.9993075223337938,0.14104990311168467,0.0062137030289770795,0.053605570053332566,0.0007370390331539254,0.0003200566760437023,0.0007550503547851962,0.0031024206182549098,0.0016669433806611683,B12_deficiency_anemia,B12_deficiency,B12_deficiency_anemia,B12_deficiency
P000006,1,anemia_other,undetermined,0.07074581502759482,0.004218455892444722,0.0005934341719334046,0.0012184606665526817,0.0007629580376955089,0.003108957831837623,0.003703110688409907,0.0011570099530974962,0.0008198042711101887,0.0012894389421989846,0.005370284045147692,0.001686533329291057,anemia_other,undetermined,anemia_other,undetermined
P000007,1,inflammation_anemia,inflammation,3.5626620392383675e-08,0.0024971817005305747,0.3960244801583192,0.005235977008379587,1.9359389521618738e-05,0.001782526758446893,0.001509331340757985,0.007572141001434422,2.9023752522233343e-05,0.0006884185340405249,0.9990382470243654,0.9989178699537081,inflammation_anemia,inflammation,inflammation_anemia,inflammation
P000008,1,B12_deficiency_anemia,B12_deficiency,0.04961037852238822,0.006570265898055263,0.6757051234897368,0.21256848011610116,0.9768041360170066,0.8527055368671524,8.990565271362189e-08,0.0020235094423997216,0.001278395840745928,0.0034933437842944066,0.09595598977840328,0.0008381238964625033,mixed_deficiency,B12_folate,folate_deficiency_anemia,folate_deficiency
P000009,1,B12_deficiency_anemia,B12_deficiency,4.3769648975064354e-08,0.0003370552061295915,0.9978810828324663,0.998022467011743,0.27886281777391403,0.02363899961243901,0.05598642279593721,0.00028543746485469915,0.001776553399775923,0.013282362760854647,0.001607597878651618,0.0024848020568779424,B12_deficiency_anemia,B12_deficiency,B12_deficiency_anemia,B12_deficiency
P000010,0,latent_deficiency,iron_deficiency,0.9999766194630635,0.9994838311984772,4.799320025907632e-05,0.002358634998702594,0.0005140881675618193,0.007479856400683157,0.01010242856963677,0.00045376384946652895,0.013912607253945174,0.002241880426850253,0.0005753951366757902,0.0005617881885099628,latent_deficiency,iron_deficiency,latent_deficiency,iron_deficiency
P000011,1,iron_deficiency_anemia,iron_deficiency,0.9999997851070475,0.9998574604801057,0.04078437184043631,0.006041969016250176,0.004285749856731165,0.0046431725205145925,0.3321526067515549,0.004251967116994364,0.11075245992796726,0.0012034091691456707,4.177200352112905e-05,0.0004125448549545931,iron_deficiency_anemia,iron_deficiency,iron_deficiency_anemia,iron_deficiency
P000012,0,no_anemia_no_deficiency,none,0.04019568762735791,0.0021265145562688543,0.08739514054003827,0.009025029949690119,0.29252432169028897,0.023084210649093218,0.010998743004617326,0.0012498441441244883,0.0011530466956013957,0.000979048070657624,0.014958581134478554,0.0002179370983481165,no_anemia_no_deficiency,none,no_anemia_no_deficiency,none
P000013,1,mixed_deficiency,iron_B12,0.999600214515487,0.9939097365916105,0.9938481210112421,0.9957765302509054,0.08114102919817502,0.035408702414655865,0.04676370892663599,0.0037219277905616134,0.013898677986421302,0.0011326825833742902,0.0009589677137856084,0.00032424783120738867,mixed_deficiency,iron_B12,mixed_deficiency,iron_B12
P000014,1,inflammation_anemia,inflammation,2.5971031668609048e-12,0.001279749289126262,0.00026565035832161926,0.0013778995552014655,0.0331887415510059,0.0009440438405627728,0.33868050897260515,0.0021659192704053254,1.0449273464111007e-06,0.013837217536610585,0.999999960810593,0.9998709620422214,inflammation_anemia,inflammation,inflammation_anemia,inflammation
P000015,1,folate_deficiency_anemia,folate_deficiency,1.3623558979763586e-06,0.00048782173377782636,5.616064263460673e-07,0.0030973970721416585,0.9811749982390054,0.9910082581775257,2.5356090392304854e-07,0.0015793421211685518,0.11301996079768203,0.10172078417378966,0.001044886019774849,0.0008826917263977581,folate_deficiency_anemia,folate_deficiency,folate_deficiency_anemia,folate_deficiency
P000016,0,latent_deficiency,iron_deficiency,0.52396409572816,0.878977491136232,0.008505042596513133,0.0012274755848802167,0.18285726463155536,0.009500163876442152,0.007324460970041812,0.009312808664838716,0.10350322139796135,0.0015739094082882906,0.0034603831298800312,0.00025311287913245347,latent_deficiency,iron_deficiency,latent_deficiency,iron_deficiency
P000017,1,B12_deficiency_anemia,B12_deficiency,2.220707683323639e-05,0.0007727157478757693,0.99999996410516,0.9992941600695532,2.8225451074907594e-06,0.008139929130375173,6.208938041142074e-05,0.0006558236892640351,0.11428630176224565,0.0010267423231906372,0.002570073454298613,0.0014611076960861996,B12_deficiency_anemia,B12_deficiency,B12_deficiency_anemia,B12_deficiency
P000018,1,mixed_deficiency,iron_folate,0.9999884809403903,0.99962000775052,0.005266535918508957,0.0008305468289217483,0.7922166346815208,0.7175536746187868,0.607723895339928,0.32085192603194096,0.11504268485645545,0.0017887301993710016,0.03217732804668075,0.0007239285161176763,mixed_deficiency,iron_folate,mixed_deficiency,iron_folate
P000019,0,latent_deficiency,iron_deficiency,0.9990389387144114,0.9994108110830057,0.008570851266821104,0.0018967930433266553,0.1521490061652808,0.008692844370074369,0.029594803120190655,0.0015457446998170198,0.011869650945577506,0.00020243135436715095,8.111053330955617e-05,0.0005026834686820136,latent_deficiency,iron_deficiency,latent_deficiency,iron_deficiency
P000020,1,mixed_deficiency,iron_folate,0.9205987417769759,0.9898439329153168,0.055965718667571045,0.05232315663607497,0.9029934458930546,0.9606508720610076,0.1139153866557721,0.00021063703820895288,0.0038838442720959287,0.0003023112351438093,0.001737022396351127,0.0003808662226507261,mixed_deficiency,iron_folate,mixed_deficiency,iron_folate
P000021,0,no_anemia_no_deficiency,none,0.0007754891590523148,0.0023400690195042955,0.02041447324192363,0.0016174210042247765,0.05582730842111347,0.025746162079109094,0.3572898859411174,0.00033117075418534735,0.09209517675408517,0.0006606939900752197,0.0006032715337883879,0.0002074998316093656,no_anemia_no_deficiency,none,no_anemia_no_deficiency,none
P000022,1,anemia_other,undetermined,0.03166002047870799,0.0034807359241370243,0.03727355710049602,0.009056163642409657,0.15786019170274343,0.08755237140764197,0.3572898859411174,0.0005484153687437943,0.1143274569388761,0.0024427444957004227,0.002236908146633392,0.0005082038280605307,anemia_other,undetermined,anemia_other,undetermined
P000023,0,folate_deficiency_no_anemia,folate_deficiency,0.0008840434128570604,0.0005104871190498523,0.004768598920877336,0.01999191897537564,0.9965261687447267,0.9944689798834979,0.0023534315991747146,0.0007378307384509242,0.10323434636870397,0.00017646415315557441,0.006775897515984074,0.0003387534155961677,folate_deficiency_no_anemia,folate_deficiency,folate_deficiency_no_anemia,folate_deficiency
P000024,1,mixed_deficiency,iron_B12,0.965825644754363,0.9874591950364293,0.9998225913206055,0.9947440468951455,0.0009779813925719246,0.0006913208734306483,0.16630678277000668,0.01345334761412906,0.0018167504812148434,0.0006667414243953436,6.53455742907219e-05,0.0005509430688567406,mixed_deficiency,iron_B12,mixed_deficiency,iron_B12
P000025,1,anemia_other,undetermined,0.0006825689663900659,0.002225606775599248,0.04556441118772437,0.0039053594696068167,0.18587680559198635,0.07970110201680065,0.3572898859411174,0.0014666384240664607,0.1501460723907218,0.002012290255250212,0.00012284190183179517,0.00034864612132884447,anemia_other,undetermined,anemia_other,undetermined
P000026,0,latent_deficiency,iron_deficiency,0.997386611692217,0.9937085469788863,1.728374951067616e-05,0.003093344572767997,0.18255371403022866,0.014617090115479164,0.21787537674812585,0.03874992330960561,0.0974309963864697,0.0005906679622001152,0.0031746890849969583,0.0010725674994555101,latent_deficiency,iron_deficiency,latent_deficiency,iron_deficiency
P000027,0,latent_deficiency,iron_deficiency,0.9998219847860672,0.99924357380224,7.213835933185769e-05,0.0007266632528888532,0.1703321491204614,0.011277925644816398,2.5217674922122593e-07,0.0015688686572357664,0.08765401772776395,0.00014863305043896346,0.0009649662198516132,0.0006985194327392098,latent_deficiency,iron_deficiency,latent_deficiency,iron_deficiency
P000028,1,B12_deficiency_anemia,B12_deficiency,2.07086913243831e-07,0.0006694561725529586,0.9989063505149101,0.9874757223443299,0.33087963834901735,0.5750000030332455,0.07778418496050328,0.00039734265226232295,0.0020144181908540626,0.001004060712028327,0.017592779040863933,0.08396273973956969,B12_deficiency_anemia,B12_deficiency,mixed_deficiency,B12_folate
P000029,0,latent_deficiency,iron_deficiency,0.9999879886572892,0.9995583560346777,1.0307036914442981e-07,0.0005860980361695214,0.13526930469867515,0.03519850853586286,0.17240186977707173,0.00121265115856148,0.0882531145820381,0.0002535270248918157,0.008025872783612704,0.00040090516375713476,latent_deficiency,iron_deficiency,latent_deficiency,iron_deficiency
P000030,1,iron_deficiency_anemia,iron_deficiency,0.9999109348046114,0.9995857868022057,0.0155647658387932,0.00375671827849632,0.008003430622174144,0.005801747556119903,0.3572898859411174,0.002583690724306722,0.1717974227031585,0.0015534737919796655,0.0001349641940818345,0.0007479112324154239,iron_deficiency_anemia,iron_deficiency,iron_deficiency_anemia,iron_deficiency
P000031,1,iron_deficiency_anemia,iron_deficiency,0.9999999704880993,0.9997924588364484,1.6675656169385473e-08,0.0020569638476319765,0.12068609566453085,0.05594436473123362,1.158411995255811e-05,0.006469150371195588,0.06430623128005666,0.007932773236753177,0.15381078211781954,0.0033772900354473896,iron_deficiency_anemia,iron_deficiency,iron_deficiency_anemia,iron_deficiency
P000032,1,iron_deficiency_anemia,iron_deficiency,0.8905014920086299,0.9931387584191936,0.16802225287604342,0.014813675166405244,0.176446748488659,0.01530390889070053,0.002753508981721073,0.0003490575766720848,0.10948260032258107,0.0006514617757801497,0.0007619409854128237,0.001109693524631955,iron_deficiency_anemia,iron_deficiency,iron_deficiency_anemia,iron_deficiency
P000033,0,folate_deficiency_no_anemia,folate_deficiency,0.05448188855752406,0.001282565084824543,0.09522856616262163,0.07248401111917455,0.9979388456973836,0.9834202329760072,0.0005664754102584875,0.0010496989296459684,0.048899169233588176,0.001871066438326186,0.0005744585378352966,0.0005087988661655145,folate_deficiency_no_anemia,folate_deficiency,folate_deficiency_no_anemia,folate_deficiency
P000034,1,anemia_other,undetermined,1.256730020606353e-06,0.0005823094565045138,0.00546688703303069,0.0031472403083962095,0.35367576157414427,0.0577036453852267,0.0954817993313058,0.001074784279261531,0.12486782992985937,0.022182279166913826,0.0010653085905215063,0.0004285193427064663,anemia_other,undetermined,anemia_other,undetermined
P000035,1,anemia_other,undetermined,1.7998701800468843e-05,0.0006112968476598283,0.00025582061468426955,0.0007022122660166797,0.0019463628284932778,0.010197270425003523,0.2626117803906151,0.0051850350659663515,0.0001280917521003987,0.010513978147486575,1.2780292186331694e-05,0.0023358012481549313,anemia_other,undetermined,anemia_other,undetermined
P000036,0,no_anemia_no_deficiency,none,0.192482406491441,0.018399569737528182,0.0005419722208364258,0.002716505381096395,0.10618613514863773,0.05274915321045159,0.3572898859411174,0.0006527135012159584,0.09090488565555696,0.0007715030994765074,0.00023844982903542964,0.00014273277070329956,no_anemia_no_deficiency,none,no_anemia_no_deficiency,none
P000037,1,folate_deficiency_anemia,folate_deficiency,0.0023887477795401916,0.0012519692541478225,0.20907763152264539,0.12182366658973945,0.9992396028324332,0.996646827325069,0.0956217488816669,0.0007134982003980083,9.6193974370419e-05,0.00027882450275778213,2.1363137080709812e-05,0.000292032776357369,folate_deficiency_anemia,folate_deficiency,folate_deficiency_anemia,folate_deficiency
P000038,0,folate_deficiency_no_anemia,folate_deficiency,0.005769986940264141,0.0019588141621589747,0.05062482100754185,0.029125403472104072,0.9830977375436073,0.9758913388108018,0.0012629693758129366,0.0006182649018899906,0.10136947576183705,0.0002161887149385746,9.794881869933552e-05,0.00014851452241587101,folate_deficiency_no_anemia,folate_deficiency,folate_deficiency_no_anemia,folate_deficiency
P000039,1,inflammation_anemia,inflammation,1.3494412722174595e-11,0.008618982526177215,0.00015752930512316228,0.0010533258420465054,0.2378572730758893,0.04243803860497793,0.3572898859411174,0.031079924179192652,0.12344829370572435,0.010663484688269808,0.9983317359216894,0.19150352918296543,inflammation_anemia,inflammation,anemia_other,undetermined
P000040,1,B12_deficiency_anemia,B12_deficiency,0.00012544527245137907,0.0007655662109497969,0.999925414754146,0.9989880720078635,0.848640400474509,0.19656171002670347,4.441894799383769e-05,0.0004292122874238347,0.004497863238652412,0.0005821323458474453,0.0004662044607566051,0.0005738128713459736,mixed_deficiency,B12_folate,B12_deficiency_anemia,B12_deficiency
P000041,1,iron_deficiency_anemia,iron_deficiency,0.9999988298811826,0.9998575466702089,2.9749184409408055e-05,0.00250668320581279,0.00022229242879334203,0.00625903382669057,0.3572898859411174,0.0010498791002827043,0.1435688968059813,0.00060886788334385,3.5503205627690916e-05,0.00023332590546282976,iron_deficiency_anemia,iron_deficiency,iron_deficiency_anemia,iron_deficiency
P000042,1,B12_deficiency_anemia,B12_deficiency,0.2855130974071622,0.03877974897584881,0.9990773603895992,0.9987958142773019,0.00031641563164275883,0.00936218809082527,8.740590090299822e-05,0.0009090121748599928,0.0001077203945649255,0.0029176432724689273,0.0011879679036766661,0.0004079230383274428,B12_deficiency_anemia,B12_deficiency,B12_deficiency_anemia,B12_deficiency
P000043,1,iron_deficiency_anemia,iron_deficiency,0.9998841126864557,0.9995548789088541,0.01911788092747279,0.0025551671453234873,0.06537345448026402,0.0055683928385819315,0.010900855862796457,0.0003474733379028591,0.0001324327580440308,0.001920500493954511,0.0012627671628903199,0.0005937007283767061,iron_deficiency_anemia,iron_deficiency,iron_deficiency_anemia,iron_deficiency
P000044,1,iron_deficiency_anemia,iron_deficiency,0.9999614719127178,0.9998329410605858,0.027803257935527296,0.0036442740750634046,0.14959745121809806,0.024754092964864586,0.46172832921729556,0.02057334468356016,0.09668432892275616,0.0003479936025762851,0.001262931204883111,0.0010987657882311872,iron_deficiency_anemia,iron_deficiency,iron_deficiency_anemia,iron_deficiency
P000045,0,latent_deficiency,iron_deficiency,0.9724458188327563,0.9980761915111427,0.02440221943747914,0.001371488966581136,0.07102206463307167,0.006142369525873839,0.20357580308668258,0.011116159341062732,0.0007599678965935687,0.00033258012391098593,0.006297321480401367,0.0005142571226158235,latent_deficiency,iron_deficiency,latent_deficiency,iron_deficiency
P000046,1,mixed_deficiency,iron_B12,0.9999913977342348,0.9996497755159497,0.9964473870425258,0.8954880083498609,0.00010974658864811661,0.006574442782466739,0.002073915816330283,0.0005864643616410039,0.07346323121428991,0.0011540768321246528,0.004633354056209843,0.001121361912673211,mixed_deficiency,iron_B12,mixed_deficiency,iron_B12
P000047,1,mixed_deficiency,iron_folate,0.9999983402589138,0.9997065402003595,0.05310707072107788,0.02617286628609676,0.9468401194129951,0.9882537813017765,0.14310629959772814,0.000659463254356416,0.0017620244544136274,0.0014442854867725138,0.00016848044612029624,0.00013893994479121342,mixed_deficiency,iron_folate,mixed_deficiency,iron_folate
P000048,1,inflammation_anemia,inflammation,0.0680299292893207,0.006997768327574587,0.0038014587100616793,0.001896878558110835,6.821768934484949e-05,0.007608937414565237,0.040807346297741715,0.0017836481735498458,0.07852708746142299,0.00020466918447395452,0.974884227389469,0.9783216482592436,inflammation_anemia,inflammation,inflammation_anemia,inflammation
P000049,1,folate_deficiency_anemia,folate_deficiency,4.68335957694166e-08,0.0002451488377985907,0.0034180630051879237,0.003953715347873036,0.9874235479251078,0.9816862417760392,0.008423943369976667,0.002654850522876022,0.11927254267062655,0.008072195201931328,0.00010612343321368248,0.0011044536190339572,folate_deficiency_anemia,folate_deficiency,folate_deficiency_anemia,folate_deficiency
P000050,0,no_anemia_no_deficiency,none,0.0019591031927352564,0.0010634450811340729,0.007455678530797854,0.006358781022129118,0.24570555221784654,0.19660284042186835,0.1193345253268871,0.00047999750819988915,0.0022750034691681525,0.0009650360274348293,0.003628807065261332,0.0011464491920763899,no_anemia_no_deficiency,none,no_anemia_no_deficiency,none
P000051,1,B12_deficiency_anemia,B12_deficiency,0.023044390638319114,0.00627187304761863,0.9657708821991049,0.3940249979719853,7.40016339256061e-08,0.02150763508732176,0.14416474355134756,0.004334725083932449,0.0011117047924707312,0.0005907772341938902,0.16363347718204832,0.001218592103359006,B12_deficiency_anemia,B12_deficiency,anemia_other,undetermined
P000052,1,B12_deficiency_anemia,B12_deficiency,0.0001573477749259999,0.0005860919207007428,0.9999956798845862,0.9941949206246478,0.23360049022703164,0.013443757327338672,6.653068033383984e-05,0.0002515318955337162,0.08696052548947401,0.000953663612962824,0.016960680473403787,0.0026462898043435458,B12_deficiency_anemia,B12_deficiency,B12_deficiency_anemia,B12_deficiency
P000053,0,copper_deficiency,copper_deficiency,2.7615359438969048e-06,0.002535949700694414,6.887658317229649e-06,0.0024892029192929797,0.001289562404732315,0.02424625732666087,0.22157898195437084,0.012617176339242947,0.8365850072436306,0.966054635691399,8.404616701279421e-05,0.007774510624334551,copper_deficiency,copper_deficiency,copper_deficiency,copper_deficiency
P000054,0,copper_deficiency,copper_deficiency,4.940474783183945e-05,0.0009493849656909088,0.00017551873175309225,0.00020659541468692305,0.08895886713052656,0.006809465412538848,0.03503922227475057,0.020454611447166347,0.9999376073433794,0.998362839440482,0.0038978084136942906,0.0038518532367812783,copper_deficiency,copper_deficiency,copper_deficiency,copper_deficiency
P000055,1,B12_deficiency_anemia,B12_deficiency,0.00016456160437092784,0.0007633085466811429,0.9569560455294304,0.9367019283391369,0.0008246212646489439,0.008778198270275251,0.03132952644998806,0.0007412559484663109,0.001375283542728864,0.008400554540732623,0.00025830153892022887,0.0011799585183575342,B12_deficiency_anemia,B12_deficiency,B12_deficiency_anemia,B12_deficiency
P000056,1,folate_deficiency_anemia,folate_deficiency,0.0025584766403850406,0.001761895201787352,0.0060102805640255535,0.01446231953254071,0.9693634865450284,0.9906109961013989,0.022718493544337602,0.00192311227176484,0.021897349643578076,0.012509370886109842,0.003190443233418739,0.0005789109240427277,folate_deficiency_anemia,folate_deficiency,folate_deficiency_anemia,folate_deficiency
P000057,1,anemia_other,undetermined,0.0006959893526277251,0.0008653689399368829,0.004792299976711486,0.0009063324365573524,0.4745921116230094,0.22812496402576954,0.14775164995449153,0.0010557779518390734,0.016565130686120283,0.000673778566164579,0.00010018038483420342,0.0033643761545196346,anemia_other,undetermined,anemia_other,undetermined
P000058,1,anemia_other,undetermined,4.9666335346322175e-11,0.0006190671121327298,0.11240519986788004,0.051203220206458316,0.057257590132120874,0.014266345440052347,0.3572898859411174,0.005776233560431685,3.287087401830518e-08,0.0016481501244380503,0.0009302334726277903,0.0037578811920701265,anemia_other,undetermined,anemia_other,undetermined
P000059,1,anemia_other,undetermined,1.15183297306348e-07,0.00029157592067000624,0.005259212982707141,0.0003093133070843389,0.43924694476219883,0.3720141049979226,0.016152706818507806,0.002383594441728934,0.00957661155358997,0.001274477556709398,2.2512856910317115e-06,0.0015521002952038618,anemia_other,undetermined,anemia_other,undetermined
P000060,1,anemia_other,undetermined,1.302566728117702e-09,0.00018587892136500707,0.007000007055662454,0.008301864837792576,0.5955134140953058,0.7083060605739921,0.14589056559148827,0.0006109475691785518,0.1060727207689091,0.0014721026955498723,0.0006076235984649762,0.0066303624508230515,folate_deficiency_anemia,folate_deficiency,folate_deficiency_anemia,folate_deficiency
P000061,0,no_anemia_no_deficiency,none,0.0017328317678583253,0.002572731140599541,2.0998085879650283e-09,0.0023012524877290817,0.28647471991080986,0.03879193815052749,0.6193659915786447,0.006546248221724265,0.0005246603413383816,0.00041595413516860207,0.0007083002351271833,0.00018454869139212054,B6_deficiency,B6_deficiency,no_anemia_no_deficiency,none
P000062,0,B12_deficiency_no_anemia,B12_deficiency,0.12318412922602937,0.002356580695910381,0.22974955524722981,0.018256350075165035,0.03563700073361888,0.005828634159594336,0.13345107985320198,0.0012143972677693487,0.000348898106940889,0.0004073430734481165,0.0001815390668961893,0.00023192071559451516,no_anemia_no_deficiency,none,no_anemia_no_deficiency,none
P000063,1,folate_deficiency_anemia,folate_deficiency,0.00016950170813928548,0.0003396019645584278,0.00023407680045157284,0.00797014253493493,0.9997755243520038,0.9953125879406516,0.3572898859411174,0.0007416389777647368,0.0007929706089091338,0.0008859511509860321,0.0017062117011636538,0.0004892664036509058,folate_deficiency_anemia,folate_deficiency,folate_deficiency_anemia,folate_deficiency
P000064,1,iron_deficiency_anemia,iron_deficiency,0.9999581307850358,0.9997313523541239,0.028426362663598617,0.01281963678495852,0.0033484660049715683,0.02055697371976439,0.16789898251784668,0.0025404774965807598,0.03574296260375527,0.0009524583486550706,1.254576652396569e-05,0.0009465405988157097,iron_deficiency_anemia,iron_deficiency,iron_deficiency_anemia,iron_deficiency
P000065,1,copper_deficiency,copper_deficiency,0.019511596749211307,0.0007130290868465276,0.004724049474205157,0.0007544100795129071,0.15078738939869168,0.2867582487948518,0.0003254839790750946,0.0005353535548062293,0.9999999886753815,0.9961348936992103,0.0007410886835012454,0.0003546917890974412,copper_deficiency,copper_deficiency,copper_deficiency,copper_deficiency
P000066,0,folate_deficiency_no_anemia,folate_deficiency,0.00025147442730125185,0.0007085148474760836,0.1319583580387739,0.08636984489331861,0.9848599094953858,0.9912956030694368,0.0236174515171328,0.0013223650448099412,0.11975233787030348,0.0035142468236913933,0.0018339531433589813,0.0011300304088467628,folate_deficiency_no_anemia,folate_deficiency,folate_deficiency_no_anemia,folate_deficiency
P000067,1,iron_deficiency_anemia,iron_deficiency,0.9989367015615218,0.9996189970418349,0.007026513538817789,0.009122027656995506,0.013910474460301133,0.016316662424229633,0.0012026637623721442,0.00033395499849879213,0.0030591634483711377,0.00026688794698695673,0.005072411606033376,0.00042677063319418207,iron_deficiency_anemia,iron_deficiency,iron_deficiency_anemia,iron_deficiency
P000068,1,mixed_deficiency,iron_B12,0.9998170383879188,0.9986287832279218,0.9999275529682005,0.9669195146549817,0.011933759402396101,0.0023097414109731645,0.3572898859411174,0.0008420784677844469,4.786073291753698e-09,0.00224534094667383,8.242275390770192e-06,0.0020900223905962966,mixed_deficiency,iron_B12,mixed_deficiency,iron_B12
P000069,1,inflammation_anemia,inflammation,3.378873855488253e-09,0.0008096489620718486,0.026497200486640397,0.0052671177664960905,7.345428975110655e-05,0.013386284178331645,0.3572898859411174,0.0005982296165621704,0.011221856360052147,0.0005760451020962523,0.9218125361302515,0.9876900091661729,inflammation_anemia,inflammation,inflammation_anemia,inflammation
P000070,0,latent_deficiency,iron_deficiency,0.999818758538514,0.9997435996243267,0.06949444789654516,0.009886662193294217,0.1654394998283161,0.004056628224089138,0.3572898859411174,0.0007642094312132585,8.100841658279626e-05,0.0002247085237814443,0.020383583884990314,0.00038648183796687676,latent_deficiency,iron_deficiency,latent_deficiency,iron_deficiency
P000071,1,iron_deficiency_anemia,iron_deficiency,0.9999996345184149,0.9996348504069852,0.008297081380442816,0.00016728409056579246,0.15477648560905174,0.01313300940243457,0.007620935485850075,0.0016494431034500977,0.017120712304420225,0.0013256722044782852,6.85912149525395e-05,0.00043776342436872747,iron_deficiency_anemia,iron_deficiency,iron_deficiency_anemia,iron_deficiency
P000072,0,no_anemia_no_deficiency,none,1.9174844759594924e-05,0.0002539961989141255,0.009588350393089867,0.0028379181521430395,0.2241717613461491,0.21966480719796555,0.002427313270289017,0.0005233546222904756,0.06915417920613563,0.0008372288538988326,0.0015635233495276306,0.0009670006946926878,no_anemia_no_deficiency,none,no_anemia_no_deficiency,none
P000073,1,mixed_deficiency,B12_folate,0.0012176311791990751,0.0011419444339681327,0.9987121759067099,0.9966682842399665,0.9994581788586387,0.9807230993711847,0.0029272654013735248,0.0021912134909922235,0.13696323531519655,0.0012210328900396895,0.00037576909455703,0.004003977420244056,mixed_deficiency,B12_folate,mixed_deficiency,B12_folate
P000074,0,latent_deficiency,iron_deficiency,0.9979319957405934,0.9984674466202891,0.024498531505198203,0.0012126496224477445,0.15053654907683853,0.004035454797914555,0.0025315262219694893,0.0003012727067570932,0.09330225392229131,0.00020628352603457221,0.0031811187766454543,0.00031832573901051625,latent_deficiency,iron_deficiency,latent_deficiency,iron_deficiency
P000075,1,B12_deficiency_anemia,B12_deficiency,4.475919084703449e-07,0.0015151877880372378,0.9999998683837421,0.9985675275943363,0.15375974091456573,0.12660368457172,0.3572898859411174,0.000747830366075108,0.0006397780080095264,0.0014254334720360605,6.793958127428525e-06,0.029890865533847257,B12_deficiency_anemia,B12_deficiency,B12_deficiency_anemia,B12_deficiency
P000076,1,iron_deficiency_anemia,iron_deficiency,0.9994303128800518,0.9985041927517609,0.0008237303033925789,0.0020084035270497087,2.7364454283191008e-05,0.009255979493054801,0.3572898859411174,0.0024972802104293733,0.0052169475044731555,0.0002590108245557823,0.00012187137467059155,0.000577314882808938,iron_deficiency_anemia,iron_deficiency,iron_deficiency_anemia,iron_deficiency
P000077,0,latent_deficiency,iron_deficiency,0.9999997787310592,0.999685912409888,0.043889435992605454,0.004075952060307148,0.44123679878454086,0.2982037857541052,0.1615674256685545,0.0005016925998131966,7.156332227141218e-08,0.00013295078881269578,0.00011734129651488995,0.00021136264329283777,latent_deficiency,iron_deficiency,latent_deficiency,iron_deficiency
P000078,0,no_anemia_no_deficiency,none,0.0016802009043272509,0.0017399458099664458,0.015216112690009201,0.01107446238484241,0.03502362774876031,0.0017680595322271515,0.016665947393437682,0.022894293588076008,0.0701594299912144,0.000373124679962835,0.0009486240224478527,0.00035609599573603514,no_anemia_no_deficiency,none,no_anemia_no_deficiency,none
P000079,1,mixed_deficiency,iron_B12,0.999999321037708,0.9995818037319896,0.9996529626175403,0.9986919609725022,0.4539644835849454,0.18781013851476866,7.699122909282848e-05,0.0004409102186274901,0.27040078299742487,0.014078097211646856,0.00019296157949459306,0.0003508457589240731,mixed_deficiency,iron_B12,mixed_deficiency,iron_B12
P000080,1,iron_deficiency_anemia,iron_deficiency,0.9955794804113571,0.9978666525007217,0.03592008566682892,0.0030052475944650344,0.13026366620333552,0.025898026885260467,0.00033158391897219173,0.003839583278930609,0.005177568086155893,0.0011555003253502108,0.0012525551919062466,0.0005468931730245789,iron_deficiency_anemia,iron_deficiency,iron_deficiency_anemia,iron_deficiency
P000081,1,iron_deficiency_anemia,iron_deficiency,0.9987000203190425,0.9996712787322668,3.0351577221295656e-08,0.0002167872521199016,0.2117137116978459,0.025526303861679162,0.04010810720653639,0.0010612785418595305,0.00013701669216711416,0.00033122978013754137,0.012522355516018178,0.0006372216320974406,iron_deficiency_anemia,iron_deficiency,iron_deficiency_anemia,iron_deficiency
P000082,1,mixed_deficiency,iron_folate,0.9999900583082935,0.9995808014094829,0.0006587089551699957,0.00147971708695443,0.9442669960983647,0.9665711199204878,0.15103255974938234,0.0012445863025709796,0.1105239822757906,0.0011037251274873701,0.0006684680721957105,0.0006990197390904427,mixed_deficiency,iron_folate,mixed_deficiency,iron_folate
P000083,1,mixed_deficiency,iron_B12,0.9999878311863791,0.9965746042118798,0.7682445459060551,0.9655127251341284,0.3031934193108881,0.24180516915867256,0.10222139130697779,0.00022568344917024523,8.528284511204153e-09,0.00179843664032425,5.502994804008604e-05,0.0001886156622058934,mixed_deficiency,iron_B12,mixed_deficiency,iron_B12
P000084,1,anemia_other,undetermined,0.000383403404312648,0.0005590193678094998,0.0009748871337646104,0.0007602989610334783,0.11736280600254709,0.032470775371716484,0.2792926671411036,0.04378994185886078,0.038570872592355684,0.0006045111668433635,0.001549152010255044,0.0008495669167147117,anemia_other,undetermined,anemia_other,undetermined
P000085,1,inflammation_anemia,inflammation,0.0004598472481860701,0.02335110395243035,0.06440850939224699,0.004446185837986548,0.0011127959129501263,0.003640665300446152,0.3572898859411174,0.008097128176994763,0.00011344557760578056,0.0005057216759771503,0.9992903073569567,0.415724866157007,inflammation_anemia,inflammation,anemia_other,undetermined
P000086,0,folate_deficiency_no_anemia,folate_deficiency,0.015837553159648392,0.000882877061681805,0.05046034645259624,0.0036054222758965027,0.4380325660768793,0.1324255802492743,0.03024046882513144,0.0004162615707191199,0.0010787385968804503,0.0003473453516177782,0.004471947870910842,0.0006318889874171902,no_anemia_no_deficiency,none,no_anemia_no_deficiency,none
P000087,1,mixed_deficiency,iron_B12,0.9999999987619976,0.9993425243402986,0.9998822247381471,0.9813745817189654,0.06887623772175215,0.027922998121988143,0.16245621904624946,0.000631560592366499,0.13883065125369176,0.0013399508843616082,0.00010844761362297226,0.00052894123882876,mixed_deficiency,iron_B12,mixed_deficiency,iron_B12
P000088,1,anemia_other,undetermined,0.007907739066199461,0.0011128802493275511,0.04046726834653871,0.003327171351413497,1.7414025811006947e-05,0.00138637822327008,0.055564233190579806,0.01180814171685621,0.12344829370572435,0.00841476439545041,2.2838673036985746e-05,0.001018680436562739,anemia_other,undetermined,anemia_other,undetermined
P000089,1,iron_deficiency_anemia,iron_deficiency,0.9999975911948097,0.9998018474258682,4.486435966944232e-05,0.0007157539981532288,0.04320807490471716,0.023824280591315253,0.4342322101799772,0.0013341416533237888,0.013759144820965146,0.00011486773918918322,0.01348950411757174,0.10860172255415151,iron_deficiency_anemia,iron_deficiency,iron_deficiency_anemia,iron_deficiency
P000090,0,latent_deficiency,iron_deficiency,0.03364755661990198,0.023464344023787824,0.05907323250429949,0.011253938099619392,0.011556867625546864,0.010299165105420416,0.13017366795583013,0.0004710672475237792,0.00037953222009044286,0.0002921407153943629,0.006269217982512074,0.00018066613041811035,no_anemia_no_deficiency,none,no_anemia_no_deficiency,none
P000091,1,inflammation_anemia,inflammation,0.09689925996058311,0.01746590488899625,0.0002740864899112563,0.0022443403333503383,2.834645984234492e-05,0.004873102727135095,0.2167750796561875,0.051326387936087084,0.06283509009272806,0.0008045393257042644,0.9993718063639009,0.9887473815254998,inflammation_anemia,inflammation,inflammation_anemia,inflammation
P000092,0,folate_deficiency_no_anemia,folate_deficiency,0.00018730282071006916,0.0004135619278322323,0.03853248795556463,0.006042272890798046,0.5612716036887517,0.5108386883103847,0.0669040265673318,0.0007249759575964912,0.03649499303058651,0.00029068709756614584,0.021769117506521097,0.0008085479680191396,folate_deficiency_no_anemia,folate_deficiency,folate_deficiency_no_anemia,folate_deficiency
P000093,0,no_anemia_no_deficiency,none,4.37797093576808e-05,0.002659116547669721,0.002428445135969707,0.0005247476056318152,0.021808035873994974,0.004354563096033826,0.17264287177199159,0.0011021296248130991,5.4965436033494074e-05,0.00015938274874645222,0.00041264429447764457,0.00015076336127151836,no_anemia_no_deficiency,none,no_anemia_no_deficiency,none
P000094,1,mixed_deficiency,iron_folate,0.999990390159968,0.9997618041261846,0.22857290800478905,0.24169056754421167,0.9456139428223544,0.9759510217628491,0.0001254108071288162,0.00033440050667590067,0.1271038499068771,0.0007597592201217011,0.0015506453961421592,0.0005134564104981898,mixed_deficiency,iron_folate,mixed_deficiency,iron_folate
P000095,0,B6_deficiency,B6_deficiency,0.04299718559862364,0.005278113892190953,0.004468859868386382,0.003759607089549164,0.29123893607198315,0.0698814710447848,0.7352099753596157,0.9915770839804866,0.07523342635924953,0.00016608367038770737,0.011225242533880377,0.001647897330436856,B6_deficiency,B6_deficiency,B6_deficiency,B6_deficiency
P000096,1,mixed_deficiency,iron_B12,0.9999607183826846,0.9998420650413526,0.9492431202072172,0.9913988296728883,0.15063298153027582,0.180866155207188,0.13075519060429613,0.00038415893934430764,0.00010566935427732695,9.609721160585564e-05,9.436634261653787e-05,0.0008285119849142838,mixed_deficiency,iron_B12,mixed_deficiency,iron_B12
P000097,1,iron_deficiency_anemia,iron_deficiency,0.99942723175351,0.9997340176338272,0.06676888824188314,0.01387130281364514,0.20687546379467775,0.0050461071507917786,0.13465161782415433,0.00046366260813491785,0.12350058971926743,0.0017784083771726757,5.3973276803648124e-05,0.000279630225281645,iron_deficiency_anemia,iron_deficiency,iron_deficiency_anemia,iron_deficiency
P000098,0,latent_deficiency,iron_deficiency,0.999810879404636,0.9997941051664431,0.03081452358021469,0.0022777815642513618,0.1459561929391846,0.004845465902327446,0.0004130386981450754,0.00038758650831931794,0.0006133864551075807,0.0004502127673990935,0.0004896714747713235,0.0003418546283925069,latent_deficiency,iron_deficiency,latent_deficiency,iron_deficiency
P000099,1,iron_deficiency_anemia,iron_deficiency,0.9050347690571119,0.9926775546778138,0.03569909375002873,0.006135729244047194,0.21125838101769875,0.09035822626750784,0.15387589119881123,0.01301606518508609,1.584744739796008e-07,0.006416462308759775,0.002092434425463699,0.0010002004852696373,iron_deficiency_anemia,iron_deficiency,iron_deficiency_anemia,iron_deficiency
P000100,1,iron_deficiency_anemia,iron_deficiency,0.9997121704531047,0.9997276428713676,1.4845453861220244e-06,0.000176304698815741,0.2976640961323962,0.06607074985898291,0.26182618497685534,0.0009699300721922998,0.00012742664922907147,0.00028121382312613175,0.00027280412094003254,0.0004199978883846509,iron_deficiency_anemia,iron_deficiency,iron_deficiency_anemia,iron_deficiency
P000101,1,copper_deficiency,copper_deficiency,2.736803563405061e-05,0.0008025460624575697,0.0006597055262529462,0.003845188727829166,0.6615746087447739,0.262589099819225,0.10312444018149351,0.004405921079034254,0.9999999965280517,0.9988361788345194,4.615419466148699e-05,0.00030849449240949857,copper_deficiency,copper_deficiency,copper_deficiency,copper_deficiency
P000102,1,inflammation_anemia,inflammation,0.00030910071335976344,0.001688967921587238,7.161668972937961e-05,0.0015939382941077404,0.0007057746931445312,0.005465416509482748,0.17308840005625864,0.0011618581736777564,0.036146082793838345,0.09561552369697732,0.22222651667194324,0.03136200449222389,anemia_other,undetermined,anemia_other,undetermined
P000103,1,iron_deficiency_anemia,iron_deficiency,0.9988684327809099,0.9988401984099728,0.003447297907923608,0.0009527078709321759,0.045062323342265176,0.028190774055590985,0.3572898859411174,0.0002508437835821386,3.083972897523739e-05,0.00015099194322852182,0.017669652481703543,0.0006129857597390788,iron_deficiency_anemia,iron_deficiency,iron_deficiency_anemia,iron_deficiency
P000104,0,no_anemia_no_deficiency,none,0.0002364014554615718,0.001044610014200289,0.06154040775716923,0.006283951910236611,0.6047521929971337,0.27515281126367636,0.0004918344400458876,0.0004811138392822564,0.05140064873460528,0.0012174189643013224,1.272724427390254e-05,0.0008230788298833466,folate_deficiency_no_anemia,folate_deficiency,no_anemia_no_deficiency,none
P000105,1,B12_deficiency_anemia,B12_deficiency,6.087035849781731e-06,0.00042460618848336087,0.9999997669984763,0.9988141944996011,0.3110223157233278,0.29685830280304903,0.00038799479610655455,0.0001688591429837434,0.0010541994524146962,0.0009171898498672727,0.00045901213330737254,0.0023107641161806713,B12_deficiency_anemia,B12_deficiency,B12_deficiency_anemia,B12_deficiency
P000106,0,copper_deficiency,copper_deficiency,0.015199210041460152,0.0021655580175787502,0.16318711210076775,0.433704575619764,0.0011766617400169137,0.010376354518839708,0.10749120123790966,0.0007546005915782468,0.999999999740774,0.9996205727085096,0.0014795858772392492,0.00014384298692230095,copper_deficiency,copper_deficiency,copper_deficiency,copper_deficiency
P000107,1,copper_deficiency,copper_deficiency,0.0225930429739121,0.0008431514124669056,0.29726385732889476,0.006497825538886498,0.2844175033293604,0.3218734038462575,0.00233824585038997,0.0005201127550007891,0.6695629922597874,0.18226573818489944,0.00709553842901126,0.020139935089624538,copper_deficiency,copper_deficiency,anemia_other,undetermined
P000108,1,folate_deficiency_anemia,folate_deficiency,5.647527631615177e-06,0.0004469821248655979,0.002997664702981653,0.02714513909901524,0.9931867783241568,0.9807897320922546,0.3572898859411174,0.00263850892511684,0.1210158809845456,0.008116519533335751,0.0017379193256080252,0.0013471349513372746,folate_deficiency_anemia,folate_deficiency,folate_deficiency_anemia,folate_deficiency
P000109,0,no_anemia_no_deficiency,none,0.044833099102165416,0.003251528697033143,0.006377085724859392,0.0017479002664678065,0.20118230013575697,0.037707964694445824,0.003553923083520073,0.0005703427656549452,0.00027142224967254724,0.0004701699966731606,0.014419813992788286,0.000571668718852017,no_anemia_no_deficiency,none,no_anemia_no_deficiency,none
P000110,0,no_anemia_no_deficiency,none,0.1957595403433621,0.02867714842512287,0.2709236897040353,0.005607006405672678,0.0299819950701261,0.0016765073021940233,0.3572898859411174,0.004609469647180347,0.07866714685692933,0.0003847472988611638,0.0006999235139421389,0.00014667104824973197,no_anemia_no_deficiency,none,no_anemia_no_deficiency,none
P000111,0,no_anemia_no_deficiency,none,0.017257520086284374,0.0012617126655707336,0.0010236584306068232,0.000673457394891663,0.3929484530775105,0.1521589175856931,0.10828664962341596,0.0017480107987926648,0.00011021166694826581,0.0004953205066615576,0.0004463622777382013,0.00029024981646909976,no_anemia_no_deficiency,none,no_anemia_no_deficiency,none
P000112,1,iron_deficiency_anemia,iron_deficiency,0.9999905289162929,0.6356176265055707,5.2459846376407775e-05,0.005640986720192075,0.0006866206679784663,0.04960603906930406,0.002248607480920476,0.0005776635317683443,0.11061908227296599,0.008405780591334986,0.01795192195639385,0.0006719074981069671,iron_deficiency_anemia,iron_deficiency,iron_deficiency_anemia,iron_deficiency
P000113,1,iron_deficiency_anemia,iron_deficiency,0.9998538587087497,0.9992077581312451,0.009265851415132283,0.010015904681729495,0.39680871472685186,0.2635982786471427,0.00031918307283549665,0.0007284591018430623,0.10071753652670505,0.0005412821844222803,0.0001803699628902761,0.0006148083295724788,iron_deficiency_anemia,iron_deficiency,iron_deficiency_anemia,iron_deficiency
P000114,0,no_anemia_no_deficiency,none,1.09126048670047e-05,0.0006354608238020279,0.10373777446409195,0.0037020814434731474,7.225301092935298e-05,0.0009690207632535536,0.050666619285056634,0.003457274018114778,0.09248741297218913,0.0004103662796582693,0.00017232346246482506,0.0010448260416263963,no_anemia_no_deficiency,none,no_anemia_no_deficiency,none
P000115,1,B12_deficiency_anemia,B12_deficiency,0.005741301107362101,0.005197848592820755,0.9999999554914012,0.9988824968142279,0.0025826739804639637,0.009303692669987899,0.00041200541696868095,0.0001580370068468788,0.3869266648367312,0.007004788874107453,0.1751497900556867,0.02366249381144878,B12_deficiency_anemia,B12_deficiency,B12_deficiency_anemia,B12_deficiency
P000116,1,mixed_deficiency,iron_B12,0.9999997068445643,0.9997088690017646,0.9998096568507296,0.9972954156343088,0.013676800833461879,0.005653235728821223,1.253633601608715e-05,0.00038558381159346566,4.0765783138008574e-06,0.00025355512866845494,7.399556218218202e-05,0.003084506983415428,mixed_deficiency,iron_B12,mixed_deficiency,iron_B12
P000117,0,latent_deficiency,iron_deficiency,0.9796148770232963,0.997221339480383,0.033591144801884444,0.002001016320549451,0.004062783831768584,0.01832903614349603,0.0028816133698622804,0.000467602662907541,0.09031918747893265,0.00022872632622748194,0.000311719688516095,0.003069119036759774,latent_deficiency,iron_deficiency,latent_deficiency,iron_deficiency
P000118,0,no_anemia_no_deficiency,none,0.00544341073596323,0.0013536563778111979,0.030444096384770854,0.0032084955911403485,0.41591740424510626,0.22021155805190912,0.3572898859411174,0.0035991169930956845,5.398934149404235e-05,0.0004361614027213571,0.00037208107666047594,0.000500918102649553,no_anemia_no_deficiency,none,no_anemia_no_deficiency,none
P000119,1,inflammation_anemia,inflammation,3.463519788421919e-06,0.00028197506370203216,0.0012020713680349561,0.0005778442925271382,0.43618871316920754,0.1075221217977346,0.3572898859411174,0.001055748981798841,0.014934764376766286,0.0014001495576810262,0.99711217804395,0.9995198806817963,inflammation_anemia,inflammation,inflammation_anemia,inflammation
P000120,1,B6_deficiency,B6_deficiency,0.31531983121990087,0.04290276173513278,1.058032836601009e-05,0.00016481855003309866,6.368432853212193e-05,0.005702079317949213,0.05268084003889004,0.0039005444843115255,0.07686408554356237,0.00102304929673617,0.09175193797353434,0.0022703113251166386,anemia_other,undetermined,anemia_other,undetermined
P000121,0,no_anemia_no_deficiency,none,0.00031087065072575554,0.000661494100722077,0.008607861118557776,0.0009631138450225643,0.17522470112866115,0.010519378520524045,0.10682269525468381,0.0006650412647399151,0.014187893473846944,0.0004977726649159042,0.0007778818052614652,0.0002693491877674505,no_anemia_no_deficiency,none,no_anemia_no_deficiency,none
P000122,1,mixed_deficiency,iron_B12,0.9996131570790849,0.9996129287700998,0.9998338873978108,0.9984165676285149,0.010411092209614902,0.013892437472436186,0.3572898859411174,0.0006715516373319045,0.00020862564931184262,0.005769623733997761,0.0006004328371209933,0.0003092628832772462,mixed_deficiency,iron_B12,mixed_deficiency,iron_B12
P000123,1,anemia_other,undetermined,0.004448304680044047,0.0008856554111476589,0.00027593724297817374,0.00012712740803425126,0.09308195625608967,0.00859049525184374,0.20834712358228819,0.016248407942621737,0.1335725062887939,0.0020012356691768954,0.004386324393817008,0.0013885224671829183,anemia_other,undetermined,anemia_other,undetermined
P000124,0,latent_deficiency,iron_deficiency,0.9999944434901827,0.9994550052091848,4.995693806567307e-05,0.0016458437945046946,0.05077701637590314,0.0038397468999968746,0.0010298834308322697,0.0012878437315987862,0.10556546187452756,0.0002575142266014729,0.0002558071789315354,0.0005725020471708446,latent_deficiency,iron_deficiency,latent_deficiency,iron_deficiency
P000125,1,iron_deficiency_anemia,iron_deficiency,0.9999998923132267,0.9992572436299083,0.02076016265541581,0.007430069019849413,0.00016923160215016588,0.0030078427457235824,0.07669076476549552,0.0010209101777268852,0.09815640579710798,0.0012366370702224256,0.0025968342656495637,0.0002229273436610061,iron_deficiency_anemia,iron_deficiency,iron_deficiency_anemia,iron_deficiency
P000126,1,iron_deficiency_anemia,iron_deficiency,0.9999999716465228,0.999840794097931,0.029538269731142184,0.02807325200738006,0.0018991955080767612,0.005232911334946471,0.009157968898388784,0.0018747915618567315,0.048363181099587,0.0009065637328478718,0.0011374458408237073,0.0007065616068390559,iron_deficiency_anemia,iron_deficiency,iron_deficiency_anemia,iron_deficiency
P000127,1,anemia_other,undetermined,1.8470728527791671e-07,0.00042055554379785383,9.073797091398186e-05,0.0003050119216973985,0.03375466041874058,0.00472493939687151,0.0571791520217814,0.0015958765808618289,2.1268376369210693e-07,0.0012891036786915366,2.4667516597875442e-05,0.0012107498883014481,anemia_other,undetermined,anemia_other,undetermined
P000128,1,inflammation_anemia,inflammation,1.14158259807785e-05,0.016863628055509717,1.4557883276223517e-06,0.0030312154545080396,0.022531387657112767,0.017280787796239677,0.6698897770910699,0.016643880564439616,4.8706480985543147e-05,0.004880959010894753,0.9999945679420633,0.9129763840555875,inflammation_anemia,inflammation,inflammation_anemia,inflammation
P000129,1,iron_deficiency_anemia,iron_deficiency,0.9999996439589716,0.9996111049880562,0.004384306925390061,0.0024970484298303263,3.509923661028826e-05,0.006408479054211331,0.3572898859411174,0.003440965942968884,0.004627840976614506,0.0031680149484606753,0.027961269365692713,0.0013211937321041941,iron_deficiency_anemia,iron_deficiency,iron_deficiency_anemia,iron_deficiency
P000130,1,iron_deficiency_anemia,iron_deficiency,0.9969153484785612,0.9994716952670499,0.15808308121602838,0.004260491436368816,0.003356874766802246,0.001550458057674145,0.0007524956127148524,0.0006928278648426357,0.24903452013496272,0.0038878652922848304,0.010724941341536866,0.0007035070605455018,iron_deficiency_anemia,iron_deficiency,iron_deficiency_anemia,iron_deficiency
P000131,1,inflammation_anemia,inflammation,3.4091989840121485e-11,0.0038829581728614462,0.013794369100958279,0.0023243955154706153,0.04257726301795082,0.004544083115919659,0.21133347902914043,0.004683906742831729,0.20594412522883015,0.03306998279401895,0.9999993656572059,0.9998440565410348,inflammation_anemia,inflammation,inflammation_anemia,inflammation
P000132,1,copper_deficiency,copper_deficiency,0.0006567990746321733,0.0004805334203773637,2.9909816748437536e-05,0.0005097580643860874,0.3160617795603396,0.16176354556345324,0.3572898859411174,0.004483112783665503,0.8830317266880129,0.0386900649036855,0.012024530069414903,0.0007491530736158128,copper_deficiency,copper_deficiency,anemia_other,undetermined
P000133,0,B12_deficiency_no_anemia,B12_deficiency,0.004592847371192625,0.0009018109880496838,0.9824734265556978,0.9730215886014563,2.9597160548318306e-06,0.030829300386859576,0.0002556124173301804,0.0013310684006123848,0.10341352763207468,0.0035150164678130207,0.0012852289866110368,0.000788999570873171,B12_deficiency_no_anemia,B12_deficiency,B12_deficiency_no_anemia,B12_deficiency
P000134,0,no_anemia_no_deficiency,none,0.0778751882700948,0.16634132382291897,0.055528526620321136,0.004981188024043166,4.080619669657149e-05,0.0017399590032691136,0.0072271591366966995,0.012201467432326482,0.1358976708907298,0.0010719945197657837,0.00039266441549071023,0.0003258201400761663,no_anemia_no_deficiency,none,no_anemia_no_deficiency,none
P000135,0,latent_deficiency,iron_deficiency,0.9992044531175366,0.9991711767987607,0.09458071819811627,0.001162131514517344,0.0013662854643571713,0.0024428911474411097,0.0059777329315572345,0.002154749398785325,9.316888497983407e-06,0.0003651278007330847,0.0006275323073148837,0.0006199660171247224,latent_deficiency,iron_deficiency,latent_deficiency,iron_deficiency
P000136,0,no_anemia_no_deficiency,none,4.924967726807559e-06,0.00018011778569922523,0.048065472148735515,0.0031403282374502916,0.10742830215512582,0.03545881527508864,0.010772926460929028,0.00034614704057230197,0.0006565572932708686,0.00019254649183994806,0.010650554006487668,0.000636744267460924,no_anemia_no_deficiency,none,no_anemia_no_deficiency,none
P000137,0,no_anemia_no_deficiency,none,0.016750615499877417,0.008018853765155178,0.056645904328432056,0.015114961139186818,0.3241626515891387,0.21137434716385686,0.3572898859411174,0.0006058088203545411,0.21542521360678482,0.008032810585218932,0.01574457844479598,0.001212989712401439,no_anemia_no_deficiency,none,no_anemia_no_deficiency,none
P000138,0,no_anemia_no_deficiency,none,0.0005809915054847953,0.000518749183156094,0.078374812799947,0.012556612963842051,0.003503863411818285,0.0028393119397455693,0.0021041062636566483,0.0033241019662269204,0.1137003080930931,0.02699760798767858,0.002774186090311329,0.0003051398259697953,no_anemia_no_deficiency,none,no_anemia_no_deficiency,none
P000139,1,inflammation_anemia,inflammation,1.927723313666421e-10,0.000995677726106142,0.004922448055255544,0.0013059286312766395,0.2796521115123124,0.04606150603827383,0.03963654989395732,0.0013709997973759352,0.449788252876942,0.0066721150876893395,0.999994337464796,0.9998503155792408,inflammation_anemia,inflammation,inflammation_anemia,inflammation
P000140,1,B6_deficiency,B6_deficiency,0.005227660243328174,0.0017574439158634916,0.003066775186409956,0.0007197655562037334,0.739108281176389,0.5147428588934931,0.9934251771395785,0.9888185418124925,0.002644688748167389,0.000547951254252046,0.0038042931258048312,0.0019554229501546594,B6_deficiency,B6_deficiency,B6_deficiency,B6_deficiency
P000141,1,folate_deficiency_anemia,folate_deficiency,3.754377716400485e-05,0.0046914965157015326,0.5375453119368677,0.020612888414054852,0.9160046710158715,0.9904029708079116,0.00021947196527492523,0.0011863940281983919,0.0002233293781409911,0.002698020188427876,1.1254336996804913e-05,0.0007811942069585153,mixed_deficiency,B12_folate,folate_deficiency_anemia,folate_deficiency
P000142,1,folate_deficiency_anemia,folate_deficiency,8.400181251686574e-05,0.001935906661572288,0.0133135503209592,0.011325109304176146,0.7236779742407796,0.649102956734224,8.026719513527597e-07,0.0007530408592487258,0.08611858723817738,0.001874656705728891,0.046460819084386616,0.0018928098889108842,folate_deficiency_anemia,folate_deficiency,folate_deficiency_anemia,folate_deficiency
P000143,1,mixed_deficiency,iron_B12,0.9984852378089112,0.9993973437696129,0.9942411192312205,0.990894101704601,0.015941906394374566,0.017886784491713246,0.003424001133088589,0.0005201455395228292,0.00043310712415094393,0.000326891582069431,0.00632304932570893,0.000757595883404273,mixed_deficiency,iron_B12,mixed_deficiency,iron_B12
P000144,1,mixed_deficiency,iron_B12,0.9999996081055479,0.9998404269151762,0.9910540896973359,0.9842663941737377,0.001128485311650432,0.016244877535106787,0.00034762433236058886,0.00014367569173418234,0.11536745634094633,0.0005266666866432314,0.011628661341160975,0.0003898627891565854,mixed_deficiency,iron_B12,mixed_deficiency,iron_B12
P000145,1,mixed_deficiency,iron_folate,0.9999850980826962,0.999552208746434,0.3664126467930096,0.3469818359376154,0.9315072043405588,0.9564124048636218,0.011429793956841126,0.001997775713086326,0.0021357772336181476,0.0011010412019855408,7.871500447050664e-05,0.00036350317828547817,mixed_deficiency,iron_folate,mixed_deficiency,iron_folate
P000146,0,latent_deficiency,iron_deficiency,0.9493795247263906,0.991992034354367,0.023927118191121248,0.002518809167150205,0.15206583426137343,0.004227579865210379,0.01656341425787481,0.0002885359286841212,3.29169806958447e-05,0.00013667858257459913,0.002442406603755952,0.0006802583063936729,latent_deficiency,iron_deficiency,latent_deficiency,iron_deficiency
P000147,1,iron_deficiency_anemia,iron_deficiency,0.9999979811177038,0.999888655971583,0.01854705808255289,0.004034833746789029,0.009686374365754426,0.01826257613665259,0.037785435954549404,0.000768639306301609,0.03220623733007615,0.00013858630435816208,0.005353094606283239,0.0007208998029289383,iron_deficiency_anemia,iron_deficiency,iron_deficiency_anemia,iron_deficiency
P000148,0,no_anemia_no_deficiency,none,0.04797855590540064,0.0016010584393886039,0.12660323623617514,0.027213323818678876,0.18927973153340164,0.020069909973443302,0.007746096533698525,0.001198262605340244,0.003947404671815537,0.018589444401657912,0.005258101555516566,0.0004008221867955272,no_anemia_no_deficiency,none,no_anemia_no_deficiency,none
P000149,1,inflammation_anemia,inflammation,1.6159267210055297e-05,0.0038049537512361356,9.265085755315937e-11,0.0007731863774770286,0.02016027637157574,0.0057169900662045895,0.5479393097783769,0.03031179850310511,4.737198322862637e-05,0.0030790632907377424,0.999999995988821,0.9981510051977244,inflammation_anemia,inflammation,inflammation_anemia,inflammation
P000150,1,B12_deficiency_anemia,B12_deficiency,0.00021544055860970077,0.0005147104342542227,0.9999995653637359,0.9996134976098269,0.005423554349203862,0.011198246727356089,0.3572898859411174,0.0003588499568648077,0.015187489384223022,0.00041905833069236486,0.0005561580149961817,0.00030526391821821414,B12_deficiency_anemia,B12_deficiency,B12_deficiency_anemia,B12_deficiency
P000151,0,B6_deficiency,B6_deficiency,0.1583143487031353,0.13504598036210444,0.7627807526957511,0.34807346903276043,0.05981349429166798,0.0054333872155122665,0.8929613852303583,0.9930651496181614,0.05414990448491406,0.00047359009957539315,0.003812684826212807,0.0005025972935786028,B6_deficiency,B6_deficiency,B6_deficiency,B6_deficiency
P000152,1,iron_deficiency_anemia,iron_deficiency,0.9878884167415966,0.9952618640320133,0.03788443586338655,0.004403456013736794,0.114382814180484,0.02880863977228314,0.006254894280484386,0.03074742955335988,0.11176588082065504,0.025018494415251193,0.0008450966622332334,0.0003973633396551483,iron_deficiency_anemia,iron_deficiency,iron_deficiency_anemia,iron_deficiency
P000153,1,inflammation_anemia,inflammation,0.0013382366869855889,0.009359812134942582,0.00011725960532284436,0.0003438159302289085,0.19089977432782396,0.012985303938370777,0.3572898859411174,0.0014074003190745253,0.09445384949786483,0.00031718715441711714,0.8409552669640905,0.8776339026348423,inflammation_anemia,inflammation,inflammation_anemia,inflammation
P000154,1,folate_deficiency_anemia,folate_deficiency,3.066517306434406e-05,0.0013928906304022468,0.0009884104353659892,0.005727435381039436,0.9136200464632491,0.970690672239408,0.008054041008960526,0.001122206000463861,0.03252445488012793,0.016553190578328384,0.0333076273784801,0.01715649393129648,folate_deficiency_anemia,folate_deficiency,folate_deficiency_anemia,folate_deficiency
P000155,0,B12_deficiency_no_anemia,B12_deficiency,0.019120071749585063,0.0010887180519339869,0.938695481658369,0.996844265900839,0.17918847100854782,0.15872636949886504,0.012984295363281198,0.00044391048662513266,0.0002872294931098485,0.00038393909683615826,0.010030378519306094,0.0002516017085495023,B12_deficiency_no_anemia,B12_deficiency,B12_deficiency_no_anemia,B12_deficiency
P000156,1,folate_deficiency_anemia,folate_deficiency,2.176212307985988e-08,0.0006219711458145943,0.4048232812362272,0.08634059559891206,0.9751642431315602,0.9861134175774633,0.06487728482303441,0.002237585310508037,0.11862491011606514,0.006147731856382321,0.0006648725269341684,0.001971222134923261,folate_deficiency_anemia,folate_deficiency,folate_deficiency_anemia,folate_deficiency
P000157,0,folate_deficiency_no_anemia,folate_deficiency,1.4506059639719932e-05,0.0009468898966852775,0.01740139484770722,0.003706699229650784,0.15001112676204237,0.0383587063450406,0.017856955315135557,0.0005972283511206168,0.09478520765477978,0.0016045886117554405,0.008307869584781523,0.000636603094520652,no_anemia_no_deficiency,none,no_anemia_no_deficiency,none
P000158,1,inflammation_anemia,inflammation,8.743111767765144e-09,0.0007775331297996632,3.1808985282380855e-08,0.0010790987908946858,0.0704614243268772,0.04940369837717816,0.3572898859411174,0.0017451593452889574,0.0662440379820225,0.0009478319720536841,0.9999985365968088,0.9997571013089945,inflammation_anemia,inflammation,inflammation_anemia,inflammation
P000159,1,B6_deficiency,B6_deficiency,3.1017403641933065e-09,0.000849312435099562,1.827096963305173e-05,0.0001736328764393675,0.325224427370372,0.01724255906563057,0.9504537233464346,0.8583009914547727,0.01061679828099646,0.001447252517430627,0.0001083546202506372,0.002044032523212588,B6_deficiency,B6_deficiency,B6_deficiency,B6_deficiency
P000160,0,no_anemia_no_deficiency,none,0.0019265896304411134,0.0033612076864134874,0.002312114948579809,0.0011183589265448602,0.6205946942240195,0.058983974901230245,0.13783022237264603,0.001427889114586249,1.1114601575883889e-05,0.000861671567767257,0.0326976655015832,0.003721925315598981,folate_deficiency_no_anemia,folate_deficiency,no_anemia_no_deficiency,none
P000161,1,anemia_other,undetermined,0.0005405678189869369,0.0020455176356129383,0.0012553989896250265,0.002578582088538588,0.02434440448491105,0.012924027620581091,0.18145211645690437,0.0019293954062796718,0.002159734487581387,0.006176878336937062,6.519677503443875e-06,0.0005238790551523122,anemia_other,undetermined,anemia_other,undetermined
P000162,1,anemia_other,undetermined,0.5607015058445846,0.07497279193760466,0.017441347713096477,0.016888067044488524,0.007706925245388003,0.002781802887136027,0.0605418980829359,0.006615365787815822,0.0035942678179011595,0.0019514884536471636,0.014076738751255966,0.00195865901675107,iron_deficiency_anemia,iron_deficiency,anemia_other,undetermined
P000163,1,copper_deficiency,copper_deficiency,0.028494734803518315,0.13583750272633846,0.039449190015865415,0.014686216325069711,0.0009451940454365783,0.0035177764603283213,0.006540528674526429,0.012773987591054891,0.8740303541791861,0.9738912374050717,0.0011801174097091534,0.0008012758505879607,copper_deficiency,copper_deficiency,copper_deficiency,copper_deficiency
P000164,1,inflammation_anemia,inflammation,1.337423142549219e-07,0.0025099087808844746,0.0076982344417810085,0.0028522890961682054,0.131198675197822,0.017532169920062804,0.19247426081743343,0.007407442727314983,0.0017391481203884607,0.00032929785914303806,0.9999927285314023,0.9931464449774307,inflammation_anemia,inflammation,inflammation_anemia,inflammation
P000165,0,no_anemia_no_deficiency,none,1.0100860049247501e-05,0.0005167680537631339,0.11192145661062747,0.00698337629410308,0.17919191056923264,0.04251571193536305,0.028343011057439367,0.0014495835871590952,6.479639687215834e-05,0.0022534406697751856,0.0021765043206446013,0.0004258143545031585,no_anemia_no_deficiency,none,no_anemia_no_deficiency,none
P000166,0,B6_deficiency,B6_deficiency,0.08861594174580822,0.005734979826894733,3.3537697777432334e-07,0.0005051132987766467,0.011573313075914578,0.002078189060202593,0.6872009031733618,0.9885172359612899,0.022007282462540703,0.00491252059657961,0.026754314162398127,0.002594750306819437,B6_deficiency,B6_deficiency,B6_deficiency,B6_deficiency
P000167,1,iron_deficiency_anemia,iron_deficiency,0.9999999600030942,0.9995812425564086,0.13930207106462028,0.012934517980468727,0.02482891971554751,0.08091239731436944,0.26216734170793987,0.0012441552170339865,0.003716396874561261,0.0004227598774801065,0.002667534822873519,0.000885365226311131,iron_deficiency_anemia,iron_deficiency,iron_deficiency_anemia,iron_deficiency
P000168,0,folate_deficiency_no_anemia,folate_deficiency,0.010407882077620645,0.0018045518770277726,0.011875602955371285,0.0193708048551463,0.24813869285271295,0.10575122758771609,0.0005352521528655693,0.0023846852602707213,0.006243484956879099,0.0014111929226772327,0.0009960721329592458,0.0002976348056376856,no_anemia_no_deficiency,none,no_anemia_no_deficiency,none
P000169,1,inflammation_anemia,inflammation,4.5044581254574144e-07,0.004666784863551051,0.0004301663374253433,0.00043272450148370195,0.05448119559169811,0.006574763147215731,0.34821696748061826,0.004992579689109618,1.1528693816899254e-22,0.004139229913082206,0.9999998221072061,0.9997117595087406,inflammation_anemia,inflammation,inflammation_anemia,inflammation
P000170,1,folate_deficiency_anemia,folate_deficiency,4.7096855478587774e-05,0.0008412138708189558,0.14234934904273425,0.04382403062531079,0.9933938242277165,0.9937457705534195,0.0004945276885227475,0.0007123956363114368,0.11157402862846612,0.002614496225695839,0.002321021879753988,0.0008130764324853242,folate_deficiency_anemia,folate_deficiency,folate_deficiency_anemia,folate_deficiency
P000171,0,latent_deficiency,iron_deficiency,0.9999135129628101,0.9990966455598154,0.03954168531938264,0.0031949815027790636,0.26001672527829767,0.04824819614425102,0.0006178113765840465,0.0001571934619164511,0.10650193785759206,0.0003285818728833631,3.9479322028296955e-06,0.0003161216412835699,latent_deficiency,iron_deficiency,latent_deficiency,iron_deficiency
P000172,1,mixed_deficiency,iron_folate,0.9999255698095122,0.9991073726148604,0.46468661693507557,0.06635328648004976,0.9520774079295667,0.9831345892608594,0.019649838965056746,0.00035401349515370274,0.00033993361890480355,0.0019063425640260987,0.00014857430935497404,0.0006748273977479529,mixed_deficiency,iron_folate,mixed_deficiency,iron_folate
P000173,1,B6_deficiency,B6_deficiency,9.591580746130607e-07,0.00500281901335323,0.005287981528301378,0.002237158668572386,0.39072614865881655,0.493724727217253,0.9755037763373101,0.9940304477626304,0.01706067076359565,0.0024844234328509763,0.04038882480462494,0.0031523561899205223,B6_deficiency,B6_deficiency,B6_deficiency,B6_deficiency
P000174,1,anemia_other,undetermined,5.488330554703811e-11,0.0008573369309816721,0.07732752078399324,0.002692610884510275,0.00047661178090788886,0.0039102609576058675,0.001594195746846457,0.0013613433385683924,0.018653824607529297,0.000983004637764156,0.07081012223225024,0.011841338787176662,anemia_other,undetermined,anemia_other,undetermined
P000175,1,inflammation_anemia,inflammation,0.011412358656917051,0.006103428118095026,0.0021486809021869684,0.0024940976304894495,0.2786158518921801,0.01979770564781543,0.3572898859411174,0.015068317983784739,0.10119343643028168,0.0013227160906733786,0.8873941793618078,0.6937108408587305,inflammation_anemia,inflammation,inflammation_anemia,inflammation
P000176,1,iron_deficiency_anemia,iron_deficiency,0.9992544956065043,0.79240318614551,0.06731025701711302,0.05095479718786863,0.6968963413645369,0.6451552041952845,0.3572898859411174,0.0010101733625047396,0.14167208512244284,0.004683695425086906,0.001641424992976134,0.0003041647886867228,mixed_deficiency,iron_folate,mixed_deficiency,iron_folate
P000177,0,no_anemia_no_deficiency,none,0.0011243520951959801,0.0005195178689112208,0.015332490378239031,0.007802726785264475,0.17866047596146753,0.09018854215790204,0.001240517095134607,0.000508061967708797,0.10994943109480194,0.001238608115688903,0.000989423529760877,0.000203808348264223,no_anemia_no_deficiency,none,no_anemia_no_deficiency,none
P000178,0,copper_deficiency,copper_deficiency,3.1093268886656913e-07,0.0002903079624199939,0.01299904770513648,0.010861695954773922,0.1669504773893808,0.4099734390386875,0.1399409787665217,0.003639913396793648,0.9997671383402851,0.999261289760519,0.010464463589367251,0.00041757593753176283,copper_deficiency,copper_deficiency,copper_deficiency,copper_deficiency
P000179,1,iron_deficiency_anemia,iron_deficiency,0.9998574314366454,0.9782472220958984,0.1448918667616045,0.0004335656281522766,0.02143533603792305,0.014378041333415395,0.472086131163147,0.00801982663255526,0.07845714333717195,0.00014415017426998379,2.5079429395243895e-05,0.00045922319890172504,iron_deficiency_anemia,iron_deficiency,iron_deficiency_anemia,iron_deficiency
P000180,1,iron_deficiency_anemia,iron_deficiency,0.3949675803316618,0.6458512944089493,0.40332167334626573,0.07485919054064312,0.0003063719422009558,0.0061045800746195675,0.006743560971264223,0.0006336818479433848,0.00028973917475254285,0.00032637683765987925,0.0014047908910380348,0.0002785638849856192,anemia_other,undetermined,iron_deficiency_anemia,iron_deficiency
P000181,1,iron_deficiency_anemia,iron_deficiency,0.9999588195056699,0.9996130332800249,0.002793438213483471,0.001395803448553896,0.12463353569108913,0.02715213086929695,0.012822027665488442,0.00044858247422957726,0.09867242188193867,0.0015198807269636361,0.0014589125083780787,0.0005322943745666859,iron_deficiency_anemia,iron_deficiency,iron_deficiency_anemia,iron_deficiency
P000182,1,anemia_other,undetermined,3.7076722184108104e-05,0.0006257910065583266,0.00574124346063475,0.0017624046886509392,0.047807837351491626,0.0051130826446039125,0.07825857632271387,0.02431710408102066,0.11399297682840304,0.002902266827657602,0.01761511586325529,0.0023762931865446524,anemia_other,undetermined,anemia_other,undetermined
P000183,0,folate_deficiency_no_anemia,folate_deficiency,4.458479381663741e-11,0.00017775414088408965,0.08767193645899729,0.01080631296556909,0.8766947654755527,0.9905461471831299,0.3572898859411174,0.0009434065907761873,0.052463865964224476,0.002336221606577377,6.788487872537517e-07,0.0008074804955335003,folate_deficiency_no_anemia,folate_deficiency,folate_deficiency_no_anemia,folate_deficiency
P000184,1,mixed_deficiency,B12_folate,1.5039861813529307e-07,0.00021110926899688064,0.9997871700654509,0.9986880176318226,0.9619302358793468,0.9939449274138132,0.0002927352811777206,0.00032078758514188493,5.846820239083899e-05,0.0015362308439442886,0.0017726246117355491,0.0006321483333927256,mixed_deficiency,B12_folate,mixed_deficiency,B12_folate
P000185,1,inflammation_anemia,inflammation,6.20126010784249e-05,0.002383884633038719,8.509016913972679e-05,0.001195258732676885,1.8287772381557134e-06,0.0013939658201388757,0.1333076019781852,0.030092238829194914,0.08475789887879344,0.005084902199831348,0.9943919013045318,0.994344472019912,inflammation_anemia,inflammation,inflammation_anemia,inflammation
P000186,0,latent_deficiency,iron_deficiency,0.8980795105617392,0.9954518546563059,0.0584960212262963,0.006776890342610244,0.1446346014268913,0.009999387685077615,0.15432572404184888,0.0011163482175357996,0.09379424459853096,0.00010279646348962392,0.004734011181026606,0.000750123194319126,latent_deficiency,iron_deficiency,latent_deficiency,iron_deficiency
P000187,0,latent_deficiency,iron_deficiency,0.9999992942728002,0.9995929724108761,0.05399560677707103,0.005018639686805377,0.10801539974727963,0.016105741890977996,0.5902071249549522,0.03668475000169978,0.0874222999702721,0.0002967514230050208,0.03143947045988066,0.0022330127114906046,latent_deficiency,iron_deficiency,latent_deficiency,iron_deficiency
P000188,1,iron_deficiency_anemia,iron_deficiency,0.9997669828641332,0.999626333010361,0.008036848801649513,0.0007887965738442243,0.4273689553926554,0.2407358125218957,0.00025666982710139096,0.0020305907605896716,1.175405170511263e-09,0.00048373484505462934,0.0010260957829853945,0.00018740860911921185,iron_deficiency_anemia,iron_deficiency,iron_deficiency_anemia,iron_deficiency
P000189,1,anemia_other,undetermined,8.235017919563942e-11,0.00043884491941968435,0.0002490595982389788,0.004769156918458396,0.0007319625686474554,0.0016284732782252246,0.18884753758454773,0.0018887124942382416,0.011653846292761009,0.00604442059594723,0.016289462213620296,0.0031508450334866043,anemia_other,undetermined,anemia_other,undetermined
P000190,1,anemia_other,undetermined,0.013215471768346214,0.0007356618239067745,0.0005725043210859726,0.012106327388354987,0.35011094749773647,0.3867317945809213,0.02874644520488675,0.0017082981178647848,0.2563766356489171,0.16917666051578012,9.116182194844692e-05,0.0008071720748524213,anemia_other,undetermined,anemia_other,undetermined
P000191,0,no_anemia_no_deficiency,none,0.147056077435979,0.009804789572842722,0.08801784904355436,0.003092991047606886,0.09513964177515902,0.0056948643572904455,0.12223308448880141,0.0011834279323524272,3.0174136969362873e-10,0.0007441807324311381,0.0010997861630639692,0.0021707156762208893,no_anemia_no_deficiency,none,no_anemia_no_deficiency,none
P000192,1,iron_deficiency_anemia,iron_deficiency,0.9990062547295407,0.9983090414820592,0.0794845502973329,0.2115213162332456,5.984877283045517e-07,0.005157654411795319,0.196723594815869,0.014112597024273308,1.57965036504666e-05,0.0014646283756974028,0.022543255270706154,0.0015892038323442248,iron_deficiency_anemia,iron_deficiency,iron_deficiency_anemia,iron_deficiency
P000193,0,no_anemia_no_deficiency,none,7.234589137381592e-07,0.014147738670243586,0.10361850047526737,0.003396517359942431,9.80064083589939e-05,0.0016713916807140179,0.1849791652019117,0.01337141386289362,0.001020716433185641,0.002077224627616095,0.0003785323914077959,0.00039439857581474307,no_anemia_no_deficiency,none,no_anemia_no_deficiency,none
P000194,0,B12_deficiency_no_anemia,B12_deficiency,0.015014520906879112,0.005860224994837391,0.4688305261169456,0.3007660125588538,6.026225482800931e-07,0.012400936010459636,0.1790959809780685,0.0009788845159548402,0.00016644437254849078,0.0003727510103490061,0.003282366220678831,0.0007269078013440249,no_anemia_no_deficiency,none,no_anemia_no_deficiency,none
P000195,0,latent_deficiency,iron_deficiency,0.9999914909098084,0.9996636637427866,0.026868638468896644,0.0042455854287392495,0.017980570322308587,0.006127376723794926,0.005733475492345452,0.0007504037545375306,0.0002449461474965611,0.0006006818697861684,0.00012403814196012755,0.0007817391231271663,latent_deficiency,iron_deficiency,latent_deficiency,iron_deficiency
P000196,1,mixed_deficiency,iron_B12,0.9994783376814226,0.9994070364670858,0.9999629200163074,0.9850613471550496,0.0008699429653258622,0.006023267105150216,0.3572898859411174,0.0004268578117858079,0.0007981667844104824,0.003485799250374287,3.586119532486691e-05,0.0006939054642846761,mixed_deficiency,iron_B12,mixed_deficiency,iron_B12
P000197,1,anemia_other,undetermined,0.0020682742568179837,0.0005125848282350111,0.040566222310984806,0.011032579281106658,2.6998366978765384e-05,0.004943764530205214,0.18876023281746052,0.0030287517266361693,0.07597682952014309,0.00030888069632699827,0.0006192693609881934,0.0015963675188626772,anemia_other,undetermined,anemia_other,undetermined
P000198,0,B12_deficiency_no_anemia,B12_deficiency,0.029176145240261887,0.0011869513465598452,0.9944356304689508,0.994985822852493,3.68490586312587e-05,0.025490161982773447,0.016252928545588397,0.0006804832710230381,0.1054609785671397,0.0003872643708110459,5.357730237898083e-05,0.0005891340118190085,B12_deficiency_no_anemia,B12_deficiency,B12_deficiency_no_anemia,B12_deficiency
P000199,1,iron_deficiency_anemia,iron_deficiency,0.9999631126937765,0.9998098870805037,0.02022656876685934,0.006950747855578227,2.215104662148434e-06,0.007075151073704193,0.08155716236836597,0.0006889350245210411,0.010997984940174331,0.004812754675922406,0.021737862678419085,0.0003454719973087552,iron_deficiency_anemia,iron_deficiency,iron_deficiency_anemia,iron_deficiency
P000200,0,no_anemia_no_deficiency,none,0.004665611060775804,0.0004235911357602792,0.015850520411091248,0.0030765427745353545,0.16949739015387566,0.05918078524694148,0.15670133967695182,0.0019623815494499153,0.0010790042164044627,0.0008468086101905879,0.0013522795561041261,0.00013591216989018587,no_anemia_no_deficiency,none,no_anemia_no_deficiency,none
P000201,0,latent_deficiency,iron_deficiency,0.9998143073139096,0.9994326993990339,0.03787813243947699,0.002592237870067647,0.05001832178332902,0.00197671853388782,0.054508958599621925,0.002168944558146794,0.00032939912023370626,0.0007812777292943519,0.006360819943889607,0.0004971223836373036,latent_deficiency,iron_deficiency,latent_deficiency,iron_deficiency
P000202,1,iron_deficiency_anemia,iron_deficiency,0.9999966913894293,0.9997069267659389,0.005644905736757706,0.002286950846993803,0.04589154141277238,0.04535882109504537,0.32751130499904546,0.0029376316013330346,0.002099915778463383,0.00044963979197044614,0.002554722466611081,0.0004097482354018022,iron_deficiency_anemia,iron_deficiency,iron_deficiency_anemia,iron_deficiency
P000203,1,B6_deficiency,B6_deficiency,0.0033619103487581683,0.0009969313460571935,0.027501840487516926,0.005621501475938555,0.01863273540040243,0.006574071331543537,0.6704661086311278,0.9902032386874513,0.07894795127294493,0.0007306485615908087,0.15278811996618105,0.12410335331334316,B6_deficiency,B6_deficiency,B6_deficiency,B6_deficiency
P000204,1,mixed_deficiency,iron_B12,0.9986498011885835,0.9994497552022381,0.9991425508047008,0.9668788607920611,0.9801467271733477,0.9812064255652508,0.09286429742734006,0.002143812923638813,0.0005952796974347915,0.0004716410198949094,0.0005211764780488821,0.001014603724794566,mixed_deficiency,iron_B12,mixed_deficiency,iron_folate
P000205,0,latent_deficiency,iron_deficiency,0.9983109857968805,0.9996282247439223,0.07569694906638183,0.007442652652758817,0.0003366239882335779,0.0006358417473350462,0.0502965383596214,0.006922609111155004,0.0006225235510632182,0.0001466256061714313,9.558424032639756e-06,0.00026507166692585,latent_deficiency,iron_deficiency,latent_deficiency,iron_deficiency
P000206,0,B6_deficiency,B6_deficiency,0.030850497555428485,0.08492808082345289,0.056477076261010124,0.005863571699608023,0.16640283602711337,0.041838471464144544,0.8585653116290619,0.9899976749141559,0.026907759514416915,0.0005571501762500779,0.0002516926536137824,0.0005024361390119431,B6_deficiency,B6_deficiency,B6_deficiency,B6_deficiency
P000207,1,folate_deficiency_anemia,folate_deficiency,0.0003951110512064096,0.0026593343726403268,0.0002155428710527675,0.01283194113218786,0.9932646412971451,0.9900635212144314,0.22465949271690644,0.005891167090192032,0.016443056538684424,0.00040857428223400985,5.460057808255866e-05,0.00030575000910900135,folate_deficiency_anemia,folate_deficiency,folate_deficiency_anemia,folate_deficiency
P000208,0,copper_deficiency,copper_deficiency,3.3521009251740534e-08,0.0014977567652996475,0.004472766773803218,0.00470298302891894,0.08224293140319845,0.014724402781363628,0.07270797596090112,0.03621636104123914,0.9997850232229389,0.6646989920947098,0.010311828941927764,0.004179023164172316,copper_deficiency,copper_deficiency,copper_deficiency,copper_deficiency
P000209,1,mixed_deficiency,iron_folate,0.9999170170397405,0.9974027702144541,0.15445155459311077,0.01573370895848428,0.08377723090968345,0.1906987191688884,0.3572898859411174,0.00013086686170172735,0.02900704332099747,0.0001799190787212397,0.002368612998044623,0.0010283443940369342,iron_deficiency_anemia,iron_deficiency,iron_deficiency_anemia,iron_deficiency
P000210,1,folate_deficiency_anemia,folate_deficiency,3.3462652134225203e-07,0.000389154357710362,0.08030515137764133,0.07203435857474795,0.9987554205324738,0.9935154485559777,0.04454592984778445,0.002268056640214887,0.0975212585488492,0.001982578681450127,0.0005308269439049437,0.001424251162884457,folate_deficiency_anemia,folate_deficiency,folate_deficiency_anemia,folate_deficiency
P000211,1,iron_deficiency_anemia,iron_deficiency,0.9999932071966745,0.9997278478157192,0.0027258331954654645,0.003811155863131078,0.1999180807485281,0.023352021144565527,0.005810699323879071,0.0006289176278812673,0.04613688875564967,0.0005560915682384062,2.8569479931423132e-05,0.000270594740447084,iron_deficiency_anemia,iron_deficiency,iron_deficiency_anemia,iron_deficiency
P000212,1,copper_deficiency,copper_deficiency,0.02721790871999096,0.004390291881867835,0.039458114985870166,0.021324204036409552,0.15073241232724274,0.22448898497423458,0.1266994216039151,0.0007504963122580588,0.9999165992415482,0.9986648133125896,0.0012810610671012152,0.00019157449221019092,copper_deficiency,copper_deficiency,copper_deficiency,copper_deficiency
P000213,0,copper_deficiency,copper_deficiency,0.0023064196506742372,0.0015434299335771806,0.029169202755687917,0.06414742635813218,0.3113119622617608,0.5935612791148733,3.306243245810314e-07,0.0008565757471520199,0.9983743763813606,0.9843978991300941,0.009654351467762114,0.00039185833506386356,copper_deficiency,copper_deficiency,copper_deficiency,copper_deficiency
P000214,1,B12_deficiency_anemia,B12_deficiency,0.07331984887353357,0.010215940543473122,0.9999999854626656,0.9995979375907554,0.24984854827488812,0.03866529072871254,8.750551550105929e-06,0.000606302224504098,0.24038356981217887,0.07070161876448783,3.960361935602815e-05,0.0005741513138305472,B12_deficiency_anemia,B12_deficiency,B12_deficiency_anemia,B12_deficiency
P000215,1,iron_deficiency_anemia,iron_deficiency,0.9995400074946253,0.9996184070844015,0.024357424183593032,0.0032287916430479876,0.13477208500970683,0.05096853533604129,0.3120417609215456,0.0026580741667317897,0.02544787452829028,0.0007436796374358171,0.0008200857207897694,0.0005476225097591602,iron_deficiency_anemia,iron_deficiency,iron_deficiency_anemia,iron_deficiency
P000216,1,iron_deficiency_anemia,iron_deficiency,0.7999085113603651,0.9743423419753172,0.011984054000499492,0.005924612291520988,0.10562344793424358,0.025575862599599725,0.3572898859411174,0.021638911546601303,0.014182069699894294,0.001292450479552367,0.00025934804861927,0.0005987244927941558,iron_deficiency_anemia,iron_deficiency,iron_deficiency_anemia,iron_deficiency
P000217,1,anemia_other,undetermined,3.1271937321246346e-06,0.000644836647838113,0.20417555430184747,0.006032964212704544,6.576133535692556e-05,0.0034407943752928416,0.011825027484402676,0.0009440917196960948,0.000403891819469743,0.0015453488898597941,0.013874410496410817,0.007010708828959783,anemia_other,undetermined,anemia_other,undetermined
P000218,1,folate_deficiency_anemia,folate_deficiency,5.742055347564251e-14,0.00044161862933922696,0.0001123668636526793,0.00047530675204021753,0.9792449153044076,0.9892440199768435,0.3572898859411174,0.0009098022113401249,0.0790465956816048,0.0027051840714776444,0.0019447656317176877,0.002563618289788183,folate_deficiency_anemia,folate_deficiency,folate_deficiency_anemia,folate_deficiency
P000219,1,B12_deficiency_anemia,B12_deficiency,0.004713812705139458,0.0002571059103137563,0.9999616483250002,0.9991583430044588,0.4187210974479851,0.20496624524245827,0.3572898859411174,0.00038824259164522734,0.025564886110488908,0.012909024490454689,6.284264270648315e-05,0.0006716760768421976,B12_deficiency_anemia,B12_deficiency,B12_deficiency_anemia,B12_deficiency
P000220,1,folate_deficiency_anemia,folate_deficiency,0.0023059571214103323,0.0020067607534304276,0.035382196698241025,0.009643111128227572,0.9959873914968055,0.9938289634338044,0.6213620447474614,0.06617129734320192,0.597295334071842,0.016541084007203645,0.0013266831301713294,0.0003650088657532684,folate_deficiency_anemia,folate_deficiency,folate_deficiency_anemia,folate_deficiency
P000221,1,mixed_deficiency,B12_folate,9.299859662002514e-16,0.0002633078710483104,0.747336504240064,0.7320699191940712,0.7253877868915937,0.7637339259751303,0.0064014437143688424,0.0004265473848292717,0.3829830034951911,0.021200616564764532,0.2837569421524048,0.013303397260419523,mixed_deficiency,B12_folate,mixed_deficiency,B12_folate
P000222,0,B12_deficiency_no_anemia,B12_deficiency,0.12572402756009782,0.002303464431342999,0.5038926562721859,0.4244479750281515,0.37449746569826486,0.2366275755043671,0.00902235618757631,0.0014709379477319674,0.10784842578837722,0.0021004479883120313,0.0003747223962260996,0.00014624006855076075,B12_deficiency_no_anemia,B12_deficiency,no_anemia_no_deficiency,none
P000223,1,iron_deficiency_anemia,iron_deficiency,0.9989639244888358,0.9979128229501628,0.001918000559525907,0.0006269941949005016,2.5276478717797406e-07,0.0005228520413167172,0.8662285139492775,0.7893732647696924,0.01970104805810697,0.002136585171450077,0.0005185482532444263,0.0046111513615327455,iron_deficiency_anemia,iron_deficiency,iron_deficiency_anemia,iron_deficiency
P000224,1,inflammation_anemia,inflammation,4.285727982260997e-06,0.012019346837315726,0.040616172465117666,0.004948668828791216,0.011604828303243274,0.004362346152534647,0.002150476084979095,0.004517964328210779,0.04976904005368807,0.0007817217087006034,0.9999969438462262,0.9994938658919565,inflammation_anemia,inflammation,inflammation_anemia,inflammation
P000225,1,anemia_other,undetermined,0.00028618334536442046,0.000622261510862846,5.142378560440659e-07,0.00037269171742482064,0.5915595502886063,0.38711978720970563,0.39601737109648993,0.010451959384214811,0.07148727105935851,0.00021850730151541748,0.0018694965015792632,0.0006520296370500178,folate_deficiency_anemia,folate_deficiency,anemia_other,undetermined
P000226,1,B12_deficiency_anemia,B12_deficiency,0.000676277317029106,0.002032618711721024,0.9957180945121098,0.9986086608623791,0.5409546469588951,0.1628971251996979,0.3572898859411174,0.0035309566394832233,0.06793708488786958,0.0014490948134348264,0.009954296672769022,0.0026126676384933033,mixed_deficiency,B12_folate,B12_deficiency_anemia,B12_deficiency
P000227,1,folate_deficiency_anemia,folate_deficiency,5.3030734370382675e-06,0.0003785568628515579,0.08398789643820176,0.03783176026799056,0.9837017054121053,0.9939565409855144,0.010701829813504633,0.0009573480656419232,0.0013919002845839085,0.0008285658636963424,0.019229183518665333,0.19248878511098227,folate_deficiency_anemia,folate_deficiency,folate_deficiency_anemia,folate_deficiency
P000228,1,iron_deficiency_anemia,iron_deficiency,0.9999999883173031,0.9990334850610899,7.30649595911765e-05,0.015407492822517594,9.807488649457925e-05,0.014237433166261438,0.02226580966982106,0.0005256512398359122,0.12737504440804892,0.0041210551487026745,0.0005876342691971635,0.0003204623677984914,iron_deficiency_anemia,iron_deficiency,iron_deficiency_anemia,iron_deficiency
P000229,1,inflammation_anemia,inflammation,9.373388631654562e-05,0.002735227476432206,0.030358991849997293,0.002448475834418128,0.024352606674481275,0.009550352105746536,0.3572898859411174,0.0038244417021823336,0.002230471837778062,0.0028209835605170898,0.9999996743393748,0.7057645523983263,inflammation_anemia,inflammation,inflammation_anemia,inflammation
P000230,1,inflammation_anemia,inflammation,0.00014330121118172519,0.0021909615134407525,0.022802212108489726,0.0013655959049602416,2.9067625949032232e-05,0.0019199414781882972,0.058521832409289674,0.0037412811010261076,0.02643832489368278,0.0007000363069104304,0.9999916334133895,0.99976414707975,inflammation_anemia,inflammation,inflammation_anemia,inflammation
P000231,1,anemia_other,undetermined,8.571133002042626e-07,0.0003512595311077103,0.06691578113702568,0.33993407683618587,0.0003645624571590855,0.003949707826975421,0.22159080222099212,0.014544679410922653,0.05977141371509786,0.0014246312985044798,0.0022574422230019248,0.0005806324174004795,anemia_other,undetermined,anemia_other,undetermined
P000232,0,B12_deficiency_no_anemia,B12_deficiency,0.0012060710437259879,0.00271435012152967,0.999921937519331,0.8951107365450995,0.0015654896107284123,0.0035230703256489792,0.02094918832031085,0.0014234373853444788,0.09953490647545712,0.0006024315648620568,0.0036439187685582916,0.0008003986081192378,B12_deficiency_no_anemia,B12_deficiency,B12_deficiency_no_anemia,B12_deficiency
P000233,0,latent_deficiency,iron_deficiency,0.6780558828001176,0.9814942554203218,0.043940094170418546,0.012502935666509705,0.12844330969510434,0.011878904512152027,0.45994758827939064,0.003428094290022731,0.07536809172590841,0.0001506928229334315,0.0011396814391663934,0.0004981985569176213,latent_deficiency,iron_deficiency,latent_deficiency,iron_deficiency
P000234,1,iron_deficiency_anemia,iron_deficiency,0.9999934602837027,0.9961482879781203,0.0003130125683488922,0.0005651870487839591,0.2908055507979222,0.6848337148800725,2.0075945474862955e-06,0.007232110605832588,0.0496321453142522,0.0016225770404594366,0.0001774579256423063,0.002110589366499979,iron_deficiency_anemia,iron_deficiency,mixed_deficiency,iron_folate
P000235,0,folate_deficiency_no_anemia,folate_deficiency,0.001069301036120776,0.0006780291951187258,0.012563896461587636,0.0016435921441321137,0.8390109973883754,0.7752216516157311,0.5497752645674162,0.007433458023964752,0.1090806056214799,0.0006932356567276663,0.005494297078907772,0.0005400916326527648,folate_deficiency_no_anemia,folate_deficiency,folate_deficiency_no_anemia,folate_deficiency
P000236,1,B6_deficiency,B6_deficiency,0.07374419990819676,0.013104903742287326,2.7345318700096814e-05,0.0002261447521143653,0.11310765355795184,0.008233337753699806,0.9988054002514436,0.9970701096998892,0.0034441851819504623,0.0006380804235087452,0.02926178277194614,0.006402515916186261,B6_deficiency,B6_deficiency,B6_deficiency,B6_deficiency
P000237,0,B12_deficiency_no_anemia,B12_deficiency,2.5994549632337895e-05,0.0005199560844656332,0.9999999654775612,0.999169826165421,0.08691189687092873,0.04777979180589762,0.00018576066980930224,0.0003850241821730522,0.14472306254726897,0.001848826054642489,6.968705818135395e-05,0.0005328620950805887,B12_deficiency_no_anemia,B12_deficiency,B12_deficiency_no_anemia,B12_deficiency
P000238,1,iron_deficiency_anemia,iron_deficiency,0.9965020542676719,0.9982263587695438,0.05547143942225998,0.00942319000092039,0.2038654575807854,0.011079081305084365,3.91160896518901e-06,0.007085272548875234,0.15855483368093654,0.000710944947907386,0.004352610659452135,0.0076915284838240845,iron_deficiency_anemia,iron_deficiency,iron_deficiency_anemia,iron_deficiency
P000239,1,mixed_deficiency,iron_B12,0.9766411356785831,0.9883974953114734,0.7288259043901243,0.9531282669709554,0.33725659523407614,0.016588879074715426,0.3572898859411174,0.001222904394265202,5.2547386694207976e-12,0.04766784919108591,0.0006760470326238137,0.0027402664515637216,mixed_deficiency,iron_B12,mixed_deficiency,iron_B12
P000240,0,no_anemia_no_deficiency,none,0.027308556806000923,0.0015573578158478794,0.038438905422284377,0.007098695443251358,0.6113915774029416,0.42665748459920805,0.007143025261020033,0.0008941466670461251,0.10323434636870397,0.0015356317901619781,0.00765344390411431,0.0007402967185559849,folate_deficiency_no_anemia,folate_deficiency,no_anemia_no_deficiency,none
P000241,1,mixed_deficiency,iron_folate,0.9989971883134644,0.9996704727973573,9.735899037704361e-05,0.010490078558456187,0.32309170461298725,0.08920279562970242,0.3572898859411174,0.0027129903315727274,0.0071920550111641,0.006294617266187207,0.0015114578026964411,0.0011829655271284021,iron_deficiency_anemia,iron_deficiency,iron_deficiency_anemia,iron_deficiency
P000242,1,mixed_deficiency,iron_folate,0.9980287202258762,0.9975637829482151,0.002728654236512905,0.011071084063412277,0.9738618916615394,0.9948472539466612,0.1444305934382507,0.0011244423261556093,0.0007566564626631479,0.002426544864330945,0.0006160141940960087,0.00038502849888038095,mixed_deficiency,iron_folate,mixed_deficiency,iron_folate
P000243,0,no_anemia_no_deficiency,none,0.26433233680139445,0.009267160215166633,0.052781636634132496,0.0031758837672737714,0.003106610336010941,0.0031915828192345987,0.15436002943081248,0.001494524257628467,0.09249504239636466,0.00024580444593065733,0.0029500904665105666,0.0007491500727803662,no_anemia_no_deficiency,none,no_anemia_no_deficiency,none
P000244,1,mixed_deficiency,iron_folate,0.9999976492237547,0.9997398155359908,0.009767132606310049,0.0012047288348479173,0.5779414827826675,0.7275363243931764,0.10569321191234715,0.0031652532849875104,0.003960939793987426,0.0005313145101330765,0.0006023207113859394,0.0009589743713043239,mixed_deficiency,iron_folate,mixed_deficiency,iron_folate
P000245,1,B12_deficiency_anemia,B12_deficiency,0.014054281041889992,0.007762623287708875,0.9999027815377007,0.9993211359888914,0.568773998827592,0.21121269719479863,0.3572898859411174,0.0011827286069198294,1.3119354023735656e-06,0.025785451218007304,1.8441385449478523e-05,0.00040999333561970606,mixed_deficiency,B12_folate,B12_deficiency_anemia,B12_deficiency
P000246,1,inflammation_anemia,inflammation,2.3762533437700923e-05,0.00368097994997132,0.0013943539083292962,0.0005689203472077626,0.05944019430224869,0.010880459972431396,0.009735646810904728,0.034516726897269284,0.006260083682023796,0.0014338764862604065,0.9994903182122025,0.9218754535019491,inflammation_anemia,inflammation,inflammation_anemia,inflammation
P000247,1,iron_deficiency_anemia,iron_deficiency,0.9999999999710376,0.9996634728903686,0.0013642033171560625,0.0012379414308328653,0.24395205190791625,0.06849203278537179,0.007947512439606907,0.000491576172310093,0.11889520429841127,0.00120106660384045,1.1244368757221911e-05,0.0005309005660962324,iron_deficiency_anemia,iron_deficiency,iron_deficiency_anemia,iron_deficiency
P000248,1,B12_deficiency_anemia,B12_deficiency,4.689719950808764e-13,0.0007210566145555871,0.9848708971590298,0.9820601787659103,0.6711176749892376,0.29629701440594214,0.3572898859411174,0.001359224766395986,0.014749742321004015,0.002173615376694569,0.0005249406013575191,0.0017073916223046815,mixed_deficiency,B12_folate,B12_deficiency_anemia,B12_deficiency
P000249,1,anemia_other,undetermined,1.629542779486939e-05,0.0025248490418478017,0.058228000557086525,0.02843588177497712,2.1950869843565403e-08,0.0025896288819730368,0.49536435773871235,0.09380478569055108,0.09759275051821231,0.005285827508329551,7.0151490027089815e-06,0.0005878834420205859,anemia_other,undetermined,anemia_other,undetermined
P000250,0,folate_deficiency_no_anemia,folate_deficiency,0.0009421955808236159,0.0009187856433978167,0.00018967551264921788,0.02503114977069799,0.3201637449478675,0.08788774377504394,0.3411669601935633,0.004706714136717321,4.9816290555395586e-05,0.004815093219645508,0.00028557916039759673,0.0011666534131093405,no_anemia_no_deficiency,none,no_anemia_no_deficiency,none
P000251,0,no_anemia_no_deficiency,none,0.12632774539449457,0.049036870408398214,0.0023520118636190888,0.001643780793225595,0.6406569426624162,0.21241741060403485,0.04945331679128096,0.0068313984994392875,0.03797393725824868,0.00017239863314789342,0.0027110793876010016,0.0037521163188441132,folate_deficiency_no_anemia,folate_deficiency,no_anemia_no_deficiency,none
P000252,0,no_anemia_no_deficiency,none,0.0006559351724879865,0.0009047093144428876,0.000786820142902776,0.0015443799732519838,0.00017660739322509096,0.008347023643856916,0.15954111056580716,0.008372993750519852,0.14062825318963468,0.003442740553613941,0.0007556737184887075,0.0004425488043582842,no_anemia_no_deficiency,none,no_anemia_no_deficiency,none
P000253,1,folate_deficiency_anemia,folate_deficiency,1.5387268851674959e-10,0.0009325983804239318,0.40333096757758063,0.17198500626064778,0.9938958065905116,0.9929353199460337,0.04116650321676744,0.005240277090925531,0.01768436167689527,0.0004327595922800385,0.0339931941296317,0.005288021106327622,folate_deficiency_anemia,folate_deficiency,folate_deficiency_anemia,folate_deficiency
P000254,0,latent_deficiency,iron_deficiency,0.9976147693122653,0.9993012176801959,0.001087716199935841,0.0005458536362837664,0.16520770326908313,0.019981582321922584,0.3572898859411174,0.001047002145984689,0.00011211976347151911,0.0001387444445557787,0.00016943789416722717,0.0004466590694892293,latent_deficiency,iron_deficiency,latent_deficiency,iron_deficiency
P000255,1,iron_deficiency_anemia,iron_deficiency,0.9397671786830022,0.9886149585170017,0.0017706650980399508,0.0018914227940957983,0.29549832549679084,0.07254190770738254,0.19789160317838383,0.010073662694049197,0.1184617287466082,0.02006785216837602,0.016275368380228868,0.005603809546368093,iron_deficiency_anemia,iron_deficiency,iron_deficiency_anemia,iron_deficiency
P000256,1,B12_deficiency_anemia,B12_deficiency,0.0054961517548087506,0.0003739261937337029,0.9999995088411168,0.9993810527581558,0.5706816331722842,0.2503975120929032,0.061762167382662825,0.00033621708769354045,0.10602515462152129,0.0006783961784787985,0.002714514936517429,0.0005001348646294825,mixed_deficiency,B12_folate,B12_deficiency_anemia,B12_deficiency
P000257,1,mixed_deficiency,iron_B12,0.9999885434506662,0.9995453147664592,0.9617599913160477,0.9709862046272589,0.13464372514590126,0.09899161723083327,3.46528294931791e-05,0.0010989851266319794,0.1302478465699945,0.00034408599933171313,0.0010175978347489601,0.0008531087433964518,mixed_deficiency,iron_B12,mixed_deficiency,iron_B12
P000258,1,folate_deficiency_anemia,folate_deficiency,0.01088879889548171,0.0005353767230620848,0.07793083273674167,0.0033549266994428624,0.18311269863877278,0.187298344654111,0.00017887465430967985,0.0005465885437253901,0.5998471328257815,0.8772661138494802,0.0031150787616353497,0.0008183046501715121,copper_deficiency,copper_deficiency,copper_deficiency,copper_deficiency
P000259,0,no_anemia_no_deficiency,none,0.0002820969602915358,0.0010228909183413529,0.06248479792967137,0.00877304552668374,0.2337055390239246,0.050270394906871144,0.019540419421110244,0.0006972427164092566,0.10216501866933372,0.000433792839416735,0.001897793803626422,0.00041434086026274214,no_anemia_no_deficiency,none,no_anemia_no_deficiency,none
P000260,1,B12_deficiency_anemia,B12_deficiency,3.146162091782181e-07,0.0005636997467908734,0.9996932404305873,0.999521643569047,0.39766659368708307,0.1618856593186116,0.6687676921924091,0.44944703888598153,0.0001833865337400187,0.002051481365330851,0.004714017606849255,0.0009641360856007382,B12_deficiency_anemia,B12_deficiency,B12_deficiency_anemia,B12_deficiency
P000261,1,folate_deficiency_anemia,folate_deficiency,3.5043740339969218e-06,0.00021009369096069045,0.054149235637971124,0.0767387962642399,0.6928461586701304,0.6127106825513361,0.10445830686355818,0.0004842459373853126,0.12699660150002678,0.005240410913808041,0.018568748467923717,0.00043165849742917285,folate_deficiency_anemia,folate_deficiency,folate_deficiency_anemia,folate_deficiency
P000262,1,mixed_deficiency,iron_B12,0.9827801678905107,0.9985965222009778,0.9999999958670236,0.9989827687618291,0.053428084058911536,0.016206379175786313,0.3572898859411174,0.001289150902996592,0.08993252180983063,0.0007465226744239764,3.0003822728389472e-05,0.0001653423162252479,mixed_deficiency,iron_B12,mixed_deficiency,iron_B12
P000263,1,mixed_deficiency,iron_B12,0.9894325737151318,0.9989186933001538,0.9999991297375241,0.9995496436606472,0.280725412418674,0.009382793169635776,0.00025926586554062935,0.00041677958484673884,6.875440535571666e-05,0.00029986043621998634,0.0004377610310265533,0.0005003772967016693,mixed_deficiency,iron_B12,mixed_deficiency,iron_B12
P000264,1,mixed_deficiency,B12_folate,4.5080973353682744e-07,0.0009881614906794883,0.9868885640919699,0.9946400931998813,0.9177421240650079,0.9900088736933095,0.5240117741338151,0.0052737168169228335,0.11013230844611893,0.0006080467981149334,0.009420589604249394,0.0004883804157173248,mixed_deficiency,B12_folate,mixed_deficiency,B12_folate
P000265,0,no_anemia_no_deficiency,none,0.011695310368845024,0.004599808320703783,0.031881029542831354,0.002098907181390938,0.07683497708989578,0.005445140200516811,0.08755634551280075,0.005113917378430248,0.09071722635677028,0.000559723699892943,0.0005337160139568327,0.0003890880797725785,no_anemia_no_deficiency,none,no_anemia_no_deficiency,none
P000266,1,mixed_deficiency,B12_folate,0.13779707087064244,0.0207033640490737,0.9363951492505037,0.973163980610314,0.9918505678896684,0.9820729782002757,8.463169825048208e-06,0.00030103730359207047,0.07037030051845039,0.002435245647961799,0.0010851461149243553,0.0004708859771344584,mixed_deficiency,B12_folate,mixed_deficiency,B12_folate
P000267,1,copper_deficiency,copper_deficiency,0.10197491085147857,0.03857950223312122,8.403551143181587e-05,0.0014503637685608754,0.16965622711226597,0.01269630416940458,0.021038772022281015,0.005242765556133049,0.9999991203473269,0.9995532843329408,0.0018761501913757334,0.001005920924163352,copper_deficiency,copper_deficiency,copper_deficiency,copper_deficiency
P000268,1,iron_deficiency_anemia,iron_deficiency,0.9999990802635143,0.9998469856943901,0.08240764135204584,0.00344196117753876,0.0321826947139651,0.019894080382296377,0.3572898859411174,0.0017965338812692628,0.0625014827114833,0.015652557471940803,0.0013541136047697413,0.0008046392670971976,iron_deficiency_anemia,iron_deficiency,iron_deficiency_anemia,iron_deficiency
P000269,0,latent_deficiency,iron_deficiency,0.999999813280595,0.9987042221047708,0.05298661344103039,0.006261071299888025,0.07223508138317111,0.005302098155524625,0.003975038213933487,0.005636648094886347,1.3478408064600592e-08,0.0002397649077852769,0.012863359467414008,0.0005008896885143009,latent_deficiency,iron_deficiency,latent_deficiency,iron_deficiency
P000270,0,no_anemia_no_deficiency,none,0.0052021943531939474,0.0005002302272308512,0.04305593166724204,0.0023326180916881933,0.03745410328623182,0.011126479845349846,0.010494273540692203,0.003655912727408477,0.09578553386555407,0.0005484604565256679,0.005879860260719169,0.00048711514315829017,no_anemia_no_deficiency,none,no_anemia_no_deficiency,none
P000271,1,inflammation_anemia,inflammation,3.61180744157336e-08,0.0028779096431098606,0.0013784619678019587,0.001826697182492174,0.0031656610721811644,0.0028935410914429508,0.1773650514465331,0.003491183931968845,0.1411325140863107,0.004010141120031794,0.9037271492598117,0.9561955329172447,inflammation_anemia,inflammation,inflammation_anemia,inflammation
P000272,0,folate_deficiency_no_anemia,folate_deficiency,1.690052809971193e-05,0.0004998051063744733,0.07077492350524446,0.035373712878871616,0.3152713454493391,0.17386843403123015,0.3572898859411174,0.0006133821227614113,0.08161356357754236,0.0029123788288108977,0.0026213175447783337,0.0021150646901103172,no_anemia_no_deficiency,none,no_anemia_no_deficiency,none
P000273,1,B12_deficiency_anemia,B12_deficiency,0.031564795106804246,0.003820755806253767,0.9999439914447829,0.9986739512646713,0.9330436772887766,0.6886973243471343,6.749231293383712e-05,0.0004642574562177813,1.5443084297577976e-06,0.0030786182719479407,0.0013008115582889682,0.0003540131224417493,mixed_deficiency,B12_folate,mixed_deficiency,B12_folate
P000274,0,latent_deficiency,iron_deficiency,0.9999999997842897,0.9997631038381386,0.009880271519226365,0.0007676516488300686,0.008145271205528456,0.0008540572762030127,0.00018447229657690857,0.0005631451273861798,0.00021684647652250706,0.00011444011650023826,0.00038420102837140844,0.00032388150500645716,latent_deficiency,iron_deficiency,latent_deficiency,iron_deficiency
P000275,1,mixed_deficiency,iron_folate,0.999999927184654,0.9987721371310008,1.4119137703101366e-06,0.0009693020837128674,0.9784839339937225,0.9771738424769845,0.0786641559449083,0.0012638835205395552,0.1607217973036091,0.007128423457711026,0.08832072164430904,0.00079933432239826,mixed_deficiency,iron_folate,mixed_deficiency,iron_folate
P000276,0,latent_deficiency,iron_deficiency,0.9999997128667747,0.998476850911264,0.0787002562907836,0.002260272660519435,0.0004521149588117414,0.009169843925843175,0.0003104100761129279,0.0011041897501053203,0.10189922481961582,0.00038669746450143924,0.00028044951386791995,0.0005121334751007331,latent_deficiency,iron_deficiency,latent_deficiency,iron_deficiency
P000277,0,latent_deficiency,iron_deficiency,0.9479072153361966,0.6373505046044052,0.019327258738011194,0.0019307865900204159,0.1174569018088359,0.004298994670163741,0.1828763911271056,0.03269704478149933,1.1061639197882389e-06,0.004019918628012683,0.008365400993598329,0.0008102434195817247,latent_deficiency,iron_deficiency,latent_deficiency,iron_deficiency
P000278,0,folate_deficiency_no_anemia,folate_deficiency,0.28671319151330504,0.10848557566141218,0.02767687586011356,0.09454712839602315,0.7909360418170592,0.14585346243064498,0.01285179036622218,0.01197616445295301,0.011530890580851253,0.002867159485033415,6.290227046229088e-05,0.00020229893585902974,folate_deficiency_no_anemia,folate_deficiency,no_anemia_no_deficiency,none
P000279,1,iron_deficiency_anemia,iron_deficiency,0.9975036916519615,0.9994746628995681,0.0006305509820125055,0.0003253151393050746,0.008224633348718783,0.008568306474983831,0.008562069066947267,0.00291225615429778,0.06815921216505744,0.0003373455188428713,0.006294297776409897,0.0023431021582751258,iron_deficiency_anemia,iron_deficiency,iron_deficiency_anemia,iron_deficiency
P000280,1,B12_deficiency_anemia,B12_deficiency,3.479556870673048e-05,0.001740806868343246,0.9903396525941035,0.9988669293243169,0.4437430129863967,0.30836848419422513,0.3572898859411174,0.0010554306539767905,0.002482486238893917,0.00318366155291472,0.00379772157114252,0.001060995966037949,B12_deficiency_anemia,B12_deficiency,B12_deficiency_anemia,B12_deficiency
P000281,0,no_anemia_no_deficiency,none,0.06349594173102113,0.006696011679146618,0.05541017941406519,0.005081688018681204,0.18040607950065934,0.017793334275015952,0.06308927423526232,0.0009964890279265271,0.1061344218714084,0.001632504213301252,0.00763999743461549,0.0003541075091445865,no_anemia_no_deficiency,none,no_anemia_no_deficiency,none
P000282,0,no_anemia_no_deficiency,none,1.2491661750964186e-05,0.0004159406058901345,0.04922239347815989,0.0029446423146555676,0.2887814308171515,0.36825831456718094,0.02100365156029204,0.0018666974503004435,0.09679528825646382,0.0040862944936583745,0.013276119402231794,0.0031500703756060793,no_anemia_no_deficiency,none,no_anemia_no_deficiency,none
P000283,1,B6_deficiency,B6_deficiency,0.11217697060804141,0.38081623405289416,0.17123035255691946,0.12198712916111526,1.9031474590766298e-05,0.005378886202099954,0.9957991179168149,0.9560965963732998,0.10681946930666847,0.0030947821823075687,0.0014421967325778978,0.00021575381195720772,B6_deficiency,B6_deficiency,B6_deficiency,B6_deficiency
P000284,0,no_anemia_no_deficiency,none,1.168397943553429e-05,0.001522637527910303,0.006639799382328176,0.001900424289250982,0.10456281569783046,0.00626106052607086,0.3572898859411174,0.0021251039896436233,0.0021223842732377663,0.0005354920674776599,0.0019581450541910073,0.0007165904365646204,no_anemia_no_deficiency,none,no_anemia_no_deficiency,none
P000285,1,folate_deficiency_anemia,folate_deficiency,8.266374720564741e-08,0.0006025583942087854,0.0003653780525029139,0.003690717585834398,0.9958800760565697,0.9900224305965037,0.3572898859411174,0.001043384168749292,0.03857236875644098,0.0005312398038014178,0.0003152068173329667,0.001979909695066237,folate_deficiency_anemia,folate_deficiency,folate_deficiency_anemia,folate_deficiency
P000286,0,no_anemia_no_deficiency,none,0.006141141748671534,0.012135496948999925,0.05278483868705993,0.009616506604456568,0.19699426030775136,0.10316859412634702,0.0015915019982641514,0.00027960022710908476,0.2118521938730085,0.0009525504273728144,4.959362629394872e-05,0.00013689799140239854,no_anemia_no_deficiency,none,no_anemia_no_deficiency,none
P000287,1,mixed_deficiency,iron_B12,0.9999087616277966,0.9996397247976779,0.9999997736287052,0.999510674681155,0.018337805199201817,0.006543939553408545,0.12846240885359358,0.0006116799285805572,0.10681946930666847,0.00022100159076608375,4.8166528523798185e-06,0.0005149860575025401,mixed_deficiency,iron_B12,mixed_deficiency,iron_B12
P000288,1,anemia_other,undetermined,0.0002437491030219362,0.02633815008288203,5.255065443646603e-05,0.001702460239814073,3.610381106775246e-05,0.002588375574977282,0.46179333889850116,0.06213193352065278,0.0833451342529129,0.0002577373915482388,0.00014754082429200348,0.0006716760062519165,anemia_other,undetermined,anemia_other,undetermined
P000289,1,inflammation_anemia,inflammation,8.143528822354262e-08,0.0005581263962197885,5.749311805986157e-07,0.0008611685087248424,0.0006715822665774928,0.009439778006179024,0.3074880807077816,0.01734230221977078,0.00011322889646586178,0.0003093491136357928,1.0,0.9997223628269701,inflammation_anemia,inflammation,inflammation_anemia,inflammation
P000290,1,inflammation_anemia,inflammation,5.5793173472677594e-05,0.0008733808383484773,0.003293102444059507,0.0021549090929649773,8.362430459097106e-06,0.0030852735046749064,0.06287065424189132,0.008964227292276868,0.008681771182251174,0.0025729157284444426,0.9999982503031674,0.9992394024124962,inflammation_anemia,inflammation,inflammation_anemia,inflammation
P000291,1,anemia_other,undetermined,0.0004011115303273698,0.0034055082816461047,0.007613315960752177,0.009201201566497157,0.0031605561300065287,0.0036339256105070643,0.018035846221224828,0.0019550948000148873,0.0840788082253714,0.0032892070692802453,0.00024350432773627713,0.00023651610628298438,anemia_other,undetermined,anemia_other,undetermined
P000292,0,latent_deficiency,iron_deficiency,0.9999711089416823,0.9992314412272186,0.10022534345655817,0.002969090027969277,0.03505082775097532,0.005829698675754799,0.008549116916078474,0.0004529105927618403,0.12070200864567239,0.0004862140276911268,4.996516195289673e-06,0.000564687898784753,latent_deficiency,iron_deficiency,latent_deficiency,iron_deficiency
P000293,1,B12_deficiency_anemia,B12_deficiency,2.8445407628087756e-09,0.0006587944842044752,0.961248735202894,0.9892759785028976,4.541962931193486e-05,0.027932855354246888,0.008850518561240786,0.0003858975134055216,0.0018538139620775515,0.0040794332920079225,0.00013784590232670334,0.0012214396195395073,B12_deficiency_anemia,B12_deficiency,B12_deficiency_anemia,B12_deficiency
P000294,1,iron_deficiency_anemia,iron_deficiency,0.9980215281562929,0.9986029359735396,6.694516928687241e-06,0.0008494083268294755,0.1543986047526478,0.02933545203841694,0.22458470326708949,0.0010132842778227378,0.010629371625167914,0.00015605688665624564,0.012297679475467324,0.000837864824635235,iron_deficiency_anemia,iron_deficiency,iron_deficiency_anemia,iron_deficiency
P000295,1,B12_deficiency_anemia,B12_deficiency,0.03430760851740039,0.0006863513158350649,0.9024991106468118,0.7974807774457694,0.7166350273885473,0.633677781576218,0.0003208394144928206,0.0003149856515688371,0.09578553386555407,0.0013495285790221575,0.00031778524985995923,0.0002656400122428897,mixed_deficiency,B12_folate,mixed_deficiency,B12_folate
P000296,1,B12_deficiency_anemia,B12_deficiency,7.60343444132747e-09,0.01682964084761773,0.9999999269216626,0.982877454585519,0.8910784232836937,0.10182357589973048,2.735549028662777e-06,0.001530487861535915,3.416760078871269e-05,0.003647663858665943,4.679075176727631e-06,0.008645577159153973,mixed_deficiency,B12_folate,B12_deficiency_anemia,B12_deficiency
P000297,0,B12_deficiency_no_anemia,B12_deficiency,0.001710688806125224,0.0019788850270715344,0.93626676345203,0.9947720417022798,0.2671337298601227,0.025868877802550018,0.0021818482540379492,0.00020710741369043764,0.327537364961403,0.0075008862118873965,0.00015623941643261148,0.00047651662895792797,B12_deficiency_no_anemia,B12_deficiency,B12_deficiency_no_anemia,B12_deficiency
P000298,0,no_anemia_no_deficiency,none,0.013246879522999381,0.0034299338101627646,2.238305829743132e-05,0.0024393717931217892,0.4373757642134296,0.09789516439826955,0.15626732560242448,0.00453017919410123,0.43844574629677696,0.11563578757373101,0.0004801307979433606,0.019321247681232924,no_anemia_no_deficiency,none,no_anemia_no_deficiency,none
P000299,1,B6_deficiency,B6_deficiency,4.82414270636063e-06,0.00047257564558029764,0.0014846957477281221,0.00040006792283941956,0.1790484008446779,0.025563194542784037,0.9423991300837115,0.6801958401616489,0.06471364149885127,0.37941045161413406,0.007104411482651169,0.008103369352264437,B6_deficiency,B6_deficiency,B6_deficiency,B6_deficiency
P000300,0,latent_deficiency,iron_deficiency,0.980830896977332,0.9985256355863784,1.1914338529022742e-08,0.00031516586216257875,0.26384976339431887,0.0017003298830687709,0.0001548720215868736,0.003113352967901148,0.00014148929038317878,0.00015421029611677832,0.0003284436371968949,0.000847857247694454,latent_deficiency,iron_deficiency,latent_deficiency,iron_deficiency
P000301,1,B6_deficiency,B6_deficiency,0.020755415688898618,0.06077601517854756,0.010225740556066384,0.01144234258687788,0.3141159351408248,0.13399294758094518,0.9727645599505692,0.9424681762934637,0.03322913069712786,0.000923578331956651,0.0004847518889731021,0.0007862069148193033,B6_deficiency,B6_deficiency,B6_deficiency,B6_deficiency
P000302,0,latent_deficiency,iron_deficiency,0.6091514413531527,0.8974764124619504,0.03738146369421103,0.004355632462526759,0.07920939524725688,0.003235177320046746,0.21358667973178871,0.006749054844918473,0.0013820774213833809,0.0007711932657336502,0.002088481807140924,0.0010269365684315319,latent_deficiency,iron_deficiency,latent_deficiency,iron_deficiency
P000303,0,no_anemia_no_deficiency,none,0.0018093469610938094,0.0005965855583988515,0.21786018517157765,0.010470478569159333,0.0019158317274028725,0.007802800308889896,0.03265081372961893,0.0007390377000046362,0.11331110218556734,0.005577363433074476,0.005747256322408399,0.0009166779314641692,no_anemia_no_deficiency,none,no_anemia_no_deficiency,none
P000304,1,mixed_deficiency,B12_folate,2.2157027378079945e-08,0.011381044194867745,0.9997795294905263,0.9909129733616899,0.5329599212625727,0.13434396733416407,0.0024411599516116125,0.0015007496112037643,0.02647785031605659,0.0023633399561023847,5.1656173983654186e-05,0.0028340009816577192,mixed_deficiency,B12_folate,B12_deficiency_anemia,B12_deficiency
P000305,1,B6_deficiency,B6_deficiency,0.00010886111734596662,0.002340842460290564,0.0015955523545095479,0.002345503755536111,0.1518971676536226,0.08816429768147196,0.9944337653079187,0.9950820854556641,0.027367444302767246,0.001105364184075962,0.006345950729021008,0.017298445982817157,B6_deficiency,B6_deficiency,B6_deficiency,B6_deficiency
P000306,0,no_anemia_no_deficiency,none,0.07882164891703028,0.004748724928603172,0.03143138075098077,0.002097759401134352,2.3219336471587682e-05,0.0031118264547845076,0.04332440450241834,0.002690590633718808,5.594580938721432e-05,0.00020256140033952566,0.015669940565825748,0.000556936785729171,no_anemia_no_deficiency,none,no_anemia_no_deficiency,none
P000307,1,mixed_deficiency,iron_B12,0.9927277040152321,0.9993289488946124,0.9877955736148732,0.9923275316175509,0.2336566604810791,0.2829260704704884,0.11172293796844039,0.00031123151952688736,0.0037046862607361766,0.0026571028567673283,1.4976248257761871e-06,0.00045735821774126214,mixed_deficiency,iron_B12,mixed_deficiency,iron_B12
P000308,1,anemia_other,undetermined,3.611650994596312e-05,0.0004292639659856801,0.0014932323448676379,0.0016177485288159923,0.2188239527451249,0.05767731011673891,0.030518370022812442,0.0038112213058700863,0.11276611048517422,0.01446345567280578,0.019762536616578303,0.005706799410586631,anemia_other,undetermined,anemia_other,undetermined
P000309,1,inflammation_anemia,inflammation,0.14700080989251013,0.002640508233464842,0.00016253757972606035,0.0021358211035116042,0.20578394804524475,0.1617666385731048,0.3572898859411174,0.0002759764288764294,0.10128142215914697,0.0022707971288246946,0.30494868376863893,0.6721660649873111,anemia_other,undetermined,inflammation_anemia,inflammation
P000310,1,iron_deficiency_anemia,iron_deficiency,0.997594348279119,0.9778424911801717,0.0657207874157886,0.004562655628517369,0.005622187594314246,0.019183136582956596,0.0734657564515578,0.02575883838359474,0.08566412788773138,0.00031559060326517347,0.06038980069689862,0.00555468054754814,iron_deficiency_anemia,iron_deficiency,iron_deficiency_anemia,iron_deficiency
P000311,1,B12_deficiency_anemia,B12_deficiency,0.026463625218715963,0.0011197783575313453,0.999984406340427,0.9993571954509218,0.3657374518609618,0.15277258332750818,9.705673028302764e-05,0.00041420914771825437,0.00019846569821669593,0.022090280550267564,0.0020082967670479396,0.0003788757938834866,B12_deficiency_anemia,B12_deficiency,B12_deficiency_anemia,B12_deficiency
P000312,1,mixed_deficiency,iron_folate,0.9997877812514526,0.9993017433902375,0.00044794326009570736,0.005997314253931534,0.9622600522654825,0.9792616887038192,0.3572898859411174,0.0018806239291705386,0.20885298496479043,0.004264665178295782,0.031167951806339477,0.00021504771990779202,mixed_deficiency,iron_folate,mixed_deficiency,iron_folate
P000313,0,no_anemia_no_deficiency,none,0.0017515497962963039,0.0019454189325988035,0.02812095074062912,0.0053043190497351084,0.0747597786852849,0.005712386466257745,0.2139761889201832,0.004853938967459312,0.037522405461945976,0.0007772573928597774,0.0011444274518809506,0.0006835168706247377,no_anemia_no_deficiency,none,no_anemia_no_deficiency,none
P000314,0,B12_deficiency_no_anemia,B12_deficiency,0.002100235378946727,0.0013137322145182289,0.9945829343927818,0.9982512596714798,0.13430124370685848,0.03220467386058499,0.05155321561142492,0.0011600136224998567,0.12229090393467068,0.0003853152206543747,0.02227436021758078,0.0005826189534955108,B12_deficiency_no_anemia,B12_deficiency,B12_deficiency_no_anemia,B12_deficiency
P000315,1,inflammation_anemia,inflammation,0.26737427284118215,0.027510021003022533,0.0002611595543628023,0.0004271401588381336,2.1303667080223226e-06,0.0008259982017743151,0.3572898859411174,0.0025789002816328,8.445977542756053e-06,0.0005195235639697651,0.9994919257163537,0.99868220104737,inflammation_anemia,inflammation,inflammation_anemia,inflammation
P000316,1,iron_deficiency_anemia,iron_deficiency,0.9999997245761344,0.9998282753637391,0.021766625685769925,0.005127958940544574,1.3017276191245953e-06,0.010378275041795447,0.36316505208746974,0.0009902354270991387,0.1052664605918902,0.0010226849411706855,0.08840728551821134,0.001447652439389998,iron_deficiency_anemia,iron_deficiency,iron_deficiency_anemia,iron_deficiency
P000317,1,anemia_other,undetermined,3.4007136797977697e-07,0.0013396365977422088,0.12106539363937395,0.021878096432969767,9.749190310024417e-06,0.004842071597979996,0.3572898859411174,0.011799106870633217,0.015920027231748488,0.04926605708896343,0.0022767900718328946,0.0024755853150594588,anemia_other,undetermined,anemia_other,undetermined
P000318,0,copper_deficiency,copper_deficiency,2.463527443236615e-06,0.0029081433663578765,0.036815011164228445,0.004148802152238069,0.13211823922006186,0.027122127917464017,2.2607949019097342e-07,0.022838702646606802,0.9999270887610303,0.9991665577817229,0.004896137206127587,0.004264877599995173,copper_deficiency,copper_deficiency,copper_deficiency,copper_deficiency
P000319,0,no_anemia_no_deficiency,none,0.02142497075782032,0.0009375481565852816,3.182894093920704e-05,0.0029862674075780103,0.29837426669406286,0.07535485660750582,0.11855559046606419,0.0014264853834834738,0.003041192435467593,0.01612345405928595,0.002501893905965435,0.0025998113470638157,no_anemia_no_deficiency,none,no_anemia_no_deficiency,none
P000320,1,anemia_other,undetermined,3.76795681595783e-05,0.0003689286077307093,0.00025372469332022153,0.08696599596174605,0.6875850964437373,0.5362423602343467,0.07760590639883552,0.0029660318812150138,0.0009255866051069688,0.0012844268037823885,0.0009052613313065759,0.0006765614058065848,folate_deficiency_anemia,folate_deficiency,folate_deficiency_anemia,folate_deficiency
P000321,1,folate_deficiency_anemia,folate_deficiency,3.570677223469328e-05,0.0004514990791876796,0.001326261306351854,0.013165314026085959,0.9893133911886626,0.9916900675394925,0.10669490545721717,0.0015091921220620516,0.019564731930605154,0.004656532108279686,0.002402977545312307,0.000782343929704353,folate_deficiency_anemia,folate_deficiency,folate_deficiency_anemia,folate_deficiency
P000322,1,anemia_other,undetermined,8.138089058406396e-08,0.0006079148198717756,0.002583587102812964,0.001072361377037298,0.05499612152648822,0.005975393303447435,0.06259472571934283,0.010020831760386867,9.945473822413022e-12,0.03350640697814131,0.0006450399574638313,0.11087965220958669,anemia_other,undetermined,anemia_other,undetermined
P000323,1,iron_deficiency_anemia,iron_deficiency,0.9984202637643135,0.9994612271859,0.010641446761793232,0.0012988261593933972,0.0007041574801253558,0.007403584095350347,0.17987729487458073,0.002308857373635056,0.013399054912640544,0.0007192101379003042,0.014154551367733604,0.00025157547108120923,iron_deficiency_anemia,iron_deficiency,iron_deficiency_anemia,iron_deficiency
P000324,1,copper_deficiency,copper_deficiency,0.007646886664082207,0.001973292337958135,0.02693396784754989,0.01747395119706557,0.034764388930740665,0.059663015583748424,0.4827723384456438,0.0026570087514383683,0.9999600943854152,0.9939863610745409,0.00027281294602485154,0.0008651945140313207,copper_deficiency,copper_deficiency,copper_deficiency,copper_deficiency
P000325,1,iron_deficiency_anemia,iron_deficiency,0.9999999880775937,0.9995902141892343,0.013804464769358375,0.0022631308095873047,9.073214741448199e-05,0.006045563216596664,0.000918774063400884,0.00238383579896721,0.25900416481746086,0.001859850498022253,5.813527317238837e-05,0.000320938054895116,iron_deficiency_anemia,iron_deficiency,iron_deficiency_anemia,iron_deficiency
P000326,0,no_anemia_no_deficiency,none,0.004769701162205201,0.0014036432629658737,0.048572523781797265,0.003043332864332969,0.21523565303722464,0.0108364033570225,0.3572898859411174,0.007279585464914896,0.11301996079768203,0.00046375236386376464,0.00048187843231701653,0.0002353139861391221,no_anemia_no_deficiency,none,no_anemia_no_deficiency,none
P000327,1,B12_deficiency_anemia,B12_deficiency,4.0525963261142396e-05,0.000450431979195196,0.999991922703911,0.9990831080722348,0.7542114472599336,0.016443971239683976,0.3572898859411174,0.0003867106849957631,0.1461164151840315,0.002417598003259598,0.0010763021044689822,0.001008762011739412,mixed_deficiency,B12_folate,B12_deficiency_anemia,B12_deficiency
P000328,0,no_anemia_no_deficiency,none,0.00017068230391224594,0.0011227301053670711,0.2722353358861651,0.036791768829413,0.15181722189176033,0.003512902925080374,0.1408290523087568,0.00994522767720866,0.11782269716995059,0.0006025778997167499,0.011133411996706156,0.039225108052058366,no_anemia_no_deficiency,none,no_anemia_no_deficiency,none
P000329,1,mixed_deficiency,iron_B12,0.9986720356737889,0.9994192758738117,0.328319050005785,0.7210736101831661,5.950049512653231e-07,0.0029987844507937955,0.0012200614499557607,0.000300973388389992,0.1392913390952634,0.0007988245848082627,3.464069171592972e-05,0.0007041123418723935,iron_deficiency_anemia,iron_deficiency,mixed_deficiency,iron_B12
P000330,0,B12_deficiency_no_anemia,B12_deficiency,1.8732130742636654e-06,0.00045877829713099154,0.7696429950688431,0.9738465121927077,0.8508447310184342,0.7764327145186027,0.07209202482706618,0.0005075964764580459,0.0002184112025512193,0.0007035469445402072,0.0010591718760182497,0.0007327005995871862,mixed_deficiency,B12_folate,mixed_deficiency,B12_folate
P000331,1,inflammation_anemia,inflammation,0.29069176674001906,0.035919699803223015,0.0012528624067418988,0.000655565625010738,0.00011615632284349754,0.001146023835493175,0.22284031477506558,0.08024015100470433,0.00010284285237607169,0.00037452403303235766,0.9999061659229384,0.9991742325606358,inflammation_anemia,inflammation,inflammation_anemia,inflammation
P000332,1,B6_deficiency,B6_deficiency,1.2758675749867437e-11,0.004489203222042368,6.766045935665366e-08,0.0014281283724959285,0.24255220522719712,0.017656090939538543,0.9998044199069804,0.9857652651248422,0.0008962741299649283,0.0008989852223546294,0.1705380641112872,0.03198218862058727,B6_deficiency,B6_deficiency,B6_deficiency,B6_deficiency
P000333,1,iron_deficiency_anemia,iron_deficiency,0.9999723333740572,0.9999054716371208,0.010529262953756727,0.015379113512611831,0.027360926690717477,0.0032764418182268168,0.01591925229748523,0.00035080950623896497,0.03720852484458175,0.0001493726781677502,0.0004251880820195452,0.00025039028425979243,iron_deficiency_anemia,iron_deficiency,iron_deficiency_anemia,iron_deficiency
P000334,0,latent_deficiency,iron_deficiency,0.999892919255279,0.9979464323194207,0.0014902078493433232,0.0003832448278542859,0.02738381125218418,0.006133882412803016,0.18844572186970948,0.001975725793717557,0.0003092810633461955,0.00011299977380604365,9.428431786648825e-06,0.000799292726141213,latent_deficiency,iron_deficiency,latent_deficiency,iron_deficiency
P000335,1,B12_deficiency_anemia,B12_deficiency,5.6032215760081395e-06,0.0004888304039178505,0.9953263165269067,0.9954683948516454,0.7444382976668955,0.46620214844879126,0.09955042764659099,0.0011992573899980497,0.0031871049932817234,0.0012381551328196386,1.9363165950699308e-06,0.0010632732724998367,mixed_deficiency,B12_folate,B12_deficiency_anemia,B12_deficiency
P000336,1,copper_deficiency,copper_deficiency,0.0007533695052434968,0.012295514970910299,0.023970251157352213,0.022967107601630714,0.07012363517855125,0.002668035406391439,0.057464215754487694,0.01873615444468827,0.8478962638008627,0.9136670053075722,0.0006544344560770193,0.0010413459225483586,copper_deficiency,copper_deficiency,copper_deficiency,copper_deficiency
P000337,0,folate_deficiency_no_anemia,folate_deficiency,8.909563354828084e-05,0.0005998870080070301,0.329982639639237,0.027310235172924125,0.9169485335580687,0.9329331410254786,0.0003538011080789783,0.00042843667089352794,0.04324173524348946,0.0003798230838497252,0.00035721776060712086,0.000184984941701606,folate_deficiency_no_anemia,folate_deficiency,folate_deficiency_no_anemia,folate_deficiency
P000338,1,mixed_deficiency,iron_B12,0.9999999946022569,0.9991418508112716,0.9999853295056836,0.9952438056469359,0.22964745527329547,0.18756825269392413,0.12048262048877381,0.0012757213134379504,6.862976268572075e-09,0.0028714185550136194,0.0062262336825929425,0.0010605628203830882,mixed_deficiency,iron_B12,mixed_deficiency,iron_B12
P000339,0,latent_deficiency,iron_deficiency,0.8472061467803916,0.959434249889953,0.04803453065821906,0.009419219719789235,0.791362750929306,0.43768435481848006,0.025327729034288433,0.00039571750659201624,1.3875165676493324e-09,0.0009611511193918302,0.0007615674467786446,0.0010188254520097865,mixed_deficiency,iron_folate,latent_deficiency,iron_deficiency
P000340,1,mixed_deficiency,B12_folate,0.00036488862332913354,0.00117144738417639,0.999772498948204,0.9988159758735469,0.8919612518079891,0.9819543619526772,0.0010376280470167365,0.0006528699465519178,0.028697642831645692,0.0002039876425925672,0.00020323479830559884,0.032634607119743565,mixed_deficiency,B12_folate,mixed_deficiency,B12_folate
P000341,1,iron_deficiency_anemia,iron_deficiency,0.9999991121737115,0.9995760480603613,6.379019287686737e-05,0.0004645188733180411,0.00028028477677419553,0.0036726828443993495,0.008932607855731677,0.0012647257203866208,0.15307585768855958,0.001976266430275303,8.985947751412932e-05,0.000771770199484633,iron_deficiency_anemia,iron_deficiency,iron_deficiency_anemia,iron_deficiency
P000342,1,mixed_deficiency,B12_folate,0.0008717188428397704,0.0025076251219069952,0.9999966432485611,0.9996263163619556,0.7467972577762579,0.14472943747113123,0.3572898859411174,0.0004555751326789522,1.776431341656729e-06,0.0025809393661062508,5.530550132365012e-05,0.0003007829905059714,mixed_deficiency,B12_folate,B12_deficiency_anemia,B12_deficiency
P000343,1,mixed_deficiency,iron_folate,0.9999912002498648,0.9996080317600653,1.1223779947866165e-05,0.008467103027608214,0.9989802664719079,0.9980196072469932,0.3572898859411174,0.0002845229346823239,0.13728998554773095,0.006376140963385048,3.00104445218786e-06,0.0004080565517898528,mixed_deficiency,iron_folate,mixed_deficiency,iron_folate
P000344,0,no_anemia_no_deficiency,none,0.008514762965514395,0.0029614539210746312,0.0023299338482983254,0.0018387467039486002,0.15063956740211798,0.03777676602471923,0.1428277315392881,0.00954645529180846,0.08027131027710058,0.0005098078584704434,0.004159450662142441,0.00016438195999165264,no_anemia_no_deficiency,none,no_anemia_no_deficiency,none
P000345,1,B12_deficiency_anemia,B12_deficiency,0.00015538313625085317,0.001195139723103346,0.9995314667131031,0.9983425126479233,0.01830864474960961,0.014723381492371616,0.006263906653997705,0.0009330236309646643,0.0021605821731652273,0.004529419647011207,0.008064112405483445,0.0010546967288523395,B12_deficiency_anemia,B12_deficiency,B12_deficiency_anemia,B12_deficiency
P000346,0,folate_deficiency_no_anemia,folate_deficiency,0.06796994739539759,0.0020112853297016005,0.029413724354859495,0.005210603653576041,0.915806168740396,0.9753251285959359,0.1031635380521307,0.0003841518686604656,0.01750817723863679,0.0003445575642176035,0.0024609983119821726,0.00017129544366786993,folate_deficiency_no_anemia,folate_deficiency,folate_deficiency_no_anemia,folate_deficiency
P000347,1,mixed_deficiency,iron_folate,0.009943179099464078,0.011795833238083548,0.01694794069123572,0.005731475556505971,0.9397154856757013,0.9895441472693105,0.0002665009717768816,0.001307772936147005,0.0007324139306180374,0.0003525475432592626,0.0959344810511098,0.002114342317841709,folate_deficiency_anemia,folate_deficiency,folate_deficiency_anemia,folate_deficiency
P000348,0,no_anemia_no_deficiency,none,4.1804364747550915e-07,0.00023721635965377028,0.0585111130515534,0.020163407472176178,0.041964744508886445,0.006904369968844106,0.0059760509873636476,0.005336182651329972,0.006890397057414013,0.008140422978677104,0.0007400941793974507,0.0011129283979255198,no_anemia_no_deficiency,none,no_anemia_no_deficiency,none
P000349,1,iron_deficiency_anemia,iron_deficiency,0.999961054812867,0.99928858919927,0.019979797832555924,0.007613304174913201,0.11342177626793667,0.03320984194031244,0.19671916250634874,0.0010704892641727407,6.013983250192197e-05,0.00034688041538908656,0.009966766697223694,0.00037207857312790047,iron_deficiency_anemia,iron_deficiency,iron_deficiency_anemia,iron_deficiency
P000350,1,mixed_deficiency,iron_B12,0.9995284195059606,0.9907939980000583,0.9999801022812764,0.9994451991139374,2.7679953724026285e-08,0.00345063994203134,0.00018182233050954803,0.0008870435717374297,0.00024578613035152694,0.00027092555132871173,1.1263398856393416e-05,0.00030827753411851025,mixed_deficiency,iron_B12,mixed_deficiency,iron_B12
P000351,1,inflammation_anemia,inflammation,4.276440446085081e-09,0.004034583776719721,4.183167580239758e-07,0.00037311374423425057,0.1133316262547512,0.011535248795857043,0.24480874720854143,0.030328676247107462,0.029536388974933655,0.008186498821518512,0.9989343118917948,0.9987153106081991,inflammation_anemia,inflammation,inflammation_anemia,inflammation
P000352,1,B12_deficiency_anemia,B12_deficiency,0.13654938334899452,0.004990035334718757,0.999999880082908,0.9996852841009561,0.06051699102963,0.0009722894585501352,1.1538307533257363e-05,0.0001451223643403485,0.0016904832666827612,0.0005406767480706938,0.0019457980540181666,0.0004395255544124401,B12_deficiency_anemia,B12_deficiency,B12_deficiency_anemia,B12_deficiency
P000353,1,inflammation_anemia,inflammation,1.032834779780487e-07,0.002692478487548992,0.023017887721486514,0.006812516388086533,0.32046525033399853,0.039819771245063654,0.013134431011029388,0.01031715180145428,0.010450818638416728,0.002638155963577704,0.6298156934512583,0.9661952784222301,inflammation_anemia,inflammation,inflammation_anemia,inflammation
P000354,0,latent_deficiency,iron_deficiency,0.9999863385122595,0.9998056674148637,0.008220168892527802,0.0018585420580192232,0.11141657280028006,0.0069413439035513145,0.1827208587439624,0.0019957932422934354,0.09047821391581765,0.0003098735901125341,0.0036197178376766916,0.00029323102724923496,latent_deficiency,iron_deficiency,latent_deficiency,iron_deficiency
P000355,1,B12_deficiency_anemia,B12_deficiency,2.7489340948375245e-07,0.00029564947039484264,0.9693295728748841,0.27667929512068673,0.5199435584966131,0.865354135613677,0.3572898859411174,0.0005047319217476577,0.0006145343240689114,0.0012046656398278714,0.0009344163406736702,0.0003630460238029595,mixed_deficiency,B12_folate,folate_deficiency_anemia,folate_deficiency
P000356,0,no_anemia_no_deficiency,none,0.0001934662732648901,0.0015568035336518836,0.04903524839056612,0.005434685377118327,0.10931688710818223,0.0182269465517902,0.028748846352829645,0.0011067726392565507,0.4952292014548021,0.6609260824810552,0.00014528323075544168,0.00019294462381587018,no_anemia_no_deficiency,none,copper_deficiency,copper_deficiency
P000357,0,no_anemia_no_deficiency,none,0.0005006142433512035,0.0014997149640938695,0.005540719201508033,0.001398713883019854,0.08003756538772067,0.03133309774594063,0.3572898859411174,0.0005691194870020123,0.04011621215204917,0.0009011216827672523,0.02481752220005129,0.0017051454762408982,no_anemia_no_deficiency,none,no_anemia_no_deficiency,none
P000358,1,B6_deficiency,B6_deficiency,0.0001835122885919375,0.0013779772701256064,0.0015612895234940417,0.0010023432777839358,0.013666543618328454,0.001782221186753998,0.9999463557557327,0.9931365267606963,0.0697992671938323,0.0006577716009611598,0.023917953414068698,0.006825973692200424,B6_deficiency,B6_deficiency,B6_deficiency,B6_deficiency
P000359,1,anemia_other,undetermined,0.00029037719425279915,0.0006953889630117791,0.006694488192540418,0.0007092941961176822,0.03198088733677213,0.006056516398366216,0.047100233598048435,0.0014604402175772942,0.048201769746772864,0.0010147814809800956,0.0012005109843606083,0.006129191643426219,anemia_other,undetermined,anemia_other,undetermined
P000360,1,folate_deficiency_anemia,folate_deficiency,0.3573726093422186,0.10594958573057267,6.514375347704124e-05,0.00569544791759785,0.8235312492223089,0.7147939182808819,0.011588026920539044,0.0008278777210778725,0.0012722298844598603,0.0008530252787143062,0.010646438546744753,0.0005039728507806515,folate_deficiency_anemia,folate_deficiency,folate_deficiency_anemia,folate_deficiency
P000361,0,folate_deficiency_no_anemia,folate_deficiency,0.008541611962987352,0.0010562760914314781,0.0004865852771100698,0.0031574854656516295,0.972636233861215,0.9868882490802039,0.005105459568846607,0.0005556316026007386,0.013007023752865578,0.02405319600653641,0.003837990616549885,0.00027029888138421966,folate_deficiency_no_anemia,folate_deficiency,folate_deficiency_no_anemia,folate_deficiency
P000362,1,copper_deficiency,copper_deficiency,0.11921476844125364,0.013691702456160226,0.017724801210692205,0.0037174532481568366,0.16461749839454898,0.017041430339386775,0.0759799855265892,0.06790702345649074,0.8552379809120414,0.8376030571562567,3.0055789815495286e-05,0.0002746346989690972,copper_deficiency,copper_deficiency,copper_deficiency,copper_deficiency
P000363,1,inflammation_anemia,inflammation,1.4101470871806073e-08,0.0012896965867235087,0.007397348401734486,0.003026588797758565,0.020672158949859475,0.0067426469927691825,0.007730985428581161,0.004100204607195504,0.010571396693020572,0.0024125341672169404,0.9999999420664409,0.998684601029529,inflammation_anemia,inflammation,inflammation_anemia,inflammation
P000364,1,copper_deficiency,copper_deficiency,0.00020042921376873507,0.0007796687421965066,0.006810329837334365,0.0015787560810147793,0.04466810036021027,0.005938984662303714,0.011550055160944326,0.023089910067881046,0.4451571945928486,0.4337752423086386,0.2528822210882345,0.0030794898511791085,anemia_other,undetermined,anemia_other,undetermined
P000365,1,mixed_deficiency,iron_folate,0.7017183310908829,0.8552613575947988,0.006974311474493973,0.002902364504954817,0.9486058535835808,0.9368380330240279,0.03611521065158906,0.012934924797835517,0.0004474318919174125,0.0012703109859120972,0.005585377805087546,0.0012422330709917935,mixed_deficiency,iron_folate,mixed_deficiency,iron_folate
P000366,0,no_anemia_no_deficiency,none,0.050427022755706416,0.012790672442583174,0.011396464863971712,0.0010188383953801258,0.03617778919516286,0.006380719746542407,0.2894300147159516,0.1783231771124875,0.09988176993918535,0.00016366820137420155,6.645913552895883e-05,0.0002758702162203645,no_anemia_no_deficiency,none,no_anemia_no_deficiency,none
P000367,1,B12_deficiency_anemia,B12_deficiency,2.5430971880393026e-06,0.001324501840630353,0.9999713657599578,0.9990824459816464,0.0026906316476767046,0.004871461846375119,0.15201435075492012,0.001101402044109083,0.00044267423099251363,0.0010534866611032205,0.0004338984840286153,0.00033744846986956856,B12_deficiency_anemia,B12_deficiency,B12_deficiency_anemia,B12_deficiency
P000368,0,no_anemia_no_deficiency,none,7.473373815120725e-05,0.0002682285684366262,0.003303677365615539,0.011742394734712442,0.051094173423645466,0.010121160222865458,0.3572898859411174,0.001714810221783671,0.036263866605744134,0.0011306567570979783,0.003147023976505205,0.0027544845674204554,no_anemia_no_deficiency,none,no_anemia_no_deficiency,none
P000369,1,folate_deficiency_anemia,folate_deficiency,0.004650307744202014,0.007995406006959449,0.0006559212764460651,0.001171259351842719,0.9386151422260693,0.9793702288616669,0.18535140261267774,0.009345470042921262,0.07499484556425942,0.0004901731907809635,0.0021875890160853334,0.0002409387864588929,folate_deficiency_anemia,folate_deficiency,folate_deficiency_anemia,folate_deficiency
P000370,1,iron_deficiency_anemia,iron_deficiency,0.9997486385520689,0.9995401121253138,0.00017365847907980432,0.0013940441289095856,9.859066478636421e-05,0.00406690519415306,0.3142440851114843,0.01126095093576447,0.043687345584910046,0.00020014682914093183,0.020861134572699985,0.0007486557560812631,iron_deficiency_anemia,iron_deficiency,iron_deficiency_anemia,iron_deficiency
P000371,1,B12_deficiency_anemia,B12_deficiency,4.4182715248073196e-05,0.0009574629932801646,0.9997410473913915,0.9975559883000059,0.2997534917119556,0.3954967003827297,0.008152739642668385,0.0018700404196732008,0.010168248122333435,0.0014028626884126094,7.378761984116682e-06,0.00028927354262605313,B12_deficiency_anemia,B12_deficiency,B12_deficiency_anemia,B12_deficiency
P000372,1,B12_deficiency_anemia,B12_deficiency,0.2844719522966743,0.018834073599171615,0.999430103210562,0.999060294132442,0.40312999640405905,0.061798263197133156,0.006719024773701763,0.00026963906194553915,0.09962125711906912,0.0009401180983702602,0.0022022947200949867,0.0008403096647448845,B12_deficiency_anemia,B12_deficiency,B12_deficiency_anemia,B12_deficiency
P000373,1,mixed_deficiency,iron_folate,0.999732658156915,0.9995217264578843,1.1556472463251345e-06,0.0037970118505249303,0.9791775246108295,0.9906989386484534,0.17432892317359489,0.0030040748045219888,5.904142821306317e-10,0.01799198601640788,0.0009688827824046968,0.0005714554859907728,mixed_deficiency,iron_folate,mixed_deficiency,iron_folate
P000374,0,B6_deficiency,B6_deficiency,0.3224453015700929,0.1692999214438053,0.006831945726209772,0.0008776241503006917,0.026921436625790794,0.011609227389134204,0.9999851636026438,0.9556870394724317,0.023515048886858653,0.00043009334571240254,0.0020350019400054674,0.0004999094147463223,B6_deficiency,B6_deficiency,B6_deficiency,B6_deficiency
P000375,1,inflammation_anemia,inflammation,1.275236920720468e-11,0.004005854303854452,0.0028432206403284357,0.0014399556078175532,0.09912121971200828,0.015285329882622645,0.010480244099301437,0.008254014441459703,5.557248809022385e-06,0.04007011030578511,0.9999967199224571,0.9996232545930444,inflammation_anemia,inflammation,inflammation_anemia,inflammation
P000376,1,anemia_other,undetermined,0.33483888484528895,0.014745063592018617,0.007030646140219139,0.01014736690646603,0.0009675233690372719,0.00930306569049733,0.22644402616116072,0.0035259159489840364,4.155440004936497e-07,0.018554109897499737,0.005509387155596568,0.052212605795980124,anemia_other,undetermined,anemia_other,undetermined
P000377,1,B12_deficiency_anemia,B12_deficiency,0.000420995806764581,0.000507722460145119,0.99999427311429,0.9980739603634834,0.7141567790015061,0.009383270823933738,0.3572898859411174,0.0001957656666247921,0.12070200864567239,0.0012296514293481961,0.00012643422864089507,0.0007352900838766178,mixed_deficiency,B12_folate,B12_deficiency_anemia,B12_deficiency
P000378,1,inflammation_anemia,inflammation,0.0027624176353684047,0.010576376029739541,0.022432455480678157,0.001932130776389397,0.05399174312529841,0.00864445232530321,0.3572898859411174,0.0016670910302661044,0.012464623917855838,0.0017065499574193588,0.9997734999787729,0.9989970594818812,inflammation_anemia,inflammation,inflammation_anemia,inflammation
P000379,1,inflammation_anemia,inflammation,3.9840246773362685e-10,0.0015172169471241886,0.04620763839122189,0.01602934159443438,0.02086256862962876,0.0225315800011837,0.1397154745040944,0.0009055164897646485,0.09130010291431936,0.000744025878723067,0.9999764565375162,0.9997133769897927,inflammation_anemia,inflammation,inflammation_anemia,inflammation
P000380,0,B12_deficiency_no_anemia,B12_deficiency,2.620978052328306e-16,0.0005477061714819276,0.9999983882851687,0.998618578693248,6.973273429301206e-08,0.003370998305963682,0.15324788798525119,0.039747051896221144,0.0008692969924025812,0.000409957522892732,0.3785915011845277,0.010699183273994524,B12_deficiency_no_anemia,B12_deficiency,B12_deficiency_no_anemia,B12_deficiency
P000381,1,folate_deficiency_anemia,folate_deficiency,2.9476447932361308e-05,0.002222045036573402,0.23065524817850996,0.02149466655364519,0.8402898884780219,0.9499300310964178,0.06958623510830146,0.00041738578095614306,0.00021746009488936264,0.0001961588795553283,0.026989901967113736,0.0009615405591781285,folate_deficiency_anemia,folate_deficiency,folate_deficiency_anemia,folate_deficiency
P000382,1,iron_deficiency_anemia,iron_deficiency,0.9999999897514186,0.9946781932217047,0.050515217910256795,0.005876395910435356,0.05607184621174387,0.0095482225418752,0.3572898859411174,0.003438839278033073,2.008603964119313e-05,0.0008745583970766989,0.018506502682060267,0.00094455450702256,iron_deficiency_anemia,iron_deficiency,iron_deficiency_anemia,iron_deficiency
P000383,1,copper_deficiency,copper_deficiency,0.00023466648169609875,0.0012860456358980913,0.00010658217065814002,0.004232615923951825,0.3940243809693232,0.22649670957017803,0.795211175996514,0.04661664144364168,0.8906081542544658,0.9706887521305209,0.0011180317484820854,0.002069785009011749,copper_deficiency,copper_deficiency,copper_deficiency,copper_deficiency
P000384,1,iron_deficiency_anemia,iron_deficiency,0.9993750713578818,0.9672503978728128,0.0014308393994346658,0.0018900743792660828,2.0489750511318646e-07,0.00388008186914134,0.021353566587720106,0.0066294059178306445,0.06340482390689217,0.0011729009349833838,0.033710994767810025,0.004238918141765805,iron_deficiency_anemia,iron_deficiency,iron_deficiency_anemia,iron_deficiency
P000385,1,iron_deficiency_anemia,iron_deficiency,0.28898229215945725,0.15851861352996288,0.0008426364604555863,0.0016712700518152494,0.18257625862853577,0.02268813058823276,0.19348695208202438,0.026353963729487978,2.652124454425472e-07,0.0013582825809327621,0.2289969907597318,0.021074192031118325,anemia_other,undetermined,anemia_other,undetermined
P000386,0,B12_deficiency_no_anemia,B12_deficiency,0.025108459057570937,0.0005332957252500608,0.9097627845908367,0.9858277616912606,0.6411770368517836,0.39195726937145436,0.00012449861372398853,0.000982033356407779,0.1327692715399864,0.017056109048925894,0.00011581231036828483,0.0006001662889344582,mixed_deficiency,B12_folate,B12_deficiency_no_anemia,B12_deficiency
P000387,1,anemia_other,undetermined,2.899604612205534e-06,0.0012634740022211413,0.0020311446241666692,0.0024953006818128516,0.2410168752120297,0.08137825267123117,0.3572898859411174,0.018759276364967756,0.19531289655898273,0.030331650434950754,0.01472900986103536,0.00618930350355175,anemia_other,undetermined,anemia_other,undetermined
P000388,1,anemia_other,undetermined,0.00011431982864557627,0.0022326211427162977,0.018229809271495877,0.0011259569736099583,0.1506484126123592,0.05895330439770022,2.2641752770121006e-05,0.008189992140762464,0.0940141951805781,0.0007095993545769677,0.00037129015222939926,0.0005173809983359766,anemia_other,undetermined,anemia_other,undetermined
P000389,0,no_anemia_no_deficiency,none,0.008297951989440359,0.0042840780732409725,0.0018891718755759618,0.0029801851860413067,0.0950466720951832,0.008857258398199485,0.3572898859411174,0.0017783713415219168,0.07801046116745926,0.00019593921041748068,0.0105663385282327,0.0008940290742424276,no_anemia_no_deficiency,none,no_anemia_no_deficiency,none
P000390,0,no_anemia_no_deficiency,none,5.10091648794628e-06,0.0007029285068606757,0.0270893207963118,0.004644908305513403,0.12881047082093067,0.0018620977643878653,0.3572898859411174,0.0005352818588893896,1.333353530260036e-07,0.0006101965356949774,0.0006064718081498832,0.0015737944702508013,no_anemia_no_deficiency,none,no_anemia_no_deficiency,none
P000391,0,folate_deficiency_no_anemia,folate_deficiency,3.7726193859146355e-06,0.002358641331273958,0.0005785023236100859,0.00024788003133134775,0.4408697283189608,0.3325982992331859,0.023046032967969716,0.00040085804958945865,0.1213971795135548,0.0013876712699482999,0.0014982099161346355,0.0002821948364212709,no_anemia_no_deficiency,none,no_anemia_no_deficiency,none
P000392,0,no_anemia_no_deficiency,none,0.0015716670015352382,0.0009175959507911075,0.009837977073518692,0.0010090277411618856,0.07118350840848729,0.014765420426681013,0.10704818857209655,0.025146535352311532,0.11193311786727891,0.01541589533261291,0.004549690866202421,0.00370383929006512,no_anemia_no_deficiency,none,no_anemia_no_deficiency,none
P000393,1,copper_deficiency,copper_deficiency,6.4357672139285716e-06,0.000884574083764789,0.0004858849767636689,0.019327726043657904,0.0016583626504463444,0.013431129830865593,0.0037137375548568553,0.001070641627591555,0.9999993852402229,0.9933350480587784,0.005807692267456247,0.001599550622086279,copper_deficiency,copper_deficiency,copper_deficiency,copper_deficiency
P000394,0,latent_deficiency,iron_deficiency,0.998677726165454,0.994213058980354,0.015122003497296107,0.0018135319626257965,7.920525215141387e-05,0.004937274614133202,0.6294552764292705,0.9771868137935187,6.032822491257201e-06,0.000833936696523309,0.00039050029205490257,0.0010327758972671736,latent_deficiency,iron_deficiency,latent_deficiency,iron_deficiency
P000395,1,folate_deficiency_anemia,folate_deficiency,1.9912031702088935e-07,0.0005244705228800668,0.36018679941722925,0.14045985373086559,0.9934397800512899,0.9834727014700381,0.0002664975770777064,0.0009019312888368067,0.3800121860236597,0.07911829705501768,0.020179982095408965,0.0008721045188685071,folate_deficiency_anemia,folate_deficiency,folate_deficiency_anemia,folate_deficiency
P000396,1,inflammation_anemia,inflammation,6.002841681369697e-06,0.0012325526225160192,5.906954976767378e-06,0.0009270296309288792,2.1239271973725907e-07,0.002180552808166842,0.46017972327123363,0.008635890958470057,0.07619327702890182,0.00040978195278685176,0.9999959693049962,0.9997822335341945,inflammation_anemia,inflammation,inflammation_anemia,inflammation
P000397,0,latent_deficiency,iron_deficiency,0.9680359421098245,0.9748750929575619,0.013000743939209056,0.004120761184968518,0.06571853584936115,0.012001140362232782,0.0012831750595786594,0.0007421705222036675,0.0975212585488492,8.456894873889754e-05,0.00013296387078737227,0.0004368077970736815,latent_deficiency,iron_deficiency,latent_deficiency,iron_deficiency
P000398,1,copper_deficiency,copper_deficiency,8.892413688305718e-09,0.0004032234680428746,0.005512490853654959,0.0008953312421033225,0.2269729737117294,0.17626582791073012,0.021160827047785977,0.003408034742205934,0.9991778593213846,0.9993388927650071,0.0004784879924513611,0.0019250859851129131,copper_deficiency,copper_deficiency,copper_deficiency,copper_deficiency
P000399,1,iron_deficiency_anemia,iron_deficiency,0.9999939117503411,0.9998371403492243,0.003246164117784165,0.001704037080169941,0.7317166274692255,0.9478372932006908,0.0180525509861671,0.0006324538826608637,0.0010217424304000203,0.0001712321164981488,1.3743727943053535e-05,0.0002975857488698691,mixed_deficiency,iron_folate,mixed_deficiency,iron_folate
P000400,1,iron_deficiency_anemia,iron_deficiency,0.9999999356563661,0.9994828068967903,0.00015011562969796563,0.002291241625478042,0.19657792405386051,0.05106746993713146,0.2693126577147697,0.002157344402004076,3.074102303892463e-10,0.002646089773079898,0.031390831922315905,0.021477433196727912,iron_deficiency_anemia,iron_deficiency,iron_deficiency_anemia,iron_deficiency
P000401,1,anemia_other,undetermined,0.0013139434172002985,0.0007250910931158889,0.04383984576065444,0.03002291903882864,2.6928524918911872e-05,0.00608885262365111,0.3572898859411174,0.004072423493459398,1.2790002755373173e-05,0.021293689390420985,0.00019097349931188786,0.0018681876430013808,anemia_other,undetermined,anemia_other,undetermined
P000402,1,B6_deficiency,B6_deficiency,0.005694265032209861,0.06004345935491998,0.0354231572177837,0.01146993346480154,0.3776439862485417,0.12477056309409378,0.9999991880047822,0.5345360040134984,0.09192083260851108,0.00028893820993478286,0.000309014134945865,0.0007171755422919759,B6_deficiency,B6_deficiency,B6_deficiency,B6_deficiency
P000403,1,inflammation_anemia,inflammation,0.0006159400585770302,0.00512892347364036,0.0003197517534050863,0.0009228658885312052,0.0943385139453552,0.00863822977843712,0.18168319718083747,0.0067674118961988826,0.04609465666197996,0.0016154236606336326,0.9932344290804738,0.9990049333150981,inflammation_anemia,inflammation,inflammation_anemia,inflammation
P000404,1,B12_deficiency_anemia,B12_deficiency,0.0006584558984067813,0.0007064600804244916,0.9620006170056266,0.9823657310285037,3.2167287865382985e-05,0.011420291203567896,0.09471903029421898,0.0009677775901794232,0.003450441684585115,0.0010202964351282316,0.004554236656532978,0.0030205074310657495,B12_deficiency_anemia,B12_deficiency,B12_deficiency_anemia,B12_deficiency
P000405,0,no_anemia_no_deficiency,none,7.621183643163301e-05,0.0009349703403589532,0.08767127075315653,0.043169674558239744,0.22755484252923025,0.023962701448719953,0.001712027264243018,0.0012952380979861665,0.5387702003682628,0.2952036491336023,0.0066867161642251115,0.003632650778874865,copper_deficiency,copper_deficiency,no_anemia_no_deficiency,none
P000406,0,latent_deficiency,iron_deficiency,0.9999981970697029,0.9995842480465564,0.04157822640951535,0.0032683552281138803,0.12373575104577383,0.014415753879885872,0.00020560516108248967,0.00046216137215308314,0.013546572205269924,0.0002099272115940124,0.016445295012740033,0.0001616052075129044,latent_deficiency,iron_deficiency,latent_deficiency,iron_deficiency
P000407,1,anemia_other,undetermined,0.0021734820041284723,0.0007131933708218991,0.0014937212422086667,0.0008873774866758775,0.23799779502652704,0.002243019503221987,7.221739342128336e-05,0.0022831793973623333,3.0417236790595157e-07,0.005453935599270834,0.0028432850495788103,0.008107860900904783,anemia_other,undetermined,anemia_other,undetermined
P000408,1,copper_deficiency,copper_deficiency,0.005502174804488659,0.011179293732182061,0.0038615482051012596,0.004775090472545153,3.554198520638818e-06,0.015001654950324624,0.0001451097399180215,0.010463160881802052,0.9823226795635938,0.8335906746744784,0.002679687431288273,0.0011723206074169305,copper_deficiency,copper_deficiency,copper_deficiency,copper_deficiency
P000409,1,B6_deficiency,B6_deficiency,0.0001795085940416572,0.007076070734748253,3.238565969956547e-08,0.0017021112857456412,0.26056034474911277,0.037799773694646,0.3572898859411174,0.017649233598854883,0.11536745634094633,0.004602614879633622,0.0006402465228091206,0.05318080535938351,anemia_other,undetermined,anemia_other,undetermined
P000410,1,anemia_other,undetermined,0.02112890514857497,0.0005470055508718233,0.005884588532642909,0.004183616260336817,0.24725561758644518,0.08267932918911916,0.14078197993506678,0.0013879100055054561,0.11896813910910323,0.001807109619283328,7.355577357686502e-05,8.011034402474202e-05,anemia_other,undetermined,anemia_other,undetermined
P000411,0,latent_deficiency,iron_deficiency,0.9999817873733354,0.9996576457736118,0.0022403008212444615,0.00047458148251536844,5.9021048902055015e-08,0.001588504822275847,0.3572898859411174,0.00284248268762718,0.08047623398324548,0.0003093376211353979,7.212174879278529e-07,0.00032647787249274926,latent_deficiency,iron_deficiency,latent_deficiency,iron_deficiency
P000412,1,mixed_deficiency,iron_B12,0.9978490225376747,0.9981996673466387,0.9984954507693109,0.9982271830825187,0.05978849815549073,0.05138866099153217,0.13495141610040812,0.0003198513379043037,0.004041766350699468,0.00024141320465718988,5.2147451234047896e-05,0.0002923449561740629,mixed_deficiency,iron_B12,mixed_deficiency,iron_B12
P000413,0,folate_deficiency_no_anemia,folate_deficiency,0.0006873396523690274,0.0005596515579050549,0.34503803742207134,0.08911228902096346,0.9795432741381457,0.9832651448199577,0.09918027445609615,0.001710259253369181,0.001777138110545844,0.0004046303251725856,0.00024485692614497283,0.000282447300182554,folate_deficiency_no_anemia,folate_deficiency,folate_deficiency_no_anemia,folate_deficiency
P000414,0,latent_deficiency,iron_deficiency,0.999999994675288,0.9995852286289226,0.06950218565488368,0.01025928555896718,0.000552606046968683,0.001306728204011608,0.0005947741412597986,0.0014516520078701207,0.11169610965589767,0.00039135282170429226,4.408320600257335e-06,0.00022148872619689647,latent_deficiency,iron_deficiency,latent_deficiency,iron_deficiency
P000415,0,B12_deficiency_no_anemia,B12_deficiency,2.0810420968076337e-13,0.00020799162957773492,0.9365450104362522,0.8788454180288457,0.2064412012256335,0.16333954395499767,0.07689884729547995,0.0023637085837428062,0.0028356087804666994,0.0011433333274828983,0.013734687802639003,0.0016817853663871978,B12_deficiency_no_anemia,B12_deficiency,B12_deficiency_no_anemia,B12_deficiency
P000416,1,inflammation_anemia,inflammation,6.550745141207354e-08,0.005335800290914622,0.06927367395234932,0.0336760058230267,8.303484923980322e-08,0.0008827237925364919,0.05447679050753413,0.00876000345172669,0.00010240785288727544,0.0034220454730430243,0.9999999997959128,0.9997308367879555,inflammation_anemia,inflammation,inflammation_anemia,inflammation
P000417,1,iron_deficiency_anemia,iron_deficiency,0.9992237474324162,0.9947515051743078,0.00021800585191308815,9.238944325757439e-05,0.09506109646618369,0.007846087221587542,0.2371573449116365,0.011004000306831874,3.4137111593346023e-07,0.00040260419016803533,0.3227247209298407,0.2186545654850864,iron_deficiency_anemia,iron_deficiency,iron_deficiency_anemia,iron_deficiency
P000418,1,copper_deficiency,copper_deficiency,2.4006726235912435e-05,0.0032346211626438936,0.01399637910584739,0.005859387967377183,0.8374984370030552,0.7665065464867393,0.16886659796690198,0.0020040933957900116,0.999267845341183,0.9230867284994485,2.432734226415132e-06,0.0015322251107262527,copper_deficiency,copper_deficiency,copper_deficiency,copper_deficiency
P000419,0,B12_deficiency_no_anemia,B12_deficiency,0.626648194958901,0.3742991318019927,0.9545270527698669,0.986289276596289,0.08866526427024601,0.004229750608333468,0.01487739593714697,0.00021195006212899287,0.0007076748588641874,0.0002432675316570178,0.00019984229411358772,8.643014702311945e-05,mixed_deficiency,iron_B12,B12_deficiency_no_anemia,B12_deficiency
P000420,1,mixed_deficiency,B12_folate,0.00013360654457904343,0.0028737067363718426,0.9995159628345955,0.9989848186658145,0.9600334322933127,0.9207618676565016,0.014104678642176446,0.00044659083096186027,0.11815968008200452,0.017595209798963927,0.00018835580755427496,0.000964144780117259,mixed_deficiency,B12_folate,mixed_deficiency,B12_folate
P000421,1,mixed_deficiency,iron_B12,0.9844451117256422,0.7548586933163797,0.9777598024490353,0.8268664485832772,0.11104610068366703,0.17262643597360802,0.0009827036856358878,0.003952686005469919,0.040288678601862415,0.000590184653268811,0.003569835878426888,0.003519877130490064,mixed_deficiency,iron_B12,mixed_deficiency,iron_B12
P000422,1,mixed_deficiency,B12_folate,0.0006543945839440696,0.0037585592121786955,0.975870730722564,0.9965681161521891,0.9944717356080551,0.9367655240901731,0.3572898859411174,0.0016439820761980106,0.0004034610702400141,0.00038688962096273546,1.2465633633857612e-05,0.00035630548733116035,mixed_deficiency,B12_folate,mixed_deficiency,B12_folate
P000423,0,latent_deficiency,iron_deficiency,0.9999983891914143,0.9997788570569246,0.06272572666479104,0.011065624256038624,0.13155960266830813,0.008897298453498834,0.000318504122849884,0.0026219512841697654,0.034631229146877336,0.00015483440390473834,0.0002016691486935233,0.0011923577738919085,latent_deficiency,iron_deficiency,latent_deficiency,iron_deficiency
P000424,1,iron_deficiency_anemia,iron_deficiency,0.999995549348268,0.998223008214147,0.00012224654878765798,0.001920239289118507,0.031294279030518714,0.04504315572428094,0.0015802713885351436,0.0003500394688573463,0.00031447655678471935,0.03348577467698556,0.005883560450395795,0.00022467857501098573,iron_deficiency_anemia,iron_deficiency,iron_deficiency_anemia,iron_deficiency
P000425,1,mixed_deficiency,iron_folate,0.9437930278227264,0.9950373497025817,0.7039558915955746,0.013242012216044345,0.4290408663581977,0.37328990448223803,0.018091610431409076,0.001659391470142612,0.11725585502914225,0.0016147034935864225,0.0013619767664891057,0.00038296521770560845,mixed_deficiency,iron_B12,iron_deficiency_anemia,iron_deficiency
P000426,0,latent_deficiency,iron_deficiency,0.9789806566215485,0.9989627074786974,0.07036303451228926,0.005303966506896317,4.6734093333224447e-05,0.0036416673279276667,0.019094005599915777,0.0006802301444472892,0.08618710915324178,0.00018854511002988752,0.0034923591659864668,0.00033148395444396715,latent_deficiency,iron_deficiency,latent_deficiency,iron_deficiency
P000427,0,no_anemia_no_deficiency,none,0.0020714698876918387,0.0037306213338194946,0.10539925479109166,0.020714040100707265,0.003144790681665461,0.0061463095174310155,0.24765797556870456,0.005591732824906536,0.1061344218714084,0.0011424244120489262,0.00016023770984368403,0.000261925977637518,no_anemia_no_deficiency,none,no_anemia_no_deficiency,none
P000428,0,B12_deficiency_no_anemia,B12_deficiency,0.005948247063452443,0.0007274986599964,0.9532566812237155,0.9914465523591051,0.33919226162268623,0.06942102773787023,0.00801201812536358,0.0005825743176336252,0.11606008582396272,0.00030726416737170836,3.277459339931521e-05,0.00014059219539321724,B12_deficiency_no_anemia,B12_deficiency,B12_deficiency_no_anemia,B12_deficiency
P000429,0,B6_deficiency,B6_deficiency,2.477926657445136e-10,0.0028896514761571107,0.01365791930753998,0.0019671437743044337,0.01670208779742051,0.006248277246508806,0.9920377951166574,0.9975530719240067,0.0007504373030304415,0.002987701229661697,0.027868879640876365,0.00993654749241187,B6_deficiency,B6_deficiency,B6_deficiency,B6_deficiency
P000430,0,folate_deficiency_no_anemia,folate_deficiency,0.16622845571745093,0.26619447693713655,0.037343310010812765,0.04401522779525612,0.9924152566283603,0.9912559870952368,0.002984975707938027,0.00037280906166893324,0.04138865278440464,0.0023985776302536217,0.003370418230727704,0.00012681980254096808,folate_deficiency_no_anemia,folate_deficiency,folate_deficiency_no_anemia,folate_deficiency
P000431,1,inflammation_anemia,inflammation,4.404970651736959e-12,0.001380442962476903,0.007070632837082193,0.0023893164855348903,0.0178664160259755,0.009273258475999323,0.3572898859411174,0.0006339155772677197,0.05413403016536826,0.0021360888998774924,0.9999956660643666,0.9657342094728043,inflammation_anemia,inflammation,inflammation_anemia,inflammation
P000432,1,mixed_deficiency,iron_B12,0.9999841762758214,0.9995929375986917,0.9985876192618913,0.9937454579221355,0.2787786326396587,0.0763031961170281,0.3572898859411174,0.0003710022389901409,8.471948034253418e-06,0.0037395593437714765,0.0010169122298880526,0.00044621753357818934,mixed_deficiency,iron_B12,mixed_deficiency,iron_B12
P000433,0,no_anemia_no_deficiency,none,0.15450054072229935,0.006034557961387849,4.123030147887463e-09,0.0004278204047988453,0.7139620715079804,0.08684517108794054,0.2638937988331682,0.011643558857247336,0.0002582600047334008,0.0008329418072722758,0.0009586401024890661,0.0007003498069560182,folate_deficiency_no_anemia,folate_deficiency,no_anemia_no_deficiency,none
P000434,1,folate_deficiency_anemia,folate_deficiency,0.002329866018148537,0.0004927609508495142,0.022092437042935995,0.0037303881179230553,0.9944173158503481,0.9898710825390621,8.435486786922764e-06,0.0009367697334328024,0.12038267853772623,0.006123251775067713,0.004712857396253849,0.00042153324909756384,folate_deficiency_anemia,folate_deficiency,folate_deficiency_anemia,folate_deficiency
P000435,1,iron_deficiency_anemia,iron_deficiency,0.998204796899518,0.9988737328836991,0.00034664166772079144,0.0015208392696959448,0.008515837457491017,0.004286421617755235,0.3572898859411174,0.0031305868717993587,0.13222599025940368,0.0009868385186931913,0.00016006485885514704,0.0003495290264833574,iron_deficiency_anemia,iron_deficiency,iron_deficiency_anemia,iron_deficiency
P000436,0,no_anemia_no_deficiency,none,2.9751264432998284e-07,0.0004105307324407251,0.04017261520306211,0.0019023079895830854,0.22854813803954016,0.01834451783246752,0.014820385514994603,0.0006267068780775537,0.000291679752581211,0.00026190317310148976,7.44066967527039e-05,0.0014362827085901719,no_anemia_no_deficiency,none,no_anemia_no_deficiency,none
P000437,1,inflammation_anemia,inflammation,0.03847078959740725,0.026937042920641762,0.00015397042420680918,0.0008424135473442434,0.21622586746651715,0.23666331911512367,1.894098883853588e-07,0.004176886789628263,0.004897519806729557,0.0012006829765906317,0.9999999999957103,0.999268768929908,inflammation_anemia,inflammation,inflammation_anemia,inflammation
P000438,1,copper_deficiency,copper_deficiency,0.0006030116768378003,0.0006972965200731455,0.0006783694765985888,0.002219857594054325,0.3275236243684868,0.22661074324337913,0.10537316994284843,0.001109790781895608,0.9860236098566382,0.9971222879540981,0.0001895597036828414,0.001209237803118422,copper_deficiency,copper_deficiency,copper_deficiency,copper_deficiency
P000439,0,B12_deficiency_no_anemia,B12_deficiency,0.00018127763253690621,0.00040231016846965925,0.9999929601170701,0.9987964822006269,0.23547646887394794,0.14128988950503354,0.0006541774320820726,0.0004468012878676635,0.0015613670946433662,0.004580359882663184,0.0005816616579110831,0.0013491193278608597,B12_deficiency_no_anemia,B12_deficiency,B12_deficiency_no_anemia,B12_deficiency
P000440,0,latent_deficiency,iron_deficiency,0.9981777537481601,0.9871408066472505,0.038545014906327196,0.0015475115577886119,0.2744120494702899,0.04922771862574994,0.008208897525539856,0.00046732415250539777,0.12486782992985937,0.0007437752117765637,0.07409570491794887,0.0013243426746059348,latent_deficiency,iron_deficiency,latent_deficiency,iron_deficiency
P000441,0,no_anemia_no_deficiency,none,7.404470791771387e-07,0.0022411528920104813,0.0010779345708176002,0.003664267572240952,6.944492509960703e-05,0.0024109545342379975,0.43130781766231346,0.00807175490877877,8.679230516630693e-05,0.00037089758012238917,0.07425500100811944,0.003395836000315141,no_anemia_no_deficiency,none,no_anemia_no_deficiency,none
P000442,1,iron_deficiency_anemia,iron_deficiency,0.9999570758489491,0.9996784166653008,0.0981077258250073,0.00978292966640452,0.1129277224764168,0.010949253759097308,2.0647466097802907e-08,0.003985615846705972,5.822969506321573e-05,0.00014025038124986267,0.000116819459701728,0.00067174619468116,iron_deficiency_anemia,iron_deficiency,iron_deficiency_anemia,iron_deficiency
P000443,0,no_anemia_no_deficiency,none,0.020487976169592737,0.0037823787276812723,0.036554418529430865,0.0021567128087298408,0.08404261097051388,0.006794876756190796,0.018051732774365167,0.004536623402829529,0.08757671685519659,0.000563626097579447,0.00027819046462143555,0.0002349113512901529,no_anemia_no_deficiency,none,no_anemia_no_deficiency,none
P000444,1,iron_deficiency_anemia,iron_deficiency,0.9999938808026475,0.9994488258143592,0.08067748630259024,0.0019454683184496006,0.10434908952668587,0.04907475084230268,0.0006263625153109098,0.0008497744586340711,0.002769714626486277,0.002654963873032836,0.028298322027412223,0.00020489059067716432,iron_deficiency_anemia,iron_deficiency,iron_deficiency_anemia,iron_deficiency
P000445,0,folate_deficiency_no_anemia,folate_deficiency,1.7690412057612399e-09,0.006878310734592245,0.0012098344193538465,0.0020994527196896897,0.9152319618646431,0.7370579973034161,0.3572898859411174,0.04371957347323099,0.09642702966170598,0.0008660093661972591,0.03064184829283283,0.006326488699106718,folate_deficiency_no_anemia,folate_deficiency,folate_deficiency_no_anemia,folate_deficiency
P000446,1,iron_deficiency_anemia,iron_deficiency,0.9969747488272835,0.9994557169564516,0.0011476787144809439,0.000689398655037011,0.009192524740638051,0.0030630891720486906,0.3572898859411174,0.0015143579487797768,0.06645949866753573,0.00022557901739016754,0.0002729718735178009,0.0019262429625542244,iron_deficiency_anemia,iron_deficiency,iron_deficiency_anemia,iron_deficiency
P000447,1,iron_deficiency_anemia,iron_deficiency,0.8020746709379878,0.1725263870990047,0.04636036697352245,0.002993577670219976,2.6438778239511656e-05,0.0021369810440052322,2.1975870545586404e-06,0.03556275796701067,0.07993799693127951,0.0008902226252896073,0.057002881510888774,0.005871106461506939,iron_deficiency_anemia,iron_deficiency,anemia_other,undetermined
P000448,0,no_anemia_no_deficiency,none,0.004837646150248082,0.0008865141378927093,0.06985320774748452,0.0035233442293012476,0.3274572112159372,0.2599007996979161,0.00265501181851747,0.0005356180949059653,0.0007912273635383838,0.0003043659016790275,0.00010052020905489981,0.0003019954681538557,no_anemia_no_deficiency,none,no_anemia_no_deficiency,none
P000449,1,inflammation_anemia,inflammation,0.00010914446953283867,0.0029643173519702934,0.017236208452639252,0.0011797470967875002,0.0001782534704910256,0.002466527820286844,0.18267133682339737,0.02297048265015898,0.10082566485396523,0.00029906675388099475,0.9059469466149053,0.9806907073329988,inflammation_anemia,inflammation,inflammation_anemia,inflammation
P000450,1,mixed_deficiency,iron_folate,0.9934918149065349,0.9994683430716435,3.2651556709607145e-06,0.0006904501710938424,0.8093206236351848,0.9291984065058064,0.26414239198621414,0.002310869288247149,0.11235664406654099,0.0011987037907882645,0.006637738390609068,0.0001560420686145698,mixed_deficiency,iron_folate,mixed_deficiency,iron_folate
P000451,1,mixed_deficiency,iron_B12,0.9977754500515823,0.9981411501549573,0.9999693122038407,0.9964542897183629,0.03291825295121518,0.021085763098928678,0.3572898859411174,0.0004594604359517469,0.0011017996438918989,0.005521980038665264,4.397461414571049e-05,0.0006733347041419275,mixed_deficiency,iron_B12,mixed_deficiency,iron_B12
P000452,1,anemia_other,undetermined,0.018884894554813802,0.0005699629344349531,0.013390546081179762,0.003433555016785176,0.5107204223607122,0.2052794863171596,0.16063608227428722,0.031570659156535896,0.0449410597985537,0.0038863613271423263,1.4579917359716684e-05,0.0001521593335703499,folate_deficiency_anemia,folate_deficiency,anemia_other,undetermined
P000453,1,iron_deficiency_anemia,iron_deficiency,0.7304101152039507,0.9918740048011602,2.0087114283431285e-07,0.0002538809940834829,0.36179265839233987,0.032701719216082385,0.7523628564678975,0.05119395651077952,0.009822290537105049,0.004750017844248922,0.0020090516608110634,0.0004694827682575425,B6_deficiency,B6_deficiency,iron_deficiency_anemia,iron_deficiency
P000454,1,iron_deficiency_anemia,iron_deficiency,0.9999898224809254,0.9998490281699163,7.46597570493095e-08,0.001106446075618065,0.6775301575905344,0.32245183929663995,0.09270955141279809,0.01318636441455613,7.691805563955313e-09,0.001799140545922739,0.002776060675597868,0.0004464113085710394,mixed_deficiency,iron_folate,iron_deficiency_anemia,iron_deficiency
P000455,1,mixed_deficiency,iron_folate,0.9999336948458735,0.9996066353741606,0.03181529397648972,0.02327218313295782,0.5941675097274778,0.7200655327856085,0.03757710941059021,0.001502298858618647,0.09825886653045686,0.00018685694948782292,0.0022292456518305925,0.00019857893780364174,mixed_deficiency,iron_folate,mixed_deficiency,iron_folate
P000456,1,folate_deficiency_anemia,folate_deficiency,0.0003329506426481801,0.00037866175183838525,1.4478783778972709e-08,0.0019482089542806266,0.9350675579839294,0.5763530181606666,0.344809529188047,0.003942270562311795,9.143233023095169e-05,0.001551474217686414,0.004585760340731711,0.0008138718217189018,folate_deficiency_anemia,folate_deficiency,folate_deficiency_anemia,folate_deficiency
P000457,0,B6_deficiency,B6_deficiency,0.0033762160035789406,0.014298861147524036,0.0012572212946917326,0.0008823061587409066,0.028852540502129584,0.00597868321718033,0.9719157474499581,0.9946616685498764,0.011885675310628932,0.008794650810145814,0.0015620431241775941,0.0009558339801826321,B6_deficiency,B6_deficiency,B6_deficiency,B6_deficiency
P000458,1,iron_deficiency_anemia,iron_deficiency,0.9998478529677556,0.9958688743183937,0.0005809293982601544,0.00532365786511534,3.57717233004023e-05,0.011155372412391317,0.034140871751823204,0.020463602545160883,8.170522898051364e-07,0.0005439360609590621,0.00453915135120959,0.004449190284346453,iron_deficiency_anemia,iron_deficiency,iron_deficiency_anemia,iron_deficiency
P000459,1,folate_deficiency_anemia,folate_deficiency,0.0002634505729593312,0.00029965685289930677,0.04114944587770411,0.061103481480273766,0.9990262600886931,0.9901881744612532,0.3572898859411174,0.000756235687299392,0.03532786247636169,0.0013104089005420306,0.0014825831625426432,0.00042668994894988336,folate_deficiency_anemia,folate_deficiency,folate_deficiency_anemia,folate_deficiency
P000460,0,copper_deficiency,copper_deficiency,0.14090931478734808,0.024720510528182568,0.03310429676198159,0.01404081550337214,0.1413183672268572,0.06773430841515704,3.6066643579825014e-06,0.001584678805250186,0.9113736382280279,0.959629864690288,0.000341544824864275,0.0011830665959819539,copper_deficiency,copper_deficiency,copper_deficiency,copper_deficiency
P000461,1,mixed_deficiency,iron_B12,0.9999970083881178,0.9998659121857011,0.9978370854008245,0.9977676078053336,0.4907582980257182,0.07873197162253784,0.3572898859411174,0.0003298567956861315,0.09620511534588147,0.0002038330622543524,0.002177354856898538,0.0004187253487219475,mixed_deficiency,iron_B12,mixed_deficiency,iron_B12
P000462,0,no_anemia_no_deficiency,none,0.01831088944347714,0.00038191400938354,0.01811529902133012,0.002199610171890987,0.13799469654558758,0.09085395023455929,0.0028927355662061224,0.0002817571065687737,0.001577861712375797,0.0009671273503448401,0.005764341516748313,0.030854548489975663,no_anemia_no_deficiency,none,no_anemia_no_deficiency,none
P000463,1,mixed_deficiency,iron_B12,0.9998956884226716,0.99843752255108,0.9846493181043136,0.9771924577296461,0.00013439441550342187,0.01455424136453359,0.01351857480736159,0.0009265089141497015,0.11613461071815577,0.0009489224360939875,0.0002888529330449073,0.002114810537126672,mixed_deficiency,iron_B12,mixed_deficiency,iron_B12
P000464,0,B6_deficiency,B6_deficiency,0.07874797690766784,0.06062128537264883,0.021262802587258645,0.0009930949068148612,0.0001704658785346578,0.0015290036667895445,0.998585809780505,0.9797474602950634,0.11967946139404163,0.003830352969247309,0.0014510790605667403,0.0004928494910369674,B6_deficiency,B6_deficiency,B6_deficiency,B6_deficiency
P000465,0,folate_deficiency_no_anemia,folate_deficiency,0.013342278657910305,0.0007524385012740808,0.010685900242472866,0.01967088382999346,0.9904821598452905,0.9918620874693148,0.00492752826875352,0.000366960373825882,0.10946634241214237,0.004694342105366152,0.00025920750753268587,0.0002631687737040717,folate_deficiency_no_anemia,folate_deficiency,folate_deficiency_no_anemia,folate_deficiency
P000466,1,anemia_other,undetermined,5.717545210841432e-07,0.00036782475065618217,5.672912965200948e-05,0.0019003800962606825,0.023344079244869205,0.022215462126578805,0.3572898859411174,0.02956914498250128,0.49390253500623255,0.14083205704458615,0.0057567689533173875,0.0012247323552220077,anemia_other,undetermined,anemia_other,undetermined
P000467,0,no_anemia_no_deficiency,none,0.0692297170688183,0.00493636686193317,0.06879243680864805,0.006465012218098332,0.41634901424925935,0.04888594644160509,0.007360614387185842,0.0002268533897279593,0.07804472529939956,0.0025752143345453694,0.007563920927211108,0.003532883257142144,no_anemia_no_deficiency,none,no_anemia_no_deficiency,none
P000468,1,mixed_deficiency,iron_B12,0.987230811032145,0.994951580585719,0.9997628400612173,0.9577826954439833,4.218851367751206e-05,0.005752650832232518,0.004126720542472035,0.00588559044185425,3.2273640297259073e-06,0.014159337028429957,1.77521898327424e-05,0.0005186562328521837,mixed_deficiency,iron_B12,mixed_deficiency,iron_B12
P000469,0,latent_deficiency,iron_deficiency,0.9962370788753107,0.9993693225378908,0.03425272041847552,0.008601692190377678,0.020026782206332992,0.005733222736323519,0.03212455931771625,0.001168520195290165,0.13068397300645226,0.0006691811618637115,0.001049512454909859,0.0009087433490299075,latent_deficiency,iron_deficiency,latent_deficiency,iron_deficiency
P000470,1,folate_deficiency_anemia,folate_deficiency,4.3328535822894504e-08,0.0006189725232882548,3.5045985260812343e-09,0.0023449269055143803,0.9060282164690429,0.8502777021661405,0.48753957811409043,0.0019099939363007466,0.04315044726495967,0.0036710839227970765,0.00011281968038675284,0.0010246678867073939,folate_deficiency_anemia,folate_deficiency,folate_deficiency_anemia,folate_deficiency
P000471,1,inflammation_anemia,inflammation,0.00023536165291437817,0.0013553668103552662,0.026600893318596774,0.0020647099837143865,9.998550260575968e-07,0.0016537950211643455,0.009025977558883024,0.024844332712060282,0.003412736835960755,0.0015972573493275208,0.9988401531528769,0.9988491381188614,inflammation_anemia,inflammation,inflammation_anemia,inflammation
P000472,1,folate_deficiency_anemia,folate_deficiency,0.002880053713526944,0.0010865128865195648,7.015949910968392e-05,0.008812633955952958,0.981751051292758,0.9957787053333691,0.3572898859411174,0.0004462980629781872,0.09001999272910573,0.005218447543602761,0.0006074726444668559,0.0009047552658326615,folate_deficiency_anemia,folate_deficiency,folate_deficiency_anemia,folate_deficiency
P000473,1,mixed_deficiency,iron_folate,0.9996135816640611,0.9996834715059462,0.021284749880627295,0.010282296514406979,0.9464182431375755,0.9343534224886259,0.0298248496041942,0.002096280607404736,0.08811911935444676,0.0001570282727104178,0.009904477588079101,0.0005930946501663143,mixed_deficiency,iron_folate,mixed_deficiency,iron_folate
P000474,1,copper_deficiency,copper_deficiency,1.5247255387193203e-05,0.006040886534074325,0.038148490377729334,0.015342617712576502,0.4075318060773987,0.23340589446276674,0.21218143712123788,0.45002379074852883,0.9938350038219523,0.9262598779821144,0.001685700336672933,0.0019661405415914808,copper_deficiency,copper_deficiency,copper_deficiency,copper_deficiency
P000475,1,copper_deficiency,copper_deficiency,5.532801959117853e-06,0.01657182836707159,0.006213603293140544,0.0016599833953418683,0.06713400851387592,0.01146021875103011,0.02339410403181223,0.008782289620449286,0.9999862231560629,0.9994678812313492,0.0017002714586866509,0.0012980115245025718,copper_deficiency,copper_deficiency,copper_deficiency,copper_deficiency
P000476,0,no_anemia_no_deficiency,none,3.799132055123133e-09,0.0003683012138472707,0.012355495371432716,0.0010934586237694604,0.12510677340006227,0.006129096241294497,3.6251686758962045e-05,0.0029776772530954437,0.0015070597507009257,0.002541144251751604,0.010021518130901233,0.0035365151169939736,no_anemia_no_deficiency,none,no_anemia_no_deficiency,none
P000477,0,no_anemia_no_deficiency,none,3.094745604271618e-06,0.0005914176724492863,5.85358758899394e-10,0.001240954093853766,5.256143569744644e-07,0.009039624218328594,0.3572898859411174,0.00044508731325983603,0.14062808625347106,0.0007682628092960005,4.606031985695073e-05,0.0005691702042134214,no_anemia_no_deficiency,none,no_anemia_no_deficiency,none
P000478,1,B6_deficiency,B6_deficiency,0.00010879155559064673,0.0004607518685935281,0.0011885537572464506,0.0008977555220280766,0.20041190073228812,0.02178636593564902,0.08479732428249605,0.008309193701439753,0.12029208826951132,0.01982412803993225,0.003390907685410819,0.0032218865513427533,anemia_other,undetermined,anemia_other,undetermined
P000479,1,folate_deficiency_anemia,folate_deficiency,0.003376911310221522,0.0009240384494826573,9.178559601998438e-09,0.002623228763753801,0.9859222065853306,0.9934821114095355,0.12630210967451425,0.007810343334469213,0.0021150431115554186,0.0015613696829701782,0.03646107300910724,0.0008259969501784254,folate_deficiency_anemia,folate_deficiency,folate_deficiency_anemia,folate_deficiency
P000480,1,mixed_deficiency,iron_B12,0.9999997300807544,0.999462242299592,0.9984120383268902,0.9961292719972423,0.30793991196793796,0.14245100318610077,0.0037103264308614714,0.0005832934040932849,0.002885541447078723,0.00013165014269060746,0.0037663885139526715,0.00025883797847079857,mixed_deficiency,iron_B12,mixed_deficiency,iron_B12
P000481,1,mixed_deficiency,iron_B12,0.9920518225972117,0.9439623989517327,0.8596049629969023,0.991280470434339,0.16558993536884753,0.014055084024831997,0.3572898859411174,0.001838216128869332,0.13390567781173815,0.007384446623587906,0.00026321007084178637,0.0004760015843134659,mixed_deficiency,iron_B12,mixed_deficiency,iron_B12
P000482,1,copper_deficiency,copper_deficiency,1.0856627053515395e-05,0.00030420678500685337,0.044180372146898815,0.026994094551871226,0.01068347481582929,0.025006719371774302,0.01842530240569596,0.00039468328757826546,0.9999967966527065,0.9965474084632616,7.748057783378487e-05,0.0014789935237705927,copper_deficiency,copper_deficiency,copper_deficiency,copper_deficiency
P000483,0,B12_deficiency_no_anemia,B12_deficiency,0.030603553304660965,0.0018561061603922888,0.9871525021778076,0.991211347467325,0.5338437288402242,0.17243222338773886,0.019821902054012533,0.0010440142687031786,0.1124084530455514,0.001086712841335074,5.687946737023698e-05,0.0008469696869508444,mixed_deficiency,B12_folate,B12_deficiency_no_anemia,B12_deficiency
P000484,0,no_anemia_no_deficiency,none,0.08409817582151057,0.007146330806795035,2.1339095444545473e-08,0.0009066807133009398,0.00984030001905104,0.0021293377399123894,0.2338363731436957,0.008608301813196231,0.0006699165684256241,0.0023548839064524074,9.565917322646028e-05,0.0005833279244346509,no_anemia_no_deficiency,none,no_anemia_no_deficiency,none
P000485,0,folate_deficiency_no_anemia,folate_deficiency,0.0029240328562310106,0.000901608771447556,0.04030728109217831,0.00321899121762902,0.9445935471760538,0.8374357546176339,0.049823113235586095,0.0007436275755972252,0.17980296282366887,0.004936383227312732,0.03239486015945373,0.002452510739359034,folate_deficiency_no_anemia,folate_deficiency,folate_deficiency_no_anemia,folate_deficiency
P000486,0,latent_deficiency,iron_deficiency,0.9938293689724994,0.9972885480400818,5.912874800345402e-07,0.0006488117585110677,0.3263423616611146,0.02522414923713071,0.06995106229149974,0.003437283818764368,0.2304365412983448,0.001799405746506732,0.019941362320182628,0.0004897424284295763,latent_deficiency,iron_deficiency,latent_deficiency,iron_deficiency
P000487,0,no_anemia_no_deficiency,none,0.12383027577858197,0.014178765864089704,0.06150890127783121,0.018101980504723184,1.368088474908314e-05,0.003791218575722242,0.18225584151968224,0.010569766815387722,0.012144609522268103,0.00013079939147664818,0.02004848464343583,0.0004013293315061744,no_anemia_no_deficiency,none,no_anemia_no_deficiency,none
P000488,1,inflammation_anemia,inflammation,2.14293093125409e-12,0.0010136386398867457,2.327375102742558e-05,0.0005048906690701851,0.042786598724699955,0.002276600323294333,0.1737069617561348,0.012310342211320862,0.005152952311944029,0.002866316077813576,0.9988830242322211,0.9994055714005821,inflammation_anemia,inflammation,inflammation_anemia,inflammation
P000489,0,folate_deficiency_no_anemia,folate_deficiency,0.04244625219328815,0.0016759780370765598,1.1725548250547707e-05,0.006529890486563447,0.7720773970294649,0.16766008751737246,0.18768662897605803,0.0006229424681514306,0.020475941092784018,0.00031917947948237606,0.0017741996925051884,0.0003456801442138689,folate_deficiency_no_anemia,folate_deficiency,no_anemia_no_deficiency,none
P000490,1,iron_deficiency_anemia,iron_deficiency,0.9999424511175204,0.9983311375987816,0.0007083409823904776,0.0007409175218782932,0.0011039559409673615,0.004678798266434482,0.43326454330008607,0.11413371190765394,0.0021593764145574207,0.2592084933396336,0.011067348859424527,0.010971203205323457,iron_deficiency_anemia,iron_deficiency,iron_deficiency_anemia,iron_deficiency
P000491,0,latent_deficiency,iron_deficiency,0.9999996304491348,0.9994079682441935,0.03353586339130138,0.011577657827875102,0.17120899198929365,0.024781362809045415,0.3572898859411174,0.0005920046291698247,0.08297649004407644,0.00018652127051982728,0.0010488761090166972,0.0011901866391913804,latent_deficiency,iron_deficiency,latent_deficiency,iron_deficiency
P000492,0,B12_deficiency_no_anemia,B12_deficiency,0.05765521382499103,0.0018134037897304604,0.967229195125232,0.9552543836037074,0.1058852111329579,0.07472963967868955,0.0040822980436332435,0.001474061210299476,0.0007241753276209189,0.0007004213688225769,0.012797555082008978,0.0006276936359998186,B12_deficiency_no_anemia,B12_deficiency,B12_deficiency_no_anemia,B12_deficiency
P000493,1,iron_deficiency_anemia,iron_deficiency,0.9999981013145173,0.999597787742634,0.7981745680105856,0.9385255448527159,4.651788910601726e-08,0.004557722676307012,0.0004055438628946693,0.0005793941007150549,0.013023924077593481,0.0002952790757795252,1.7264403075146763e-05,0.0009125592711588701,mixed_deficiency,iron_B12,mixed_deficiency,iron_B12
P000494,0,B12_deficiency_no_anemia,B12_deficiency,0.08921781587751555,0.004432086468574288,0.9248404334342678,0.9982462166463937,0.5195349693950025,0.6067226158560363,0.0006197641042801319,0.0002810105567557148,0.00011337782028921024,0.0003155664064352683,8.571384347630845e-05,0.0003169628405682908,mixed_deficiency,B12_folate,mixed_deficiency,B12_folate
P000495,1,anemia_other,undetermined,1.201795002300003e-12,0.00047569134507983155,0.4930492119186958,0.9685005805006931,1.1162797529802488e-06,0.0006186214830252345,0.4159513043761979,0.05988781186768686,0.1328589299772237,0.001830563935753777,0.00012928698669887578,0.003373223235863052,anemia_other,undetermined,B12_deficiency_anemia,B12_deficiency
P000496,0,latent_deficiency,iron_deficiency,0.9998209705352289,0.9994007488431452,0.017697426386903938,0.001140479490580079,0.07652873146887172,0.0038115879605796895,0.04524329526097559,0.001032521129125666,0.1092339149135474,0.0002041951049688309,5.341583960110603e-06,0.00025586617552281004,latent_deficiency,iron_deficiency,latent_deficiency,iron_deficiency
P000497,1,inflammation_anemia,inflammation,2.599047898191012e-09,0.0013544302876796561,0.0004918979921370014,0.0024262785563707585,0.00019914591975611265,0.0013841675696660992,0.3572898859411174,0.002920928529559466,0.0014452200054011028,0.0027484026730350167,1.0,0.9995646495963565,inflammation_anemia,inflammation,inflammation_anemia,inflammation
P000498,0,no_anemia_no_deficiency,none,0.4422317719510722,0.318800293501346,0.005627847804879751,0.0005963356511815031,0.10320981645465799,0.02127472822175842,0.1617419022560402,0.0014101914549618736,0.0012934689541203293,0.001030736640913863,0.016040398311922378,0.0010496207143298965,no_anemia_no_deficiency,none,no_anemia_no_deficiency,none
P000499,1,mixed_deficiency,iron_B12,0.9980296635151829,0.9976636782337663,0.9999569582532833,0.98890190735629,0.00012181388702818686,0.01760325493319384,0.0024069649362247853,0.0004991734989465042,0.08897759880650315,0.0005443369883584624,0.0003918233894436613,0.0007785309712905467,mixed_deficiency,iron_B12,mixed_deficiency,iron_B12
P000500,1,mixed_deficiency,B12_folate,9.741767888592602e-05,0.0003178820797709619,0.9999961304327762,0.999584994596885,0.9550348113072664,0.650988418781422,4.076653956425438e-05,0.0003511343842720333,0.11795831011719327,0.0025615033476159626,0.0016026830534676879,0.0010573906348934578,mixed_deficiency,B12_folate,mixed_deficiency,B12_folate
P000501,1,anemia_other,undetermined,5.434341954195283e-07,0.0014339296330189858,0.009435633448054263,0.003664585913339209,0.03755309124794685,0.00985033929622935,0.049281365368676694,0.029149944576738283,0.21619420666687308,0.001252724096773415,0.14901932285118705,0.003814368372572218,anemia_other,undetermined,anemia_other,undetermined
P000502,1,iron_deficiency_anemia,iron_deficiency,0.9999999995287348,0.9996517640840152,1.0429714626868799e-05,0.00033402447442137636,0.544838471629879,0.5488838055394387,0.3572898859411174,0.007216009516399588,0.013614745115704383,0.0026146362641432295,0.000194772106742444,0.0005760310632989216,mixed_deficiency,iron_folate,mixed_deficiency,iron_folate
P000503,0,B12_deficiency_no_anemia,B12_deficiency,1.2551919897572652e-08,0.00020671915244321792,0.9866661124034094,0.9991414596237946,0.14739015707757103,0.03145694305253833,0.00024680189799693197,0.0004318283026092624,0.0002965013829528613,0.0004524479733800063,0.018804294238762488,0.0033321486318674603,B12_deficiency_no_anemia,B12_deficiency,B12_deficiency_no_anemia,B12_deficiency
P000504,0,no_anemia_no_deficiency,none,0.15037563682089328,0.004639348448103901,0.02809573978192013,0.0049407750139597185,7.039852086774218e-06,0.001901560789224753,0.1487967633262943,0.010166222295389014,0.02843564493304152,0.0001398252067295087,4.7511091950700756e-05,0.00014387303518375455,no_anemia_no_deficiency,none,no_anemia_no_deficiency,none
P000505,0,folate_deficiency_no_anemia,folate_deficiency,0.15110281343237053,0.025519636055568326,0.25000721051561287,0.17089258929517348,0.846514474380361,0.9437827060343941,0.04407576310553365,0.0017849910567106402,0.10920008441375424,0.0006421172780728451,0.00022824195471799887,0.0011425045488116198,folate_deficiency_no_anemia,folate_deficiency,folate_deficiency_no_anemia,folate_deficiency
P000506,1,iron_deficiency_anemia,iron_deficiency,0.9999999946521585,0.9996043355270376,0.0076970892474311015,0.0017760315744425306,0.23017927986344286,0.20750131780742725,0.3572898859411174,0.0015873695989431238,2.819635339086643e-07,0.000506639871203744,0.0002442226847975256,0.0014511586131494808,iron_deficiency_anemia,iron_deficiency,iron_deficiency_anemia,iron_deficiency
P000507,1,folate_deficiency_anemia,folate_deficiency,0.0333520272631032,0.001523778588040116,2.3065121217314994e-05,0.002289925923405472,0.5767433590192323,0.06905798149704981,0.3572898859411174,0.007486164916286826,0.08525241786602397,0.016501827496725387,0.0009748327642839086,0.003318905909941493,folate_deficiency_anemia,folate_deficiency,anemia_other,undetermined
P000508,1,mixed_deficiency,iron_B12,0.9998430786479721,0.9989297297608737,0.9648146024405115,0.4851964826345312,4.469418006410665e-05,0.03450540850342157,0.0009928699639256467,0.0010717711497965432,7.641468494967893e-05,0.0010100125156711863,0.04524141468880642,0.0008117660960652557,mixed_deficiency,iron_B12,iron_deficiency_anemia,iron_deficiency
P000509,1,iron_deficiency_anemia,iron_deficiency,0.9938625244609525,0.8601722990614019,0.004920369172757583,0.001780884109273643,0.006276212896547706,0.002885678070533985,0.13536961704126535,0.01533595287123428,3.6538842478643857e-06,0.003807580096843111,0.0012395309338311426,0.0008590835590049998,iron_deficiency_anemia,iron_deficiency,iron_deficiency_anemia,iron_deficiency
P000510,0,B12_deficiency_no_anemia,B12_deficiency,0.015234863196071997,0.0005032951293348216,0.9950919119519087,0.9514890608782948,0.1916615031929146,0.522484870323061,0.10443115303255625,0.000822538377082324,0.0749428434399037,0.014588408620025257,0.000651880271879864,0.00015810962577275786,B12_deficiency_no_anemia,B12_deficiency,mixed_deficiency,B12_folate
P000511,1,anemia_other,undetermined,0.0954389614136133,0.06256963256746521,0.0365222239019624,0.4042168143454951,0.03616522966974559,0.0030464216496926635,0.15223986533274833,0.020125894486412704,0.09257055527699386,0.0017379058294148006,0.002937095788221,0.0012339373133013237,anemia_other,undetermined,anemia_other,undetermined
P000512,1,mixed_deficiency,iron_B12,0.9999985390978587,0.9995991036326316,0.9999999878444047,0.9988861104293764,7.889453303928873e-05,0.002699776064544064,0.13957220987587446,0.0011871948274773034,0.08856156647884005,0.0005164290769109148,5.156879939850039e-05,0.0006946588601738779,mixed_deficiency,iron_B12,mixed_deficiency,iron_B12
P000513,1,iron_deficiency_anemia,iron_deficiency,0.9999859176635669,0.9998054898841106,0.007626604804772727,0.0010955146429822175,0.1994069580987666,0.05122133037998926,0.027318798759250185,0.002077435736650999,0.16379440335140005,0.0026999652027077533,0.007940494321793676,0.0005316855756707748,iron_deficiency_anemia,iron_deficiency,iron_deficiency_anemia,iron_deficiency
P000514,0,latent_deficiency,iron_deficiency,0.9999997985575073,0.9996104220299085,1.0939908100827227e-06,0.0021348332124203817,0.6746570934071118,0.07257596572341798,0.001977627735281887,0.0007179846061108162,0.009844217319298814,0.00016190585120812954,4.6538982092685225e-05,0.00022874231967356698,mixed_deficiency,iron_folate,latent_deficiency,iron_deficiency
P000515,1,mixed_deficiency,B12_folate,9.377877613973985e-05,0.0006832470206118538,0.9999999999821994,0.999447308385189,0.9470717157820753,0.879328249938322,0.01668632320780427,0.000640114597505498,0.00011059194374219715,0.0011849258788566154,3.0640449151934277e-07,0.00045344638973879244,mixed_deficiency,B12_folate,mixed_deficiency,B12_folate
P000516,1,B12_deficiency_anemia,B12_deficiency,4.748125039795967e-07,0.00046779574196979037,0.9999980945806737,0.999216818833848,0.5425946995522032,0.019549407332897603,0.3572898859411174,0.0005397126749120712,0.03190857536228641,0.016311990153474898,0.061194692290536985,0.00046684720954268653,mixed_deficiency,B12_folate,B12_deficiency_anemia,B12_deficiency
P000517,1,mixed_deficiency,B12_folate,0.02521712430405348,0.002637235760672434,0.9991635591687876,0.9919701993873618,0.9229139368590095,0.9710004031675332,0.0909379476434738,0.0011083725322175348,0.01494942728613485,0.0025053816158206164,0.00011392857313021764,0.0013426218377689822,mixed_deficiency,B12_folate,mixed_deficiency,B12_folate
P000518,1,B6_deficiency,B6_deficiency,0.0879694993858007,0.007700690301255127,0.07137204797089293,0.012595315348729152,0.03745683440282675,0.008119271800653027,0.3572898859411174,0.02618103325281825,0.0027796267720559867,0.001153027798116183,0.02609959568300335,0.021731135112448546,anemia_other,undetermined,anemia_other,undetermined
P000519,1,inflammation_anemia,inflammation,9.271772209683981e-10,0.0007617236496769564,0.03606522924926068,0.0076446969893648915,0.127404028167827,0.014570911066930028,0.0018885904015413769,0.0011389134823777528,0.0007373251887728627,0.0014131977043983254,0.9994049439619089,0.9991758374483233,inflammation_anemia,inflammation,inflammation_anemia,inflammation
P000520,1,iron_deficiency_anemia,iron_deficiency,0.9999994962232543,0.9995724959723381,0.003416386889069032,0.002480206328588739,0.0002512664615492461,0.0020673425398306266,0.26202482114146863,0.0020351168565601657,0.09078783143343169,0.0016163946135726954,0.00015372763769671554,0.04836464627889977,iron_deficiency_anemia,iron_deficiency,iron_deficiency_anemia,iron_deficiency
P000521,1,mixed_deficiency,iron_folate,0.9999990915599525,0.9989678098666441,2.0814974373646725e-06,0.0052590175821360455,0.9946145196880345,0.9700558421902845,0.3572898859411174,0.0004380873849403543,0.005869598374382719,0.0011783950447130445,0.009927375238606505,0.00023078520840814066,mixed_deficiency,iron_folate,mixed_deficiency,iron_folate
P000522,1,anemia_other,undetermined,0.024518615932205147,0.0021613245754012506,0.002422083254216695,0.00022340497555835805,0.12098067970009276,0.008057107376908169,0.030674067387563606,0.01452112777864605,0.007979184294252317,0.002151003316511446,0.00027619248363519355,0.0007098640222551575,anemia_other,undetermined,anemia_other,undetermined
P000523,0,latent_deficiency,iron_deficiency,0.9761858721399983,0.9993560330284483,0.0453358997512869,0.003939444737061598,0.15872440603033625,0.07346932965726022,0.02734894925285812,0.005781924890080011,0.002062982922161596,0.00041310284367411,0.00043693987541644995,0.00025843069934541104,latent_deficiency,iron_deficiency,latent_deficiency,iron_deficiency
P000524,1,inflammation_anemia,inflammation,1.6103022667686516e-05,0.032547317610349326,0.019069019633782023,0.0029322586871029996,0.059526179182533626,0.004387289776175785,0.373981465944525,0.032755906139241224,0.00013480063388508415,0.0003276887342937132,0.9999849558978534,0.9992623147696724,inflammation_anemia,inflammation,inflammation_anemia,inflammation
P000525,0,latent_deficiency,iron_deficiency,0.99999835737112,0.9963377739886581,0.0006235818406631385,0.0004902067265748378,0.09275944463957486,0.008498774224017205,0.14276240119094796,0.0015616221682564593,0.13018573221446286,0.0013846595285607378,0.0005552450364380634,0.00019158478414794887,latent_deficiency,iron_deficiency,latent_deficiency,iron_deficiency
P000526,1,iron_deficiency_anemia,iron_deficiency,0.9982628275053056,0.9971970762489065,0.15567823758093163,0.056509416628854614,0.04879685294397651,0.025101396577012054,0.1426853236896965,0.0003009514163544012,0.06177713248498521,0.0003145566045933382,0.0012062383201831488,0.00031286672400162625,iron_deficiency_anemia,iron_deficiency,iron_deficiency_anemia,iron_deficiency
P000527,1,inflammation_anemia,inflammation,0.0007894845155835903,0.004284031435361221,0.01725458803509163,0.003474241445722131,0.23600669291959817,0.1760090579344838,0.002673561864402253,0.003538978522403412,0.058224855661245856,0.0006349181098397776,0.9999998313113363,0.9994600405659013,inflammation_anemia,inflammation,inflammation_anemia,inflammation
P000528,1,iron_deficiency_anemia,iron_deficiency,0.995737288195851,0.9785986574241698,0.03685737477492329,0.003353802553633065,1.5748386074456294e-06,0.0027302492703918124,0.00043876736508800503,0.0003799665697675705,0.0001806872701837049,0.0010456861800696039,0.0009952236212576236,0.002202660168832731,iron_deficiency_anemia,iron_deficiency,iron_deficiency_anemia,iron_deficiency
P000529,1,mixed_deficiency,iron_folate,0.9991438074608974,0.987171925500468,0.09967554126942545,0.014292741132097496,0.7899332702952042,0.6136346236340244,0.00015166635606150123,0.0011582122226406124,4.633137685056613e-05,0.003996929334181322,0.20598731739187842,0.006136111796167812,mixed_deficiency,iron_folate,mixed_deficiency,iron_folate
P000530,0,B6_deficiency,B6_deficiency,7.015557447733218e-06,0.004917324616663406,0.026763051232345746,0.002946255701426634,0.0004691354136600572,0.004101564444462702,0.6454217922735954,0.9959074514751308,0.0013278817342149585,0.00027088273033110604,0.0002746228560370558,0.0006589585738633837,B6_deficiency,B6_deficiency,B6_deficiency,B6_deficiency
P000531,0,no_anemia_no_deficiency,none,1.2139330895209355e-05,0.0023459843348840425,0.019833291725631016,0.004247287213164236,0.16516850708674835,0.02664961988536359,0.7539454361838119,0.01237682846017549,0.015590759683189187,0.001002260768865389,0.015238736938829473,0.0010474828990928392,B6_deficiency,B6_deficiency,no_anemia_no_deficiency,none
P000532,0,latent_deficiency,iron_deficiency,0.9981625096514251,0.9903684325785898,3.117106347319794e-05,0.0028748149304683554,0.035060334340511465,0.0439550417261868,0.3572898859411174,0.0007869002370232236,9.773109355640552e-07,0.0005379145508379481,0.011953682908504513,0.0007086202747124031,latent_deficiency,iron_deficiency,latent_deficiency,iron_deficiency
P000533,1,folate_deficiency_anemia,folate_deficiency,2.780852297371659e-10,0.0010230595900862758,3.5529352341932945e-05,0.002742030054278833,0.585161798250768,0.3888598328132765,0.0494671815966182,0.044977242901575835,0.015384782490464845,0.11503534007875607,0.14295445198989068,0.016918082160479644,folate_deficiency_anemia,folate_deficiency,anemia_other,undetermined
P000534,1,inflammation_anemia,inflammation,1.6079820891521236e-10,0.002406840427895549,0.019966321675782113,0.005058107339418656,8.994553019347957e-06,0.0017995117321276401,0.3572898859411174,0.028199423628856725,0.00029448787226742936,0.0003430934767390623,0.9999978727534496,0.9998124822233407,inflammation_anemia,inflammation,inflammation_anemia,inflammation
P000535,1,iron_deficiency_anemia,iron_deficiency,0.6616006926110536,0.8736109375940341,2.100602134335578e-05,0.0021694720123953226,0.5211227009293347,0.47647754129953046,0.014239190463330978,0.0007415297271302698,0.07030022501981156,0.0009871062393381252,0.004610451419252544,0.00033580329886337445,mixed_deficiency,iron_folate,iron_deficiency_anemia,iron_deficiency
P000536,0,B6_deficiency,B6_deficiency,0.037155621324363695,0.005151197712479725,0.0028997610264581038,0.0005552565843603427,0.20046986190673852,0.07008317136603684,0.767882234647837,0.9816336028339192,0.00021690920473121806,0.0009790669780247226,0.012728738789326259,0.00016478858475733183,B6_deficiency,B6_deficiency,B6_deficiency,B6_deficiency
P000537,0,no_anemia_no_deficiency,none,0.168477403671464,0.0019450840828654124,0.0003959934400674507,0.004564485698775939,0.20330770591172612,0.018926226386220484,0.3572898859411174,0.0005649678213843032,0.13808320195094237,0.0027950585225620123,0.016164625039208385,0.0006898658810539334,no_anemia_no_deficiency,none,no_anemia_no_deficiency,none
P000538,0,folate_deficiency_no_anemia,folate_deficiency,3.614534937296633e-06,0.00029750019559733365,0.001026657868713987,0.008307474100804514,0.9769350108177492,0.9880195754669537,0.160193787394629,0.0027324864145029755,0.0033882547310701474,0.0035474447174593735,0.002066124092929473,0.0009051749301192327,folate_deficiency_no_anemia,folate_deficiency,folate_deficiency_no_anemia,folate_deficiency
P000539,1,anemia_other,undetermined,2.3488016856001135e-05,0.00048355232897321173,0.060768663456960165,0.009640416448956449,0.11697261225962226,0.020398780914964002,0.030263971386821284,0.0007253256992973487,0.08204097273371559,0.007698838703569876,0.004753319997496588,0.008141738202288857,anemia_other,undetermined,anemia_other,undetermined
P000540,1,mixed_deficiency,iron_folate,0.9955406751912205,0.9889196637212776,0.0002155231112410113,0.0014592769105604107,0.7945989636936067,0.3076575182887325,0.33045180311985745,0.003979941421325525,1.0646663524859768e-05,0.0008006397676515266,0.000379801987250364,0.00032452822898026957,mixed_deficiency,iron_folate,iron_deficiency_anemia,iron_deficiency
P000541,1,mixed_deficiency,B12_folate,1.516839736279865e-08,0.001101713158482085,0.997472546031048,0.9882101950828843,0.9827742760886558,0.9922825065415222,0.10828680663510999,0.0010833804704878127,0.040555594038222426,0.0024234998575850993,0.0003067098314237843,0.004134742655496781,mixed_deficiency,B12_folate,mixed_deficiency,B12_folate
P000542,1,iron_deficiency_anemia,iron_deficiency,0.9609368993123089,0.9869817738976846,0.02161382075782733,0.006580059410555463,0.007257658022278938,0.013566002675073732,0.3572898859411174,0.013070344053954496,0.13893750845858643,0.012073336901213925,0.0014062690843819631,0.0014900442197799955,iron_deficiency_anemia,iron_deficiency,iron_deficiency_anemia,iron_deficiency
P000543,0,latent_deficiency,iron_deficiency,0.9999999992035729,0.9997034659063501,0.03602612405764846,0.00691350241060597,7.890078626752625e-07,0.0012466006425527895,0.007842089294132003,0.0019811585486168614,3.5198551770267095e-05,0.00010041761353558441,0.00012668769338513262,0.00033484474382927416,latent_deficiency,iron_deficiency,latent_deficiency,iron_deficiency
P000544,0,latent_deficiency,iron_deficiency,0.9999763007063311,0.998657920885978,0.013031864598144245,0.004953085637590368,0.0001883085646554672,0.0016261263422653962,0.1573225531107367,0.001130248549413758,0.09571403624265765,0.00027605630658129236,0.05823685824252973,0.0008198006172540621,latent_deficiency,iron_deficiency,latent_deficiency,iron_deficiency
P000545,1,copper_deficiency,copper_deficiency,0.0013216664008219691,0.0006788691780038582,0.015427603990091915,0.001791049404837146,0.18807683420319574,0.15782929097714787,0.14259131714371523,0.0024026034763885524,0.0021883672889678046,0.013693631572372996,0.004057631420119127,0.007422278755054153,anemia_other,undetermined,anemia_other,undetermined
P000546,0,latent_deficiency,iron_deficiency,0.9999987810910274,0.9998296962101032,0.023971752272059364,0.00291781234875171,0.011095753908013274,0.004290636974979345,0.004596562694970875,0.000885391304313224,0.0008539969715183209,0.0004054709694543911,0.0006293418873117243,0.00043490931776075367,latent_deficiency,iron_deficiency,latent_deficiency,iron_deficiency
P000547,0,no_anemia_no_deficiency,none,0.08489343126762085,0.003570656331378202,0.00016883494731658095,0.002968167073870401,0.0002055691180259491,0.00675695964847995,0.03655434421013896,0.001305037036381517,0.001399644741005277,0.00025366737679237064,0.017492403723261954,0.0017575663244887396,no_anemia_no_deficiency,none,no_anemia_no_deficiency,none
P000548,0,no_anemia_no_deficiency,none,1.8750592678778458e-08,0.000761592540660732,0.0223373086885414,0.0015798467469780178,0.4066627164049075,0.38659941421391686,0.14767618274922373,0.0008295996810552764,3.187064499383012e-05,0.0003216593314576732,0.008576464710075034,0.00575484915335796,no_anemia_no_deficiency,none,no_anemia_no_deficiency,none
P000549,0,folate_deficiency_no_anemia,folate_deficiency,4.842829028592321e-06,0.0005124017388815955,0.09595361260102976,0.03446147439652579,0.32157206924829235,0.4546744826244289,0.04704456600969085,0.0006573480715847515,0.10189922481961582,0.00033230861949819283,0.0002892069692227466,0.0002919973798559677,no_anemia_no_deficiency,none,no_anemia_no_deficiency,none
P000550,0,folate_deficiency_no_anemia,folate_deficiency,0.035797676164401125,0.0019694727029347723,0.3314266753523426,0.0464781927570337,0.5790940784504373,0.41437372046000104,0.3923507333930015,0.0027215699680975826,0.1289058354792368,0.0008670176615526295,0.008547411965546326,0.0006742166628932404,folate_deficiency_no_anemia,folate_deficiency,no_anemia_no_deficiency,none
P000551,0,no_anemia_no_deficiency,none,0.31375098112821104,0.373282304700939,0.03305310187800623,0.0030415206811859018,0.3377001982737529,0.03365688281200665,0.15868077078744358,0.002419262521462363,0.0001332049779296075,0.00020653365703237746,0.0006765260691824116,0.0003911571059300005,no_anemia_no_deficiency,none,no_anemia_no_deficiency,none
P000552,1,inflammation_anemia,inflammation,0.0010545513833232919,0.000379329653858868,1.2396874659142932e-06,0.0009303693827678748,0.0011262896413116378,0.005521018494498407,0.03310427722317813,0.0014049853723494456,0.005827407548722558,0.00050186090110594,0.8950536283644658,0.9927885272235888,inflammation_anemia,inflammation,inflammation_anemia,inflammation
P000553,1,iron_deficiency_anemia,iron_deficiency,0.9999972260688763,0.9998373669192907,1.5266123800400227e-06,0.0007008426603145705,0.0024338593280463024,0.016617284798115996,0.37552727983124723,0.0013473644204072723,0.08437051129734367,0.0009564892483106966,0.00449909029686355,0.00196917624600609,iron_deficiency_anemia,iron_deficiency,iron_deficiency_anemia,iron_deficiency
P000554,0,B12_deficiency_no_anemia,B12_deficiency,0.23201928246439027,0.01646589200903816,0.998163873099437,0.9978805099037198,0.19655985970356343,0.023150207070586737,0.06016106072368932,0.002888824896078165,0.0003039216568947781,0.0004217364897895464,0.00010574195793973417,0.0001474832840747118,B12_deficiency_no_anemia,B12_deficiency,B12_deficiency_no_anemia,B12_deficiency
P000555,0,no_anemia_no_deficiency,none,2.6188119411936795e-14,0.000707479969127051,1.024184327487692e-06,0.0007923771745360392,0.22996143527610088,0.013582472048835514,0.5192225540815083,0.05629564998782018,0.15147300890552332,0.0045918664268679195,0.13576687751376984,0.006360947555094691,B6_deficiency,B6_deficiency,no_anemia_no_deficiency,none
P000556,0,copper_deficiency,copper_deficiency,0.011650232010219376,0.005318721818317631,0.05799291267655894,0.012771970369529888,0.18770640845169415,0.3290004327321396,0.0016121093747999387,0.0015544248630390987,0.9968183013664816,0.9861517674794515,0.0004130025032568824,0.0010842675182364586,copper_deficiency,copper_deficiency,copper_deficiency,copper_deficiency
P000557,1,iron_deficiency_anemia,iron_deficiency,0.999999819965582,0.9998380653438051,0.019669021372814025,0.0021282983992987254,0.052655629802433525,0.017330642167807258,0.00025474681482053806,0.0033917840957572456,0.11224677333005782,0.0004792472888633524,0.00010115344841338612,0.0013293489449895037,iron_deficiency_anemia,iron_deficiency,iron_deficiency_anemia,iron_deficiency
P000558,0,folate_deficiency_no_anemia,folate_deficiency,0.015744174568459002,0.0007205158427514522,0.009767789609901606,0.012043563368859072,0.9932934606888282,0.980765221344552,0.008005962342725244,0.0003844572120412654,0.03428787236042407,0.0009062637167455524,0.0013731091769776805,0.00024132253650384133,folate_deficiency_no_anemia,folate_deficiency,folate_deficiency_no_anemia,folate_deficiency
P000559,0,folate_deficiency_no_anemia,folate_deficiency,0.0001693959785799035,0.0006052497392678114,0.03840766042622557,0.008744885407553365,0.9632926556363719,0.9862619395493869,0.0014386444256738308,0.0007949054659242273,0.10900192051745188,0.0002433187043073487,0.0008032124030407348,0.00048472000186756107,folate_deficiency_no_anemia,folate_deficiency,folate_deficiency_no_anemia,folate_deficiency
P000560,1,mixed_deficiency,iron_B12,0.9399585798723966,0.9973191131477156,0.9999969389297273,0.9996597983972413,5.992950274560622e-07,0.010897837702215984,2.2859853619074832e-05,0.0004910048374744625,3.6133595745211054e-06,0.000788025153157088,8.88254834085727e-05,0.0007976853530755013,mixed_deficiency,iron_B12,mixed_deficiency,iron_B12
P000561,0,folate_deficiency_no_anemia,folate_deficiency,0.00018234306942044437,0.00047597578751274074,0.3502174733356688,0.01803282778776684,0.4329635409237404,0.7797711798188118,0.17217254521394362,0.0009088789152602442,0.11061908227296599,0.0008498258986167947,0.00014032032971144541,0.00021872769077772308,no_anemia_no_deficiency,none,folate_deficiency_no_anemia,folate_deficiency
P000562,0,latent_deficiency,iron_deficiency,0.999973939184509,0.9993871357051307,0.01831949686718184,0.003195818753192236,0.006087861397931496,0.0015793217880756849,0.040347925685082366,0.0009567883984726642,0.11215045045120016,0.00040912159296884647,7.375337658134643e-06,0.0001998902568765796,latent_deficiency,iron_deficiency,latent_deficiency,iron_deficiency
P000563,0,no_anemia_no_deficiency,none,7.115344370173374e-05,0.0019452092742537968,0.11635681202143636,0.019700768418926977,0.0008492795413223663,0.0016937049956558786,0.0026137344081379695,0.000770238062409221,0.0034795306519047864,0.0008527651962898806,0.026947467754790788,0.007728297020749731,no_anemia_no_deficiency,none,no_anemia_no_deficiency,none
P000564,0,no_anemia_no_deficiency,none,0.00028988238921409936,0.0004933836673361844,0.03784795919369289,0.011404856886797066,0.06967296433728015,0.017826234242764926,0.009482530641353642,0.0008412765966441764,1.2409694491688534e-06,0.006006768433517927,0.011653465752440723,0.0006957622759942406,no_anemia_no_deficiency,none,no_anemia_no_deficiency,none
P000565,0,latent_deficiency,iron_deficiency,0.9916476741979492,0.9968198583283491,0.007911891717360583,0.01114251210543372,0.19513679973166712,0.03171517580619965,0.13280511163826098,0.0014441419769955935,6.449028625073384e-05,0.00017725132456464522,0.005244823549231485,0.0012231832229706013,latent_deficiency,iron_deficiency,latent_deficiency,iron_deficiency
P000566,1,mixed_deficiency,iron_folate,0.9999925740269526,0.9996150568395166,0.00024444311206368483,0.01842257691780854,0.9757310293020152,0.9673531950452213,0.0009985297720932803,0.0014227717245155781,0.07582002083610481,0.0059626005658078764,5.404303311087175e-05,0.00035401224009182263,mixed_deficiency,iron_folate,mixed_deficiency,iron_folate
P000567,1,B12_deficiency_anemia,B12_deficiency,0.020473380679606808,0.001039010614909428,0.9999589889972015,0.9991796900253449,0.45649801197359474,0.21638800726763377,5.143350521030785e-07,0.0002934170795724979,0.0001620828976000543,0.002379266126010015,0.0007111646887027661,0.0005486703176935112,B12_deficiency_anemia,B12_deficiency,B12_deficiency_anemia,B12_deficiency
P000568,1,iron_deficiency_anemia,iron_deficiency,0.9959224406228407,0.9994611360946388,0.23459191431589535,0.029989282786086,0.0925647349608564,0.04404382510490977,0.0002611401128744419,0.0007720927374231967,0.0012446344680994046,0.0012692127339678568,0.0006748524202907745,0.0003150538877813349,iron_deficiency_anemia,iron_deficiency,iron_deficiency_anemia,iron_deficiency
P000569,1,anemia_other,undetermined,1.2155038349316689e-06,0.0004966091493512513,0.0006584669680096547,0.0013861012002336255,0.303511412212889,0.26574282306181246,0.14123666788293726,0.009653800077910236,0.0019974474538374774,0.04285643998514327,0.0011628773742119963,0.0003431466262491915,anemia_other,undetermined,anemia_other,undetermined
P000570,1,mixed_deficiency,iron_folate,0.9999863980665062,0.9996670495257955,0.2898078831012133,0.07128610905894528,0.9947313184525775,0.7966990264778147,0.0029182810250768508,0.0037896204423448865,0.00037049769167298144,0.00040134519073621534,9.681864933107532e-07,0.00046766290147613325,mixed_deficiency,iron_folate,mixed_deficiency,iron_folate
P000571,1,B12_deficiency_anemia,B12_deficiency,0.0015536983159213332,0.002290372497546039,0.9992516799250786,0.995476107585138,0.18474120186791715,0.06590164261358765,0.3572898859411174,0.0003072568764520205,0.0002171234238313327,0.00016742528064018296,0.0022849113102273344,0.000130719462559164,B12_deficiency_anemia,B12_deficiency,B12_deficiency_anemia,B12_deficiency
P000572,0,no_anemia_no_deficiency,none,3.581057178215426e-09,0.0010477066670279576,0.011531762533650191,0.0009582214910816686,0.18935437334255598,0.019477396338486934,0.021107658204956272,0.001679331823481312,9.919235710254374e-08,0.014246288437984348,0.026163443999756772,0.016195513918306877,no_anemia_no_deficiency,none,no_anemia_no_deficiency,none
P000573,1,mixed_deficiency,B12_folate,0.07333213871530884,0.04986334047948614,0.999332876763182,0.998609089290602,0.9820183549648085,0.9351510826808175,0.0041227372689731,0.002108215912156439,0.020514595560963016,0.008975644268039783,0.0763963975692392,0.005426471421498767,mixed_deficiency,B12_folate,mixed_deficiency,B12_folate
P000574,1,folate_deficiency_anemia,folate_deficiency,0.005044848509575913,0.004436374232828941,0.13408215493187658,0.03160259513344099,0.6652908217357241,0.7080870934117967,0.26801398544463373,0.01291586750634108,0.0009897185340917024,0.0006149126705702085,0.0026053838756947057,0.0007972074765836817,folate_deficiency_anemia,folate_deficiency,folate_deficiency_anemia,folate_deficiency
P000575,1,inflammation_anemia,inflammation,0.03085419597217789,0.0009202742237440786,0.0007239261275166911,0.0009234140053564087,0.09114546494858436,0.03250488417976328,0.3572898859411174,0.0012922808044625882,0.06442241451983363,0.0004456810483417569,0.9999996452930525,0.996174999389681,inflammation_anemia,inflammation,inflammation_anemia,inflammation
P000576,0,copper_deficiency,copper_deficiency,0.0022866057845311325,0.0020931587013778147,0.06795664984352079,0.013657556732409759,0.24074517123037467,0.16522113463217192,0.04619780182399286,0.002279644889174754,0.9072191098966667,0.043652318989278835,0.00026913573614884505,0.0007168779890577924,copper_deficiency,copper_deficiency,no_anemia_no_deficiency,none
P000577,0,latent_deficiency,iron_deficiency,0.8496380714263351,0.8354790444486545,0.0006785844633812484,0.00027322516204478003,0.08245058184503552,0.00908607864707258,0.02853592835271104,0.01593288614981315,0.0023605152048208865,0.0010482713438082379,0.009110643508832506,0.0005996861853148779,latent_deficiency,iron_deficiency,latent_deficiency,iron_deficiency
P000578,1,anemia_other,undetermined,0.015032482498626447,0.0016243396242620054,7.43490319593104e-05,0.0014589993418107512,0.05517054763940563,0.06047243453993382,0.3572898859411174,0.0002803289661352134,0.002289948401772355,0.003890248466017709,0.000673330601971972,0.0028595944910534206,anemia_other,undetermined,anemia_other,undetermined
P000579,0,B12_deficiency_no_anemia,B12_deficiency,0.019388724100097395,0.0006277442844277015,0.9997559349412382,0.9928631448402654,0.0044952138642575835,0.032358473613025095,0.00022548481851334654,0.00023599046135401746,0.0005576605964448614,0.00188578805135887,4.7659783395054467e-05,0.0002954507799466078,B12_deficiency_no_anemia,B12_deficiency,B12_deficiency_no_anemia,B12_deficiency
P000580,1,folate_deficiency_anemia,folate_deficiency,0.004697626337055308,0.008576861011703863,0.0023801729462830904,0.002199887848069465,0.9332913638403547,0.6516171876032707,0.005424152590145253,0.0014116044071671432,0.0229460903401462,0.017102947915571667,0.0003754060357924273,0.0006492037531094198,folate_deficiency_anemia,folate_deficiency,folate_deficiency_anemia,folate_deficiency
P000581,1,iron_deficiency_anemia,iron_deficiency,0.9999968661456031,0.9995617345638921,4.273857503260376e-06,0.00022731356604722562,0.00702621029196576,0.0029096049604460956,0.3572898859411174,0.006366622773581238,0.004431463581165508,0.0003100888281476051,0.005439527526111778,0.0004792635391852666,iron_deficiency_anemia,iron_deficiency,iron_deficiency_anemia,iron_deficiency
P000582,0,latent_deficiency,iron_deficiency,0.9788242218069139,0.9973504939620013,0.025532484166671483,0.0018487389685519435,0.08923979923794924,0.0040020858948480245,0.3572898859411174,0.0017233187720711754,0.0017680979195424638,0.00021692806543672464,0.05242402931813664,0.0020357477725728786,latent_deficiency,iron_deficiency,latent_deficiency,iron_deficiency
P000583,1,anemia_other,undetermined,0.005134921258066084,0.0019154521747172233,0.04334794050130456,0.0074269145228458375,0.4212143493875725,0.04576711643492733,0.3572898859411174,0.00039344815640574975,0.08618710915324178,0.0008599975540857989,0.8383101611705981,0.005585292491875269,inflammation_anemia,inflammation,anemia_other,undetermined
P000584,0,no_anemia_no_deficiency,none,0.023109528061847896,0.0014087201420173335,0.009605865673773525,0.0020423038802043756,0.053028654109140025,0.007015733770033558,0.0032749283245131345,0.026979220086575963,0.09143767722956136,0.0009367568656010009,0.02544060949933251,0.0019448916659547527,no_anemia_no_deficiency,none,no_anemia_no_deficiency,none
P000585,0,folate_deficiency_no_anemia,folate_deficiency,0.2139435594265849,0.0007936664598318593,1.3014974264320036e-09,0.0007587168757323624,0.9848976625178247,0.9716963554630736,1.3454944159082492e-05,0.0033836003398643507,0.09807083860394648,0.0012355361080558529,0.005685389596037052,0.00035472681404547494,folate_deficiency_no_anemia,folate_deficiency,folate_deficiency_no_anemia,folate_deficiency
P000586,0,no_anemia_no_deficiency,none,4.624710046080687e-16,0.0002640764705345923,0.013625257375365088,0.0019436925517428403,0.22914681438831402,0.04807634664458148,0.07587497958877153,0.00173938717616077,0.10568633052570606,0.0014147453215094113,0.053817693520737224,0.02478319218707937,no_anemia_no_deficiency,none,no_anemia_no_deficiency,none
P000587,0,latent_deficiency,iron_deficiency,0.2125218132793567,0.08594241217872603,0.026822173494316755,0.021752835820066943,0.12663861353070466,0.032769043164080934,0.0013875956032870045,0.0018398463721235208,0.13723331124272142,0.0016307058345386032,0.0022429292715505315,0.0002665370231003067,no_anemia_no_deficiency,none,no_anemia_no_deficiency,none
P000588,0,no_anemia_no_deficiency,none,0.013758758504299716,0.0007027985759237972,0.04625447216166033,0.0036385314699056565,0.24021846520472254,0.07618947017357329,0.002591824831667589,0.0030847287566457215,0.16169437780618695,0.019432439217945203,0.0020487139311452757,0.0007285976975408992,no_anemia_no_deficiency,none,no_anemia_no_deficiency,none
P000589,1,mixed_deficiency,iron_folate,0.9999999986902477,0.9992977145108399,0.034589031327666483,0.05270912744354846,0.9881650121388934,0.39971075442403625,0.3572898859411174,0.0011950989801571472,0.0004985864904276755,0.016759144168932084,0.008824809007053618,0.006312547103777422,mixed_deficiency,iron_folate,iron_deficiency_anemia,iron_deficiency
P000590,1,iron_deficiency_anemia,iron_deficiency,0.7699679644890237,0.9981094896044354,3.5550357029896735e-09,0.0021191888145526165,0.0018687861064778607,0.003731826782722283,0.4084198359208812,0.010470879711072292,0.015033753035287357,0.0008915157473846272,0.08155437999668301,0.05266689613774259,iron_deficiency_anemia,iron_deficiency,iron_deficiency_anemia,iron_deficiency
P000591,1,mixed_deficiency,B12_folate,0.0007868422925212652,0.00033671784089055233,0.8662870572490274,0.7750950628191143,0.9994942831487731,0.9969869509069752,0.3572898859411174,0.0003441883524586577,0.058958682730267144,0.002589108684698444,0.00010868071550751792,0.00018030620199351645,mixed_deficiency,B12_folate,mixed_deficiency,B12_folate
P000592,1,B12_deficiency_anemia,B12_deficiency,1.988208832546205e-06,0.002392253387765141,0.999993854433872,0.9989206942454505,0.5251524445707293,0.04040173140378001,0.00024712456492911384,0.00030756739440571205,4.4766892379847166e-08,0.005048188530020102,0.00014946480646747538,0.001741842921141813,mixed_deficiency,B12_folate,B12_deficiency_anemia,B12_deficiency
P000593,0,folate_deficiency_no_anemia,folate_deficiency,0.00019480865317906724,0.0004662693511388708,0.07909826638444385,0.053188473404136516,0.990715426813627,0.9930012478360613,0.3005478210358889,0.001153328084705328,0.0003626740791955771,0.0002653548181296057,0.00035936760677764964,0.00014901834916905617,folate_deficiency_no_anemia,folate_deficiency,folate_deficiency_no_anemia,folate_deficiency
P000594,0,no_anemia_no_deficiency,none,0.21157898822997898,0.011652365235109529,0.022583517309150754,0.006293314861377591,0.058692950388539916,0.008162058973619105,0.07405979871270343,0.004278722959403823,0.08525194763826949,0.000352427310151372,0.000604066367185807,0.0004262425301303705,no_anemia_no_deficiency,none,no_anemia_no_deficiency,none
P000595,0,no_anemia_no_deficiency,none,0.00016342446121948815,0.0014218105012745734,0.00010781130084577582,0.004821472669237293,0.2517620998161097,0.023930341617280523,0.17939004447616283,0.0015294111328140753,0.10799108072052108,0.14760338167625095,0.06374870467781371,0.5698648667146579,no_anemia_no_deficiency,none,no_anemia_no_deficiency,none
P000596,0,latent_deficiency,iron_deficiency,0.9999916373829353,0.9998187085267136,0.040119336052672275,0.0018407925581912007,0.04422649445052535,0.005856931492560054,0.16556504876229874,0.0008151098880976253,0.07869982718617263,0.0001477352647554937,0.001515068446267956,0.0003266492646213003,latent_deficiency,iron_deficiency,latent_deficiency,iron_deficiency
P000597,0,B12_deficiency_no_anemia,B12_deficiency,0.11430396506182328,0.004268700883779808,0.8143413641528086,0.9515362154904274,0.018380248641621175,0.0111297329614282,0.08336737290362008,0.000411530028566409,0.13334593120712115,0.021338178148162124,0.0012930504225040643,0.00039839296575655,B12_deficiency_no_anemia,B12_deficiency,B12_deficiency_no_anemia,B12_deficiency
P000598,0,folate_deficiency_no_anemia,folate_deficiency,0.0008638849362709836,0.00219673758898383,0.06859749500585613,0.003933956437900007,0.6878289754855197,0.5240268737986574,0.0776793844839963,0.0026222801926806807,0.08123871251005102,0.010816490091287103,0.00010726446721549314,0.00036944064778477923,folate_deficiency_no_anemia,folate_deficiency,folate_deficiency_no_anemia,folate_deficiency
P000599,1,folate_deficiency_anemia,folate_deficiency,0.0014322406449024938,0.001489769361534956,0.00935892835533541,0.0098144477582438,0.6233126035235526,0.3958433581601059,0.0429723300446968,0.0003205775185988925,0.05538440395892072,0.0009355182931912617,0.0006036363524996684,0.002569376244178908,folate_deficiency_anemia,folate_deficiency,anemia_other,undetermined
P000600,1,iron_deficiency_anemia,iron_deficiency,0.997204138855198,0.9848007768935612,8.032929851212364e-07,0.0005608187921517021,0.23741906367357546,0.08804768004737418,0.057590602081696946,0.01773286707244816,2.786173981862911e-06,0.00014872407186582347,0.000696439458768345,0.0004072525096180237,iron_deficiency_anemia,iron_deficiency,iron_deficiency_anemia,iron_deficiency
P000601,1,iron_deficiency_anemia,iron_deficiency,0.8244763657681177,0.9958173990607375,0.22214559940099893,0.012035258610712028,0.29208392023933394,0.05657453315320512,0.3572898859411174,0.0006925666774733686,0.0019888605583193815,0.00023126592984501864,0.0005671690989786334,0.0010441231932897315,iron_deficiency_anemia,iron_deficiency,iron_deficiency_anemia,iron_deficiency
P000602,1,mixed_deficiency,iron_B12,0.9999994120731751,0.9991414870548313,0.963508763373135,0.7972886528146781,1.7562899061125053e-06,0.0037848479861479437,0.002082638922963681,0.0061516189618508865,0.00010803363103003439,0.00031380289392021765,0.007958285465681773,0.0010180390473177386,mixed_deficiency,iron_B12,mixed_deficiency,iron_B12
P000603,1,B12_deficiency_anemia,B12_deficiency,1.1015106182048692e-05,0.0004073851842951104,0.9999998171542187,0.9992445366759201,0.27833394817190443,0.34354752621163515,0.00028370614622028306,0.0014307111564453424,0.0004096144278560384,0.02743581383738596,1.5059442316052572e-06,0.0005082833024980932,B12_deficiency_anemia,B12_deficiency,B12_deficiency_anemia,B12_deficiency
P000604,0,no_anemia_no_deficiency,none,0.00010555696829252964,0.01302088416668701,0.059170560600519596,0.002706524580448232,0.0860396278031162,0.014290712101238756,0.005146703715255625,0.0010547110466874745,0.05533445384703071,0.0015111206650728574,1.059338607855433e-05,0.0006880824108890699,no_anemia_no_deficiency,none,no_anemia_no_deficiency,none
P000605,1,copper_deficiency,copper_deficiency,0.0860590516519729,0.0166418896113259,0.015287683832062844,0.04642193744041115,0.34927612019297466,0.06804863300053175,0.12469616192129815,0.0007148087982323225,0.989980920548955,0.9984285524472925,0.002794408340944415,0.0009836373106281893,copper_deficiency,copper_deficiency,copper_deficiency,copper_deficiency
P000606,1,inflammation_anemia,inflammation,5.658442352315217e-08,0.0008287859462688716,0.024874395187346635,0.002279106375822097,0.032898827804892665,0.003649990422562775,0.3572898859411174,0.002260270317105815,0.004864117622424762,0.007261221469485779,0.9999860041394806,0.9996082875244306,inflammation_anemia,inflammation,inflammation_anemia,inflammation
P000607,0,B12_deficiency_no_anemia,B12_deficiency,0.054959310884376895,0.0041899501978074054,0.9999999777366331,0.9993419961416643,0.29206097583518503,0.138687577713447,0.4089404491719487,0.0030367261832091445,0.10806102598335086,0.004666043098049002,0.00016766168607463386,0.00027292576857474083,B12_deficiency_no_anemia,B12_deficiency,B12_deficiency_no_anemia,B12_deficiency
P000608,1,mixed_deficiency,iron_B12,0.9714412866567778,0.9991105669032567,0.9928036000325472,0.9887557014305469,0.1559719102295639,0.012237328183463434,0.12515417919210337,0.003902923312580081,8.91133922610794e-05,0.0016813257217137979,0.0016966449605863825,0.0011308022966916961,mixed_deficiency,iron_B12,mixed_deficiency,iron_B12
P000609,0,no_anemia_no_deficiency,none,0.17435301553472538,0.2234000854217557,8.899727868642141e-07,0.0062491061800949155,0.9231044232710074,0.362903675946699,0.011845431305219685,0.0008842043957611626,0.005338801631393873,0.0013483335490670947,0.005849136130580644,0.0004777140724476534,folate_deficiency_no_anemia,folate_deficiency,no_anemia_no_deficiency,none
P000610,0,latent_deficiency,iron_deficiency,0.999933334913004,0.9996967824853158,0.03704578417603907,0.00477771992088089,5.0185237316252705e-06,0.002156889133256432,0.8587295013375603,0.08971041421197225,0.0008754435668138446,0.0015113098740305673,0.0025457276465286004,0.0003281806877695906,latent_deficiency,iron_deficiency,latent_deficiency,iron_deficiency
P000611,1,B12_deficiency_anemia,B12_deficiency,0.0004061638383841945,0.0006011085396416257,0.9863455653641292,0.9270087423494507,1.923254548694137e-05,0.014729744510055107,0.012489564328892555,0.0003227641557024284,0.0036641406147957765,0.002074993297235721,0.0014541881387103483,0.001226750027417203,B12_deficiency_anemia,B12_deficiency,B12_deficiency_anemia,B12_deficiency
P000612,1,B12_deficiency_anemia,B12_deficiency,0.015348460401069321,0.0018099258512435767,0.9551353121360214,0.9927649156403943,0.7436018167226163,0.15474214722517332,0.0001773386235718884,0.0004543325263298065,0.12069738559983322,0.005287918565618561,0.0001029327469451268,0.0006078219628394306,mixed_deficiency,B12_folate,B12_deficiency_anemia,B12_deficiency
P000613,0,B12_deficiency_no_anemia,B12_deficiency,0.18825810609018997,0.25636790439713253,0.9831578828631495,0.9329891649231563,0.028789400929964994,0.0022456062490837318,0.005341743405939177,0.007242855788834021,0.10704737674759206,0.00031842064122820446,0.005010921910473311,0.0007398781463138566,B12_deficiency_no_anemia,B12_deficiency,B12_deficiency_no_anemia,B12_deficiency
P000614,1,anemia_other,undetermined,0.13332227527236212,0.0026635095356028603,8.749733495641617e-08,0.0036767025295450185,2.009567682669236e-06,0.0053986996501671465,0.2618362683502312,0.0025762842849575557,0.016883455491766553,0.006161932548061652,0.08403654067271181,0.001547888705010918,anemia_other,undetermined,anemia_other,undetermined
P000615,0,no_anemia_no_deficiency,none,5.186623628309739e-06,0.0007313051684214317,0.00016446354274177728,0.001680493992041286,0.00037182917629069467,0.007828572018766232,0.3572898859411174,0.002584636407285966,0.003727787851119601,0.011841637483581557,0.026646981597461778,0.0008343160110743803,no_anemia_no_deficiency,none,no_anemia_no_deficiency,none
P000616,1,B12_deficiency_anemia,B12_deficiency,9.124186171444024e-06,0.008517683493025882,0.9988192340103325,0.9931000454625565,0.4506409211732673,0.07713653414388211,0.007381731557460755,0.0038735494868031833,0.01769310341968965,0.0022062206721426628,0.0006102726872186924,0.00045613058569171297,B12_deficiency_anemia,B12_deficiency,B12_deficiency_anemia,B12_deficiency
P000617,1,mixed_deficiency,iron_folate,0.999796788687366,0.9989468972679728,0.0027644699657181767,0.0009136837874002011,0.9562201755728171,0.3259098135378178,0.3572898859411174,0.021497564388013684,0.07443006643728567,0.00023469844424591185,0.0008233371538395141,0.0015124141130694964,mixed_deficiency,iron_folate,iron_deficiency_anemia,iron_deficiency
P000618,1,anemia_other,undetermined,2.457013362029707e-06,0.000794858891650491,1.9149458888546637e-05,0.03585567806934104,0.00010603338848022082,0.0012414850124765043,0.8308872800783713,0.05543108147269562,0.11705582091800082,0.011965533263326686,0.00022062518662312473,0.004246000393670219,B6_deficiency,B6_deficiency,anemia_other,undetermined
P000619,1,mixed_deficiency,B12_folate,0.0433315846001814,0.0052907184483577535,0.9999995396087485,0.9991281024437271,0.9944171579511649,0.9823124872419039,0.008734167362879512,0.00024179851224744497,0.12173208446811237,0.003014099622809609,0.00018342489910846125,0.03445933489723043,mixed_deficiency,B12_folate,mixed_deficiency,B12_folate
P000620,1,iron_deficiency_anemia,iron_deficiency,0.9999999166610093,0.9998414557108497,0.5413054112340328,0.08866925812633632,6.069763783953341e-06,0.0036189737047582424,0.1022299437007334,0.011361508206524592,9.463838103516621e-05,0.010898116077638296,0.0004235149090546531,0.0005363925394481236,mixed_deficiency,iron_B12,iron_deficiency_anemia,iron_deficiency
P000621,1,anemia_other,undetermined,0.09424522803951901,0.04725460725323863,1.046455711723017e-06,0.0006795755030706,0.00012465451615961698,0.003524424349914086,0.17063972163689303,0.009077343774303468,0.1413289628576733,0.0011472616107700167,0.00022369618328561304,0.0003421036850724579,anemia_other,undetermined,anemia_other,undetermined
P000622,0,B12_deficiency_no_anemia,B12_deficiency,0.1136960560620524,0.0029999341135186885,0.9935144365872326,0.9978356117316924,0.1318353912876051,0.15598916349576017,0.0005975954791872935,0.00038816398159450773,0.0009810517842071278,0.00058382943259167,0.006964297291383947,0.0002860827260616873,B12_deficiency_no_anemia,B12_deficiency,B12_deficiency_no_anemia,B12_deficiency
P000623,0,no_anemia_no_deficiency,none,0.0002578154805325134,0.00029527762403880125,0.030764847823758427,0.004271652004552579,0.18512282477278189,0.0995261519754417,0.3572898859411174,0.00043917325109101474,0.06079164796619224,0.0018203955460911383,0.013749212427773891,0.0001947378888019671,no_anemia_no_deficiency,none,no_anemia_no_deficiency,none
P000624,0,B6_deficiency,B6_deficiency,0.347202386125981,0.013664881942681884,1.0677296914742302e-07,0.0008778653268084756,0.050862452811947276,0.006669920327386643,0.456108016212403,0.187973767172864,0.0002760345603232287,0.0010710051140747764,0.05102501117467275,0.004068402990997773,no_anemia_no_deficiency,none,no_anemia_no_deficiency,none
P000625,0,no_anemia_no_deficiency,none,0.13158238127789884,0.014471615614261692,0.05791677457979741,0.0020440580465784417,0.0009117672757431609,0.0014010959388767313,0.023794739948433452,0.003404836052992718,0.01607629769770945,0.0001650307163810081,0.001444287570336492,0.00022103994833242915,no_anemia_no_deficiency,none,no_anemia_no_deficiency,none
P000626,1,copper_deficiency,copper_deficiency,1.5907053897434446e-07,0.000499605149339764,0.0006925610689815525,0.0022937544182851533,0.6294918640304443,0.49308818714678854,0.0248299544333937,0.0010952201753381566,0.999507460777817,0.998306728873754,0.002410672296102378,0.004573214332847877,copper_deficiency,copper_deficiency,copper_deficiency,copper_deficiency
P000627,1,iron_deficiency_anemia,iron_deficiency,0.9999955068829244,0.9998762527658439,0.0005962553208866045,0.002346651355262795,1.1565727410798352e-06,0.0014347027897994597,0.03617461165758457,0.0024554112677002277,0.051320317721626006,0.000791440459795896,2.1986751700803233e-05,0.00023853177654019036,iron_deficiency_anemia,iron_deficiency,iron_deficiency_anemia,iron_deficiency
P000628,1,B12_deficiency_anemia,B12_deficiency,0.000640812272148956,0.0024920204860904476,0.9959280239125241,0.963364119193753,0.08988329301769118,0.12172945595418488,0.09574014642648979,0.0009186852947782702,0.03428064949151319,0.005885741279829526,0.000830421740638467,0.002018996757182204,B12_deficiency_anemia,B12_deficiency,B12_deficiency_anemia,B12_deficiency
P000629,0,no_anemia_no_deficiency,none,0.024605944768347692,0.0016594618370403195,0.07398351927469873,0.006980145854723349,4.936876883223831e-05,0.007089526781137847,0.07385418366427937,0.0023704332598098172,0.11138246446442426,0.00057675690025755,2.3601473720142127e-05,0.00026903144239415357,no_anemia_no_deficiency,none,no_anemia_no_deficiency,none
P000630,0,B12_deficiency_no_anemia,B12_deficiency,0.005708382477890527,0.0006868784873293989,0.9999973124499785,0.9946036430529871,0.022277940699182083,0.024341711234322085,0.0007608170655466244,0.0012162620419771384,0.09553657647038141,0.00033201265030066083,0.052626613631829244,0.0019185808904773048,B12_deficiency_no_anemia,B12_deficiency,B12_deficiency_no_anemia,B12_deficiency
P000631,0,no_anemia_no_deficiency,none,0.000745446022729881,0.003735275879972091,0.0001272432472670931,0.0014586986507308928,0.12163213005663337,0.006194922212458751,0.3572898859411174,0.039626317152576425,0.04401756282028728,0.0001493894480099369,0.0015037899512530264,0.0009496641966858493,no_anemia_no_deficiency,none,no_anemia_no_deficiency,none
P000632,0,latent_deficiency,iron_deficiency,0.9979662366573249,0.999702061425162,0.004665437419895504,0.0009146563567433632,0.23643157923266864,0.012467642412937437,0.0017329010281777464,0.0003452311703164434,0.03541292327416245,0.00013473909355706808,0.0010973790903259166,0.0009582070782362931,latent_deficiency,iron_deficiency,latent_deficiency,iron_deficiency
P000633,0,no_anemia_no_deficiency,none,1.077386111209458e-06,0.0003238271073576766,0.039351029081049246,0.0015607146298596297,0.013151004470308831,0.008397914939305804,0.19270901558954223,0.0035735746923983343,0.0872681293148978,0.00012643861593937617,8.192228333720382e-06,0.002267043788078326,no_anemia_no_deficiency,none,no_anemia_no_deficiency,none
P000634,1,iron_deficiency_anemia,iron_deficiency,0.9956919743952637,0.9932217296774517,0.005446837527419086,0.0031106205470441,0.1883071843624392,0.03157698822129398,0.16657225402703765,0.0038796975619720692,0.03312935354066686,0.0004518771329102047,0.0013587804749535493,0.0007212309515297791,iron_deficiency_anemia,iron_deficiency,iron_deficiency_anemia,iron_deficiency
P000635,0,folate_deficiency_no_anemia,folate_deficiency,0.09802347744877443,0.0019375141551064752,0.019394858025608128,0.006675881454859412,0.8917247784434845,0.9645291216304908,0.0005372273752834557,0.0003480388031662197,0.07866714685692933,0.00033311799400380506,0.0010946007328035156,0.00031194245317482737,folate_deficiency_no_anemia,folate_deficiency,folate_deficiency_no_anemia,folate_deficiency
P000636,1,mixed_deficiency,B12_folate,5.195120398960859e-05,0.00025973828209390355,0.9856602113412316,0.9100787159344498,0.8254059903243477,0.8797537820765343,0.016385611403430436,0.0013120131412593995,0.00021484983383539315,0.0019441469687399412,0.011124477672744744,0.0005730242948632599,mixed_deficiency,B12_folate,mixed_deficiency,B12_folate
P000637,1,B12_deficiency_anemia,B12_deficiency,0.00041617947319208895,0.0007980242730141376,0.9999995826408948,0.9825355480645004,0.18124706175758953,0.35945403488843797,0.0005734808220053031,0.001698746538174137,0.10699776648017843,0.0044679337042548475,0.01033232704595134,0.0011106501265137256,B12_deficiency_anemia,B12_deficiency,B12_deficiency_anemia,B12_deficiency
P000638,1,inflammation_anemia,inflammation,1.4570127412265934e-09,0.0009387006215191893,0.03730837343403169,0.009150398028152911,0.3616675465942112,0.0890881234973772,0.14817096016797315,0.002552678753829111,0.07503184272948316,0.0005164041676900807,0.9935347847096486,0.9859199534219041,inflammation_anemia,inflammation,inflammation_anemia,inflammation
P000639,0,B12_deficiency_no_anemia,B12_deficiency,0.006665764911291974,0.0010000160907826774,0.9877270766242784,0.925374098022249,0.46921663085852755,0.18434395541591758,2.279660237881387e-05,0.0005722454007137084,0.0009369200737891436,0.0005053493014240856,0.00043547846744619134,0.00013932164276642627,B12_deficiency_no_anemia,B12_deficiency,B12_deficiency_no_anemia,B12_deficiency
P000640,0,latent_deficiency,iron_deficiency,0.9939187430401508,0.5949463034873114,8.269340562616258e-09,0.0024003030411817922,0.312657882743095,0.029464793359243336,0.39828835068489793,0.034506639087806094,0.0006029103765994723,0.0032898551019473333,0.0002045507933817752,0.0006059228974717331,latent_deficiency,iron_deficiency,latent_deficiency,iron_deficiency
P000641,1,mixed_deficiency,B12_folate,0.004640768421183703,0.041914730749069956,0.976830115660844,0.9964595794162753,0.9978176472234364,0.9896661867542678,0.06908060136452755,0.00038743202076562956,0.0001609622686640499,0.0024283156145299524,4.267519177711824e-05,0.00035095763115769067,mixed_deficiency,B12_folate,mixed_deficiency,B12_folate
P000642,0,folate_deficiency_no_anemia,folate_deficiency,0.0731002819526966,0.0016612976392911063,0.0003012660321790069,0.009263369657565355,0.9229134912063892,0.9784343339101114,0.017826739904675197,0.0014723862202399303,0.1269241804126284,0.0034841962719749948,0.0027467696532894577,0.0008194815987041963,folate_deficiency_no_anemia,folate_deficiency,folate_deficiency_no_anemia,folate_deficiency
P000643,1,B12_deficiency_anemia,B12_deficiency,0.0003849943222881576,0.000572070216344431,0.9989520196860416,0.9981077719100964,0.6384970371365847,0.24175056147216403,3.591011006376513e-07,0.0003176935400662225,0.26492802746841193,0.0066440440558780236,0.003193913811513363,0.000724563724318401,mixed_deficiency,B12_folate,B12_deficiency_anemia,B12_deficiency
P000644,1,iron_deficiency_anemia,iron_deficiency,0.9999982711114127,0.9998235396533259,0.00719755652640632,0.00028963026051832233,0.26217086679163315,0.31377238655066364,0.2308959669898179,0.004648914016843809,6.511247771518449e-05,0.0016639116132190278,0.036180190981759786,0.0010337652821012283,iron_deficiency_anemia,iron_deficiency,iron_deficiency_anemia,iron_deficiency
P000645,0,B12_deficiency_no_anemia,B12_deficiency,7.61721213809982e-09,0.0004274610652411524,0.9950983140134786,0.9978624944987889,0.13335037727556803,0.02930710371357595,0.01599919796884858,0.0024628515056745143,0.00030595938303009995,0.0010955677912983658,0.0005065910019298669,0.0016618724729113535,B12_deficiency_no_anemia,B12_deficiency,B12_deficiency_no_anemia,B12_deficiency
P000646,0,latent_deficiency,iron_deficiency,0.9999444093662396,0.9910806267007156,0.06576686416783797,0.011576610800032121,0.03967139497728396,0.0035663552406546843,0.008989985027446837,0.0025289444847764212,0.00011630842154607104,0.0010334710459919687,0.004823566675077134,0.0006792045748423653,latent_deficiency,iron_deficiency,latent_deficiency,iron_deficiency
P000647,1,anemia_other,undetermined,5.847175965257051e-06,0.0004296046734166952,0.010375977079383156,0.0015948654051402482,0.02357827307697805,0.008241023654662895,0.04131580616553806,0.004839740541902655,0.9907480055991523,0.41790566329441486,0.0005268803763158819,0.0022629461297573304,copper_deficiency,copper_deficiency,anemia_other,undetermined
P000648,1,folate_deficiency_anemia,folate_deficiency,9.132161567885092e-05,0.0011515270916716462,0.3889869059424575,0.0895057374850604,0.7802152912007763,0.4846098620175114,0.12336265594113044,0.0009659733511526652,0.15968638205316427,0.23016787309438286,0.000494958478404471,0.0010529814847413529,folate_deficiency_anemia,folate_deficiency,anemia_other,undetermined
P000649,0,folate_deficiency_no_anemia,folate_deficiency,0.2353327942813499,0.13177687786606118,0.07753647551461754,0.05199253238018912,0.17047742847921687,0.09266894182422604,0.3572898859411174,0.0008068851956571052,0.00013795134652924045,0.001278102748293839,0.0031056299057383744,0.00010067294339061769,no_anemia_no_deficiency,none,no_anemia_no_deficiency,none
P000650,0,B12_deficiency_no_anemia,B12_deficiency,4.3340705835693644e-08,0.0006023892434138038,0.9994945081441953,0.9920347530208302,0.09790493979045893,0.02493100582130961,0.06463059015910626,0.0027210180089398536,0.0008702198630436287,0.0002989978873613328,2.9240189328668962e-06,0.0006643033161872472,B12_deficiency_no_anemia,B12_deficiency,B12_deficiency_no_anemia,B12_deficiency
P000651,0,latent_deficiency,iron_deficiency,0.9991250908351185,0.9992801657289136,1.3156891707749801e-06,0.0003882439943973992,0.030158005275168775,0.012375154346478878,0.003917062301254118,0.0016797772208009742,0.05369875799051779,0.00033231194198797884,3.230937199098776e-05,0.001345617292199673,latent_deficiency,iron_deficiency,latent_deficiency,iron_deficiency
P000652,1,copper_deficiency,copper_deficiency,1.1039727892050125e-08,0.0006936517297228662,0.002398722436919761,0.004933769613146892,0.17721621160559076,0.08496425907081762,0.14259155294839898,0.0025301550970252052,0.9929535629360722,0.9555547550088782,0.031543941942498516,0.0043604855245381186,copper_deficiency,copper_deficiency,copper_deficiency,copper_deficiency
P000653,1,B6_deficiency,B6_deficiency,0.0005456621121734366,0.0006857639073573912,0.00021563637170941467,0.002448568265454959,0.05022457291157264,0.024098794386569443,0.9958889508816188,0.7847953789716628,0.00020594853339889394,0.004102051169649398,0.06821180292348081,0.8516410235922947,B6_deficiency,B6_deficiency,inflammation_anemia,inflammation
P000654,1,anemia_other,undetermined,5.536421767136329e-05,0.0006619577884208078,0.03438205320024922,0.019428652239646984,0.2968645285054932,0.2835225583704165,0.0005312711655110329,0.0005655633095237179,0.08173416915152236,0.0006330160482332608,0.04603000749130494,0.06216509677849574,anemia_other,undetermined,anemia_other,undetermined
P000655,1,B12_deficiency_anemia,B12_deficiency,1.9039755129267403e-05,0.014437265308244848,0.9999972841379836,0.9987799759181524,0.327482011244547,0.11253198866474404,0.010868192871453073,0.0017772233180825612,0.00033581173307494205,0.0004987877679248808,0.001745398209177583,0.000882653515304368,B12_deficiency_anemia,B12_deficiency,B12_deficiency_anemia,B12_deficiency
P000656,1,mixed_deficiency,iron_B12,0.9999981918807966,0.9997511200241255,0.9999955885990958,0.987789763798473,0.009627465212256266,0.0074828616570303584,0.0003953037708200337,0.0038240268665255114,0.07572448236787534,0.0014083963015702622,0.0003751254654620646,0.0005828393961967067,mixed_deficiency,iron_B12,mixed_deficiency,iron_B12
P000657,1,iron_deficiency_anemia,iron_deficiency,0.9999941370245571,0.9997159540748197,6.0211521151199564e-05,0.00023034024045611706,0.0002612994767161097,0.003928988172169815,0.08819663470476777,0.0029816256014500706,0.010792724233009521,0.0016098322901886694,0.0031298344374682437,0.00022681140192053832,iron_deficiency_anemia,iron_deficiency,iron_deficiency_anemia,iron_deficiency
P000658,1,mixed_deficiency,iron_B12,0.9993693132337833,0.9992530135764458,0.9988559588021644,0.9949898797964308,0.0001286533137291747,0.0041243149890376985,0.0010806959311001965,0.0002703379108419323,5.783183387242726e-05,0.00024681985334964,0.0015696554463820388,0.0007434412010112057,mixed_deficiency,iron_B12,mixed_deficiency,iron_B12
P000659,0,no_anemia_no_deficiency,none,0.040724768627987795,0.012329844482275447,0.02295596911855535,0.0012037414603081444,0.06841039696981006,0.005952740164706783,0.010368290259479572,0.0075047246714962995,4.1821071417893956e-05,0.0002176244695174785,0.0013335466868693773,0.0010675333746969287,no_anemia_no_deficiency,none,no_anemia_no_deficiency,none
P000660,1,inflammation_anemia,inflammation,1.658300259038357e-14,0.00224497592597374,0.0003585627438554382,0.0015591923374310079,0.13405546021165116,0.017684976785425174,2.4321476063245505e-06,0.004500367371100615,0.0895278262791109,0.0007677100579658703,0.9999974127553094,0.9995739451948099,inflammation_anemia,inflammation,inflammation_anemia,inflammation
P000661,1,iron_deficiency_anemia,iron_deficiency,0.9999718256825163,0.9998367576170403,0.028600628022200227,0.004715102746921108,0.0011910467762070735,0.0011722919265120537,0.06792461654518031,0.000885301158677136,1.90297708185184e-05,0.005899872875437817,3.187735145346186e-05,0.000557083364501554,iron_deficiency_anemia,iron_deficiency,iron_deficiency_anemia,iron_deficiency
P000662,1,B6_deficiency,B6_deficiency,3.960833053112543e-05,0.0012755737352209522,0.03680404048999776,0.003749875782717742,0.035740876305293816,0.012235910544519097,0.9147725549039734,0.9373796481790942,0.04442684935892268,0.0027368798972060584,0.0010032022684762292,0.01663745028117181,B6_deficiency,B6_deficiency,B6_deficiency,B6_deficiency
P000663,1,iron_deficiency_anemia,iron_deficiency,0.7723935640497671,0.9924846447812142,0.00032110510456221937,0.002021429379015233,4.625667088438327e-05,0.010974539047955258,0.18989856971960198,0.006163414703449437,0.0029287630664473706,0.006370157246359663,0.001556106515380174,0.0008777874923995409,iron_deficiency_anemia,iron_deficiency,iron_deficiency_anemia,iron_deficiency
P000664,0,no_anemia_no_deficiency,none,0.0037951851457483196,0.0005078529205840654,0.20257803435535607,0.024144203550709398,0.06803741301220724,0.017822321760756633,0.13814180158021366,0.0008017364031883661,0.0896855967255275,0.00045989237863014085,0.004759834579559346,0.00032559633819427135,no_anemia_no_deficiency,none,no_anemia_no_deficiency,none
P000665,1,B12_deficiency_anemia,B12_deficiency,0.07925256570308503,0.0059816848082281,0.9999996422150396,0.9992993095602941,6.558384407426969e-05,0.007873404054845263,0.014028657554440663,0.0005407707668128416,2.2867695673158667e-06,0.0007081970658436912,1.2103143778468751e-05,0.00025810633218861844,B12_deficiency_anemia,B12_deficiency,B12_deficiency_anemia,B12_deficiency
P000666,1,anemia_other,undetermined,2.0385769930245213e-06,0.0002505203524830072,0.06939759035795545,0.01812146275150288,0.19427520623976907,0.04985442711344982,0.007547056480472147,0.00018463957469147218,0.1091060546832519,0.0038456611262260693,4.776652209189874e-05,0.0005220865229079787,anemia_other,undetermined,anemia_other,undetermined
P000667,0,latent_deficiency,iron_deficiency,0.833916174574273,0.9731992977576588,8.930805598810978e-06,0.0033343859260777636,0.1611423668121752,0.009237961406550326,0.10595709239872311,0.056346709959466425,0.043572525134015445,0.000392401296730046,0.0017294905894798829,0.0002695362635981324,latent_deficiency,iron_deficiency,latent_deficiency,iron_deficiency
P000668,1,anemia_other,undetermined,4.999878003350006e-06,0.0005622890763506429,1.0798168653013151e-05,0.0012090621327376387,1.3776315873592245e-05,0.00834246420604293,0.07011142467676598,0.0026124603459689137,0.0014542231602925086,0.0004134122171993676,0.005018919610118191,0.0027983485377387905,anemia_other,undetermined,anemia_other,undetermined
P000669,1,mixed_deficiency,iron_folate,0.9996102083810522,0.9413292733168773,0.009874789287103712,0.0016035593340751452,0.7023535469172432,0.8562141398454186,0.0008490485819037612,0.003954485068768523,0.011264757254457518,0.0007820867488118011,0.05022480174117855,0.12905728116003765,mixed_deficiency,iron_folate,mixed_deficiency,iron_folate
P000670,0,latent_deficiency,iron_deficiency,0.990035943405469,0.9992146403870884,0.013917846223867315,0.0020560884470304268,0.13245508391004696,0.009608888946848354,0.0033840721308811945,0.000593885589268888,0.04308501806643059,0.0004099399042209853,0.00011156567947207989,0.0003708266884842403,latent_deficiency,iron_deficiency,latent_deficiency,iron_deficiency
P000671,0,latent_deficiency,iron_deficiency,0.9999882278081421,0.9884134617587528,0.0006110589805179251,0.0013810909573130268,0.0007697305190280232,0.004720044087774746,0.001828663969896116,0.0010630284713737514,0.08992272235581347,0.00014320767711926966,0.005958085275645847,0.00069138691637986,latent_deficiency,iron_deficiency,latent_deficiency,iron_deficiency
P000672,1,anemia_other,undetermined,0.0023445778239893885,0.0011585319512984408,0.0015313201059581384,0.00126326805356844,0.4321134422847512,0.04451386909382248,0.003998534454664604,0.00031007521882789015,0.07817793646647696,0.000885382938535069,0.0008575826093389221,0.0029818470217583912,anemia_other,undetermined,anemia_other,undetermined
P000673,1,B6_deficiency,B6_deficiency,5.29361088231689e-05,0.15230340720974722,0.06474160930989481,0.006045530099413193,0.09651474531798475,0.06661935735125483,0.9993912092898608,0.9873115751435836,0.10497671296250018,0.005994346656310909,0.0019979955846162406,0.0033690185869968735,B6_deficiency,B6_deficiency,B6_deficiency,B6_deficiency
P000674,0,B12_deficiency_no_anemia,B12_deficiency,0.05749628403778053,0.0039275594194586785,0.9116900444820641,0.9795278341550848,0.25439657709832714,0.11211471856539548,0.11784386091331805,0.0007848112434642438,0.00016765003050816518,0.0053634026915096245,1.7387964741741217e-05,0.0003162796067287571,B12_deficiency_no_anemia,B12_deficiency,B12_deficiency_no_anemia,B12_deficiency
P000675,1,B12_deficiency_anemia,B12_deficiency,4.9519481243061383e-05,0.0006838533022127095,0.976131134433916,0.9921522121673616,0.21935595356951285,0.5562547404311412,0.13054925112743004,0.0007622908804490552,0.00017992093150002794,0.0004158455981153228,0.0018110629767376278,0.0006214495711400938,B12_deficiency_anemia,B12_deficiency,mixed_deficiency,B12_folate
P000676,1,mixed_deficiency,iron_B12,0.8889907612319842,0.9834973954033621,0.6989612182102157,0.928966737837516,0.022809371510668634,0.003527091126785178,0.0014690501919547364,0.011513835179470116,0.08187944036525098,0.00045626203724361035,0.08746603772153028,0.0050231110505634695,mixed_deficiency,iron_B12,mixed_deficiency,iron_B12
P000677,0,B12_deficiency_no_anemia,B12_deficiency,0.0014344932052196458,0.006673612741954861,0.7863903543071951,0.857352649956929,0.18404409819025438,0.010524688383133652,0.017047480770859227,0.0019252969721219857,0.019532701971603787,0.0017769068876412573,0.006451214504527962,0.0004093111392077285,B12_deficiency_no_anemia,B12_deficiency,B12_deficiency_no_anemia,B12_deficiency
P000678,1,inflammation_anemia,inflammation,4.913046786110531e-08,0.00037080298395517167,0.005712519425204308,0.007465215811399636,0.09185223112791663,0.07426704009321299,0.003499194061718447,0.0026517465025805483,0.0013477702835525474,0.000719012956778085,0.9999999958130947,0.9997613251061727,inflammation_anemia,inflammation,inflammation_anemia,inflammation
P000679,0,B12_deficiency_no_anemia,B12_deficiency,0.0002836882165889033,0.0005875175251480922,0.9998922249813377,0.9928910324584689,0.00016687174525724616,0.0336283380719187,0.0925768604887086,0.0018171567172778334,0.015622294632586456,0.011410986657672028,0.00708316432670916,0.00031792480070684444,B12_deficiency_no_anemia,B12_deficiency,B12_deficiency_no_anemia,B12_deficiency
P000680,0,latent_deficiency,iron_deficiency,0.9888661860455633,0.9982746854270323,0.020982063070745852,0.0011753284925455545,0.06337839046466404,0.003640870529199596,0.007630411017589629,0.001898712389445512,0.002053445122788022,0.0002940478642848285,6.879667281228506e-05,0.0005587492429857532,latent_deficiency,iron_deficiency,latent_deficiency,iron_deficiency
P000681,1,folate_deficiency_anemia,folate_deficiency,0.0012721114061411676,0.0006387115232671434,0.13669362359152404,0.2617512991087447,0.9764582193463156,0.9867504701524689,6.147443887374009e-05,0.0002614006009065474,0.01857898591363935,0.009119724514190675,0.0034494858773710117,0.00019075019362547725,folate_deficiency_anemia,folate_deficiency,folate_deficiency_anemia,folate_deficiency
P000682,0,latent_deficiency,iron_deficiency,0.9936737812009828,0.9854760539625251,0.0005922521049090998,0.0020538705193515853,0.08005641354607392,0.007417187938703924,0.32050617511356094,0.011636476967248316,0.00016544177929721089,0.001384693258957671,0.0330327896908399,0.01575248465431933,latent_deficiency,iron_deficiency,latent_deficiency,iron_deficiency
P000683,1,folate_deficiency_anemia,folate_deficiency,1.5344425607340426e-07,0.0002182145291688196,0.2909835530717539,0.17325665909027857,0.988078161644182,0.9883669242867255,0.12713096845349053,0.0007798012480053418,0.0023363509564040324,0.001712676279237252,4.151425500334252e-06,0.0004523601565048547,folate_deficiency_anemia,folate_deficiency,folate_deficiency_anemia,folate_deficiency
P000684,1,B12_deficiency_anemia,B12_deficiency,0.0034297895762466428,0.03115106675820174,0.9997905696190438,0.9924258552789613,0.1889888570402344,0.13075163620330887,0.16704928763430296,0.00625884087309181,2.32591738678588e-06,0.005878010914158299,0.00027608997394373407,0.0008522542563472175,B12_deficiency_anemia,B12_deficiency,B12_deficiency_anemia,B12_deficiency
P000685,0,no_anemia_no_deficiency,none,4.523360319799012e-07,0.0005204870912220848,0.0006403539529630074,0.0005271889006888182,0.19558754658215421,0.023338921941537465,0.3572898859411174,0.0005022775163118109,0.0002745710014339776,0.0004478162172824764,0.13527251080121133,0.0016157359250820555,no_anemia_no_deficiency,none,no_anemia_no_deficiency,none
P000686,1,mixed_deficiency,iron_folate,0.9999996211135688,0.9968870557666785,0.0028084218662291654,0.0025624051695015892,0.7503647436859319,0.325008416166263,0.02940875708609236,0.009715297945974173,5.271544105485984e-08,0.0016099047112451761,0.04895855686809471,0.0010420036093491314,mixed_deficiency,iron_folate,iron_deficiency_anemia,iron_deficiency
P000687,1,iron_deficiency_anemia,iron_deficiency,0.9999013070440357,0.9997270798714959,0.0017137976172910269,0.00111498035325474,0.022746277667828482,0.008656180815892856,0.3572898859411174,0.001967446599828217,1.6449436828114405e-12,0.008658319240476465,0.0076341069542172485,0.003093659342831524,iron_deficiency_anemia,iron_deficiency,iron_deficiency_anemia,iron_deficiency
P000688,0,B12_deficiency_no_anemia,B12_deficiency,1.455429266288893e-06,0.0008921164219452063,0.7532095400674022,0.7686966593431152,0.11929872938683708,0.014048048173076874,0.20741498212346723,0.001439119438813383,0.003568442161424368,0.002304065204582805,2.2185032580447206e-05,0.00026837295283485676,B12_deficiency_no_anemia,B12_deficiency,B12_deficiency_no_anemia,B12_deficiency
P000689,1,mixed_deficiency,iron_B12,0.9999997106228133,0.9997871513321092,0.7871318025790762,0.9773390048755066,0.0006693990139878686,0.0025559489663824356,0.3572898859411174,0.000321666753638427,0.12526737624179218,0.0008107724023996531,0.0027577075675045606,0.0005609554145129492,mixed_deficiency,iron_B12,mixed_deficiency,iron_B12
P000690,1,anemia_other,undetermined,0.2045295724936493,0.4293424102099089,0.00012934961701804317,0.0014878561100221282,0.03252998154395172,0.0018418495406063707,0.08629149055178967,0.04879858256701677,0.03591361437692482,0.008611265721535193,0.000911168081248583,0.0012254584989552478,anemia_other,undetermined,anemia_other,undetermined
P000691,1,iron_deficiency_anemia,iron_deficiency,0.9988096862952838,0.9002812625995115,1.4686488699789309e-08,0.0018143228166231894,0.7613023199771265,0.3675567058374238,0.5212382697042601,0.02856988875985638,0.12334913881920527,0.002516842527158409,0.0006209323362848172,0.000550597231225298,mixed_deficiency,iron_folate,iron_deficiency_anemia,iron_deficiency
P000692,0,B12_deficiency_no_anemia,B12_deficiency,0.006823127179223302,0.00204396268437404,0.9999979304286591,0.9986137279237246,0.3392291942712054,0.031295638338618356,0.00028253530448418314,0.0005256209715137402,0.00021915875239314272,0.0006330310959752655,0.0015817909523877154,0.00016758157238355617,B12_deficiency_no_anemia,B12_deficiency,B12_deficiency_no_anemia,B12_deficiency
P000693,1,iron_deficiency_anemia,iron_deficiency,0.9941254529511439,0.9997030402493088,0.044588141372934764,0.00930708834681337,6.076721427046359e-05,0.002394765833216331,0.027768852565414014,0.0003858056085936535,0.08628113459730981,0.0005291241434755904,0.0032692979801889495,0.0006950231175668779,iron_deficiency_anemia,iron_deficiency,iron_deficiency_anemia,iron_deficiency
P000694,0,no_anemia_no_deficiency,none,0.02596918320065177,0.002534723561325095,0.03326905862420086,0.0035813570816775756,0.03940312512673993,0.00560282703620013,0.015254755113371123,0.0021531892028986916,0.0015296968862802997,0.001607277593710197,0.0020686194356578087,0.0001166320378307379,no_anemia_no_deficiency,none,no_anemia_no_deficiency,none
P000695,0,latent_deficiency,iron_deficiency,0.8983471641614176,0.996328062789813,0.1877612960477516,0.018183615190856903,0.00046321627314214363,0.005720280562442275,0.0005690240190644651,0.00023851849355422042,0.05102136247674139,0.00028760143021015256,0.0008717939054175302,0.0003175380363276298,latent_deficiency,iron_deficiency,latent_deficiency,iron_deficiency
P000696,1,iron_deficiency_anemia,iron_deficiency,0.999903584870308,0.9996183448819106,0.031169952120850778,0.02236221848020348,0.014636004521708683,0.0034188516419477073,0.3572898859411174,0.0005902847329143626,0.005624172084184508,0.0028822558752982837,9.428397514035108e-05,0.0003161696035241482,iron_deficiency_anemia,iron_deficiency,iron_deficiency_anemia,iron_deficiency
P000697,1,folate_deficiency_anemia,folate_deficiency,0.0009838488761222586,0.0006760517345509443,0.029025112021898607,0.007727315665427346,0.8593400559459387,0.9164264017320143,0.14297990987724968,0.002277379244779538,4.709465733681709e-05,0.0006810423332079249,0.002197549304584585,0.001767508702936251,folate_deficiency_anemia,folate_deficiency,folate_deficiency_anemia,folate_deficiency
P000698,1,mixed_deficiency,iron_B12,0.9999969170419365,0.999881779535414,0.9670889323908156,0.9944352568901997,0.21343663730829407,0.11687022155276286,0.020550051181629954,0.0025151687732441266,0.0003366272739601791,0.0002540557846628744,2.1719157460303947e-05,0.0005902544341882982,mixed_deficiency,iron_B12,mixed_deficiency,iron_B12
P000699,1,folate_deficiency_anemia,folate_deficiency,0.004547970496599563,0.0013903177555786,0.0004908203660908243,0.02654823694280595,0.9887790583271887,0.9906039567075461,0.031517627746814665,0.00201477411575479,0.0018044206461960398,0.000977626697000614,0.0007391301725738818,0.0003733330296919379,folate_deficiency_anemia,folate_deficiency,folate_deficiency_anemia,folate_deficiency
P000700,0,no_anemia_no_deficiency,none,0.03551272144546168,0.005363303040329807,0.039496862049463864,0.0021072713747840974,0.19741522938045591,0.0495615908178011,0.013094085324149832,0.0009990655631315346,0.07423482853288055,0.0002035438693864676,0.0012259822603193614,0.0007111744088628731,no_anemia_no_deficiency,none,no_anemia_no_deficiency,none
P000701,1,mixed_deficiency,iron_B12,0.999996472588655,0.9992583493782611,0.9984579996821741,0.9873454991119156,0.1556726679981303,0.07713391454704245,0.1183502250196034,0.0008834948829742201,0.0002835395173603892,0.00020128551842790712,0.0031268185568598776,0.00020216562532254936,mixed_deficiency,iron_B12,mixed_deficiency,iron_B12
P000702,1,anemia_other,undetermined,0.0005765160867939088,0.0002770596532142459,0.008320759445457602,0.004754322666026371,0.3126616083928085,0.1672549691990846,0.005664678273257624,0.0006976684635190067,0.010219667527188054,0.0012683251758142252,0.0015468322898991198,0.0021299844868408082,anemia_other,undetermined,anemia_other,undetermined
P000703,1,copper_deficiency,copper_deficiency,2.1607853918698605e-08,0.0004910396017311751,0.006500696523085939,0.0028437660165501477,0.47438390187165363,0.1240398692470695,0.021823628619814107,0.002818369261724373,0.9999912515223499,0.9949511345721019,0.0002615770745216893,0.0026645279318093,copper_deficiency,copper_deficiency,copper_deficiency,copper_deficiency
P000704,1,anemia_other,undetermined,3.436109841843885e-06,0.0001394327059717605,0.030124395541500044,0.0016413384551069393,0.040535721744122885,0.036805275789135006,0.02979328884908917,0.0007761665976426647,0.00038643226788902566,0.00023356182739357552,0.003953391301134618,0.0004834292261609409,anemia_other,undetermined,anemia_other,undetermined
P000705,0,no_anemia_no_deficiency,none,0.00793844974400383,0.022849936861826726,0.23670833445770367,0.006289318585967097,0.00016902121464819074,0.03428905432755545,0.022440611384982555,0.000429702039005113,0.08187944036525098,0.0017578131440506022,0.001966706966762395,0.000634716506374261,no_anemia_no_deficiency,none,no_anemia_no_deficiency,none
P000706,1,iron_deficiency_anemia,iron_deficiency,0.9999972604198288,0.9997290346457863,2.8332098247509065e-05,0.0003493654380015963,0.17983506204651545,0.012845983597510076,0.02454295590349074,0.012816660436482517,0.004502302806736136,0.0004294431620878793,3.30354759381711e-06,0.00143964908894531,iron_deficiency_anemia,iron_deficiency,iron_deficiency_anemia,iron_deficiency
P000707,1,inflammation_anemia,inflammation,0.4933409416783651,0.011786773632895951,0.0020379582133572233,0.00015721118049680425,0.05609353030254807,0.005049227550152212,0.038033305471648265,0.0010167543529490332,2.3098514747926526e-05,0.0007198073639380241,0.9998913569428486,0.9997508019236364,inflammation_anemia,inflammation,inflammation_anemia,inflammation
P000708,1,B6_deficiency,B6_deficiency,3.912526772395377e-06,0.0007481685712004879,0.0414181406177361,0.0038442578610415677,0.01377447944329668,0.011483752582870875,0.6498017769995217,0.996201258097665,0.023557365387963474,0.0010215953456150966,0.008896648714213543,0.003618784668722857,B6_deficiency,B6_deficiency,B6_deficiency,B6_deficiency
P000709,1,mixed_deficiency,iron_B12,0.8800661840685962,0.9983754630260357,0.9998544441675411,0.9990226194556528,0.1555344273075068,0.01145968081114647,0.3572898859411174,0.0009395219618748782,0.05463252544510547,0.0005944521036285955,0.004399402290904897,0.014782183961003238,mixed_deficiency,iron_B12,mixed_deficiency,iron_B12
P000710,1,iron_deficiency_anemia,iron_deficiency,0.9999999137311185,0.9997378132684439,0.0129966521737476,0.00832312209135834,0.03371989836007073,0.013519636668518076,0.23671151204587684,0.0004883567026827913,0.0942060121610203,0.00014217629183129377,0.005726023454159158,0.0006992740045488955,iron_deficiency_anemia,iron_deficiency,iron_deficiency_anemia,iron_deficiency
P000711,1,B12_deficiency_anemia,B12_deficiency,0.07658173579083988,0.0869264452390146,0.9999947318038429,0.9990112254208171,0.05412106107606023,0.007845734731389553,2.2919432755722466e-06,0.0006533003227289716,0.007249181904617663,0.003950904889011204,0.003343028563698493,0.0008401575562652378,B12_deficiency_anemia,B12_deficiency,B12_deficiency_anemia,B12_deficiency
P000712,1,B12_deficiency_anemia,B12_deficiency,1.9873234094089337e-06,0.0027642364762944975,0.9999553506882316,0.9980174382464175,2.0119345457349943e-05,0.007558749978373879,0.09007531354896874,0.0008944310494539466,0.03431185578737844,0.0034782195174223847,0.0009693670244235633,0.0014178452231590239,B12_deficiency_anemia,B12_deficiency,B12_deficiency_anemia,B12_deficiency
P000713,0,B12_deficiency_no_anemia,B12_deficiency,0.007488433280811208,0.004941730372795085,0.9954127532360532,0.9973241917029225,0.2357132133522814,0.11336086825067587,0.14583046648508408,0.0022924676497687764,0.2583080309626902,0.01221262028019628,0.002216382887270368,0.0007042603887755207,B12_deficiency_no_anemia,B12_deficiency,B12_deficiency_no_anemia,B12_deficiency
P000714,0,no_anemia_no_deficiency,none,0.09900589957579072,0.004579098888662172,0.056265224361331814,0.010687933700713342,0.6076498300013189,0.4843145467129931,0.3572898859411174,0.0003429482110010217,1.1406367212356062e-07,0.0015161446187719426,0.0008011483116117326,0.00019517995456066835,folate_deficiency_no_anemia,folate_deficiency,no_anemia_no_deficiency,none
P000715,1,anemia_other,undetermined,0.0010204570046993336,0.0014091161757255367,3.664693604112814e-06,0.00028987463782224014,6.6075484890757864e-06,0.022174916767291813,0.25259148990959646,0.013677318730628446,0.0002711276352682455,0.0013119534982822343,0.00015634591225734354,0.0007657980932674884,anemia_other,undetermined,anemia_other,undetermined
P000716,1,folate_deficiency_anemia,folate_deficiency,0.008792631335451289,0.030174085824579044,0.8099042803575739,0.5157889948138358,0.9972778940079985,0.9921136220409268,0.00042942397876000307,0.00047112394930235715,0.016010826357403526,0.016545777928239035,8.10235127210414e-06,0.00035383163944161466,mixed_deficiency,B12_folate,mixed_deficiency,B12_folate
P000717,1,anemia_other,undetermined,8.83651574713654e-06,0.0002675271652231432,0.00038123697933979065,0.0023219279612816616,0.5377665374648253,0.5223528777437947,0.13915824815825475,0.0009522361758165943,0.013345264326872686,0.0006505105705352047,0.022099679390758548,0.0021165042060380316,folate_deficiency_anemia,folate_deficiency,folate_deficiency_anemia,folate_deficiency
P000718,0,latent_deficiency,iron_deficiency,0.9999997499828784,0.99971157315368,5.728776814883794e-05,0.001957392010055518,1.2072465763269999e-06,0.0017088909416824263,0.48181389708720557,0.013439255321960136,0.09031494660183732,0.0002751003255575747,0.011143872010661034,0.000537192018414216,latent_deficiency,iron_deficiency,latent_deficiency,iron_deficiency
P000719,1,mixed_deficiency,B12_folate,0.003686705821829937,0.011072184870926084,0.9999853901738607,0.9985832877688715,0.28051878126109225,0.07879613901991807,0.3572898859411174,0.0002473844900661739,7.133633357336e-05,0.00038544022909752597,7.569759793890263e-05,0.0007821687712932538,B12_deficiency_anemia,B12_deficiency,B12_deficiency_anemia,B12_deficiency
P000720,1,iron_deficiency_anemia,iron_deficiency,0.9902263063546854,0.9977417321437161,0.05341322451930992,0.006032671640377006,0.39756059581092523,0.3234158936524528,0.1324272967825456,0.04697073912965424,0.10119343643028168,0.0008827922079577498,0.0035858048444109836,0.0005435847205157014,iron_deficiency_anemia,iron_deficiency,iron_deficiency_anemia,iron_deficiency
P000721,0,B12_deficiency_no_anemia,B12_deficiency,0.0613851173852678,0.006350837343451386,0.846855389997685,0.5783264742209909,4.8229048161876826e-05,0.0027832590014393176,0.3572898859411174,0.0029848524850419255,0.004666872021162908,0.004037184472258225,0.0005047353163882552,0.0003002102814122998,B12_deficiency_no_anemia,B12_deficiency,B12_deficiency_no_anemia,B12_deficiency
P000722,1,anemia_other,undetermined,0.01932076779784888,0.003201173781765397,0.005904325803159604,0.0030815572488971286,0.1168208456309721,0.06226739371259049,0.3572898859411174,0.006894459342259775,0.11687990149070154,0.006872910749145701,0.0032431743587848726,0.0009320715759510731,anemia_other,undetermined,anemia_other,undetermined
P000723,1,iron_deficiency_anemia,iron_deficiency,0.9053563349184479,0.9545818768678982,0.005814788937910852,0.010938263908664134,0.288537405333957,0.19338633933649368,0.017638184488893205,0.026539303068475906,0.10999684101539206,0.0011312812342546966,0.001960005830003756,0.0006034843528473235,iron_deficiency_anemia,iron_deficiency,iron_deficiency_anemia,iron_deficiency
P000724,1,mixed_deficiency,B12_folate,0.032427380299216685,0.009416325102132347,0.9999999706291782,0.9970851376754893,0.15291126936343463,0.14314826803800135,0.01017692676032939,0.0004431791422947365,0.03548094399150883,0.003237893564021064,1.6793497200834557e-05,0.00038804687962191916,B12_deficiency_anemia,B12_deficiency,B12_deficiency_anemia,B12_deficiency
P000725,1,iron_deficiency_anemia,iron_deficiency,0.9999990600404396,0.9998016814941448,0.0026854856630155887,0.001192988937140102,0.22440726145852644,0.017340248652666767,0.26244724062937524,0.0015093117755232267,0.12492922499871723,0.0013465249717536554,6.87459593351823e-05,0.0008032141611880027,iron_deficiency_anemia,iron_deficiency,iron_deficiency_anemia,iron_deficiency
P000726,1,mixed_deficiency,iron_folate,0.9999957607133849,0.9993942171729018,0.018635143233956743,0.0002930288480706901,0.8270112261801107,0.8337324580339232,0.0003740340620979278,0.0027482799222635916,0.11087003333846969,0.007813134214570519,0.0001014112348663495,0.0010036148501905348,mixed_deficiency,iron_folate,mixed_deficiency,iron_folate
P000727,1,mixed_deficiency,B12_folate,0.0003510325834923599,0.0014587783996268962,0.9997438616327451,0.9883292421789004,0.9281828674571159,0.9787471800599956,0.004846226167888003,0.0001936096905186498,0.0005027216599384317,0.0017035993132237196,4.3074857013418614e-05,0.00031126450141352513,mixed_deficiency,B12_folate,mixed_deficiency,B12_folate
P000728,0,B12_deficiency_no_anemia,B12_deficiency,0.013026072999605013,0.010797146844821732,0.9999885654285183,0.9997426774745339,0.6542194551710104,0.1839649692968338,0.0008288616649550773,0.00110720382757416,0.05602864052014341,0.0013380613824681535,0.0005237452971570104,0.00014260863567325529,mixed_deficiency,B12_folate,B12_deficiency_no_anemia,B12_deficiency
P000729,1,inflammation_anemia,inflammation,0.020973239496600387,0.0020427751208860053,6.705556543167123e-05,0.0008914037048935116,0.12396173362167766,0.00272874596594543,0.28225742071301646,0.06173050298571924,0.00020604426503617924,0.0003179761294517577,0.9999966110664177,0.9996293268712616,inflammation_anemia,inflammation,inflammation_anemia,inflammation
P000730,0,B6_deficiency,B6_deficiency,0.14069928536864607,0.057762589221952806,0.022189112014992803,0.0021211042740640258,0.24719415393773417,0.10624646026642941,0.9993075653769149,0.9660158503608686,0.10323434636870397,0.0009381588715139018,0.0009291238249225441,0.0006092990737416309,B6_deficiency,B6_deficiency,B6_deficiency,B6_deficiency
P000731,1,mixed_deficiency,iron_folate,0.9935636850738234,0.9830442927141466,0.009192319653584875,0.006105532159469602,0.42792215348175666,0.3114081849185436,0.03365171904711926,0.013777198956688459,0.08367732692484904,0.002319032363803032,0.00032761267826069324,0.0008115984001569598,iron_deficiency_anemia,iron_deficiency,iron_deficiency_anemia,iron_deficiency
P000732,0,B12_deficiency_no_anemia,B12_deficiency,0.0008269067526533446,0.008715237216358565,0.9999997901515848,0.9987121823508809,0.39766325721956797,0.6296207716037384,0.117858316824555,0.001235339804410387,0.10929418523940108,0.00028465672857340315,0.00018498822919614774,0.00022887087053870977,B12_deficiency_no_anemia,B12_deficiency,mixed_deficiency,B12_folate
P000733,1,mixed_deficiency,iron_folate,0.9997157555081676,0.9997902619042064,0.2741234280089803,0.37908448679174206,0.9276328290900705,0.9449990451155709,0.15788912301475339,0.0003098742166673262,0.003320636275305724,0.0010795962687638776,0.001454740753636593,0.00026006023546106406,mixed_deficiency,iron_folate,mixed_deficiency,iron_folate
P000734,1,B12_deficiency_anemia,B12_deficiency,0.00325995216551967,0.0006751660157024796,0.994351864301718,0.947985887068359,0.0011974702591362948,0.01024470389917078,0.3572898859411174,0.00171806605393877,0.006438899257571269,0.007609106219217576,0.007992368193490057,0.0007338955325133829,B12_deficiency_anemia,B12_deficiency,B12_deficiency_anemia,B12_deficiency
P000735,0,folate_deficiency_no_anemia,folate_deficiency,3.055457646177584e-06,0.00023288027349248477,0.05202960057902574,0.005351751082722495,0.9373178509153479,0.9562133923557585,0.3572898859411174,0.0008364764911097146,0.004998467312065425,0.004948988626419526,0.002603238116504018,0.00025235115327938636,folate_deficiency_no_anemia,folate_deficiency,folate_deficiency_no_anemia,folate_deficiency
P000736,1,iron_deficiency_anemia,iron_deficiency,0.9964798421936978,0.99960914370813,0.11466723675907721,0.02762093445439838,6.053494688637688e-05,0.0014435454293839117,0.0023181892312658108,0.0015389778054494575,0.0006208745341900693,0.00015636447014694905,0.003948768780393332,0.0014219892711945876,iron_deficiency_anemia,iron_deficiency,iron_deficiency_anemia,iron_deficiency
P000737,1,inflammation_anemia,inflammation,3.849404560162723e-09,0.002705109007861883,0.01677808268979683,0.0355533955232989,0.0008897150825003526,0.016761916098850055,6.2636950726614776e-09,0.0027779396590415025,0.06712868719067602,0.0008450346267027763,0.9999349877363383,0.9156076393411027,inflammation_anemia,inflammation,inflammation_anemia,inflammation
P000738,1,iron_deficiency_anemia,iron_deficiency,0.9998195028384493,0.9996844980554924,0.2578306620776419,0.03758712655009818,3.0154353988333176e-07,0.001963276482019189,0.30630284776386046,0.017404592041146676,0.006276607107031849,0.0034733209239401356,0.012005964525934946,0.0028585427359488634,iron_deficiency_anemia,iron_deficiency,iron_deficiency_anemia,iron_deficiency
P000739,1,iron_deficiency_anemia,iron_deficiency,0.9999999969257682,0.9993519067432513,0.0009582323652363614,0.0007710260300845927,0.05120291763874922,0.024567558891158518,0.001642936458547551,0.0017811793234086936,0.08573989922243647,0.00028543274399357797,4.0396655347814685e-06,0.0007328984534478066,iron_deficiency_anemia,iron_deficiency,iron_deficiency_anemia,iron_deficiency
P000740,1,B12_deficiency_anemia,B12_deficiency,0.0017662797869136303,0.0005813782409605126,0.9952593814244232,0.9928829063374485,0.9277216677956243,0.24521224115840226,0.0630263735485681,0.00035309265082889696,0.00014904807119977073,0.007480436517443069,0.0017200060008453074,0.0003982386911670437,mixed_deficiency,B12_folate,B12_deficiency_anemia,B12_deficiency
P000741,0,no_anemia_no_deficiency,none,0.0001345987865490539,0.007266799618787552,0.006149295311969257,0.0026214398124331435,0.07254983471818079,0.007816859375176377,0.41172678900936177,0.029045538037291044,0.08241116636399133,0.0009621464154551823,0.02122487159779474,0.0008721144334185881,no_anemia_no_deficiency,none,no_anemia_no_deficiency,none
P000742,0,no_anemia_no_deficiency,none,0.005082038835925419,0.0034040316679508774,0.014962028422377,0.0031774335867749857,0.07880101416457776,0.007013098509469187,0.3572898859411174,0.0026370259697392913,0.00029338910115350204,0.0008201426914609874,0.002206851148208184,0.002179814185793415,no_anemia_no_deficiency,none,no_anemia_no_deficiency,none
P000743,0,latent_deficiency,iron_deficiency,0.9999409819541146,0.9990282793992732,0.04102381465986272,0.003681680844421207,0.07599380573629343,0.005916220799271537,0.3572898859411174,0.009264522403753988,0.002752248155427569,0.0010600627501812126,0.012654251010557187,0.000633146283346955,latent_deficiency,iron_deficiency,latent_deficiency,iron_deficiency
P000744,1,mixed_deficiency,iron_B12,0.9998201887647851,0.9976994554623304,0.9314809858913662,0.9618816973261634,9.958367285551463e-07,0.019287855147766507,0.3572898859411174,0.0011920327639220116,0.12138181162181322,0.00042301860054649024,0.03935939051494727,0.00563006759031703,mixed_deficiency,iron_B12,mixed_deficiency,iron_B12
P000745,1,B12_deficiency_anemia,B12_deficiency,0.023438621881320027,0.031119528170376495,0.9995970519351606,0.997659866309903,0.38344062845016125,0.050846008291200825,0.12394840862521458,0.001633462295889437,0.09883545378029718,0.0010313891187093355,0.0025150868776601136,0.0007400876977597942,B12_deficiency_anemia,B12_deficiency,B12_deficiency_anemia,B12_deficiency
P000746,1,folate_deficiency_anemia,folate_deficiency,0.0011193173999022195,0.0026316514032093162,0.0006159838218823573,0.0024264670454973514,0.5563230607545624,0.29851098243073876,2.7606089780976015e-08,0.0017619559678490999,0.11097578389783613,0.000434094828919093,0.002766261362560198,0.014911409576872836,folate_deficiency_anemia,folate_deficiency,anemia_other,undetermined
P000747,1,mixed_deficiency,iron_folate,0.9997904648293293,0.995225402637673,2.9750460408847472e-05,0.004276196150306338,0.9629007216118902,0.9459699932220926,0.3790130188420153,0.010651837395124899,0.09472228347258264,0.0008792616629835126,0.004624140710308209,0.005208749688786707,mixed_deficiency,iron_folate,mixed_deficiency,iron_folate
P000748,1,anemia_other,undetermined,1.379777286020663e-11,0.0031014379474300024,0.3661345387480571,0.044250433497664436,0.0005222869560839084,0.001006436873317989,0.45140633667524654,0.13596509273136576,0.0017324241653841092,0.0013968447722369323,0.015357478672155402,0.005319857291185568,anemia_other,undetermined,anemia_other,undetermined
P000749,0,B6_deficiency,B6_deficiency,0.0017226621378824177,0.020233610881910665,0.0016378263385941271,0.0030274910796994456,0.051150028666809164,0.0047639538423596495,0.9816846373151447,0.9905171704556771,0.08558841724617068,0.0002950533241303539,0.002763473489699765,0.0004307203310261429,B6_deficiency,B6_deficiency,B6_deficiency,B6_deficiency
P000750,1,B12_deficiency_anemia,B12_deficiency,0.0002329536840325083,0.0007628590212757242,0.9999999450778879,0.9997588141800193,0.11952405462519777,0.3097593591690685,0.3572898859411174,0.0006967660092715718,0.01617082832887625,0.0007654397777109933,9.996678674856881e-05,0.0003235163428295775,B12_deficiency_anemia,B12_deficiency,B12_deficiency_anemia,B12_deficiency
P000751,0,no_anemia_no_deficiency,none,0.00036397277396654467,0.0020008883724831673,0.09358602414577254,0.004951191557618499,0.07853329672100921,0.03794031973854995,0.004195523499597329,0.0005041796974700085,0.007344857978195548,0.0003976743655976831,0.0049394036544235225,0.0014197555051018132,no_anemia_no_deficiency,none,no_anemia_no_deficiency,none
P000752,1,anemia_other,undetermined,0.16136540658125464,0.015678677441429426,0.03258619838749526,0.002438322619074114,0.6974172656965816,0.6222889578144434,0.05412272493142702,0.006041790038483692,0.09426209796402706,0.000347859930398932,8.50787121259201e-05,0.00014744895144132788,folate_deficiency_anemia,folate_deficiency,folate_deficiency_anemia,folate_deficiency
P000753,1,mixed_deficiency,iron_folate,0.9999996888212208,0.9990018565781181,0.00033194374094464675,0.0012724397151294758,0.3256583329626978,0.03322573448243791,0.0014383760993126654,0.001351313085452827,0.07370059060699458,0.0005248206818886075,0.008230718674953532,0.001621782839731082,iron_deficiency_anemia,iron_deficiency,iron_deficiency_anemia,iron_deficiency
P000754,0,latent_deficiency,iron_deficiency,0.9993963749060667,0.9995429752997661,0.012318892496169805,0.0007586785384311494,0.12978113466744243,0.002635463798302225,0.016344435582033173,0.0005006245617769004,0.03920106326705284,0.00012035513231827227,0.012960010063507076,0.00034253422503636386,latent_deficiency,iron_deficiency,latent_deficiency,iron_deficiency
P000755,1,iron_deficiency_anemia,iron_deficiency,0.9588567481633854,0.9872494490566235,0.029543257754085315,0.006250573400946942,0.07599360924288177,0.03612933440601889,0.018674456760222037,0.005284979246077769,0.09407401059744395,0.015861770952995145,0.0007610637244803834,0.0005515940831443759,iron_deficiency_anemia,iron_deficiency,iron_deficiency_anemia,iron_deficiency
P000756,1,folate_deficiency_anemia,folate_deficiency,5.07246148918463e-07,0.00042473028829207864,0.13958390805732296,0.034174564889074784,0.3264559981643386,0.3754555755307937,0.0003303546686549644,0.00028934406510055144,0.06848256158840296,0.021512354274052688,0.018715566660998318,0.018708913827873777,anemia_other,undetermined,anemia_other,undetermined
P000757,0,no_anemia_no_deficiency,none,6.255912700318613e-06,0.00029955671102892213,0.007040468756494408,0.0057942117116681876,0.35163498147880873,0.12910908896090237,0.008737880343666744,0.00028252021432553494,0.11157402862846612,0.0022187332692112896,0.023051102206855457,0.0006550917632647989,no_anemia_no_deficiency,none,no_anemia_no_deficiency,none
P000758,1,mixed_deficiency,iron_folate,0.9999997863308142,0.9997881914570018,0.013459570206102065,0.018315220644884583,0.951975782352944,0.9867445526265618,0.08342299120041129,0.0006347864066505284,0.11399297682840304,0.00022852629125263459,5.727066310059844e-05,0.0007016651859979456,mixed_deficiency,iron_folate,mixed_deficiency,iron_folate
P000759,1,anemia_other,undetermined,5.640491716697457e-06,0.002908743563966216,0.11178614657521477,0.015185657812508612,0.00019175442965954878,0.003238005744024471,0.07437099451379969,0.0016623075082490147,9.226146150240383e-05,0.00037019037593849724,2.206158259367561e-05,0.0007050098274873363,anemia_other,undetermined,anemia_other,undetermined
P000760,0,no_anemia_no_deficiency,none,1.1362278004062826e-10,0.0004895573367847879,0.043338011015860066,0.004857480735901994,0.14145036104615172,0.08920774552381255,0.09074873757756254,0.0008422160326578029,0.04023997227216818,0.0007524541268663416,0.00018685364275872334,0.0010341942187409902,no_anemia_no_deficiency,none,no_anemia_no_deficiency,none
P000761,0,no_anemia_no_deficiency,none,0.08415766512506066,0.2984518913019292,0.004338502237781227,0.0012195786212042155,0.3122652481100667,0.16199957435754356,0.10788505766116434,0.0013515845177317807,0.06615324457620499,0.0008494691434612369,0.002933939282507343,0.00035502282294620237,no_anemia_no_deficiency,none,no_anemia_no_deficiency,none
P000762,0,folate_deficiency_no_anemia,folate_deficiency,0.00023552733506950602,0.0010959689529558207,0.002386855555945149,0.0027668740929266402,0.9958005449136064,0.9886041670458262,0.013645468714617384,0.00037159885144728253,0.05545310978683941,0.002909486529165465,0.0001012500982799242,0.0008316552353630185,folate_deficiency_no_anemia,folate_deficiency,folate_deficiency_no_anemia,folate_deficiency
P000763,1,mixed_deficiency,iron_B12,0.9987939666270267,0.9995524291894577,0.9996507616945218,0.998474329212055,0.301994801439336,0.2601086368765065,1.2424111594605059e-05,0.0004165644097435849,0.0005308288181363694,0.00015860740799673536,8.51726219121122e-05,0.00020988709558407033,mixed_deficiency,iron_B12,mixed_deficiency,iron_B12
P000764,1,anemia_other,undetermined,0.0005597488021986539,0.0004409918766164819,0.0015243855606919595,0.009881095846775996,0.00034684252838764883,0.006414453760527024,0.02977747464735622,0.0030551022368943974,0.09858524039848593,0.001397643706455367,0.014556928448304453,0.0018215607908414562,anemia_other,undetermined,anemia_other,undetermined
P000765,0,latent_deficiency,iron_deficiency,0.9442564949039289,0.9194976940248121,0.04125015459494922,0.005492449161934095,0.09353554196047159,0.02118072491104868,0.3572898859411174,0.009123889094994751,0.00012124356152732386,0.00039640622401148755,0.0031136925769509874,0.00022826351872575677,latent_deficiency,iron_deficiency,latent_deficiency,iron_deficiency
P000766,1,inflammation_anemia,inflammation,1.7052057365522498e-09,0.0014987331160368307,0.0067667328517247,0.0034054016229723865,0.06230407800554128,0.012909409432749586,0.17042930746319682,0.007845355871761873,0.08619580388927651,0.0005396592641320265,0.9999859631466853,0.9998106730852734,inflammation_anemia,inflammation,inflammation_anemia,inflammation
P000767,0,B12_deficiency_no_anemia,B12_deficiency,0.010331531030241278,0.0013070838270542158,0.837575711555007,0.9476550863936554,0.1220864922414634,0.041408947390815465,0.008965750842673648,0.0012117104416889592,0.088951814766261,0.00036323446610817456,0.0033398221718789955,0.0050301020616211126,B12_deficiency_no_anemia,B12_deficiency,B12_deficiency_no_anemia,B12_deficiency
P000768,0,B12_deficiency_no_anemia,B12_deficiency,0.0002616125842432058,0.00038370971908570725,0.1564060476507227,0.16973972386313968,0.25727207692016196,0.10102114868161498,0.3572898859411174,0.000757724415118565,0.000640927550034273,0.0008051693142381884,0.009363653278695774,0.002247607548106829,no_anemia_no_deficiency,none,no_anemia_no_deficiency,none
P000769,1,anemia_other,undetermined,6.354292042840209e-12,0.0003283924218280057,0.0628709827384592,0.012552038911112699,0.12239741902199619,0.018239715628588705,0.9507677481419595,0.04181264698912619,0.4773976812513793,0.2719491340519216,0.00028421122433274957,0.0034123727253353173,B6_deficiency,B6_deficiency,anemia_other,undetermined
P000770,0,no_anemia_no_deficiency,none,2.062792633646674e-06,0.000598004260046778,0.01651234569396549,0.002404952714186699,0.25682527745316097,0.02699730989969952,0.18093539395447003,0.0021814206102797654,0.08953372617215889,0.0001523404530219405,0.0006112527450921484,0.0002581150315760067,no_anemia_no_deficiency,none,no_anemia_no_deficiency,none
P000771,0,B6_deficiency,B6_deficiency,3.164250262777954e-06,0.0003449547216345476,5.315877354904467e-05,0.0008811642378797993,2.8842596958498607e-05,0.0013981840354644714,0.7983874453280726,0.11685504885045211,0.004578944802040847,0.000591186555491295,0.0007302366827691605,0.0037226249215044443,B6_deficiency,B6_deficiency,no_anemia_no_deficiency,none
P000772,1,mixed_deficiency,iron_folate,0.9962722809003504,0.9994417074361258,0.12207722841611941,0.06521275524677632,0.9239861283510471,0.9593271503087205,0.3572898859411174,0.00126556164213847,5.126668620781851e-05,0.00067254329684741,0.0001484605832721086,0.0005829070114786045,mixed_deficiency,iron_folate,mixed_deficiency,iron_folate
P000773,0,no_anemia_no_deficiency,none,0.025043502092563775,0.00518010600018579,2.4739655112785945e-08,0.001556368890742349,0.5953778514264941,0.20627507714531823,0.15111125443217874,0.0023514141652838743,0.11932581009679455,0.0022990289707093305,0.00885681460260297,0.00023287685661910112,folate_deficiency_no_anemia,folate_deficiency,no_anemia_no_deficiency,none
P000774,1,folate_deficiency_anemia,folate_deficiency,0.017116581924948457,0.002685644980663023,0.008460751654578587,0.014434093955053915,0.9115512422741443,0.7982170080486559,0.3572898859411174,0.000422298792293136,0.07980385026425312,0.0032871478981332165,0.00011965746669543196,0.00014696040379440082,folate_deficiency_anemia,folate_deficiency,folate_deficiency_anemia,folate_deficiency
P000775,1,iron_deficiency_anemia,iron_deficiency,0.9999981335269422,0.9996743512895867,0.00046237475878762777,0.0006609953956351678,0.006238431915514219,0.002766373330727429,0.25760778995623806,0.0016907797880662619,0.04481561035447188,0.0042365397877172604,0.0014169650109368457,0.0005364025054176377,iron_deficiency_anemia,iron_deficiency,iron_deficiency_anemia,iron_deficiency
P000776,0,no_anemia_no_deficiency,none,0.016393194713951037,0.0012883938823479034,0.0028801675543837866,0.003876328922490397,0.5547283851556827,0.3687131843992148,0.03836650742085396,0.0010729890434645324,0.0018112785693513702,0.0052810238433682105,0.0006271766138433712,0.00026287796371243576,folate_deficiency_no_anemia,folate_deficiency,no_anemia_no_deficiency,none
P000777,0,B12_deficiency_no_anemia,B12_deficiency,8.93185895843843e-05,0.0004868006389973751,0.9999708758115431,0.9985721628847639,0.08442475912277014,0.0060539835152363655,0.030667846577318168,0.0021666056897321193,0.12818059503471185,0.0007493610844831671,7.0670199057444225e-06,0.0003249539803465451,B12_deficiency_no_anemia,B12_deficiency,B12_deficiency_no_anemia,B12_deficiency
P000778,0,no_anemia_no_deficiency,none,5.108443038549497e-08,0.0010031948028464983,0.0552492581919075,0.0035924219270046685,0.7148839748243212,0.3822853051831581,0.001069662823884201,0.0005642045791720376,0.1125361756774357,0.003885843481359291,5.501110596946298e-05,0.00041981841647953215,folate_deficiency_no_anemia,folate_deficiency,no_anemia_no_deficiency,none
P000779,1,anemia_other,undetermined,2.5427920253818064e-07,0.00047173628414118156,0.14719411192794285,0.2223987056218905,0.251508240232317,0.19695191722604244,0.3572898859411174,0.002107344628770713,0.09338409128834393,0.004538250052834606,0.0031354752414247894,0.0028639000757906784,anemia_other,undetermined,anemia_other,undetermined
P000780,0,latent_deficiency,iron_deficiency,0.9988486549836468,0.9996381045696876,0.019055021880855106,0.00178451481360903,0.14182067234524676,0.010534991939248043,0.0008824446851038746,0.0010521450814411587,0.10969920356345025,0.00027174014245477256,0.0014055213183311987,0.0003107306558925096,latent_deficiency,iron_deficiency,latent_deficiency,iron_deficiency
P000781,1,mixed_deficiency,iron_folate,0.999998333097902,0.9993946355772693,0.00038836727278421967,0.0025038679881772144,0.3189799796308571,0.0801781512927726,0.19538018923802422,0.004168229984260794,0.10882439169628465,0.000608572877652968,0.018114407627007337,0.001220396223435736,iron_deficiency_anemia,iron_deficiency,iron_deficiency_anemia,iron_deficiency
P000782,0,latent_deficiency,iron_deficiency,0.9999837373296342,0.9984454007073645,0.06453659526379252,0.02595997577519675,0.03862882507890215,0.019860317269184684,0.0007242136890167498,0.0006518279939578746,0.0019763161767612355,0.0008003894689725262,0.003474969980797494,0.000809311050686049,latent_deficiency,iron_deficiency,latent_deficiency,iron_deficiency
P000783,0,latent_deficiency,iron_deficiency,0.9990218813398128,0.9993472809106853,0.10325734265175569,0.010294384922508561,0.0007993586264641551,0.0028503544865071014,0.03488171973032248,0.0015119687329072326,0.09008111985583948,0.00023909068797782845,0.0008105005577657738,0.0004103827236988769,latent_deficiency,iron_deficiency,latent_deficiency,iron_deficiency
P000784,1,folate_deficiency_anemia,folate_deficiency,0.0018004371805628832,0.0011415134824988517,0.0012796879227104357,0.025853630218999783,0.9432304743224277,0.7801652127007956,0.5620938630728766,0.03389595909537448,0.06691941899925619,0.007754904565949184,0.00014236218841270633,0.00041339044555891536,folate_deficiency_anemia,folate_deficiency,folate_deficiency_anemia,folate_deficiency
P000785,0,folate_deficiency_no_anemia,folate_deficiency,1.2260836775159215e-07,0.007572411324232497,0.004351257530239835,0.0007956502182159904,0.949699050687593,0.9711480455104972,0.007218255582526107,0.0006046532391885937,0.0971019890161888,0.0006443199372381109,0.00042897407173068844,0.0017311373569726645,folate_deficiency_no_anemia,folate_deficiency,folate_deficiency_no_anemia,folate_deficiency
P000786,0,latent_deficiency,iron_deficiency,0.9999258497865163,0.9998331055541557,0.016175278546918193,0.0029334511505821298,0.05193545290085169,0.007524722652160624,0.1909684866433854,0.0012886271772136564,0.02022397977374552,5.815849815218317e-05,0.001214683242087571,0.00014077398230457445,latent_deficiency,iron_deficiency,latent_deficiency,iron_deficiency
P000787,1,B12_deficiency_anemia,B12_deficiency,1.7753335933381093e-07,0.0003598429138341865,0.9998046453936852,0.9986578722416511,0.2360090067972114,0.014470944450909745,0.0004219429234301892,0.0012441734718600407,0.5770383918246663,0.10251742320347515,0.008336162126058071,0.0008675379615454155,B12_deficiency_anemia,B12_deficiency,B12_deficiency_anemia,B12_deficiency
P000788,1,mixed_deficiency,B12_folate,4.6961913343379927e-08,0.00025991235916243027,0.9762284750792555,0.9754070038965766,0.8301789409742392,0.9805576256514928,0.04657027143778772,0.0007018558685165672,0.1340178652153584,0.009358035591005847,0.0014174480964337108,0.002480425815327619,mixed_deficiency,B12_folate,mixed_deficiency,B12_folate
P000789,0,B12_deficiency_no_anemia,B12_deficiency,1.6708215585637295e-06,0.00040164892830442676,0.8657216988758852,0.8855061588221039,0.054319398184600166,0.045543426678773084,0.021594204793003998,0.0018324771985113394,0.03610394780297538,0.0021296480295113144,0.0019273797104292394,0.00038650396153081695,B12_deficiency_no_anemia,B12_deficiency,B12_deficiency_no_anemia,B12_deficiency
P000790,0,latent_deficiency,iron_deficiency,0.9974661676939872,0.9867042136397449,0.0892373022839041,0.0006014364316822504,0.6938265269521948,0.5168321064032937,7.396917257075992e-06,0.005552308670595481,0.006079700546419162,0.004278886698462679,0.0010750984569604769,0.0017315402509906637,mixed_deficiency,iron_folate,mixed_deficiency,iron_folate
P000791,0,latent_deficiency,iron_deficiency,0.9994870658414345,0.9993315515399175,9.640598574897332e-05,0.004043629420424158,9.423349602078347e-05,0.005819661159726332,5.041647285836585e-07,0.0010049027877728686,0.0013722522839537295,0.00025119786236279054,1.5146861659520966e-05,0.0004731513642654671,latent_deficiency,iron_deficiency,latent_deficiency,iron_deficiency
P000792,1,mixed_deficiency,B12_folate,0.0022680211371775795,0.0008727093428583258,0.9991036781129271,0.9978515697084072,0.9778326591769193,0.9701219665737053,0.0024847522352266027,0.011020198809142848,0.024316291578708203,0.0032546233115752286,0.00034506125999347447,0.0007743948259953044,mixed_deficiency,B12_folate,mixed_deficiency,B12_folate
P000793,1,mixed_deficiency,B12_folate,0.012044114934039861,0.0015000129654332546,0.9691208917313505,0.9884218684098278,0.9920537995497618,0.9835498394650504,1.967870959287075e-10,0.001104642773324358,0.006911139949141112,0.004699565635332014,0.00025836863459005,0.0003981129370229045,mixed_deficiency,B12_folate,mixed_deficiency,B12_folate
P000794,1,folate_deficiency_anemia,folate_deficiency,0.0016172283337181539,0.007377132575827606,8.518628709587844e-08,0.005986580497799138,0.9944861901309113,0.9959480469539516,0.2373906860052922,0.002849764813119358,0.00033388477843622434,0.0007543305192177468,0.00041283217964932143,0.0002163457961591209,folate_deficiency_anemia,folate_deficiency,folate_deficiency_anemia,folate_deficiency
P000795,0,latent_deficiency,iron_deficiency,0.9999961336921378,0.9989695651062478,0.019718786950243337,0.0228226982928233,0.14029255200959767,0.010510392543720389,0.008366296712783862,0.0005460982261777749,4.025271297137417e-05,0.00011078056817435428,1.2779293693853206e-05,0.0004890273364030383,latent_deficiency,iron_deficiency,latent_deficiency,iron_deficiency
P000796,1,folate_deficiency_anemia,folate_deficiency,0.0004541048535338985,0.0006165646636261624,0.8946451480128303,0.6388760194770836,0.996469306238395,0.9896798358109231,0.08846636787698368,0.0008850040267592307,0.0016571544402088504,0.007511248344405353,0.00016818812072838125,0.0002460147307122347,mixed_deficiency,B12_folate,mixed_deficiency,B12_folate
P000797,1,iron_deficiency_anemia,iron_deficiency,0.9999991315458628,0.997174192929788,0.011170710802259043,0.005515562394282952,0.0035742205372647482,0.0057648681368402035,0.30475352085819846,0.016643935789857657,0.003844074449781287,0.00040429080562103675,0.009556401850988102,0.002116680957552056,iron_deficiency_anemia,iron_deficiency,iron_deficiency_anemia,iron_deficiency
P000798,1,inflammation_anemia,inflammation,1.1255962625774829e-05,0.0041856974945461735,0.0003227368799792911,0.0004522926730805074,6.246522499561003e-06,0.0009630706538822546,0.1524186297928698,0.019260318223543772,0.0005928135776121573,0.00036748311776948247,0.9999922659521641,0.9986019731651874,inflammation_anemia,inflammation,inflammation_anemia,inflammation
P000799,1,mixed_deficiency,iron_folate,0.9999351626324797,0.9995871741220648,0.0024669863513568395,0.002222732176994625,0.9833426754306025,0.8906934820578285,0.01712667506255053,0.0005738019342150902,0.00021933753080643687,0.00027033315356386176,6.627758584067143e-05,7.58940045847562e-05,mixed_deficiency,iron_folate,mixed_deficiency,iron_folate
P000800,1,folate_deficiency_anemia,folate_deficiency,0.043933117564500426,0.013355638124977125,0.00044098391582082937,0.011376426253809307,0.9667612633271785,0.9879792513153771,0.0005442601719309446,0.0007920057102149036,0.034604735129184536,0.0005004270651028509,0.024509002064806218,0.2348911637842969,folate_deficiency_anemia,folate_deficiency,folate_deficiency_anemia,folate_deficiency
P000801,1,iron_deficiency_anemia,iron_deficiency,0.7047096495849534,0.9960344392349545,0.001159836961056437,0.0015561014253814432,0.00046488221756464074,0.011871581479982135,0.08666600485059255,0.0030864943076105433,0.004228831992983843,0.0007455796980543656,0.0016412415490947188,0.0009850091284999626,iron_deficiency_anemia,iron_deficiency,iron_deficiency_anemia,iron_deficiency
P000802,0,no_anemia_no_deficiency,none,0.10981191866567022,0.08139001296165563,0.018707085748964875,0.0012821250168522042,0.2405236414502726,0.13193737713397385,0.025814108606632954,0.04631196695205822,0.09184014767263039,0.0005086313194627961,0.00028010616274881173,0.0004738848269798768,no_anemia_no_deficiency,none,no_anemia_no_deficiency,none
P000803,1,B12_deficiency_anemia,B12_deficiency,1.044185633323964e-05,0.00030045513012024307,0.9992559097998391,0.9991834467612665,3.8955180416405426e-07,0.005095641401662383,0.10833236631618254,0.0008284278203903433,4.90605108989414e-05,0.00113292923969807,0.0019701025048162986,0.0020858534087400075,B12_deficiency_anemia,B12_deficiency,B12_deficiency_anemia,B12_deficiency
P000804,0,no_anemia_no_deficiency,none,0.008845034774804961,0.0321393932335999,9.200064299334261e-05,0.001425898445070614,0.17181111744640198,0.009685185601787013,0.3572898859411174,0.018150734940745,0.000747473965173865,0.007593238621332257,0.00035854170012166906,0.0006776526297542737,no_anemia_no_deficiency,none,no_anemia_no_deficiency,none
P000805,1,mixed_deficiency,iron_B12,0.9998708162245475,0.9995848404078779,0.7414423800476757,0.9000436751319759,0.26217511761892565,0.03215436060461935,0.0006041034303143417,0.0005382386319286957,0.11408603022620459,0.00016953488791805936,0.0003474763517399285,0.00026685884686110774,mixed_deficiency,iron_B12,mixed_deficiency,iron_B12
P000806,1,mixed_deficiency,iron_B12,0.5148482146391262,0.9177817892706805,0.9999700605057534,0.9989481731908813,0.0015951588421062796,0.07936826112499423,0.10594128846420178,0.0007368042232899121,0.015639120906046494,0.000935514805882656,0.002359243658055967,0.0005303334780265787,mixed_deficiency,iron_B12,mixed_deficiency,iron_B12
P000807,1,anemia_other,undetermined,0.08711916456574244,0.0017792693650891215,0.04273777698475697,0.11061936781867955,6.310985916097383e-05,0.0023200993480993427,0.0035968097092050383,0.0016646484750995258,0.0003323895213243805,0.0003704328775821296,0.03478254504027599,0.0007505335271763738,anemia_other,undetermined,anemia_other,undetermined
P000808,1,B12_deficiency_anemia,B12_deficiency,6.571535625693452e-05,0.0005758931697186762,0.8210437146508597,0.8290775393222483,0.3049105690923228,0.4137940329347609,0.9376322495607079,0.293909356167402,0.00013481549777583692,0.0008687235303845968,1.134343431130353e-06,0.0005548127128594755,B6_deficiency,B6_deficiency,B12_deficiency_anemia,B12_deficiency
P000809,1,inflammation_anemia,inflammation,7.284675621708733e-16,0.0075730576636033504,0.006844552265899392,0.001994047944221073,0.01980784176763797,0.006961388261432346,0.3572898859411174,0.0037788603250883076,0.028560523154266958,0.00048816630325836276,0.999978255359942,0.9932569349018753,inflammation_anemia,inflammation,inflammation_anemia,inflammation
P000810,1,iron_deficiency_anemia,iron_deficiency,0.9999508871698356,0.9976761598518537,0.07406436063921239,0.00832384243275186,0.0005278063047766742,0.007370277732131597,0.13543049389255987,0.01305379585414691,0.10400650018224968,0.00034337662095184355,0.00021744749449917995,0.0007286986005027541,iron_deficiency_anemia,iron_deficiency,iron_deficiency_anemia,iron_deficiency
P000811,0,B12_deficiency_no_anemia,B12_deficiency,0.03767142104608769,0.0012665045621945421,0.68296877513078,0.9671521400445187,0.48717978670968315,0.3473641170225013,0.0005099441513714857,0.0004833380489755193,0.04762940415820782,0.0018659824283299969,0.0007539431274211411,0.00033138878626762214,B12_deficiency_no_anemia,B12_deficiency,B12_deficiency_no_anemia,B12_deficiency
P000812,1,mixed_deficiency,iron_B12,0.9980542061276817,0.9991219830569191,0.9999112916947338,0.9985490444882906,0.0879099553718022,0.018880917091494757,0.11963349395582226,0.009817496804702504,0.00048386929608588085,0.0018260565204887972,0.000494462393644764,0.0011031368882010765,mixed_deficiency,iron_B12,mixed_deficiency,iron_B12
P000813,1,B12_deficiency_anemia,B12_deficiency,0.028584817596432315,0.06775179297744899,0.9984371556944537,0.9474457295827334,0.4406946930202122,0.2094159647666275,0.00781649435998907,0.0011127672967223686,0.1244648540665037,0.0006950669366821281,0.00021986206366912065,0.00031608134429526673,B12_deficiency_anemia,B12_deficiency,B12_deficiency_anemia,B12_deficiency
P000814,1,B12_deficiency_anemia,B12_deficiency,4.543121052057234e-09,0.0010784552303440835,0.9999575036204166,0.9945377162811855,0.6247613987154347,0.29735455825676343,0.006075664420736783,0.0009561194444745881,0.07773254391461827,0.002620279313209748,0.007669080894262638,0.0012879592307794606,mixed_deficiency,B12_folate,B12_deficiency_anemia,B12_deficiency
P000815,1,folate_deficiency_anemia,folate_deficiency,7.019654296235036e-05,0.00033763020766998495,0.033214502365028806,0.010655240171860089,0.9713606303873547,0.9863574387513763,9.011891384668986e-06,0.00231300427228118,0.12520551661945412,0.0008658630307687758,0.04972885130348035,0.0009314284871323045,folate_deficiency_anemia,folate_deficiency,folate_deficiency_anemia,folate_deficiency
P000816,1,anemia_other,undetermined,0.0048839165356967165,0.00197980317664218,1.297028180548034e-09,0.0008692606214632881,0.10132505962151009,0.00530436933288704,0.8282200691514516,0.02197647244908524,0.0972188173253294,0.0006688772442194847,0.00012028916249435204,0.0002767600232744786,B6_deficiency,B6_deficiency,anemia_other,undetermined
P000817,1,inflammation_anemia,inflammation,3.154744962283358e-06,0.00038827645522562543,0.00029723345463482555,0.003385137019289279,0.04241873431197347,0.010556852112419792,0.1942103142347475,0.014197322334662348,0.07597682952014309,0.0012745528387463206,0.9478253278077692,0.9969733562094265,inflammation_anemia,inflammation,inflammation_anemia,inflammation
P000818,1,B12_deficiency_anemia,B12_deficiency,0.03891468403116938,0.031155818118662377,0.9974456653865877,0.9971735628718221,0.754326281754263,0.32813223198739766,3.16815063691919e-09,0.0012401164855231897,2.2828363208133653e-05,0.025593522237205565,0.005693707675032861,0.0005773362102369186,mixed_deficiency,B12_folate,B12_deficiency_anemia,B12_deficiency
P000819,1,anemia_other,undetermined,2.856891877408084e-09,0.00024326675280453834,0.05399181471147528,0.004232049074776085,0.0006591736582212009,0.0021540921443379446,0.039691771636950604,0.012720923357051455,0.1105239822757906,0.010745021601444133,0.0065180716983491704,0.0037024572467968947,anemia_other,undetermined,anemia_other,undetermined
P000820,0,latent_deficiency,iron_deficiency,0.836957032108728,0.982210924987204,1.684383681484206e-09,0.0009236879911161026,0.1800382892119698,0.012122077719930003,0.51812053325475,0.05121343899331781,0.0004358913741650374,0.0005032735648606443,0.02561118994605163,0.0003142777761500877,latent_deficiency,iron_deficiency,latent_deficiency,iron_deficiency
P000821,1,B6_deficiency,B6_deficiency,0.0050017144606283375,0.055874831938165004,0.013983462519622281,0.00232384407876167,0.012557360098101142,0.0028017713082608936,0.8770657696844052,0.05921305114009321,5.099970613787752e-06,0.029328666928371494,0.00022552278776075553,0.00039547197301709457,B6_deficiency,B6_deficiency,anemia_other,undetermined
P000822,0,latent_deficiency,iron_deficiency,0.979202679682075,0.9677872538328226,2.6405916267056547e-05,0.00017002004404283983,0.23995558608800222,0.038571894087082746,0.0413448069582127,0.008864629176668965,4.259978941047736e-06,0.0028862349551678026,0.0010232377098666492,0.0003022903075760519,latent_deficiency,iron_deficiency,latent_deficiency,iron_deficiency
P000823,0,B12_deficiency_no_anemia,B12_deficiency,0.02272274551872635,0.0008871623809573758,0.9999838761427693,0.9970134886420242,0.2853123436564492,0.19577178994878522,0.1381374639375878,0.0012041230766368452,0.12724183003345757,0.0023799575210372657,0.004328758008068451,0.00037091770690327204,B12_deficiency_no_anemia,B12_deficiency,B12_deficiency_no_anemia,B12_deficiency
P000824,1,anemia_other,undetermined,0.0006859044016306573,0.0018962099195083133,0.0006151952498066699,0.05200026865889057,0.4635108613165578,0.09207700019924815,0.178840551063714,0.029115340561282472,0.00022623726628957785,0.001040454036059004,0.00016774899853413822,0.005818649493907251,anemia_other,undetermined,anemia_other,undetermined
P000825,1,anemia_other,undetermined,0.036764225439653776,0.009785877382497551,0.0006795261362043687,0.0004093869493661721,0.4263114442621499,0.11449431669794675,0.3572898859411174,0.016668618647831125,0.12135893625166562,0.004976317651891711,9.438876418100555e-06,0.0003474425327610357,anemia_other,undetermined,anemia_other,undetermined
P000826,1,inflammation_anemia,inflammation,0.0063815156583876195,0.09946298458311201,0.011672773072808,0.011352426861661054,0.0024148826364459477,0.009323750734304402,0.016052099253952287,0.004586214861648976,0.06989914127194592,0.00018676359532728186,0.9999999101490887,0.9986984489493447,inflammation_anemia,inflammation,inflammation_anemia,inflammation
P000827,1,inflammation_anemia,inflammation,0.0029709732448004278,0.0022977820908319548,0.053128714200817606,0.005564227197304751,6.231175812089322e-05,0.0018241011910252692,0.3572898859411174,0.0008716322027158243,0.21121909922008889,0.019356740237784217,0.9999999999514646,0.9947497634746778,inflammation_anemia,inflammation,inflammation_anemia,inflammation
P000828,1,inflammation_anemia,inflammation,8.544625573459283e-05,0.0009874795605229324,8.844421329594099e-05,0.0007832402765969498,0.3948612457158523,0.055473897294428726,0.14080187525620003,0.01952152414611239,0.00022464088427445045,0.0018793345699957369,0.9741509630396046,0.7585365287433364,inflammation_anemia,inflammation,inflammation_anemia,inflammation
P000829,1,iron_deficiency_anemia,iron_deficiency,0.9997950134860458,0.9998234937949778,0.04523061703930055,0.020065635949210278,0.02610877145898089,0.014570328499783769,0.0004523332583289717,0.0016427190838091104,0.09953455388846094,0.00022512116621108025,0.0009450764379956611,0.0010395700023663225,iron_deficiency_anemia,iron_deficiency,iron_deficiency_anemia,iron_deficiency
P000830,1,mixed_deficiency,iron_folate,0.999200520371817,0.9991698199356165,0.16377363057438854,0.04015912189563102,0.305501065574818,0.14375359173931992,0.011213959765762794,0.0002858703732898624,0.06538063683346845,0.0016316862928856357,0.0009423936074080631,0.0003504824319951421,iron_deficiency_anemia,iron_deficiency,iron_deficiency_anemia,iron_deficiency
P000831,1,anemia_other,undetermined,2.7294483250157816e-05,0.0005361982020021976,0.00938163533447342,0.0009418352817387899,0.01906523741167216,0.002937737360928192,0.2679946011533387,0.02991369274579856,0.0007715308588435881,0.006169151076839058,0.000211983053058082,0.00041971918412524075,anemia_other,undetermined,anemia_other,undetermined
P000832,1,anemia_other,undetermined,3.455021218982743e-05,0.00173785755304767,0.0005739256813772684,0.0009963573925204246,0.0005987582353888602,0.0040187433854069025,0.33728121697844693,0.023312836746064044,0.015577442610313998,0.0035746315496958045,0.0002876150271886772,0.00039742104472059015,anemia_other,undetermined,anemia_other,undetermined
P000833,1,iron_deficiency_anemia,iron_deficiency,0.9999999243832758,0.9997601902084804,0.015743139320972387,0.0032066959472614887,0.11449474166943999,0.007938543323916736,0.2561486761023367,0.003380154983396799,7.01825533524134e-07,0.000709043773803926,0.0006196149539047448,0.0007737740006803877,iron_deficiency_anemia,iron_deficiency,iron_deficiency_anemia,iron_deficiency
P000834,0,no_anemia_no_deficiency,none,0.0001302564215822816,0.0008216981298966731,0.06963702910002455,0.004147411965675014,0.22389571659325797,0.023817523126573256,0.3572898859411174,0.0007470773582061172,0.0061961575809558155,0.0018529973606825928,0.00028139037436022415,0.00011917341813724002,no_anemia_no_deficiency,none,no_anemia_no_deficiency,none
P000835,0,B12_deficiency_no_anemia,B12_deficiency,0.0001283940266446699,0.0003331099801641365,0.9914553915575524,0.9023077672903187,0.324698080679875,0.13776475874389071,1.4549178481167861e-06,0.0009904455967337294,0.008000152962314653,0.00037625452504166425,0.0038137484015878923,0.000679626269857523,B12_deficiency_no_anemia,B12_deficiency,B12_deficiency_no_anemia,B12_deficiency
P000836,1,iron_deficiency_anemia,iron_deficiency,0.9998255971105409,0.9985794756006585,0.20334109178762494,0.005090769661752628,0.1380643816353169,0.005257432541649365,0.3572898859411174,0.0015592649579254155,0.12704284635234694,0.0046413878951028385,0.0003266028103810991,0.0008269060211948518,iron_deficiency_anemia,iron_deficiency,iron_deficiency_anemia,iron_deficiency
P000837,1,anemia_other,undetermined,0.0006031547095314624,0.00026897915682191366,0.007997543683807935,0.0026527682461963925,0.3054313480351385,0.06978095621118816,0.3572898859411174,0.0002610552972803476,0.070823790095228,0.00515831640963627,0.0008157346103320434,0.0006502326468241105,anemia_other,undetermined,anemia_other,undetermined
P000838,0,latent_deficiency,iron_deficiency,0.8826244598085861,0.9650682918438803,0.08204850294670128,0.009655670195736581,3.6001787002351243e-09,0.002055824761533202,0.08816993460350812,0.045309199337477055,0.03796246828004373,0.00028009451334905363,0.01664424202025168,0.000705907301784973,latent_deficiency,iron_deficiency,latent_deficiency,iron_deficiency
P000839,1,B12_deficiency_anemia,B12_deficiency,0.0022602419999853784,0.0016238126930886573,0.07198372230063925,0.02391450684873557,0.022853201987921914,0.034615171193642054,0.06435670305538159,0.02750915683078018,0.3892374727063398,0.041306774283899686,0.10483413716982763,0.13496386859361476,anemia_other,undetermined,anemia_other,undetermined
P000840,1,inflammation_anemia,inflammation,7.276518259325752e-14,0.0007577731548062759,8.854713792978329e-07,0.0010509466710739157,0.06512151776673605,0.009778022325555606,0.3572898859411174,0.0009727714967090568,0.08124570989577126,0.00038280325919383477,0.9999999999999996,0.9997145587003828,inflammation_anemia,inflammation,inflammation_anemia,inflammation
